"sim_id","method","estimate","se","bias","coverage","ci_width","n_total","K","p","config","heterogeneity_type","estimand_type","dgp_type"
1,"one_round_crossfit",0.615658467949339,0.0102992681492124,0.00901893951413935,TRUE,0.0403723892791537,5000,3,10,"C2","none","superpopulation","facec"
1,"two_round_crossfit",0.616726526840163,0.0103325933732556,0.0100869984049636,TRUE,0.0405030217569564,5000,3,10,"C2","none","superpopulation","facec"
1,"target_only",0.600117877725292,0.0179070435885845,-0.00652165070990807,TRUE,0.0701943210064291,5000,3,10,"C2","none","superpopulation","facec"
1,"sample_size",0.606763405066911,0.00930708748485857,0.000123876631710873,TRUE,0.0364831125425726,5000,3,10,"C2","none","superpopulation","facec"
1,"inverse_variance",0.607398022836786,0.00987200091118453,0.000758494401586152,TRUE,0.0386975324825365,5000,3,10,"C2","none","superpopulation","facec"
1,"federated_dr",0.614257991646509,0.010389550666501,0.00761846321130966,TRUE,0.0407262902437924,5000,3,10,"C2","none","superpopulation","facec"
1,"pooled_dr",0.612162094702444,0.0107472119444171,0.00552256626724446,TRUE,0.0421282966905525,5000,3,10,"C2","none","superpopulation","facec"
1,"tilted_aipw",0.615450902504371,0.0105198310441867,0.00881137406917121,TRUE,0.0412369799401047,5000,3,10,"C2","none","superpopulation","facec"
1,"oracle_dr",0.614862109371563,0.0129042469965622,0.00822258093636297,TRUE,0.0505837187217422,5000,3,10,"C2","none","superpopulation","facec"
2,"one_round_crossfit",0.622550141411515,0.0101701003483758,0.0159106129763151,TRUE,0.0398660608039496,5000,3,10,"C2","none","superpopulation","facec"
2,"two_round_crossfit",0.62337133907718,0.0101249091142985,0.0167318106419799,TRUE,0.0396889144215329,5000,3,10,"C2","none","superpopulation","facec"
2,"target_only",0.621891397343685,0.0177560777519896,0.0152518689084854,TRUE,0.0696025458011851,5000,3,10,"C2","none","superpopulation","facec"
2,"sample_size",0.62432276437229,0.00929323640969852,0.0176832359370903,TRUE,0.0364288173256508,5000,3,10,"C2","none","superpopulation","facec"
2,"inverse_variance",0.623493303428656,0.0107686143315957,0.0168537749934561,TRUE,0.0422121925066588,5000,3,10,"C2","none","superpopulation","facec"
2,"federated_dr",0.622104409673846,0.0107002021150222,0.0154648812386465,TRUE,0.0419440215454858,5000,3,10,"C2","none","superpopulation","facec"
2,"pooled_dr",0.622272760101945,0.0112029205139504,0.0156332316667448,TRUE,0.0439146414580156,5000,3,10,"C2","none","superpopulation","facec"
2,"tilted_aipw",0.621605422325638,0.0105862639714358,0.0149658938904387,TRUE,0.0414973922296962,5000,3,10,"C2","none","superpopulation","facec"
2,"oracle_dr",0.622737442472364,0.0127114246538151,0.016097914037164,TRUE,0.0498278690273442,5000,3,10,"C2","none","superpopulation","facec"
3,"one_round_crossfit",0.608898598427128,0.010317945394386,0.00225906999192782,TRUE,0.0404456027348952,5000,3,10,"C2","none","superpopulation","facec"
3,"two_round_crossfit",0.608669027977022,0.0104075400600531,0.00202949954182263,TRUE,0.0407968073707239,5000,3,10,"C2","none","superpopulation","facec"
3,"target_only",0.593455643893504,0.0180662342799061,-0.0131838845416954,TRUE,0.0708183370497577,5000,3,10,"C2","none","superpopulation","facec"
3,"sample_size",0.607837139617116,0.0158070415185189,0.0011976111819163,TRUE,0.0619624641568528,5000,3,10,"C2","none","superpopulation","facec"
3,"inverse_variance",0.608500571721207,0.0166300843535025,0.00186104328600689,TRUE,0.0651887327854561,5000,3,10,"C2","none","superpopulation","facec"
3,"federated_dr",0.606533533247882,0.0104071698448377,-0.000105995187318131,TRUE,0.0407953561537464,5000,3,10,"C2","none","superpopulation","facec"
3,"pooled_dr",0.609351368653512,0.0108174375471792,0.00271184021831228,TRUE,0.042403575994965,5000,3,10,"C2","none","superpopulation","facec"
3,"tilted_aipw",0.607453088774576,0.0106373951583391,0.000813560339376407,TRUE,0.041697822799331,5000,3,10,"C2","none","superpopulation","facec"
3,"oracle_dr",0.613885007542893,0.0127303526666852,0.0072454791076928,TRUE,0.0499020654743929,5000,3,10,"C2","none","superpopulation","facec"
4,"one_round_crossfit",0.593971652187745,0.0104963959953629,-0.0126678762474545,TRUE,0.0411451162367635,5000,3,10,"C2","none","superpopulation","facec"
4,"two_round_crossfit",0.595420454955902,0.0104012737856505,-0.0112190734792976,TRUE,0.0407722440264311,5000,3,10,"C2","none","superpopulation","facec"
4,"target_only",0.598417318395982,0.0181360875538038,-0.00822221003921786,TRUE,0.071092156851841,5000,3,10,"C2","none","superpopulation","facec"
4,"sample_size",0.598516169253711,0.00929767747459896,-0.00812335918148854,TRUE,0.0364462259801666,5000,3,10,"C2","none","superpopulation","facec"
4,"inverse_variance",0.596984471039813,0.0123028339441661,-0.00965505739538675,TRUE,0.048226222876685,5000,3,10,"C2","none","superpopulation","facec"
4,"federated_dr",0.595823415479663,0.010119290499977,-0.0108161129555366,TRUE,0.0396668898581065,5000,3,10,"C2","none","superpopulation","facec"
4,"pooled_dr",0.598295533275316,0.0103287060006914,-0.00834399515988393,TRUE,0.0404877835365156,5000,3,10,"C2","none","superpopulation","facec"
4,"tilted_aipw",0.598460200084464,0.0102354510729408,-0.00817932835073587,TRUE,0.0401222309369715,5000,3,10,"C2","none","superpopulation","facec"
4,"oracle_dr",0.598657392363427,0.0129877964050616,-0.00798213607177267,TRUE,0.0509112263849192,5000,3,10,"C2","none","superpopulation","facec"
5,"one_round_crossfit",0.607484082735422,0.010376785378593,0.0008445543002219,TRUE,0.0406762512346881,5000,3,10,"C2","none","superpopulation","facec"
5,"two_round_crossfit",0.607217305764576,0.0103854837472735,0.000577777329376028,TRUE,0.0407103482133642,5000,3,10,"C2","none","superpopulation","facec"
5,"target_only",0.61820626517245,0.018137856454871,0.0115667367372507,TRUE,0.0710990908166091,5000,3,10,"C2","none","superpopulation","facec"
5,"sample_size",0.607251245957744,0.0117142630182798,0.000611717522544408,TRUE,0.0459190672425158,5000,3,10,"C2","none","superpopulation","facec"
5,"inverse_variance",0.607414331124729,0.0136510162204722,0.000774802689529119,TRUE,0.0535110002889951,5000,3,10,"C2","none","superpopulation","facec"
5,"federated_dr",0.614155263965377,0.010134641057303,0.00751573553017704,TRUE,0.0397270629371096,5000,3,10,"C2","none","superpopulation","facec"
5,"pooled_dr",0.607624230297534,0.0107071099152848,0.000984701862334569,TRUE,0.0419710996249401,5000,3,10,"C2","none","superpopulation","facec"
5,"tilted_aipw",0.608889259752548,0.0104254470087599,0.0022497313173484,TRUE,0.0408670013198003,5000,3,10,"C2","none","superpopulation","facec"
5,"oracle_dr",0.587997505750194,0.0129196249596764,-0.018642022685006,TRUE,0.0506439992294609,5000,3,10,"C2","none","superpopulation","facec"
6,"one_round_crossfit",0.620434478503219,0.0102096419597511,0.0137949500680191,TRUE,0.0400210610723222,5000,3,10,"C2","none","superpopulation","facec"
6,"two_round_crossfit",0.621519288180495,0.0102406890053103,0.0148797597452953,TRUE,0.0401427632545672,5000,3,10,"C2","none","superpopulation","facec"
6,"target_only",0.613309914061092,0.0180553621773986,0.00667038562589184,TRUE,0.0707757191910559,5000,3,10,"C2","none","superpopulation","facec"
6,"sample_size",0.620605868523485,0.00933913679485252,0.0139663400882855,TRUE,0.0366087435292075,5000,3,10,"C2","none","superpopulation","facec"
6,"inverse_variance",0.620343416097235,0.0115136438531373,0.013703887662035,TRUE,0.0451326545659401,5000,3,10,"C2","none","superpopulation","facec"
6,"federated_dr",0.625062298233364,0.0101652518092868,0.0184227697981639,TRUE,0.0398470548799656,5000,3,10,"C2","none","superpopulation","facec"
6,"pooled_dr",0.623732373185428,0.0104782949199534,0.0170928447502287,TRUE,0.0410741613249952,5000,3,10,"C2","none","superpopulation","facec"
6,"tilted_aipw",0.622984287610317,0.0100825333024279,0.016344759175117,TRUE,0.0395228042913689,5000,3,10,"C2","none","superpopulation","facec"
6,"oracle_dr",0.625894507088409,0.0130007178152449,0.019254978653209,TRUE,0.0509618773820966,5000,3,10,"C2","none","superpopulation","facec"
7,"one_round_crossfit",0.597008168193536,0.0104473718453865,-0.00963136024166356,TRUE,0.0409529451001107,5000,3,10,"C2","none","superpopulation","facec"
7,"two_round_crossfit",0.596778254529506,0.0104247290263263,-0.00986127390569369,TRUE,0.0408641868803776,5000,3,10,"C2","none","superpopulation","facec"
7,"target_only",0.593394701734846,0.0182977810454632,-0.0132448267003534,TRUE,0.0717259836922151,5000,3,10,"C2","none","superpopulation","facec"
7,"sample_size",0.598066542376858,0.00943474140191541,-0.00857298605834167,TRUE,0.0369835067024062,5000,3,10,"C2","none","superpopulation","facec"
7,"inverse_variance",0.597780439765345,0.00984695320826334,-0.00885908866985441,TRUE,0.0385993472912947,5000,3,10,"C2","none","superpopulation","facec"
7,"federated_dr",0.597253202225436,0.0103638376367703,-0.0093863262097641,TRUE,0.0406254970193809,5000,3,10,"C2","none","superpopulation","facec"
7,"pooled_dr",0.598832301429147,0.0106991137486638,-0.00780722700605274,TRUE,0.0419397552277567,5000,3,10,"C2","none","superpopulation","facec"
7,"tilted_aipw",0.600462690508429,0.0104935753592139,-0.00617683792677037,TRUE,0.0411340595462322,5000,3,10,"C2","none","superpopulation","facec"
7,"oracle_dr",0.599634239801293,0.0127707757141071,-0.00700528863390659,TRUE,0.0500605209085774,5000,3,10,"C2","none","superpopulation","facec"
8,"one_round_crossfit",0.614468911473389,0.0103265291212063,0.00782938303818925,TRUE,0.0404792503257365,5000,3,10,"C2","none","superpopulation","facec"
8,"two_round_crossfit",0.6134558674392,0.0103077530655473,0.00681633900400036,TRUE,0.0404056495400102,5000,3,10,"C2","none","superpopulation","facec"
8,"target_only",0.604510112723441,0.0182310983216228,-0.00212941571175851,TRUE,0.0714645922179786,5000,3,10,"C2","none","superpopulation","facec"
8,"sample_size",0.614165039083188,0.00939683406298238,0.0075255106479879,TRUE,0.0368349126642893,5000,3,10,"C2","none","superpopulation","facec"
8,"inverse_variance",0.61487957051096,0.010531602623334,0.00824004207576012,TRUE,0.0412831236824445,5000,3,10,"C2","none","superpopulation","facec"
8,"federated_dr",0.61575599793747,0.0105011693810981,0.00911646950227041,TRUE,0.0411638275650139,5000,3,10,"C2","none","superpopulation","facec"
8,"pooled_dr",0.613405917260902,0.0106058359379859,0.00676638882570213,TRUE,0.0415741129287861,5000,3,10,"C2","none","superpopulation","facec"
8,"tilted_aipw",0.615461363006625,0.0106511954697303,0.00882183457142505,TRUE,0.041751919025935,5000,3,10,"C2","none","superpopulation","facec"
8,"oracle_dr",0.619113690467218,0.0127215225697681,0.0124741620320181,TRUE,0.049867452130518,5000,3,10,"C2","none","superpopulation","facec"
9,"one_round_crossfit",0.621113757344936,0.0102169514566386,0.014474228909736,TRUE,0.0400497137736113,5000,3,10,"C2","none","superpopulation","facec"
9,"two_round_crossfit",0.621293450936232,0.0101997436198212,0.0146539225010319,TRUE,0.0399822602927833,5000,3,10,"C2","none","superpopulation","facec"
9,"target_only",0.624704795165052,0.0177258320195503,0.0180652667298523,TRUE,0.069483984708651,5000,3,10,"C2","none","superpopulation","facec"
9,"sample_size",0.625844496764051,0.00925648872179788,0.0192049683288513,FALSE,0.0362847690360502,5000,3,10,"C2","none","superpopulation","facec"
9,"inverse_variance",0.626723624559525,0.010787467247171,0.0200840961243256,TRUE,0.042286094577721,5000,3,10,"C2","none","superpopulation","facec"
9,"federated_dr",0.624804948520674,0.0100859398740026,0.0181654200854743,TRUE,0.0395361578065629,5000,3,10,"C2","none","superpopulation","facec"
9,"pooled_dr",0.62246028324831,0.0104772370011681,0.0158207548131107,TRUE,0.0410700143595599,5000,3,10,"C2","none","superpopulation","facec"
9,"tilted_aipw",0.617852971212484,0.010340967734046,0.011213442777284,TRUE,0.040535848648042,5000,3,10,"C2","none","superpopulation","facec"
9,"oracle_dr",0.620432141885089,0.0127995567720926,0.0137926134498896,TRUE,0.0501733405827542,5000,3,10,"C2","none","superpopulation","facec"
10,"one_round_crossfit",0.616159456412252,0.0101410867626228,0.0095199279770527,TRUE,0.0397523296376732,5000,3,10,"C2","none","superpopulation","facec"
10,"two_round_crossfit",0.616609283158282,0.0102696834146885,0.0099697547230827,TRUE,0.0402564192508355,5000,3,10,"C2","none","superpopulation","facec"
10,"target_only",0.638098316452577,0.017556137214178,0.031458788017377,TRUE,0.0688187932948643,5000,3,10,"C2","none","superpopulation","facec"
10,"sample_size",0.60996881725974,0.0106794014860686,0.0033292888245402,TRUE,0.0418624845782758,5000,3,10,"C2","none","superpopulation","facec"
10,"inverse_variance",0.609165044062979,0.0132852980304525,0.00252551562777947,TRUE,0.0520774113271354,5000,3,10,"C2","none","superpopulation","facec"
10,"federated_dr",0.612441570706933,0.0103761514649667,0.00580204227173331,TRUE,0.0406737663389347,5000,3,10,"C2","none","superpopulation","facec"
10,"pooled_dr",0.613710394016355,0.0109577242017978,0.00707086558115533,TRUE,0.0429534895760932,5000,3,10,"C2","none","superpopulation","facec"
10,"tilted_aipw",0.615809345812205,0.0105852291526017,0.00916981737700562,TRUE,0.0414933358144056,5000,3,10,"C2","none","superpopulation","facec"
10,"oracle_dr",0.608696576790121,0.0124994100819033,0.00205704835492126,TRUE,0.0489967871770545,5000,3,10,"C2","none","superpopulation","facec"
11,"one_round_crossfit",0.611518144174552,0.010294742791777,0.00487861573935255,TRUE,0.0403546502039724,5000,3,10,"C2","none","superpopulation","facec"
11,"two_round_crossfit",0.610962212597893,0.0103561218367875,0.00432268416269277,TRUE,0.0405952516392247,5000,3,10,"C2","none","superpopulation","facec"
11,"target_only",0.622656587526565,0.0181136132829776,0.0160170590913653,TRUE,0.0710040593290446,5000,3,10,"C2","none","superpopulation","facec"
11,"sample_size",0.60781332665834,0.0127463800551702,0.00117379822314001,TRUE,0.0499648916827866,5000,3,10,"C2","none","superpopulation","facec"
11,"inverse_variance",0.607008085187629,0.0145659845261789,0.000368556752428861,TRUE,0.0570976101413569,5000,3,10,"C2","none","superpopulation","facec"
11,"federated_dr",0.602799695058996,0.010414076404301,-0.00383983337620419,TRUE,0.0408224293693566,5000,3,10,"C2","none","superpopulation","facec"
11,"pooled_dr",0.608240531951989,0.0106396854367495,0.00160100351678938,TRUE,0.0417068005257288,5000,3,10,"C2","none","superpopulation","facec"
11,"tilted_aipw",0.608639709680511,0.0104810602137058,0.00200018124531121,TRUE,0.0410850010773183,5000,3,10,"C2","none","superpopulation","facec"
11,"oracle_dr",0.607939832060894,0.0127306538171488,0.00130030362569411,TRUE,0.0499032459625179,5000,3,10,"C2","none","superpopulation","facec"
12,"one_round_crossfit",0.621593322084943,0.0101298835755944,0.0149537936497429,TRUE,0.0397084139514976,5000,3,10,"C2","none","superpopulation","facec"
12,"two_round_crossfit",0.621968820537156,0.010195447940126,0.0153292921019558,TRUE,0.0399654215378,5000,3,10,"C2","none","superpopulation","facec"
12,"target_only",0.62761309167801,0.0177182561521382,0.0209735632428101,TRUE,0.0694542878540922,5000,3,10,"C2","none","superpopulation","facec"
12,"sample_size",0.619367373072094,0.0113060618817246,0.0127278446368947,TRUE,0.0443189481903228,5000,3,10,"C2","none","superpopulation","facec"
12,"inverse_variance",0.619419307562442,0.0132335984443656,0.0127797791272426,TRUE,0.0518747526736436,5000,3,10,"C2","none","superpopulation","facec"
12,"federated_dr",0.621573072599657,0.00995416891725832,0.0149335441644568,TRUE,0.0390196251477086,5000,3,10,"C2","none","superpopulation","facec"
12,"pooled_dr",0.620954770657569,0.0106262668054618,0.0143152422223688,TRUE,0.041654200457637,5000,3,10,"C2","none","superpopulation","facec"
12,"tilted_aipw",0.623105741101612,0.0101761163913804,0.016466212666412,TRUE,0.0398896432591866,5000,3,10,"C2","none","superpopulation","facec"
12,"oracle_dr",0.611711496328967,0.0127635881937234,0.00507196789376696,TRUE,0.0500323463463967,5000,3,10,"C2","none","superpopulation","facec"
13,"one_round_crossfit",0.59615123036442,0.0103532994027785,-0.0104882980707797,TRUE,0.0405841879012117,5000,3,10,"C2","none","superpopulation","facec"
13,"two_round_crossfit",0.596116810587617,0.0103952306988651,-0.0105227178475826,TRUE,0.0407485555615215,5000,3,10,"C2","none","superpopulation","facec"
13,"target_only",0.606356221512708,0.0182701141294555,-0.000283306922491677,TRUE,0.0716175313743381,5000,3,10,"C2","none","superpopulation","facec"
13,"sample_size",0.598528252042995,0.00938171651022843,-0.00811127639220477,TRUE,0.0367756529464249,5000,3,10,"C2","none","superpopulation","facec"
13,"inverse_variance",0.599390128692745,0.0114839706375298,-0.00724939974245453,TRUE,0.0450163376981476,5000,3,10,"C2","none","superpopulation","facec"
13,"federated_dr",0.608948315223511,0.0103633802237672,0.00230878678831115,TRUE,0.0406237039933566,5000,3,10,"C2","none","superpopulation","facec"
13,"pooled_dr",0.605720136382448,0.0107609367744841,-0.000919392052752155,TRUE,0.0421820970358031,5000,3,10,"C2","none","superpopulation","facec"
13,"tilted_aipw",0.608035862022274,0.010422596555976,0.00139633358707458,TRUE,0.0408558277502085,5000,3,10,"C2","none","superpopulation","facec"
13,"oracle_dr",0.59984733475659,0.012494307292089,-0.00679219367861017,TRUE,0.0489767846085412,5000,3,10,"C2","none","superpopulation","facec"
14,"one_round_crossfit",0.607837996789981,0.0104298927026721,0.00119846835478155,TRUE,0.0408844281197087,5000,3,10,"C2","none","superpopulation","facec"
14,"two_round_crossfit",0.608400810979636,0.010437279917769,0.00176128254443597,TRUE,0.0409133854707808,5000,3,10,"C2","none","superpopulation","facec"
14,"target_only",0.615006766620344,0.0181878516223549,0.00836723818514451,TRUE,0.071295068271948,5000,3,10,"C2","none","superpopulation","facec"
14,"sample_size",0.611375582161551,0.00942638035180294,0.00473605372635078,TRUE,0.0369507319882194,5000,3,10,"C2","none","superpopulation","facec"
14,"inverse_variance",0.611509746854042,0.00961257546452312,0.00487021841884183,TRUE,0.0376806034182775,5000,3,10,"C2","none","superpopulation","facec"
14,"federated_dr",0.610687011079733,0.010881360432773,0.00404748264453281,TRUE,0.0426541491020684,5000,3,10,"C2","none","superpopulation","facec"
14,"pooled_dr",0.609898665254837,0.0112439793999603,0.00325913681963697,TRUE,0.0440755893336648,5000,3,10,"C2","none","superpopulation","facec"
14,"tilted_aipw",0.612648586981301,0.0109409535498104,0.00600905854610156,TRUE,0.042887749828308,5000,3,10,"C2","none","superpopulation","facec"
14,"oracle_dr",0.611358469372642,0.0125952104888814,0.00471894093744218,TRUE,0.0493723178718173,5000,3,10,"C2","none","superpopulation","facec"
15,"one_round_crossfit",0.610065068491221,0.010678543654469,0.00342554005602103,TRUE,0.041859121940196,5000,3,10,"C2","none","superpopulation","facec"
15,"two_round_crossfit",0.60860333611728,0.010719396494464,0.00196380768207993,TRUE,0.0420192621303086,5000,3,10,"C2","none","superpopulation","facec"
15,"target_only",0.605767845582698,0.0182283926223703,-0.000871682852501943,TRUE,0.0714539860718029,5000,3,10,"C2","none","superpopulation","facec"
15,"sample_size",0.601549452745791,0.00946627468955878,-0.00509007568940878,TRUE,0.0371071149185966,5000,3,10,"C2","none","superpopulation","facec"
15,"inverse_variance",0.599930107934879,0.0121843128698119,-0.00670942050032097,TRUE,0.0477616288023985,5000,3,10,"C2","none","superpopulation","facec"
15,"federated_dr",0.604489347502225,0.0102024106338356,-0.00215018093297481,TRUE,0.0399927147956127,5000,3,10,"C2","none","superpopulation","facec"
15,"pooled_dr",0.607794837537173,0.0105712449632909,0.00115530910197303,TRUE,0.0414385187996014,5000,3,10,"C2","none","superpopulation","facec"
15,"tilted_aipw",0.608673080735688,0.0104937359825551,0.00203355230048785,TRUE,0.0411346891781603,5000,3,10,"C2","none","superpopulation","facec"
15,"oracle_dr",0.610458517438756,0.0127635518930491,0.00381898900355671,TRUE,0.0500322040503685,5000,3,10,"C2","none","superpopulation","facec"
16,"one_round_crossfit",0.606694827436259,0.0103494722926061,5.52990010588283e-05,TRUE,0.0405691859050064,5000,3,10,"C2","none","superpopulation","facec"
16,"two_round_crossfit",0.607431032021565,0.0103626741878829,0.000791503586365261,TRUE,0.0406209363835468,5000,3,10,"C2","none","superpopulation","facec"
16,"target_only",0.597071423058369,0.0184060693380676,-0.00956810537683028,TRUE,0.072150465999119,5000,3,10,"C2","none","superpopulation","facec"
16,"sample_size",0.604965902886635,0.0115645903912194,-0.00167362554856476,TRUE,0.0453323613254961,5000,3,10,"C2","none","superpopulation","facec"
16,"inverse_variance",0.606142730063893,0.013774195410252,-0.000496798371306673,TRUE,0.0539938538402216,5000,3,10,"C2","none","superpopulation","facec"
16,"federated_dr",0.613817062354811,0.0102661304454343,0.00717753391961173,TRUE,0.0402424918672826,5000,3,10,"C2","none","superpopulation","facec"
16,"pooled_dr",0.606320717325161,0.0108442940558025,-0.000318811110038397,TRUE,0.0425088515742693,5000,3,10,"C2","none","superpopulation","facec"
16,"tilted_aipw",0.605623559918618,0.0105184631213445,-0.00101596851658181,TRUE,0.0412316177810961,5000,3,10,"C2","none","superpopulation","facec"
16,"oracle_dr",0.60819699333493,0.0127517930113498,0.0015574648997303,TRUE,0.0499861100811103,5000,3,10,"C2","none","superpopulation","facec"
17,"one_round_crossfit",0.599855452834348,0.0102535861701122,-0.00678407560085181,TRUE,0.040193319211596,5000,3,10,"C2","none","superpopulation","facec"
17,"two_round_crossfit",0.599889160337984,0.0103088458193015,-0.00675036809721619,TRUE,0.0404099330560144,5000,3,10,"C2","none","superpopulation","facec"
17,"target_only",0.604102755131204,0.018237579079766,-0.00253677330399615,TRUE,0.0714899963230851,5000,3,10,"C2","none","superpopulation","facec"
17,"sample_size",0.592599246799694,0.00943113925118701,-0.0140402816355056,TRUE,0.0369693865310172,5000,3,10,"C2","none","superpopulation","facec"
17,"inverse_variance",0.592340768957874,0.0106752413661738,-0.0142987594773255,TRUE,0.0418461772079455,5000,3,10,"C2","none","superpopulation","facec"
17,"federated_dr",0.593804085166851,0.0102210836280283,-0.012835443268349,TRUE,0.040065911587815,5000,3,10,"C2","none","superpopulation","facec"
17,"pooled_dr",0.594549773797744,0.0105678947816214,-0.0120897546374555,TRUE,0.0414253863287732,5000,3,10,"C2","none","superpopulation","facec"
17,"tilted_aipw",0.599766254624768,0.0102364916208786,-0.00687327381043179,TRUE,0.0401263098099363,5000,3,10,"C2","none","superpopulation","facec"
17,"oracle_dr",0.609728245151372,0.012930361356537,0.00308871671617184,TRUE,0.0506860851318021,5000,3,10,"C2","none","superpopulation","facec"
18,"one_round_crossfit",0.61203688901661,0.0102538259736675,0.00539736058140983,TRUE,0.040194259224259,5000,3,10,"C2","none","superpopulation","facec"
18,"two_round_crossfit",0.611805337228236,0.0102718839542169,0.00516580879303663,TRUE,0.0402650452072799,5000,3,10,"C2","none","superpopulation","facec"
18,"target_only",0.62788552805329,0.0174052537729226,0.0212459996180903,TRUE,0.0682273410734164,5000,3,10,"C2","none","superpopulation","facec"
18,"sample_size",0.611861550583372,0.00930496757373488,0.00522202214817269,TRUE,0.0364748026436668,5000,3,10,"C2","none","superpopulation","facec"
18,"inverse_variance",0.611895805449332,0.0111714313490748,0.00525627701413245,TRUE,0.0437912061998966,5000,3,10,"C2","none","superpopulation","facec"
18,"federated_dr",0.614296132551257,0.0105333846650344,0.00765660411605684,TRUE,0.0412901091575477,5000,3,10,"C2","none","superpopulation","facec"
18,"pooled_dr",0.613985885147059,0.0108752433057527,0.00734635671185924,TRUE,0.0426301704047711,5000,3,10,"C2","none","superpopulation","facec"
18,"tilted_aipw",0.608114849080767,0.0108034606922178,0.00147532064556732,TRUE,0.0423487877302822,5000,3,10,"C2","none","superpopulation","facec"
18,"oracle_dr",0.60740884122344,0.0128566195699644,0.000769312788239773,TRUE,0.050397022640126,5000,3,10,"C2","none","superpopulation","facec"
19,"one_round_crossfit",0.601419705724111,0.0103510890380116,-0.00521982271108878,TRUE,0.0405755234305401,5000,3,10,"C2","none","superpopulation","facec"
19,"two_round_crossfit",0.602080711683561,0.0103704033083231,-0.00455881675163916,TRUE,0.0406512339789364,5000,3,10,"C2","none","superpopulation","facec"
19,"target_only",0.60427050906577,0.0176426437816187,-0.00236901936943001,TRUE,0.0691578928080843,5000,3,10,"C2","none","superpopulation","facec"
19,"sample_size",0.6043045632928,0.00940807853525862,-0.00233496514239928,TRUE,0.0368789901856625,5000,3,10,"C2","none","superpopulation","facec"
19,"inverse_variance",0.603307970580159,0.0116693605971369,-0.00333155785504125,TRUE,0.0457430529859983,5000,3,10,"C2","none","superpopulation","facec"
19,"federated_dr",0.59937438135032,0.0103664523702534,-0.00726514708487969,TRUE,0.0406357465862932,5000,3,10,"C2","none","superpopulation","facec"
19,"pooled_dr",0.602541077550765,0.0108544799484234,-0.00409845088443506,TRUE,0.042548779539644,5000,3,10,"C2","none","superpopulation","facec"
19,"tilted_aipw",0.604655899542215,0.0105248820608635,-0.00198362889298498,TRUE,0.0412567795616485,5000,3,10,"C2","none","superpopulation","facec"
19,"oracle_dr",0.611241047316079,0.0128230961854129,0.0046015188808789,TRUE,0.0502656133874044,5000,3,10,"C2","none","superpopulation","facec"
20,"one_round_crossfit",0.589595125053811,0.0105082225815821,-0.017044403381389,TRUE,0.0411914756028628,5000,3,10,"C2","none","superpopulation","facec"
20,"two_round_crossfit",0.589128225674566,0.0104489359490111,-0.0175113027606342,TRUE,0.0409590762736554,5000,3,10,"C2","none","superpopulation","facec"
20,"target_only",0.579297177349416,0.0178227020337626,-0.0273423510857842,TRUE,0.069863708186727,5000,3,10,"C2","none","superpopulation","facec"
20,"sample_size",0.587227862746476,0.00947689670014709,-0.019411665688724,FALSE,0.0371487524349896,5000,3,10,"C2","none","superpopulation","facec"
20,"inverse_variance",0.587481016398883,0.0113736392519032,-0.0191585120363169,TRUE,0.0445838466137627,5000,3,10,"C2","none","superpopulation","facec"
20,"federated_dr",0.589326997874775,0.0109637152324005,-0.0173125305604251,TRUE,0.0429769739845165,5000,3,10,"C2","none","superpopulation","facec"
20,"pooled_dr",0.588444016882586,0.0115077700787146,-0.0181955115526133,TRUE,0.0451096297932962,5000,3,10,"C2","none","superpopulation","facec"
20,"tilted_aipw",0.593088204193688,0.0111133252169673,-0.013551324241512,TRUE,0.0435634343474736,5000,3,10,"C2","none","superpopulation","facec"
20,"oracle_dr",0.602517898778497,0.0127176982195343,-0.00412162965670226,TRUE,0.0498524609530728,5000,3,10,"C2","none","superpopulation","facec"
21,"one_round_crossfit",0.600540619464389,0.0103533520198503,-0.006098908970811,TRUE,0.0405843941563431,5000,3,10,"C2","none","superpopulation","facec"
21,"two_round_crossfit",0.600858233792379,0.0103281643464103,-0.00578129464282118,TRUE,0.0404856602907497,5000,3,10,"C2","none","superpopulation","facec"
21,"target_only",0.61534221025475,0.0179798516667013,0.00870268181954981,TRUE,0.0704797234282142,5000,3,10,"C2","none","superpopulation","facec"
21,"sample_size",0.604707421760742,0.00934988949567186,-0.0019321066744582,TRUE,0.0366508933418923,5000,3,10,"C2","none","superpopulation","facec"
21,"inverse_variance",0.604287642793371,0.0105106188791612,-0.0023518856418292,TRUE,0.0412008689167653,5000,3,10,"C2","none","superpopulation","facec"
21,"federated_dr",0.600349086406492,0.0100745286461264,-0.00629044202870732,TRUE,0.0394914266152497,5000,3,10,"C2","none","superpopulation","facec"
21,"pooled_dr",0.602819959064338,0.0106232770661928,-0.00381956937086192,TRUE,0.0416424808950562,5000,3,10,"C2","none","superpopulation","facec"
21,"tilted_aipw",0.603127479139773,0.0103226574058487,-0.00351204929542681,TRUE,0.0404640734804183,5000,3,10,"C2","none","superpopulation","facec"
21,"oracle_dr",0.603297576056604,0.0127202706396018,-0.0033419523785958,TRUE,0.0498625446544436,5000,3,10,"C2","none","superpopulation","facec"
22,"one_round_crossfit",0.600644161683703,0.0103083990125574,-0.00599536675149659,TRUE,0.0404081816057615,5000,3,10,"C2","none","superpopulation","facec"
22,"two_round_crossfit",0.600329748042245,0.0102663820271564,-0.00630978039295516,TRUE,0.0402434780495118,5000,3,10,"C2","none","superpopulation","facec"
22,"target_only",0.595119967483893,0.0180754712620501,-0.0115195609513067,TRUE,0.0708545453544138,5000,3,10,"C2","none","superpopulation","facec"
22,"sample_size",0.602228019742535,0.00938349939262849,-0.00441150869266504,TRUE,0.0367826417170105,5000,3,10,"C2","none","superpopulation","facec"
22,"inverse_variance",0.602396558248052,0.00966242691929683,-0.00424297018714792,TRUE,0.0378760175301442,5000,3,10,"C2","none","superpopulation","facec"
22,"federated_dr",0.596801122701881,0.0102956921049934,-0.00983840573331896,TRUE,0.0403583714434008,5000,3,10,"C2","none","superpopulation","facec"
22,"pooled_dr",0.597134647917429,0.0107103478144183,-0.00950488051777121,TRUE,0.0419837919563142,5000,3,10,"C2","none","superpopulation","facec"
22,"tilted_aipw",0.594482995781127,0.0106027292101197,-0.012156532654073,TRUE,0.0415619347793308,5000,3,10,"C2","none","superpopulation","facec"
22,"oracle_dr",0.614532828402666,0.0128716141556101,0.00789329996746591,TRUE,0.0504558003357833,5000,3,10,"C2","none","superpopulation","facec"
23,"one_round_crossfit",0.59839980694223,0.0104425446840982,-0.00823972149297003,TRUE,0.0409340229755653,5000,3,10,"C2","none","superpopulation","facec"
23,"two_round_crossfit",0.600477923214428,0.0105908853685406,-0.00616160522077169,TRUE,0.0415155077734637,5000,3,10,"C2","none","superpopulation","facec"
23,"target_only",0.60165244470502,0.0181726785557837,-0.00498708373017931,TRUE,0.0712355909439186,5000,3,10,"C2","none","superpopulation","facec"
23,"sample_size",0.602816247316705,0.0094760263913387,-0.00382328111849484,TRUE,0.0371453408871498,5000,3,10,"C2","none","superpopulation","facec"
23,"inverse_variance",0.601634313760591,0.0111815387302014,-0.0050052146746089,TRUE,0.0438308264058689,5000,3,10,"C2","none","superpopulation","facec"
23,"federated_dr",0.598121830701896,0.0106048044892797,-0.00851769773330358,TRUE,0.0415700697241539,5000,3,10,"C2","none","superpopulation","facec"
23,"pooled_dr",0.600256204530282,0.0109820984877454,-0.00638332390491769,TRUE,0.0430490350213055,5000,3,10,"C2","none","superpopulation","facec"
23,"tilted_aipw",0.600098954344255,0.0106533508154708,-0.00654057409094455,TRUE,0.0417603678259866,5000,3,10,"C2","none","superpopulation","facec"
23,"oracle_dr",0.600067230844449,0.0125083024792948,-0.00657229759075073,TRUE,0.049031644734302,5000,3,10,"C2","none","superpopulation","facec"
24,"one_round_crossfit",0.602784630005398,0.0103164309871094,-0.00385489842980202,TRUE,0.0404396663674547,5000,3,10,"C2","none","superpopulation","facec"
24,"two_round_crossfit",0.60225501425746,0.0103522237534455,-0.00438451417773988,TRUE,0.0405799714333066,5000,3,10,"C2","none","superpopulation","facec"
24,"target_only",0.580187748762826,0.0182195538254578,-0.0264517796723734,TRUE,0.0714193386245727,5000,3,10,"C2","none","superpopulation","facec"
24,"sample_size",0.597805306922243,0.0125373984728239,-0.00883422151295687,TRUE,0.0491456989331247,5000,3,10,"C2","none","superpopulation","facec"
24,"inverse_variance",0.598204137777274,0.0143464128961367,-0.00843539065792565,TRUE,0.0562369051675378,5000,3,10,"C2","none","superpopulation","facec"
24,"federated_dr",0.597646109285509,0.0107493536478058,-0.0089934191496911,TRUE,0.0421366920135673,5000,3,10,"C2","none","superpopulation","facec"
24,"pooled_dr",0.598326297220764,0.0112455926584068,-0.00831323121443617,TRUE,0.0440819131905708,5000,3,10,"C2","none","superpopulation","facec"
24,"tilted_aipw",0.600290983996058,0.0109763202794746,-0.00634854443914157,TRUE,0.0430263848610937,5000,3,10,"C2","none","superpopulation","facec"
24,"oracle_dr",0.609855237443566,0.0128920141375905,0.0032157090083661,TRUE,0.0505357667957171,5000,3,10,"C2","none","superpopulation","facec"
25,"one_round_crossfit",0.609363151607503,0.0103758508540955,0.0027236231723029,TRUE,0.0406725879659728,5000,3,10,"C2","none","superpopulation","facec"
25,"two_round_crossfit",0.608813322329897,0.010518585904749,0.00217379389469696,TRUE,0.0412320990831974,5000,3,10,"C2","none","superpopulation","facec"
25,"target_only",0.582301011168661,0.0180658965747876,-0.0243385172665389,TRUE,0.0708170132700185,5000,3,10,"C2","none","superpopulation","facec"
25,"sample_size",0.612170648918649,0.015189244992371,0.00553112048344928,TRUE,0.059540746274805,5000,3,10,"C2","none","superpopulation","facec"
25,"inverse_variance",0.613457260204784,0.0161328440224605,0.00681773176958411,TRUE,0.0632395865044495,5000,3,10,"C2","none","superpopulation","facec"
25,"federated_dr",0.609588233789443,0.0100461622699626,0.00294870535424374,TRUE,0.0393802324639436,5000,3,10,"C2","none","superpopulation","facec"
25,"pooled_dr",0.612129212767427,0.0104005560623807,0.0054896843322273,TRUE,0.0407694306029116,5000,3,10,"C2","none","superpopulation","facec"
25,"tilted_aipw",0.61451036323631,0.00996793024215899,0.00787083480110984,TRUE,0.0390735685500785,5000,3,10,"C2","none","superpopulation","facec"
25,"oracle_dr",0.621591711675002,0.0129468483800106,0.0149521832398023,TRUE,0.0507507130762432,5000,3,10,"C2","none","superpopulation","facec"
26,"one_round_crossfit",0.611249721104396,0.0102110919508911,0.00461019266919671,TRUE,0.0400267449331466,5000,3,10,"C2","none","superpopulation","facec"
26,"two_round_crossfit",0.611928671050097,0.0102827398003676,0.00528914261489688,TRUE,0.0403075993422342,5000,3,10,"C2","none","superpopulation","facec"
26,"target_only",0.61457615655054,0.0178438547959016,0.00793662811534068,TRUE,0.0699466254906589,5000,3,10,"C2","none","superpopulation","facec"
26,"sample_size",0.606954644787914,0.0122596997901883,0.000315116352714639,TRUE,0.0480571401000847,5000,3,10,"C2","none","superpopulation","facec"
26,"inverse_variance",0.606621324667418,0.0141395038915741,-1.82037677821656e-05,TRUE,0.0554258367734983,5000,3,10,"C2","none","superpopulation","facec"
26,"federated_dr",0.605960836158022,0.0108223329274421,-0.000678692277177539,TRUE,0.042422765532977,5000,3,10,"C2","none","superpopulation","facec"
26,"pooled_dr",0.608568884221978,0.0112099579257965,0.00192935578677789,TRUE,0.0439422276055408,5000,3,10,"C2","none","superpopulation","facec"
26,"tilted_aipw",0.610525437961907,0.0110031823489449,0.00388590952670753,TRUE,0.0431316822385177,5000,3,10,"C2","none","superpopulation","facec"
26,"oracle_dr",0.614533213557455,0.0131694517310046,0.00789368512225541,TRUE,0.0516233021778154,5000,3,10,"C2","none","superpopulation","facec"
27,"one_round_crossfit",0.606139899381925,0.0105053767103599,-0.000499629053274719,TRUE,0.0411803199926626,5000,3,10,"C2","none","superpopulation","facec"
27,"two_round_crossfit",0.606017188491396,0.0105109875560244,-0.000622339943803341,TRUE,0.0412023141035132,5000,3,10,"C2","none","superpopulation","facec"
27,"target_only",0.636142998246273,0.0178546304095326,0.0295034698110737,TRUE,0.069988865119915,5000,3,10,"C2","none","superpopulation","facec"
27,"sample_size",0.606386252086206,0.0130395418014529,-0.000253276348993303,TRUE,0.0511140646115045,5000,3,10,"C2","none","superpopulation","facec"
27,"inverse_variance",0.60570805734967,0.0146987413037943,-0.0009314710855296,TRUE,0.057618007147016,5000,3,10,"C2","none","superpopulation","facec"
27,"federated_dr",0.61204567416827,0.0104097479817426,0.00540614573307041,TRUE,0.040805462264708,5000,3,10,"C2","none","superpopulation","facec"
27,"pooled_dr",0.60833233287682,0.0107277100645621,0.0016928044416199,TRUE,0.0420518507262591,5000,3,10,"C2","none","superpopulation","facec"
27,"tilted_aipw",0.610672269066222,0.0105531427249979,0.00403274063102255,TRUE,0.0413675593294134,5000,3,10,"C2","none","superpopulation","facec"
27,"oracle_dr",0.599247528793157,0.0125908123912995,-0.00739199964204229,TRUE,0.0493550776460951,5000,3,10,"C2","none","superpopulation","facec"
28,"one_round_crossfit",0.618148346123788,0.0102531560454869,0.0115088176885881,TRUE,0.0401916331540471,5000,3,10,"C2","none","superpopulation","facec"
28,"two_round_crossfit",0.618093762169987,0.0102239063491687,0.0114542337347874,TRUE,0.040076976451362,5000,3,10,"C2","none","superpopulation","facec"
28,"target_only",0.591150104203694,0.0182065243690942,-0.0154894242315055,TRUE,0.0713682640941509,5000,3,10,"C2","none","superpopulation","facec"
28,"sample_size",0.613280055870771,0.0122859064844654,0.00664052743557164,TRUE,0.0481598684539586,5000,3,10,"C2","none","superpopulation","facec"
28,"inverse_variance",0.614403704944095,0.0141667927833195,0.00776417650889505,TRUE,0.0555328072634964,5000,3,10,"C2","none","superpopulation","facec"
28,"federated_dr",0.625870582644214,0.0103093272235404,0.0192310542090143,TRUE,0.0404118201259551,5000,3,10,"C2","none","superpopulation","facec"
28,"pooled_dr",0.618326358969784,0.0108785482454849,0.0116868305345843,TRUE,0.0426431255304636,5000,3,10,"C2","none","superpopulation","facec"
28,"tilted_aipw",0.615255669385511,0.0106921066104752,0.0086161409503116,TRUE,0.0419122877507878,5000,3,10,"C2","none","superpopulation","facec"
28,"oracle_dr",0.612116364455189,0.0127996410168737,0.00547683601998927,TRUE,0.0501736708162284,5000,3,10,"C2","none","superpopulation","facec"
29,"one_round_crossfit",0.619609225698682,0.0101576477451071,0.0129696972634826,TRUE,0.0398172474961087,5000,3,10,"C2","none","superpopulation","facec"
29,"two_round_crossfit",0.620017781873246,0.0102722564388107,0.0133782534380467,TRUE,0.0402665053200575,5000,3,10,"C2","none","superpopulation","facec"
29,"target_only",0.613504513208768,0.017800397962213,0.00686498477356845,TRUE,0.0697762778328352,5000,3,10,"C2","none","superpopulation","facec"
29,"sample_size",0.615363311359441,0.00927761334785122,0.00872378292424114,TRUE,0.0363675760485529,5000,3,10,"C2","none","superpopulation","facec"
29,"inverse_variance",0.614483219506591,0.0115961561674934,0.0078436910713916,TRUE,0.0454560968947781,5000,3,10,"C2","none","superpopulation","facec"
29,"federated_dr",0.61598381089502,0.0102833020782165,0.00934428245982022,TRUE,0.0403098034309002,5000,3,10,"C2","none","superpopulation","facec"
29,"pooled_dr",0.618563977385466,0.010859188651825,0.0119244489502665,TRUE,0.0425672373178059,5000,3,10,"C2","none","superpopulation","facec"
29,"tilted_aipw",0.620390491606275,0.0104036862012164,0.0137509631710752,TRUE,0.0407817005216808,5000,3,10,"C2","none","superpopulation","facec"
29,"oracle_dr",0.621305262772579,0.012994955848348,0.0146657343373789,TRUE,0.0509392908869006,5000,3,10,"C2","none","superpopulation","facec"
30,"one_round_crossfit",0.605077586296259,0.0102550041133775,-0.00156194213894079,TRUE,0.0401988774470599,5000,3,10,"C2","none","superpopulation","facec"
30,"two_round_crossfit",0.605078531227012,0.01018546517027,-0.00156099720818759,TRUE,0.0399262897990327,5000,3,10,"C2","none","superpopulation","facec"
30,"target_only",0.59621160554956,0.017895337156252,-0.01042792288564,TRUE,0.0701484326349104,5000,3,10,"C2","none","superpopulation","facec"
30,"sample_size",0.608259351072722,0.00935330355940427,0.00161982263752192,TRUE,0.0366642762258054,5000,3,10,"C2","none","superpopulation","facec"
30,"inverse_variance",0.609203332217335,0.0111766605573295,0.00256380378213539,TRUE,0.0438117043195905,5000,3,10,"C2","none","superpopulation","facec"
30,"federated_dr",0.608483732240363,0.010461330729379,0.00184420380516304,TRUE,0.0410076629198897,5000,3,10,"C2","none","superpopulation","facec"
30,"pooled_dr",0.609766890459128,0.0108942989259025,0.0031273620239286,TRUE,0.0427048670631647,5000,3,10,"C2","none","superpopulation","facec"
30,"tilted_aipw",0.607921510397381,0.0104397527819382,0.00128198196218077,TRUE,0.0409230789202013,5000,3,10,"C2","none","superpopulation","facec"
30,"oracle_dr",0.607640669666745,0.0128479126919239,0.00100114123154504,TRUE,0.0503628923053718,5000,3,10,"C2","none","superpopulation","facec"
31,"one_round_crossfit",0.615159182466346,0.0103657985822297,0.00851965403114607,TRUE,0.040633183784333,5000,3,10,"C2","none","superpopulation","facec"
31,"two_round_crossfit",0.613485952249835,0.0102298109296013,0.00684642381463518,TRUE,0.0401001219813457,5000,3,10,"C2","none","superpopulation","facec"
31,"target_only",0.635427725133484,0.0182612387643963,0.0287881966982841,TRUE,0.0715827405826068,5000,3,10,"C2","none","superpopulation","facec"
31,"sample_size",0.610998561296164,0.0120287782110421,0.00435903286096473,TRUE,0.0471519441433252,5000,3,10,"C2","none","superpopulation","facec"
31,"inverse_variance",0.610575226477772,0.0139537678157233,0.00393569804257199,TRUE,0.0546977647349036,5000,3,10,"C2","none","superpopulation","facec"
31,"federated_dr",0.60872945056924,0.0102184250853553,0.00208992213404069,TRUE,0.040055490292034,5000,3,10,"C2","none","superpopulation","facec"
31,"pooled_dr",0.609890242740406,0.0107263970012738,0.00325071430520618,TRUE,0.0420467036127501,5000,3,10,"C2","none","superpopulation","facec"
31,"tilted_aipw",0.609450025410886,0.0103591721623712,0.00281049697568603,TRUE,0.0406072086957949,5000,3,10,"C2","none","superpopulation","facec"
31,"oracle_dr",0.606739115002105,0.0126530652427735,9.95865669050078e-05,TRUE,0.049599104339743,5000,3,10,"C2","none","superpopulation","facec"
32,"one_round_crossfit",0.604775333883225,0.0102338058564935,-0.0018641945519744,TRUE,0.0401157818070046,5000,3,10,"C2","none","superpopulation","facec"
32,"two_round_crossfit",0.603764305410102,0.0103170579252138,-0.00287522302509746,TRUE,0.0404421239196653,5000,3,10,"C2","none","superpopulation","facec"
32,"target_only",0.576047075015224,0.0182649301015399,-0.0305924534199753,TRUE,0.0715972103583196,5000,3,10,"C2","none","superpopulation","facec"
32,"sample_size",0.603207646928746,0.0112585804319863,-0.0034318815064539,TRUE,0.0441328243274812,5000,3,10,"C2","none","superpopulation","facec"
32,"inverse_variance",0.603590865715495,0.0134050057107341,-0.00304866271970505,TRUE,0.0525466568111852,5000,3,10,"C2","none","superpopulation","facec"
32,"federated_dr",0.605716562347116,0.010396773832576,-0.000922966088083621,TRUE,0.0407546045345146,5000,3,10,"C2","none","superpopulation","facec"
32,"pooled_dr",0.6057755946339,0.0106495315927031,-0.000863933801299899,TRUE,0.0417453967478392,5000,3,10,"C2","none","superpopulation","facec"
32,"tilted_aipw",0.608402472946771,0.010454790296848,0.00176294451157133,TRUE,0.040982024895482,5000,3,10,"C2","none","superpopulation","facec"
32,"oracle_dr",0.603665879815183,0.0132062634051936,-0.00297364862001648,TRUE,0.0517676012890576,5000,3,10,"C2","none","superpopulation","facec"
33,"one_round_crossfit",0.606706256358405,0.0104683124108779,6.67279232048346e-05,TRUE,0.0410350306084688,5000,3,10,"C2","none","superpopulation","facec"
33,"two_round_crossfit",0.606252511800343,0.0105764428041865,-0.00038701663485663,TRUE,0.0414588939615066,5000,3,10,"C2","none","superpopulation","facec"
33,"target_only",0.582968829583514,0.0181497442911006,-0.0236706988516862,TRUE,0.0711456902783372,5000,3,10,"C2","none","superpopulation","facec"
33,"sample_size",0.600838611791347,0.0103705586536568,-0.00580091664385252,TRUE,0.0406518429214549,5000,3,10,"C2","none","superpopulation","facec"
33,"inverse_variance",0.600205512668685,0.0129114483477295,-0.00643401576651426,TRUE,0.0506119474995981,5000,3,10,"C2","none","superpopulation","facec"
33,"federated_dr",0.598866325083131,0.0109469747807586,-0.00777320335206866,TRUE,0.0429113526199101,5000,3,10,"C2","none","superpopulation","facec"
33,"pooled_dr",0.601174979826672,0.0115716839713023,-0.00546454860852741,TRUE,0.0453601676484638,5000,3,10,"C2","none","superpopulation","facec"
33,"tilted_aipw",0.602914231186404,0.0111803508921589,-0.00372529724879544,TRUE,0.0438261701663034,5000,3,10,"C2","none","superpopulation","facec"
33,"oracle_dr",0.618411096368258,0.0126012092676363,0.0117715679330586,TRUE,0.0493958326524389,5000,3,10,"C2","none","superpopulation","facec"
34,"one_round_crossfit",0.623739441184105,0.0102233884748408,0.0170999127489051,TRUE,0.0400749464212995,5000,3,10,"C2","none","superpopulation","facec"
34,"two_round_crossfit",0.622360266938093,0.0101870380265716,0.0157207385028932,TRUE,0.0399324552824407,5000,3,10,"C2","none","superpopulation","facec"
34,"target_only",0.628482469801072,0.0184948938418058,0.0218429413658722,TRUE,0.072498651655662,5000,3,10,"C2","none","superpopulation","facec"
34,"sample_size",0.624145108709615,0.00941300721086855,0.0175055802744152,TRUE,0.0368983102390363,5000,3,10,"C2","none","superpopulation","facec"
34,"inverse_variance",0.623435243781569,0.0100688739311441,0.016795715346369,TRUE,0.0394692605398335,5000,3,10,"C2","none","superpopulation","facec"
34,"federated_dr",0.626203550604727,0.0101275632543787,0.019564022169527,TRUE,0.0396993184594669,5000,3,10,"C2","none","superpopulation","facec"
34,"pooled_dr",0.625698512160483,0.0105102749652798,0.0190589837252835,TRUE,0.0411995207991227,5000,3,10,"C2","none","superpopulation","facec"
34,"tilted_aipw",0.628282398410354,0.0102459574197935,0.0216428699751539,FALSE,0.0401634150598524,5000,3,10,"C2","none","superpopulation","facec"
34,"oracle_dr",0.609607344862437,0.012737035157856,0.00296781642723731,TRUE,0.0499282603584361,5000,3,10,"C2","none","superpopulation","facec"
35,"one_round_crossfit",0.609329823076072,0.0103301842261572,0.00269029464087189,TRUE,0.0404935780738638,5000,3,10,"C2","none","superpopulation","facec"
35,"two_round_crossfit",0.609221231134343,0.010377051298748,0.0025817026991436,TRUE,0.0406772936225415,5000,3,10,"C2","none","superpopulation","facec"
35,"target_only",0.629526723656421,0.0174182528766394,0.0228871952212211,TRUE,0.068278296623649,5000,3,10,"C2","none","superpopulation","facec"
35,"sample_size",0.601145409993597,0.010745645837092,-0.00549411844160264,TRUE,0.0421221576626463,5000,3,10,"C2","none","superpopulation","facec"
35,"inverse_variance",0.600679578349264,0.0132028248592817,-0.00595995008593597,TRUE,0.0517541224367644,5000,3,10,"C2","none","superpopulation","facec"
35,"federated_dr",0.604047256367955,0.0103748763385431,-0.00259227206724488,TRUE,0.0406687679352025,5000,3,10,"C2","none","superpopulation","facec"
35,"pooled_dr",0.603098579745778,0.0108663516169496,-0.00354094868942212,TRUE,0.0425953156251395,5000,3,10,"C2","none","superpopulation","facec"
35,"tilted_aipw",0.601561465404973,0.0105505882011561,-0.00507806303022684,TRUE,0.0413575457799584,5000,3,10,"C2","none","superpopulation","facec"
35,"oracle_dr",0.600707805124401,0.0125545762424245,-0.00593172331079828,TRUE,0.0492130345526283,5000,3,10,"C2","none","superpopulation","facec"
36,"one_round_crossfit",0.606472583236558,0.0103221860086552,-0.000166945198641466,TRUE,0.0404622256373748,5000,3,10,"C2","none","superpopulation","facec"
36,"two_round_crossfit",0.605769447108851,0.0103686254857108,-0.000870081326348471,TRUE,0.0406442650423544,5000,3,10,"C2","none","superpopulation","facec"
36,"target_only",0.623633281208134,0.0173052003870576,0.016993752772934,TRUE,0.0678351390077632,5000,3,10,"C2","none","superpopulation","facec"
36,"sample_size",0.608693452873537,0.0110845462780719,0.0020539244383373,TRUE,0.0434506229799769,5000,3,10,"C2","none","superpopulation","facec"
36,"inverse_variance",0.609552294896747,0.0133120197223763,0.00291276646154759,TRUE,0.0521821584346887,5000,3,10,"C2","none","superpopulation","facec"
36,"federated_dr",0.612617870955512,0.0102791277248834,0.00597834252031215,TRUE,0.0402934402665174,5000,3,10,"C2","none","superpopulation","facec"
36,"pooled_dr",0.606598659668499,0.0111041366954433,-4.08687667003971e-05,TRUE,0.043527416004957,5000,3,10,"C2","none","superpopulation","facec"
36,"tilted_aipw",0.607556260916463,0.0108684745781354,0.000916732481263338,TRUE,0.0426036374800689,5000,3,10,"C2","none","superpopulation","facec"
36,"oracle_dr",0.599492910539847,0.0124734288133307,-0.00714661789535298,TRUE,0.0488949424757048,5000,3,10,"C2","none","superpopulation","facec"
37,"one_round_crossfit",0.61067226050997,0.0102663579169913,0.00403273207477062,TRUE,0.0402433835394014,5000,3,10,"C2","none","superpopulation","facec"
37,"two_round_crossfit",0.611570061296808,0.0103416832668382,0.00493053286160838,TRUE,0.0405386534850469,5000,3,10,"C2","none","superpopulation","facec"
37,"target_only",0.584325262430013,0.0183332016810518,-0.0223142660051863,TRUE,0.0718648300323412,5000,3,10,"C2","none","superpopulation","facec"
37,"sample_size",0.599492845826961,0.0101928052603621,-0.0071466826082387,TRUE,0.0399550624234803,5000,3,10,"C2","none","superpopulation","facec"
37,"inverse_variance",0.59922053426629,0.0127999249076958,-0.0074189941689099,TRUE,0.0501747836478019,5000,3,10,"C2","none","superpopulation","facec"
37,"federated_dr",0.60276483070464,0.0102957371287683,-0.00387469773055993,TRUE,0.0403585479333552,5000,3,10,"C2","none","superpopulation","facec"
37,"pooled_dr",0.603880611100334,0.0106502187682782,-0.00275891733486611,TRUE,0.0417480904265957,5000,3,10,"C2","none","superpopulation","facec"
37,"tilted_aipw",0.607083553954129,0.0104739954960573,0.000444025518929081,TRUE,0.0410573078930143,5000,3,10,"C2","none","superpopulation","facec"
37,"oracle_dr",0.607873468638193,0.01299907743322,0.00123394020299361,TRUE,0.0509554472027172,5000,3,10,"C2","none","superpopulation","facec"
38,"one_round_crossfit",0.62773324778787,0.0102909672209929,0.0210937193526702,FALSE,0.0403398502384567,5000,3,10,"C2","none","superpopulation","facec"
38,"two_round_crossfit",0.627373869389947,0.0102630562967006,0.020734340954747,FALSE,0.0402304414256802,5000,3,10,"C2","none","superpopulation","facec"
38,"target_only",0.614865983791245,0.0177819418993978,0.00822645535604494,TRUE,0.0697039313960068,5000,3,10,"C2","none","superpopulation","facec"
38,"sample_size",0.620372134187577,0.00923427496545316,0.0137326057523777,TRUE,0.0361976927112562,5000,3,10,"C2","none","superpopulation","facec"
38,"inverse_variance",0.621094000462742,0.0107947265554037,0.0144544720275421,TRUE,0.0423145505430986,5000,3,10,"C2","none","superpopulation","facec"
38,"federated_dr",0.624478197134234,0.0099283863908919,0.0178386686990344,TRUE,0.0389185595014914,5000,3,10,"C2","none","superpopulation","facec"
38,"pooled_dr",0.622893303263174,0.0102161728138681,0.0162537748279744,TRUE,0.0400466615500372,5000,3,10,"C2","none","superpopulation","facec"
38,"tilted_aipw",0.621215478596583,0.00999118221856252,0.0145759501613831,TRUE,0.039164714622719,5000,3,10,"C2","none","superpopulation","facec"
38,"oracle_dr",0.623060669773153,0.0125670065283828,0.0164211413379536,TRUE,0.0492617603782202,5000,3,10,"C2","none","superpopulation","facec"
39,"one_round_crossfit",0.600265676456474,0.0104608338723117,-0.0063738519787262,TRUE,0.0410057152759753,5000,3,10,"C2","none","superpopulation","facec"
39,"two_round_crossfit",0.599896770042313,0.0104535676932695,-0.00674275839288707,TRUE,0.0409772323775193,5000,3,10,"C2","none","superpopulation","facec"
39,"target_only",0.615713633941342,0.0180837107758785,0.00907410550614274,TRUE,0.0708868436551213,5000,3,10,"C2","none","superpopulation","facec"
39,"sample_size",0.602010448935778,0.00943861097351175,-0.00462907949942137,TRUE,0.0369986751443352,5000,3,10,"C2","none","superpopulation","facec"
39,"inverse_variance",0.600907310828674,0.0122184162550381,-0.0057322176065262,TRUE,0.047895311615987,5000,3,10,"C2","none","superpopulation","facec"
39,"federated_dr",0.595598696084537,0.0103136758509387,-0.0110408323506626,TRUE,0.0404288664321208,5000,3,10,"C2","none","superpopulation","facec"
39,"pooled_dr",0.599641078125133,0.0107695115820443,-0.00699845031006641,TRUE,0.0422157096637878,5000,3,10,"C2","none","superpopulation","facec"
39,"tilted_aipw",0.598153202432345,0.0104082516870246,-0.00848632600285504,TRUE,0.0407995968971928,5000,3,10,"C2","none","superpopulation","facec"
39,"oracle_dr",0.61152299357434,0.0128740705181944,0.00488346513914051,TRUE,0.0504654291001798,5000,3,10,"C2","none","superpopulation","facec"
40,"one_round_crossfit",0.607925373760423,0.010347226708663,0.00128584532522302,TRUE,0.0405603833777008,5000,3,10,"C2","none","superpopulation","facec"
40,"two_round_crossfit",0.608091925065303,0.0103706012443759,0.00145239663010277,TRUE,0.0406520098740062,5000,3,10,"C2","none","superpopulation","facec"
40,"target_only",0.603196956389626,0.0184837041904144,-0.0034425720455733,TRUE,0.0724547890282086,5000,3,10,"C2","none","superpopulation","facec"
40,"sample_size",0.606191155384517,0.00963087936563975,-0.000448373050682793,TRUE,0.0377523533922077,5000,3,10,"C2","none","superpopulation","facec"
40,"inverse_variance",0.605549709669303,0.0123186043898524,-0.00108981876589631,TRUE,0.0482880418878155,5000,3,10,"C2","none","superpopulation","facec"
40,"federated_dr",0.606743346437901,0.0103996101639475,0.000103818002701317,TRUE,0.0407657227491875,5000,3,10,"C2","none","superpopulation","facec"
40,"pooled_dr",0.607730308507577,0.0108712687700165,0.00109078007237773,TRUE,0.0426145905109749,5000,3,10,"C2","none","superpopulation","facec"
40,"tilted_aipw",0.607252856152949,0.0106052703568915,0.000613327717749579,TRUE,0.0415718958916349,5000,3,10,"C2","none","superpopulation","facec"
40,"oracle_dr",0.613859597252995,0.0125140592711445,0.00722006881779491,TRUE,0.0490542109436856,5000,3,10,"C2","none","superpopulation","facec"
41,"one_round_crossfit",0.592080323826987,0.0104938542689213,-0.0145592046082125,TRUE,0.0411351528521955,5000,3,10,"C2","none","superpopulation","facec"
41,"two_round_crossfit",0.592495975056866,0.0104912656462213,-0.0141435533783342,TRUE,0.041125005637672,5000,3,10,"C2","none","superpopulation","facec"
41,"target_only",0.583529178326399,0.0183990925053047,-0.0231103501088004,TRUE,0.0721231173172361,5000,3,10,"C2","none","superpopulation","facec"
41,"sample_size",0.597121487189114,0.0119853820266371,-0.00951804124608602,TRUE,0.0469818342263246,5000,3,10,"C2","none","superpopulation","facec"
41,"inverse_variance",0.597281430994356,0.0139836735966547,-0.00935809744084359,TRUE,0.0548149932420139,5000,3,10,"C2","none","superpopulation","facec"
41,"federated_dr",0.590790508075794,0.0107921643442354,-0.0158490203594054,TRUE,0.0423045068598775,5000,3,10,"C2","none","superpopulation","facec"
41,"pooled_dr",0.594776295036258,0.0114548928332702,-0.0118632333989416,TRUE,0.044902354799951,5000,3,10,"C2","none","superpopulation","facec"
41,"tilted_aipw",0.595747555568961,0.011105311753644,-0.0108919728662387,TRUE,0.0435320221484632,5000,3,10,"C2","none","superpopulation","facec"
41,"oracle_dr",0.595637984889573,0.0128465844086649,-0.011001543545627,TRUE,0.0503576855306742,5000,3,10,"C2","none","superpopulation","facec"
42,"one_round_crossfit",0.604713330448221,0.0102554274188658,-0.00192619798697902,TRUE,0.040200536774083,5000,3,10,"C2","none","superpopulation","facec"
42,"two_round_crossfit",0.606445360375781,0.0102922624561702,-0.000194168059418409,TRUE,0.0403449274670549,5000,3,10,"C2","none","superpopulation","facec"
42,"target_only",0.604354506266454,0.0182519381696442,-0.00228502216874604,TRUE,0.0715462829211093,5000,3,10,"C2","none","superpopulation","facec"
42,"sample_size",0.610136690811525,0.00936401382434147,0.0034971623763248,TRUE,0.0367062596928889,5000,3,10,"C2","none","superpopulation","facec"
42,"inverse_variance",0.610932805480893,0.0102551617108832,0.0042932770456936,TRUE,0.0401994952179305,5000,3,10,"C2","none","superpopulation","facec"
42,"federated_dr",0.612362121364605,0.0101912447501429,0.00572259292940569,TRUE,0.0399489453358259,5000,3,10,"C2","none","superpopulation","facec"
42,"pooled_dr",0.610662238856371,0.0105918442205571,0.00402271042117108,TRUE,0.0415192664043011,5000,3,10,"C2","none","superpopulation","facec"
42,"tilted_aipw",0.60740141788756,0.010305487735958,0.000761889452359776,TRUE,0.040396769611194,5000,3,10,"C2","none","superpopulation","facec"
42,"oracle_dr",0.60561999711378,0.0130298183843619,-0.00101953132142008,TRUE,0.0510759495168942,5000,3,10,"C2","none","superpopulation","facec"
43,"one_round_crossfit",0.622780385931413,0.0101389688898096,0.0161408574962129,TRUE,0.0397440277287975,5000,3,10,"C2","none","superpopulation","facec"
43,"two_round_crossfit",0.623020304454065,0.0101830732800802,0.0163807760188652,TRUE,0.0399169137617787,5000,3,10,"C2","none","superpopulation","facec"
43,"target_only",0.641293485422661,0.0174660925921136,0.0346539569874609,FALSE,0.0684658248623691,5000,3,10,"C2","none","superpopulation","facec"
43,"sample_size",0.617408747118777,0.0103901502464355,0.0107692186835773,TRUE,0.0407286405539471,5000,3,10,"C2","none","superpopulation","facec"
43,"inverse_variance",0.616428935555521,0.0130554273002403,0.0097894071203215,TRUE,0.051176334622504,5000,3,10,"C2","none","superpopulation","facec"
43,"federated_dr",0.620497556170903,0.0103956175266862,0.0138580277357029,TRUE,0.0407500718987168,5000,3,10,"C2","none","superpopulation","facec"
43,"pooled_dr",0.621687085896758,0.0110271451865294,0.0150475574615586,TRUE,0.0432256148357837,5000,3,10,"C2","none","superpopulation","facec"
43,"tilted_aipw",0.62184558051743,0.0106226582816075,0.0152060520822306,TRUE,0.0416400553040535,5000,3,10,"C2","none","superpopulation","facec"
43,"oracle_dr",0.610974283007715,0.0126748067483303,0.00433475457251564,TRUE,0.0496843294754652,5000,3,10,"C2","none","superpopulation","facec"
44,"one_round_crossfit",0.613489597465945,0.0103574794853126,0.00685006903074503,TRUE,0.0406005735236503,5000,3,10,"C2","none","superpopulation","facec"
44,"two_round_crossfit",0.613987795060184,0.0102774602192491,0.00734826662498456,TRUE,0.0402869037645426,5000,3,10,"C2","none","superpopulation","facec"
44,"target_only",0.627027356200725,0.0177354582186377,0.0203878277655255,TRUE,0.0695217187156896,5000,3,10,"C2","none","superpopulation","facec"
44,"sample_size",0.614855461815855,0.00974172106759924,0.00821593338065529,TRUE,0.0381868448798592,5000,3,10,"C2","none","superpopulation","facec"
44,"inverse_variance",0.61386278967109,0.0127902498318303,0.00722326123589045,TRUE,0.0501368580473138,5000,3,10,"C2","none","superpopulation","facec"
44,"federated_dr",0.612059651730701,0.010380924909319,0.00542012329550101,TRUE,0.0406924778969597,5000,3,10,"C2","none","superpopulation","facec"
44,"pooled_dr",0.614018767926419,0.010700455044294,0.00737923949121921,TRUE,0.0419450130100125,5000,3,10,"C2","none","superpopulation","facec"
44,"tilted_aipw",0.61809272001876,0.010207633346173,0.0114531915835604,TRUE,0.0400131874517782,5000,3,10,"C2","none","superpopulation","facec"
44,"oracle_dr",0.61085381467071,0.0125157611679485,0.00421428623551068,TRUE,0.0490608822565679,5000,3,10,"C2","none","superpopulation","facec"
45,"one_round_crossfit",0.59696165035886,0.0103692858120414,-0.00967787807633991,TRUE,0.0406468534740065,5000,3,10,"C2","none","superpopulation","facec"
45,"two_round_crossfit",0.597408711218717,0.0103739699771195,-0.009230817216483,TRUE,0.0406652150637079,5000,3,10,"C2","none","superpopulation","facec"
45,"target_only",0.597885347391199,0.0182674702968635,-0.00875418104400028,TRUE,0.0716071677410153,5000,3,10,"C2","none","superpopulation","facec"
45,"sample_size",0.599031300927809,0.00950525430266119,-0.00760822750739032,TRUE,0.0372599121942205,5000,3,10,"C2","none","superpopulation","facec"
45,"inverse_variance",0.598939309332903,0.0106108789571139,-0.0077002191022969,TRUE,0.0415938812005143,5000,3,10,"C2","none","superpopulation","facec"
45,"federated_dr",0.602961267497867,0.0106150410216043,-0.00367826093733281,TRUE,0.0416101961935191,5000,3,10,"C2","none","superpopulation","facec"
45,"pooled_dr",0.60250310381733,0.0112956414738997,-0.00413642461786978,TRUE,0.0442781009422406,5000,3,10,"C2","none","superpopulation","facec"
45,"tilted_aipw",0.603012052917445,0.0108647648879829,-0.003627475517755,TRUE,0.0425890957618835,5000,3,10,"C2","none","superpopulation","facec"
45,"oracle_dr",0.597426703831859,0.0123266235206917,-0.00921282460334116,TRUE,0.0483194763030803,5000,3,10,"C2","none","superpopulation","facec"
46,"one_round_crossfit",0.619033987824632,0.0105013152038913,0.012394459389432,TRUE,0.0411643991798598,5000,3,10,"C2","none","superpopulation","facec"
46,"two_round_crossfit",0.618729580166184,0.0104950253957516,0.0120900517309845,TRUE,0.0411397435850127,5000,3,10,"C2","none","superpopulation","facec"
46,"target_only",0.604063518023622,0.018143452242374,-0.0025760104115774,TRUE,0.071121025900551,5000,3,10,"C2","none","superpopulation","facec"
46,"sample_size",0.612854830403776,0.00929552193575911,0.00621530196857667,TRUE,0.0364377764231798,5000,3,10,"C2","none","superpopulation","facec"
46,"inverse_variance",0.611778982953761,0.0118562522766916,0.00513945451856146,TRUE,0.0464756549078731,5000,3,10,"C2","none","superpopulation","facec"
46,"federated_dr",0.613329326125134,0.0107348520068898,0.00668979768993383,TRUE,0.0420798466257428,5000,3,10,"C2","none","superpopulation","facec"
46,"pooled_dr",0.615022041657146,0.011196258805843,0.00838251322194661,TRUE,0.0438885280420833,5000,3,10,"C2","none","superpopulation","facec"
46,"tilted_aipw",0.617089065048122,0.0108281390369175,0.010449536612922,TRUE,0.0424455250639011,5000,3,10,"C2","none","superpopulation","facec"
46,"oracle_dr",0.623161403348502,0.0128740600862419,0.0165218749133023,TRUE,0.0504653882076773,5000,3,10,"C2","none","superpopulation","facec"
47,"one_round_crossfit",0.613957920844764,0.010283086696299,0.00731839240956411,TRUE,0.040308959149298,5000,3,10,"C2","none","superpopulation","facec"
47,"two_round_crossfit",0.613613695999109,0.0103105156088443,0.00697416756390934,TRUE,0.0404164785107457,5000,3,10,"C2","none","superpopulation","facec"
47,"target_only",0.605061196425507,0.0185218757193416,-0.00157833200969304,TRUE,0.0726044186720729,5000,3,10,"C2","none","superpopulation","facec"
47,"sample_size",0.610422901833882,0.00945884760363498,0.00378337339868251,TRUE,0.0370780012767551,5000,3,10,"C2","none","superpopulation","facec"
47,"inverse_variance",0.609895228151258,0.0101370039277886,0.00325569971605799,TRUE,0.0397363252192133,5000,3,10,"C2","none","superpopulation","facec"
47,"federated_dr",0.609715049497302,0.010535369841234,0.0030755210621024,TRUE,0.0412978909052564,5000,3,10,"C2","none","superpopulation","facec"
47,"pooled_dr",0.610366062391932,0.010621477893614,0.00372653395673272,TRUE,0.0416354282681437,5000,3,10,"C2","none","superpopulation","facec"
47,"tilted_aipw",0.611335095939931,0.0106721242716899,0.0046955675047311,TRUE,0.0418339584220961,5000,3,10,"C2","none","superpopulation","facec"
47,"oracle_dr",0.610735829502517,0.0127387020799087,0.00409630106731762,TRUE,0.0499347945728132,5000,3,10,"C2","none","superpopulation","facec"
48,"one_round_crossfit",0.617785005438038,0.0104021961172467,0.011145477002838,TRUE,0.0407758594998517,5000,3,10,"C2","none","superpopulation","facec"
48,"two_round_crossfit",0.618314333060938,0.0104158603334615,0.0116748046257378,TRUE,0.040829422243168,5000,3,10,"C2","none","superpopulation","facec"
48,"target_only",0.61814290845307,0.0187974179273903,0.0115033800178701,TRUE,0.0736845242800648,5000,3,10,"C2","none","superpopulation","facec"
48,"sample_size",0.618888806265154,0.00952306862122643,0.0122492778299541,TRUE,0.0373297430398147,5000,3,10,"C2","none","superpopulation","facec"
48,"inverse_variance",0.618685084087417,0.0096107790098279,0.0120455556522174,TRUE,0.0376735614452723,5000,3,10,"C2","none","superpopulation","facec"
48,"federated_dr",0.615098390331286,0.0106427474500325,0.00845886189608647,TRUE,0.0417188033972382,5000,3,10,"C2","none","superpopulation","facec"
48,"pooled_dr",0.61457782747269,0.0108242735160212,0.00793829903748999,TRUE,0.0424303725004245,5000,3,10,"C2","none","superpopulation","facec"
48,"tilted_aipw",0.608052994014643,0.0109380753890115,0.001413465579443,TRUE,0.0428764676452931,5000,3,10,"C2","none","superpopulation","facec"
48,"oracle_dr",0.613974349854098,0.0124288207525624,0.0073348214188983,TRUE,0.0487200820906524,5000,3,10,"C2","none","superpopulation","facec"
49,"one_round_crossfit",0.622265094565186,0.0105064478121305,0.0156255661299859,TRUE,0.0411845186344511,5000,3,10,"C2","none","superpopulation","facec"
49,"two_round_crossfit",0.622001772256704,0.0104619389634751,0.0153622438215048,TRUE,0.0410100471537351,5000,3,10,"C2","none","superpopulation","facec"
49,"target_only",0.628617569583034,0.0182464743375217,0.0219780411478344,TRUE,0.0715248650927538,5000,3,10,"C2","none","superpopulation","facec"
49,"sample_size",0.615247238977286,0.00949210429023253,0.00860771054208609,TRUE,0.0372083650927078,5000,3,10,"C2","none","superpopulation","facec"
49,"inverse_variance",0.613849496496368,0.012120601868573,0.00720996806116825,TRUE,0.0475118862667039,5000,3,10,"C2","none","superpopulation","facec"
49,"federated_dr",0.615189459094288,0.0103440083111222,0.00854993065908849,TRUE,0.040547767491165,5000,3,10,"C2","none","superpopulation","facec"
49,"pooled_dr",0.617502782004701,0.0110469322165581,0.010863253569501,TRUE,0.0433031785682181,5000,3,10,"C2","none","superpopulation","facec"
49,"tilted_aipw",0.617046095227873,0.0105845175790676,0.0104065667926732,TRUE,0.0414905464974074,5000,3,10,"C2","none","superpopulation","facec"
49,"oracle_dr",0.617897819336912,0.0121582770093178,0.0112582909017118,TRUE,0.0476595701046485,5000,3,10,"C2","none","superpopulation","facec"
50,"one_round_crossfit",0.608984176303692,0.0104736983230828,0.00234464786849264,TRUE,0.0410561429963594,5000,3,10,"C2","none","superpopulation","facec"
50,"two_round_crossfit",0.607180672424384,0.0103916491601006,0.000541143989184256,TRUE,0.0407345161875461,5000,3,10,"C2","none","superpopulation","facec"
50,"target_only",0.602872647651588,0.0181531809087376,-0.00376688078361154,TRUE,0.0711591615719314,5000,3,10,"C2","none","superpopulation","facec"
50,"sample_size",0.608576026697862,0.00935785664012924,0.00193649826266262,TRUE,0.0366821239742845,5000,3,10,"C2","none","superpopulation","facec"
50,"inverse_variance",0.607987283027066,0.0112740994586418,0.00134775459186653,TRUE,0.0441936577941209,5000,3,10,"C2","none","superpopulation","facec"
50,"federated_dr",0.606854589605918,0.0105239332192365,0.000215061170717901,TRUE,0.0412530601708165,5000,3,10,"C2","none","superpopulation","facec"
50,"pooled_dr",0.607255325536924,0.010669722990405,0.000615797101723992,TRUE,0.0418245455724255,5000,3,10,"C2","none","superpopulation","facec"
50,"tilted_aipw",0.612137980938976,0.0105096277505193,0.00549845250377601,TRUE,0.0411969837638808,5000,3,10,"C2","none","superpopulation","facec"
50,"oracle_dr",0.607815112366118,0.012905905037853,0.00117558393091843,TRUE,0.050590218124172,5000,3,10,"C2","none","superpopulation","facec"
51,"one_round_crossfit",0.623895968641412,0.0102540934177823,0.0172564402062125,TRUE,0.0401953075859249,5000,3,10,"C2","none","superpopulation","facec"
51,"two_round_crossfit",0.624511357029329,0.0102000337574017,0.0178718285941291,TRUE,0.0399833976112001,5000,3,10,"C2","none","superpopulation","facec"
51,"target_only",0.59595545227711,0.0177939849403171,-0.01068407615809,TRUE,0.0697511392489394,5000,3,10,"C2","none","superpopulation","facec"
51,"sample_size",0.616641971286913,0.0101400390515503,0.0100024428517129,TRUE,0.0397482226857366,5000,3,10,"C2","none","superpopulation","facec"
51,"inverse_variance",0.616707565367073,0.0126265223205346,0.0100680369318734,TRUE,0.0494950579964779,5000,3,10,"C2","none","superpopulation","facec"
51,"federated_dr",0.611932480841647,0.0104453218663877,0.00529295240644723,TRUE,0.0409449093300971,5000,3,10,"C2","none","superpopulation","facec"
51,"pooled_dr",0.613845095894693,0.0109691038336246,0.00720556745949363,TRUE,0.0429980969131689,5000,3,10,"C2","none","superpopulation","facec"
51,"tilted_aipw",0.613058728545679,0.0105666727723901,0.00641920011047925,TRUE,0.0414205961406093,5000,3,10,"C2","none","superpopulation","facec"
51,"oracle_dr",0.635538592072619,0.0124541159351623,0.0288990636374191,FALSE,0.0488192373844087,5000,3,10,"C2","none","superpopulation","facec"
52,"one_round_crossfit",0.631727962883564,0.0102804213452263,0.0250884344483641,FALSE,0.0402985111650809,5000,3,10,"C2","none","superpopulation","facec"
52,"two_round_crossfit",0.63178759118932,0.0103481498411567,0.0251480627541204,FALSE,0.040564001990582,5000,3,10,"C2","none","superpopulation","facec"
52,"target_only",0.612850753867279,0.018127192054458,0.00621122543207953,TRUE,0.0710572871351567,5000,3,10,"C2","none","superpopulation","facec"
52,"sample_size",0.625807489370277,0.00932532199357692,0.0191679609350774,FALSE,0.0365545905033,5000,3,10,"C2","none","superpopulation","facec"
52,"inverse_variance",0.62753094632992,0.011588952162223,0.0208914178947198,TRUE,0.0454278577130292,5000,3,10,"C2","none","superpopulation","facec"
52,"federated_dr",0.634497646975727,0.0101538386029746,0.0278581185405274,FALSE,0.0398023159333256,5000,3,10,"C2","none","superpopulation","facec"
52,"pooled_dr",0.628672716454464,0.0107550028700232,0.0220331880192645,FALSE,0.0421588365577406,5000,3,10,"C2","none","superpopulation","facec"
52,"tilted_aipw",0.631171326070169,0.0104928001517232,0.0245317976349694,FALSE,0.0411310207887077,5000,3,10,"C2","none","superpopulation","facec"
52,"oracle_dr",0.629668783782618,0.0124396655334937,0.0230292553474184,TRUE,0.0487625928507438,5000,3,10,"C2","none","superpopulation","facec"
53,"one_round_crossfit",0.610246889719134,0.010131079210209,0.00360736128393424,TRUE,0.0397131007530644,5000,3,10,"C2","none","superpopulation","facec"
53,"two_round_crossfit",0.61106778756259,0.0101388841071315,0.00442825912738987,TRUE,0.0397436953868067,5000,3,10,"C2","none","superpopulation","facec"
53,"target_only",0.620293880064516,0.017699454481504,0.0136543516293158,TRUE,0.0693805866595076,5000,3,10,"C2","none","superpopulation","facec"
53,"sample_size",0.612666352259153,0.00934747851010704,0.00602682382395348,TRUE,0.036641442452144,5000,3,10,"C2","none","superpopulation","facec"
53,"inverse_variance",0.612829269445772,0.0096229168238587,0.00618974101057235,TRUE,0.0377211408019753,5000,3,10,"C2","none","superpopulation","facec"
53,"federated_dr",0.610270415002917,0.0101869509796269,0.00363088656771682,TRUE,0.0399321140646873,5000,3,10,"C2","none","superpopulation","facec"
53,"pooled_dr",0.610068492508416,0.0105324983667065,0.00342896407321669,TRUE,0.0412866349319432,5000,3,10,"C2","none","superpopulation","facec"
53,"tilted_aipw",0.610597415033443,0.010340036818666,0.0039578865982437,TRUE,0.0405321995268071,5000,3,10,"C2","none","superpopulation","facec"
53,"oracle_dr",0.601201549286403,0.0131544045453296,-0.00543797914879662,TRUE,0.0515643182938321,5000,3,10,"C2","none","superpopulation","facec"
54,"one_round_crossfit",0.606888297185048,0.0104836490776038,0.00024876874984836,TRUE,0.0410951492373199,5000,3,10,"C2","none","superpopulation","facec"
54,"two_round_crossfit",0.60658681745249,0.0104734812675478,-5.27109827099803e-05,TRUE,0.0410552921542975,5000,3,10,"C2","none","superpopulation","facec"
54,"target_only",0.609938015907805,0.0180300958250629,0.00329848747260575,TRUE,0.0706766769098583,5000,3,10,"C2","none","superpopulation","facec"
54,"sample_size",0.60177294311177,0.00944089864501295,-0.00486658532342954,TRUE,0.0370076426518366,5000,3,10,"C2","none","superpopulation","facec"
54,"inverse_variance",0.601351632771526,0.0100498661811563,-0.00528789566367327,TRUE,0.0393947515290267,5000,3,10,"C2","none","superpopulation","facec"
54,"federated_dr",0.605007107401458,0.0103364617814116,-0.00163242103374217,TRUE,0.0405181856382828,5000,3,10,"C2","none","superpopulation","facec"
54,"pooled_dr",0.605369281723149,0.0108508006789652,-0.00127024671205123,TRUE,0.0425343570683892,5000,3,10,"C2","none","superpopulation","facec"
54,"tilted_aipw",0.603251151084666,0.0105244150812857,-0.00338837735053343,TRUE,0.0412549490353402,5000,3,10,"C2","none","superpopulation","facec"
54,"oracle_dr",0.606669958870088,0.012664265371849,3.04304348883733e-05,TRUE,0.0496430080389636,5000,3,10,"C2","none","superpopulation","facec"
55,"one_round_crossfit",0.596294627193426,0.0103290919677661,-0.0103449012417741,TRUE,0.0404892964996471,5000,3,10,"C2","none","superpopulation","facec"
55,"two_round_crossfit",0.59636764863986,0.0104190025764371,-0.0102718797953402,TRUE,0.0408417396092935,5000,3,10,"C2","none","superpopulation","facec"
55,"target_only",0.612503764543258,0.0178152602778818,0.00586423610805864,TRUE,0.0698345370397109,5000,3,10,"C2","none","superpopulation","facec"
55,"sample_size",0.601088165085303,0.00941787125099908,-0.00555136334989659,TRUE,0.0369173769259867,5000,3,10,"C2","none","superpopulation","facec"
55,"inverse_variance",0.601596667211977,0.0112534915483038,-0.00504286122322262,TRUE,0.0441128762700027,5000,3,10,"C2","none","superpopulation","facec"
55,"federated_dr",0.601589830308634,0.010428917854675,-0.00504969812656608,TRUE,0.0408806067857792,5000,3,10,"C2","none","superpopulation","facec"
55,"pooled_dr",0.601962127866599,0.010858604574019,-0.00467740056860089,TRUE,0.0425649477748784,5000,3,10,"C2","none","superpopulation","facec"
55,"tilted_aipw",0.598853724714554,0.0106922267331081,-0.00778580372064552,TRUE,0.0419127586228565,5000,3,10,"C2","none","superpopulation","facec"
55,"oracle_dr",0.592241320983664,0.0127380900121687,-0.0143982074515354,TRUE,0.04993239531136,5000,3,10,"C2","none","superpopulation","facec"
56,"one_round_crossfit",0.605984711004918,0.0103753317730089,-0.000654817430281951,TRUE,0.0406705532055032,5000,3,10,"C2","none","superpopulation","facec"
56,"two_round_crossfit",0.606304452486984,0.0103466508701489,-0.000335075948216246,TRUE,0.0405581261322037,5000,3,10,"C2","none","superpopulation","facec"
56,"target_only",0.605626879687358,0.0182261957910822,-0.00101264874784135,TRUE,0.0714453746513932,5000,3,10,"C2","none","superpopulation","facec"
56,"sample_size",0.603833657163505,0.00933522401120065,-0.00280587127169518,TRUE,0.0365934056991337,5000,3,10,"C2","none","superpopulation","facec"
56,"inverse_variance",0.604547147136605,0.0116097172433533,-0.00209238129859501,TRUE,0.045509255335332,5000,3,10,"C2","none","superpopulation","facec"
56,"federated_dr",0.607099016812988,0.0102362220822106,0.000459488377788642,TRUE,0.0401252532377729,5000,3,10,"C2","none","superpopulation","facec"
56,"pooled_dr",0.605960566635426,0.0104875258855804,-0.000678961799774225,TRUE,0.0411103460453384,5000,3,10,"C2","none","superpopulation","facec"
56,"tilted_aipw",0.60478384834819,0.0103689874148097,-0.00185568008700954,TRUE,0.0406456837783522,5000,3,10,"C2","none","superpopulation","facec"
56,"oracle_dr",0.604097874966582,0.0126906533354016,-0.00254165346861823,TRUE,0.0497464469553404,5000,3,10,"C2","none","superpopulation","facec"
57,"one_round_crossfit",0.598945119497907,0.0103783803820355,-0.00769440893729312,TRUE,0.0406825035332934,5000,3,10,"C2","none","superpopulation","facec"
57,"two_round_crossfit",0.598968636632319,0.0103810187106277,-0.00767089180288039,TRUE,0.0406928455913336,5000,3,10,"C2","none","superpopulation","facec"
57,"target_only",0.610828372554195,0.0177397995140295,0.00418884411899501,TRUE,0.0695387362809181,5000,3,10,"C2","none","superpopulation","facec"
57,"sample_size",0.604305157284469,0.00939238001600102,-0.00233437115073099,TRUE,0.0368174531209515,5000,3,10,"C2","none","superpopulation","facec"
57,"inverse_variance",0.60491567817023,0.010257009759023,-0.00172385026496991,TRUE,0.0402067394335219,5000,3,10,"C2","none","superpopulation","facec"
57,"federated_dr",0.604986970193254,0.0106022232008042,-0.00165255824194599,TRUE,0.0415599512592624,5000,3,10,"C2","none","superpopulation","facec"
57,"pooled_dr",0.602957669693464,0.0110944611745958,-0.00368185874173621,TRUE,0.0434894886601715,5000,3,10,"C2","none","superpopulation","facec"
57,"tilted_aipw",0.599062809017458,0.0108403804050925,-0.00757671941774174,TRUE,0.0424935103453901,5000,3,10,"C2","none","superpopulation","facec"
57,"oracle_dr",0.59207335784214,0.0126180501846196,-0.0145661705930593,TRUE,0.049461847833947,5000,3,10,"C2","none","superpopulation","facec"
58,"one_round_crossfit",0.606419279380142,0.0103264803826452,-0.000220249055058241,TRUE,0.040479059274088,5000,3,10,"C2","none","superpopulation","facec"
58,"two_round_crossfit",0.606127252712828,0.0103455527491307,-0.000512275722372113,TRUE,0.040553821576911,5000,3,10,"C2","none","superpopulation","facec"
58,"target_only",0.594181773021673,0.0183770840502479,-0.0124577554135267,TRUE,0.0720368457587026,5000,3,10,"C2","none","superpopulation","facec"
58,"sample_size",0.609143723352523,0.00943904049125301,0.00250419491732368,TRUE,0.0370003588229424,5000,3,10,"C2","none","superpopulation","facec"
58,"inverse_variance",0.609303958966045,0.010448710480209,0.00266443053084553,TRUE,0.0409581924521916,5000,3,10,"C2","none","superpopulation","facec"
58,"federated_dr",0.60863503805504,0.0102348083285746,0.00199550961984063,TRUE,0.0401197114253538,5000,3,10,"C2","none","superpopulation","facec"
58,"pooled_dr",0.607511411197414,0.0106183468343695,0.000871882762214726,TRUE,0.0416231547414383,5000,3,10,"C2","none","superpopulation","facec"
58,"tilted_aipw",0.60648105035386,0.0104520465937536,-0.000158478081339397,TRUE,0.0409712697769833,5000,3,10,"C2","none","superpopulation","facec"
58,"oracle_dr",0.60570105897177,0.012805737440172,-0.000938469463430014,TRUE,0.0501975683564264,5000,3,10,"C2","none","superpopulation","facec"
59,"one_round_crossfit",0.607815165700505,0.0105698932249673,0.00117563726530567,TRUE,0.0414332200827396,5000,3,10,"C2","none","superpopulation","facec"
59,"two_round_crossfit",0.608069093914717,0.010557504165255,0.00142956547951767,TRUE,0.0413846558610627,5000,3,10,"C2","none","superpopulation","facec"
59,"target_only",0.610111344269383,0.018574389159558,0.00347181583418288,TRUE,0.0728102675751299,5000,3,10,"C2","none","superpopulation","facec"
59,"sample_size",0.606755450659799,0.00948228014945774,0.000115922224598997,TRUE,0.0371698551685125,5000,3,10,"C2","none","superpopulation","facec"
59,"inverse_variance",0.607508440014153,0.0106372868226798,0.000868911578953635,TRUE,0.04169739813135,5000,3,10,"C2","none","superpopulation","facec"
59,"federated_dr",0.607797312007391,0.0104263232887627,0.00115778357219143,TRUE,0.040870436274292,5000,3,10,"C2","none","superpopulation","facec"
59,"pooled_dr",0.606332239090507,0.0107508079760221,-0.000307289344692374,TRUE,0.0421423928754185,5000,3,10,"C2","none","superpopulation","facec"
59,"tilted_aipw",0.603552279437528,0.0105977950557154,-0.00308724899767143,TRUE,0.0415425932494777,5000,3,10,"C2","none","superpopulation","facec"
59,"oracle_dr",0.614925237441684,0.0127464459106691,0.00828570900648429,TRUE,0.0499651498315987,5000,3,10,"C2","none","superpopulation","facec"
60,"one_round_crossfit",0.614439185350444,0.0101729911255161,0.00779965691524409,TRUE,0.0398773924421143,5000,3,10,"C2","none","superpopulation","facec"
60,"two_round_crossfit",0.613650707005855,0.0101396944764109,0.00701117857065525,TRUE,0.0397468719760099,5000,3,10,"C2","none","superpopulation","facec"
60,"target_only",0.579308187991832,0.0182140477459442,-0.027331340443368,TRUE,0.0713977551894871,5000,3,10,"C2","none","superpopulation","facec"
60,"sample_size",0.611556933359416,0.0127047477292056,0.00491740492421655,TRUE,0.0498016959638201,5000,3,10,"C2","none","superpopulation","facec"
60,"inverse_variance",0.612722705883478,0.0143345960700345,0.00608317744827824,TRUE,0.056190584060394,5000,3,10,"C2","none","superpopulation","facec"
60,"federated_dr",0.615634611102045,0.0103516904436416,0.00899508266684546,TRUE,0.0405778808972899,5000,3,10,"C2","none","superpopulation","facec"
60,"pooled_dr",0.614159231047999,0.0106674994098575,0.00751970261279966,TRUE,0.0418158292968458,5000,3,10,"C2","none","superpopulation","facec"
60,"tilted_aipw",0.61006125505609,0.0107726226498107,0.00342172662089024,TRUE,0.0422279048253387,5000,3,10,"C2","none","superpopulation","facec"
60,"oracle_dr",0.612975272559965,0.0128882816978567,0.00633574412476479,TRUE,0.0505211359008115,5000,3,10,"C2","none","superpopulation","facec"
61,"one_round_crossfit",0.608991373240165,0.0104514553399831,0.00235184480496542,TRUE,0.0409689521047913,5000,3,10,"C2","none","superpopulation","facec"
61,"two_round_crossfit",0.608506594837173,0.0104124480940979,0.00186706640197343,TRUE,0.0408160465106491,5000,3,10,"C2","none","superpopulation","facec"
61,"target_only",0.618639790815097,0.0180599359196707,0.0120002623798969,TRUE,0.0707936479313116,5000,3,10,"C2","none","superpopulation","facec"
61,"sample_size",0.600295692343826,0.00940220189376869,-0.00634383609137346,TRUE,0.0368559541743219,5000,3,10,"C2","none","superpopulation","facec"
61,"inverse_variance",0.600875631297461,0.0114428683188803,-0.00576389713773839,TRUE,0.0448552195696796,5000,3,10,"C2","none","superpopulation","facec"
61,"federated_dr",0.606053373386169,0.010661353772098,-0.00058615504903059,TRUE,0.0417917388395046,5000,3,10,"C2","none","superpopulation","facec"
61,"pooled_dr",0.603559399591488,0.0110172029204706,-0.00308012884371167,TRUE,0.0431866418689837,5000,3,10,"C2","none","superpopulation","facec"
61,"tilted_aipw",0.60401294199817,0.0108150130626906,-0.00262658643703018,TRUE,0.0423940721904075,5000,3,10,"C2","none","superpopulation","facec"
61,"oracle_dr",0.614916460311852,0.0127492230031705,0.00827693187665257,TRUE,0.0499760358341677,5000,3,10,"C2","none","superpopulation","facec"
62,"one_round_crossfit",0.611526863461527,0.010388854020021,0.00488733502632688,TRUE,0.0407235594397706,5000,3,10,"C2","none","superpopulation","facec"
62,"two_round_crossfit",0.610747141825305,0.0102815010908339,0.00410761339010557,TRUE,0.0403027436900876,5000,3,10,"C2","none","superpopulation","facec"
62,"target_only",0.618529640180528,0.0182692191229011,0.0118901117453278,TRUE,0.0716140230131133,5000,3,10,"C2","none","superpopulation","facec"
62,"sample_size",0.602467265078536,0.00935266996723786,-0.00417226335666354,TRUE,0.0366617925901511,5000,3,10,"C2","none","superpopulation","facec"
62,"inverse_variance",0.602796511359735,0.0120879753553064,-0.00384301707546442,TRUE,0.0473839926848167,5000,3,10,"C2","none","superpopulation","facec"
62,"federated_dr",0.607868204400597,0.0103174282541067,0.00122867596539766,TRUE,0.0404435755822501,5000,3,10,"C2","none","superpopulation","facec"
62,"pooled_dr",0.604795663936986,0.0108455703296773,-0.00184386449821339,TRUE,0.0425138544759271,5000,3,10,"C2","none","superpopulation","facec"
62,"tilted_aipw",0.60338961392384,0.0105675615973014,-0.00324991451136014,TRUE,0.0414240802702388,5000,3,10,"C2","none","superpopulation","facec"
62,"oracle_dr",0.605709154245996,0.0128053754804424,-0.000930374189203498,TRUE,0.0501961495003587,5000,3,10,"C2","none","superpopulation","facec"
63,"one_round_crossfit",0.634872252994849,0.0101236314140352,0.0282327245596493,FALSE,0.0396839059285348,5000,3,10,"C2","none","superpopulation","facec"
63,"two_round_crossfit",0.633877627721665,0.0101278895584199,0.0272380992864653,FALSE,0.0397005975478044,5000,3,10,"C2","none","superpopulation","facec"
63,"target_only",0.600744329617664,0.0178185355708275,-0.00589519881753575,TRUE,0.0698473759521354,5000,3,10,"C2","none","superpopulation","facec"
63,"sample_size",0.627548332852575,0.0124842503262621,0.0209088044173754,TRUE,0.0489373620269122,5000,3,10,"C2","none","superpopulation","facec"
63,"inverse_variance",0.628492250425688,0.0142444942752151,0.0218527219904883,TRUE,0.0558373915148171,5000,3,10,"C2","none","superpopulation","facec"
63,"federated_dr",0.635338617451579,0.010844413466844,0.028699089016379,FALSE,0.0425093196569508,5000,3,10,"C2","none","superpopulation","facec"
63,"pooled_dr",0.630961911525281,0.0112425115998361,0.0243223830900813,FALSE,0.0440698356629052,5000,3,10,"C2","none","superpopulation","facec"
63,"tilted_aipw",0.631807830844482,0.0110574880576147,0.0251683024092824,FALSE,0.0433445567048132,5000,3,10,"C2","none","superpopulation","facec"
63,"oracle_dr",0.63785522176014,0.0126709717624968,0.0312156933249405,FALSE,0.0496692966072354,5000,3,10,"C2","none","superpopulation","facec"
64,"one_round_crossfit",0.612998006157339,0.0102506535038278,0.00635847772213893,TRUE,0.0401818233710034,5000,3,10,"C2","none","superpopulation","facec"
64,"two_round_crossfit",0.612478166565369,0.0102526539482928,0.00583863813016905,TRUE,0.0401896649692124,5000,3,10,"C2","none","superpopulation","facec"
64,"target_only",0.610849827264454,0.017884203378183,0.00421029882925472,TRUE,0.0701047890268565,5000,3,10,"C2","none","superpopulation","facec"
64,"sample_size",0.612630159724181,0.00931561134358114,0.00599063128898081,TRUE,0.0365165254547837,5000,3,10,"C2","none","superpopulation","facec"
64,"inverse_variance",0.611806331236911,0.0110767228903516,0.00516680280171122,TRUE,0.043419955863639,5000,3,10,"C2","none","superpopulation","facec"
64,"federated_dr",0.61351184150166,0.010284799110524,0.00687231306645997,TRUE,0.0403156716897133,5000,3,10,"C2","none","superpopulation","facec"
64,"pooled_dr",0.614583187879024,0.0107890405029577,0.00794365944382425,TRUE,0.0422922616270818,5000,3,10,"C2","none","superpopulation","facec"
64,"tilted_aipw",0.614263239944143,0.0104341426207868,0.00762371150894359,TRUE,0.0409010874925932,5000,3,10,"C2","none","superpopulation","facec"
64,"oracle_dr",0.607563385144006,0.0127635321506331,0.000923856708806015,TRUE,0.05003212666152,5000,3,10,"C2","none","superpopulation","facec"
65,"one_round_crossfit",0.613301699965097,0.0103096889729642,0.00666217152989712,TRUE,0.0404132381576394,5000,3,10,"C2","none","superpopulation","facec"
65,"two_round_crossfit",0.61170244733948,0.0103356281982383,0.00506291890427979,TRUE,0.0405149180522872,5000,3,10,"C2","none","superpopulation","facec"
65,"target_only",0.617955435986742,0.0181377949732402,0.011315907551542,TRUE,0.0710988498130449,5000,3,10,"C2","none","superpopulation","facec"
65,"sample_size",0.608508662887054,0.00940088291194262,0.00186913445185399,TRUE,0.0368507838605712,5000,3,10,"C2","none","superpopulation","facec"
65,"inverse_variance",0.607184141453469,0.0125048643863181,0.000544613018269025,TRUE,0.0490181676574821,5000,3,10,"C2","none","superpopulation","facec"
65,"federated_dr",0.603253855480911,0.0100498022838106,-0.00338567295428838,TRUE,0.0393945010560344,5000,3,10,"C2","none","superpopulation","facec"
65,"pooled_dr",0.606390314480671,0.0104984797368476,-0.00024921395452826,TRUE,0.0411532843532896,5000,3,10,"C2","none","superpopulation","facec"
65,"tilted_aipw",0.607107462524699,0.0103960363874587,0.000467934089499078,TRUE,0.040751713802774,5000,3,10,"C2","none","superpopulation","facec"
65,"oracle_dr",0.61620219927471,0.0128157952390383,0.00956267083950979,TRUE,0.0502369942035099,5000,3,10,"C2","none","superpopulation","facec"
66,"one_round_crossfit",0.603591975108633,0.0102672393407868,-0.00304755332656681,TRUE,0.0402468386571899,5000,3,10,"C2","none","superpopulation","facec"
66,"two_round_crossfit",0.603151266009262,0.0102019491244792,-0.00348826242593792,TRUE,0.0399909057121783,5000,3,10,"C2","none","superpopulation","facec"
66,"target_only",0.586382420068239,0.0180905574768367,-0.0202571083669605,TRUE,0.0709136822297034,5000,3,10,"C2","none","superpopulation","facec"
66,"sample_size",0.598821053270187,0.0109899398809726,-0.00781847516501288,TRUE,0.0430797727179335,5000,3,10,"C2","none","superpopulation","facec"
66,"inverse_variance",0.599814329805277,0.0134124369186547,-0.00682519862992281,TRUE,0.0525757866109571,5000,3,10,"C2","none","superpopulation","facec"
66,"federated_dr",0.609882510479619,0.0102750613842599,0.00324298204441931,TRUE,0.0402775005041756,5000,3,10,"C2","none","superpopulation","facec"
66,"pooled_dr",0.604606980197645,0.0105690142306127,-0.00203254823755472,TRUE,0.0414297744881844,5000,3,10,"C2","none","superpopulation","facec"
66,"tilted_aipw",0.604586865051208,0.0102593111421402,-0.00205266338399135,TRUE,0.0402157606895706,5000,3,10,"C2","none","superpopulation","facec"
66,"oracle_dr",0.610898161171503,0.0130444274088558,0.00425863273630323,TRUE,0.0511332158406088,5000,3,10,"C2","none","superpopulation","facec"
67,"one_round_crossfit",0.588575062041208,0.0104508913165661,-0.0180644663939922,TRUE,0.0409667411736241,5000,3,10,"C2","none","superpopulation","facec"
67,"two_round_crossfit",0.587553642628975,0.0105124265826537,-0.0190858858062244,TRUE,0.0412079549842455,5000,3,10,"C2","none","superpopulation","facec"
67,"target_only",0.578606657412811,0.0184783415634207,-0.0280328710223883,TRUE,0.0724337679166682,5000,3,10,"C2","none","superpopulation","facec"
67,"sample_size",0.593490536015547,0.00939238085276457,-0.0131489924196525,TRUE,0.0368174564010044,5000,3,10,"C2","none","superpopulation","facec"
67,"inverse_variance",0.593149014825553,0.0121968367291792,-0.0134905136096469,TRUE,0.0478107214290131,5000,3,10,"C2","none","superpopulation","facec"
67,"federated_dr",0.588698448572938,0.0107733962158989,-0.0179410798622619,TRUE,0.042230937148684,5000,3,10,"C2","none","superpopulation","facec"
67,"pooled_dr",0.590385763551433,0.0112136272120337,-0.0162537648837672,TRUE,0.0439566109432885,5000,3,10,"C2","none","superpopulation","facec"
67,"tilted_aipw",0.587826060306581,0.0109411855114786,-0.0188134681286187,TRUE,0.0428886591013391,5000,3,10,"C2","none","superpopulation","facec"
67,"oracle_dr",0.590361473551871,0.0129656106385633,-0.016278054883329,TRUE,0.0508242597783068,5000,3,10,"C2","none","superpopulation","facec"
68,"one_round_crossfit",0.613066137273906,0.0103470839205034,0.00642660883870583,TRUE,0.0405598236584002,5000,3,10,"C2","none","superpopulation","facec"
68,"two_round_crossfit",0.611606234957952,0.0103888182480762,0.00496670652275244,TRUE,0.0407234192163239,5000,3,10,"C2","none","superpopulation","facec"
68,"target_only",0.632350630111369,0.0180061226106549,0.0257111016761693,TRUE,0.0705827036361917,5000,3,10,"C2","none","superpopulation","facec"
68,"sample_size",0.608217216384678,0.0116480444906996,0.00157768794947788,TRUE,0.0456594953841827,5000,3,10,"C2","none","superpopulation","facec"
68,"inverse_variance",0.607038649203041,0.0138867053736366,0.000399120767841321,TRUE,0.0544348847924934,5000,3,10,"C2","none","superpopulation","facec"
68,"federated_dr",0.605364131712712,0.0102641509964403,-0.00127539672248778,TRUE,0.0402347325698076,5000,3,10,"C2","none","superpopulation","facec"
68,"pooled_dr",0.609016705335528,0.0105968422756179,0.00237717690032824,TRUE,0.0415388584201253,5000,3,10,"C2","none","superpopulation","facec"
68,"tilted_aipw",0.611345411040905,0.0104775501022962,0.00470588260570493,TRUE,0.0410712416934291,5000,3,10,"C2","none","superpopulation","facec"
68,"oracle_dr",0.60159887075659,0.0128889696332833,-0.00504065767860928,TRUE,0.0505238325581312,5000,3,10,"C2","none","superpopulation","facec"
69,"one_round_crossfit",0.597591440558508,0.0104774702156683,-0.00904808787669154,TRUE,0.0410709285436019,5000,3,10,"C2","none","superpopulation","facec"
69,"two_round_crossfit",0.598219945973893,0.0105270847499376,-0.00841958246130647,TRUE,0.0412654139441571,5000,3,10,"C2","none","superpopulation","facec"
69,"target_only",0.617935620549,0.0180611154638806,0.0112960921138003,TRUE,0.0707982716596507,5000,3,10,"C2","none","superpopulation","facec"
69,"sample_size",0.597813816934446,0.014019059596439,-0.00882571150075384,TRUE,0.0549537038122818,5000,3,10,"C2","none","superpopulation","facec"
69,"inverse_variance",0.597132446056083,0.0152341755516632,-0.00950708237911702,TRUE,0.0597168708308411,5000,3,10,"C2","none","superpopulation","facec"
69,"federated_dr",0.592837633547189,0.0105632361947621,-0.0138018948880106,TRUE,0.0414071250038472,5000,3,10,"C2","none","superpopulation","facec"
69,"pooled_dr",0.598855858955627,0.010846674870422,-0.00778366947957243,TRUE,0.0425181841960856,5000,3,10,"C2","none","superpopulation","facec"
69,"tilted_aipw",0.603268998098409,0.0106134677450039,-0.0033705303367908,TRUE,0.0416040290625703,5000,3,10,"C2","none","superpopulation","facec"
69,"oracle_dr",0.593316979897863,0.0126908020625262,-0.0133225485373365,TRUE,0.0497470299549561,5000,3,10,"C2","none","superpopulation","facec"
70,"one_round_crossfit",0.624546743347369,0.0102284761012302,0.0179072149121694,TRUE,0.0400948895502797,5000,3,10,"C2","none","superpopulation","facec"
70,"two_round_crossfit",0.624433175736809,0.0103198258582304,0.0177936473016093,TRUE,0.0404529740177135,5000,3,10,"C2","none","superpopulation","facec"
70,"target_only",0.613968640199496,0.0176199310106018,0.00732911176429596,TRUE,0.06906886038172,5000,3,10,"C2","none","superpopulation","facec"
70,"sample_size",0.621984580246483,0.00931050359916948,0.0153450518112828,TRUE,0.0364965034646054,5000,3,10,"C2","none","superpopulation","facec"
70,"inverse_variance",0.622319009617057,0.010037484414029,0.0156794811818575,TRUE,0.0393462158937579,5000,3,10,"C2","none","superpopulation","facec"
70,"federated_dr",0.623215116578705,0.0102105772349988,0.0165755881435055,TRUE,0.0400247272839245,5000,3,10,"C2","none","superpopulation","facec"
70,"pooled_dr",0.622095527883125,0.010579680329323,0.0154559994479253,TRUE,0.0414715848268401,5000,3,10,"C2","none","superpopulation","facec"
70,"tilted_aipw",0.620302093451423,0.0103757448206129,0.0136625650162236,TRUE,0.0406721723223584,5000,3,10,"C2","none","superpopulation","facec"
70,"oracle_dr",0.622989132333764,0.0129247656563935,0.0163496038985647,TRUE,0.0506641503903027,5000,3,10,"C2","none","superpopulation","facec"
71,"one_round_crossfit",0.607623564891002,0.0102874609089502,0.000984036455802251,TRUE,0.0403261057478124,5000,3,10,"C2","none","superpopulation","facec"
71,"two_round_crossfit",0.608474673400888,0.0102735886155734,0.00183514496568804,TRUE,0.040271727357009,5000,3,10,"C2","none","superpopulation","facec"
71,"target_only",0.59053662464316,0.0188349081020939,-0.0161029037920397,TRUE,0.0738314830644513,5000,3,10,"C2","none","superpopulation","facec"
71,"sample_size",0.604734153771404,0.0102882345812779,-0.00190537466379537,TRUE,0.0403291384876083,5000,3,10,"C2","none","superpopulation","facec"
71,"inverse_variance",0.606096770462507,0.0131014401722296,-0.000542757972692876,TRUE,0.0513567017663523,5000,3,10,"C2","none","superpopulation","facec"
71,"federated_dr",0.610492614607488,0.0101628397947747,0.00385308617228863,TRUE,0.0398375999568177,5000,3,10,"C2","none","superpopulation","facec"
71,"pooled_dr",0.605685533564168,0.0103271729331942,-0.000953994871031871,TRUE,0.0404817740223549,5000,3,10,"C2","none","superpopulation","facec"
71,"tilted_aipw",0.605744560454558,0.0103759566585422,-0.000894967980641259,TRUE,0.0406730027117825,5000,3,10,"C2","none","superpopulation","facec"
71,"oracle_dr",0.621786193843328,0.013344689919946,0.0151466654081286,TRUE,0.0523102232558976,5000,3,10,"C2","none","superpopulation","facec"
72,"one_round_crossfit",0.607577669789058,0.010552656250935,0.000938141353857946,TRUE,0.0413656523861281,5000,3,10,"C2","none","superpopulation","facec"
72,"two_round_crossfit",0.607659280246964,0.0105578655557203,0.00101975181176428,TRUE,0.0413860724856556,5000,3,10,"C2","none","superpopulation","facec"
72,"target_only",0.608398083888864,0.0178671496527383,0.00175855545366455,TRUE,0.070037939651509,5000,3,10,"C2","none","superpopulation","facec"
72,"sample_size",0.609922666427396,0.00936307211530895,0.00328313799219659,TRUE,0.0367025682613136,5000,3,10,"C2","none","superpopulation","facec"
72,"inverse_variance",0.610100266222789,0.0108157296215979,0.00346073778758971,TRUE,0.04239688104971,5000,3,10,"C2","none","superpopulation","facec"
72,"federated_dr",0.610776570033749,0.0103986127460779,0.004137041598549,TRUE,0.0407618129429836,5000,3,10,"C2","none","superpopulation","facec"
72,"pooled_dr",0.609245989398655,0.0112219824953662,0.00260646096345551,TRUE,0.0439893630521133,5000,3,10,"C2","none","superpopulation","facec"
72,"tilted_aipw",0.606820260752528,0.0106165957639217,0.000180732317328403,TRUE,0.0416162906714139,5000,3,10,"C2","none","superpopulation","facec"
72,"oracle_dr",0.597255767641007,0.0126162076880018,-0.00938376079419312,TRUE,0.0494546253799217,5000,3,10,"C2","none","superpopulation","facec"
73,"one_round_crossfit",0.621508298144555,0.0100974477582007,0.0148687697093551,TRUE,0.039581267883696,5000,3,10,"C2","none","superpopulation","facec"
73,"two_round_crossfit",0.622575319401879,0.0101146377103262,0.0159357909666793,TRUE,0.03964865125782,5000,3,10,"C2","none","superpopulation","facec"
73,"target_only",0.6104135258228,0.0176460396007101,0.00377399738760054,TRUE,0.0691712041743189,5000,3,10,"C2","none","superpopulation","facec"
73,"sample_size",0.615042501813761,0.00940218549133469,0.00840297337856089,TRUE,0.0368558898779621,5000,3,10,"C2","none","superpopulation","facec"
73,"inverse_variance",0.614157427076094,0.0105030419339924,0.00751789864089447,TRUE,0.0411711678374778,5000,3,10,"C2","none","superpopulation","facec"
73,"federated_dr",0.613039371354548,0.0105728470109417,0.00639984291934781,TRUE,0.0414447987109954,5000,3,10,"C2","none","superpopulation","facec"
73,"pooled_dr",0.613544661131274,0.0110725909305206,0.00690513269607473,TRUE,0.0434037588787304,5000,3,10,"C2","none","superpopulation","facec"
73,"tilted_aipw",0.615188267607301,0.0106668283204844,0.00854873917210108,TRUE,0.0418131986748425,5000,3,10,"C2","none","superpopulation","facec"
73,"oracle_dr",0.633914088271961,0.0129269289828782,0.0272745598367616,FALSE,0.0506726304742964,5000,3,10,"C2","none","superpopulation","facec"
74,"one_round_crossfit",0.624550660764379,0.0101872724197996,0.017911132329179,TRUE,0.0399333740870107,5000,3,10,"C2","none","superpopulation","facec"
74,"two_round_crossfit",0.624161585722061,0.0101782115938382,0.0175220572868613,TRUE,0.0398978563019019,5000,3,10,"C2","none","superpopulation","facec"
74,"target_only",0.589339672787637,0.0177558626907131,-0.0172998556475632,TRUE,0.0696017027764722,5000,3,10,"C2","none","superpopulation","facec"
74,"sample_size",0.619120498359669,0.0131805709348577,0.0124809699244695,TRUE,0.051666888655993,5000,3,10,"C2","none","superpopulation","facec"
74,"inverse_variance",0.620220553022208,0.0147075338370356,0.0135810245870083,TRUE,0.057652473243988,5000,3,10,"C2","none","superpopulation","facec"
74,"federated_dr",0.619727520201384,0.0100957883200082,0.0130879917661841,TRUE,0.0395747630055125,5000,3,10,"C2","none","superpopulation","facec"
74,"pooled_dr",0.619657432155389,0.0107155656159728,0.0130179037201889,TRUE,0.0420042453625646,5000,3,10,"C2","none","superpopulation","facec"
74,"tilted_aipw",0.621837670770508,0.0101470997696271,0.0151981423353083,TRUE,0.0397759001920077,5000,3,10,"C2","none","superpopulation","facec"
74,"oracle_dr",0.626897415750355,0.0126611258471154,0.020257887315155,TRUE,0.049630701328151,5000,3,10,"C2","none","superpopulation","facec"
75,"one_round_crossfit",0.615070524006736,0.0102234471255725,0.0084309955715367,TRUE,0.0400751763279432,5000,3,10,"C2","none","superpopulation","facec"
75,"two_round_crossfit",0.614575151928008,0.0102599320974795,0.00793562349280819,TRUE,0.0402181947897728,5000,3,10,"C2","none","superpopulation","facec"
75,"target_only",0.589542774267789,0.0182861162237266,-0.0170967541674109,TRUE,0.0716802584312353,5000,3,10,"C2","none","superpopulation","facec"
75,"sample_size",0.608595856604502,0.0105278316251134,0.00195632816930269,TRUE,0.041268341641048,5000,3,10,"C2","none","superpopulation","facec"
75,"inverse_variance",0.608441033179694,0.0127531076789343,0.0018015047444947,TRUE,0.049991263483345,5000,3,10,"C2","none","superpopulation","facec"
75,"federated_dr",0.610511422202858,0.0103010204218226,0.0038718937676584,TRUE,0.0403792580615678,5000,3,10,"C2","none","superpopulation","facec"
75,"pooled_dr",0.609751475776019,0.0109248296976733,0.00311194734081932,TRUE,0.0428245454893468,5000,3,10,"C2","none","superpopulation","facec"
75,"tilted_aipw",0.611065711844427,0.010609973283478,0.00442618340922762,TRUE,0.041590331025098,5000,3,10,"C2","none","superpopulation","facec"
75,"oracle_dr",0.618075425692606,0.012859424691288,0.0114358972574058,TRUE,0.0504080185136593,5000,3,10,"C2","none","superpopulation","facec"
76,"one_round_crossfit",0.60420337819585,0.0105255919768938,-0.00243615023935018,TRUE,0.0412595623813512,5000,3,10,"C2","none","superpopulation","facec"
76,"two_round_crossfit",0.603547308060951,0.0105007263471076,-0.0030922203742485,TRUE,0.0411620909036834,5000,3,10,"C2","none","superpopulation","facec"
76,"target_only",0.583968300657413,0.0178425849839956,-0.0226712277777869,TRUE,0.0699416479194532,5000,3,10,"C2","none","superpopulation","facec"
76,"sample_size",0.605554897311567,0.0110057631790309,-0.00108463112363244,TRUE,0.0431417989065555,5000,3,10,"C2","none","superpopulation","facec"
76,"inverse_variance",0.605472946070099,0.0133065855724357,-0.00116658236510037,TRUE,0.0521608569583487,5000,3,10,"C2","none","superpopulation","facec"
76,"federated_dr",0.60468829267528,0.0102992858216444,-0.00195123575991929,TRUE,0.0403724585538139,5000,3,10,"C2","none","superpopulation","facec"
76,"pooled_dr",0.605877895916053,0.010885840646941,-0.000761632519146516,TRUE,0.042671711218893,5000,3,10,"C2","none","superpopulation","facec"
76,"tilted_aipw",0.606577826140218,0.0104666253960704,-6.17022949821466e-05,TRUE,0.0410284176319407,5000,3,10,"C2","none","superpopulation","facec"
76,"oracle_dr",0.601808844309585,0.0126684896964532,-0.00483068412561449,TRUE,0.04965956708713,5000,3,10,"C2","none","superpopulation","facec"
77,"one_round_crossfit",0.596343297134591,0.0103730596015018,-0.0102962313006085,TRUE,0.0406616464568619,5000,3,10,"C2","none","superpopulation","facec"
77,"two_round_crossfit",0.597844606930437,0.0103965613978493,-0.00879492150476324,TRUE,0.0407537718056883,5000,3,10,"C2","none","superpopulation","facec"
77,"target_only",0.566363733962662,0.0180714222889709,-0.0402757944725382,FALSE,0.0708386736715949,5000,3,10,"C2","none","superpopulation","facec"
77,"sample_size",0.592538509805444,0.0172931402918262,-0.0141010186297559,TRUE,0.0677878643031558,5000,3,10,"C2","none","superpopulation","facec"
77,"inverse_variance",0.5946705058137,0.017699208644113,-0.0119690226215,TRUE,0.0693796229946428,5000,3,10,"C2","none","superpopulation","facec"
77,"federated_dr",0.59154470762581,0.010456736052062,-0.0150948208093898,TRUE,0.040989652115766,5000,3,10,"C2","none","superpopulation","facec"
77,"pooled_dr",0.593818515135467,0.0109870210389212,-0.012821013299733,TRUE,0.043068331067339,5000,3,10,"C2","none","superpopulation","facec"
77,"tilted_aipw",0.594654375186676,0.0105749053194908,-0.0119851532485239,TRUE,0.0414528671322458,5000,3,10,"C2","none","superpopulation","facec"
77,"oracle_dr",0.603129997015501,0.0127120386113403,-0.0035095314196989,TRUE,0.0498302756966189,5000,3,10,"C2","none","superpopulation","facec"
78,"one_round_crossfit",0.611446133516612,0.0103346539129306,0.00480660508141229,TRUE,0.04051109892406,5000,3,10,"C2","none","superpopulation","facec"
78,"two_round_crossfit",0.611305684565476,0.010388953382958,0.00466615613027643,TRUE,0.0407239489353264,5000,3,10,"C2","none","superpopulation","facec"
78,"target_only",0.620584112084288,0.0179828113842166,0.0139445836490886,TRUE,0.0704913253076829,5000,3,10,"C2","none","superpopulation","facec"
78,"sample_size",0.604881913010588,0.0117741260238599,-0.00175761542461206,TRUE,0.0461537259124023,5000,3,10,"C2","none","superpopulation","facec"
78,"inverse_variance",0.604255394027616,0.0137538957662563,-0.00238413440758367,TRUE,0.0539142806979604,5000,3,10,"C2","none","superpopulation","facec"
78,"federated_dr",0.607073777732326,0.0104688433308243,0.00043424929712621,TRUE,0.0410371117764161,5000,3,10,"C2","none","superpopulation","facec"
78,"pooled_dr",0.609617879975566,0.0106528040840516,0.00297835154036608,TRUE,0.0417582246782047,5000,3,10,"C2","none","superpopulation","facec"
78,"tilted_aipw",0.607535752109948,0.0107388861376774,0.000896223674748731,TRUE,0.0420956601278482,5000,3,10,"C2","none","superpopulation","facec"
78,"oracle_dr",0.606754464344939,0.0128287744090816,0.000114935909738767,TRUE,0.0502878716151782,5000,3,10,"C2","none","superpopulation","facec"
79,"one_round_crossfit",0.606918273820125,0.0105042475741679,0.000278745384925561,TRUE,0.0411758938601225,5000,3,10,"C2","none","superpopulation","facec"
79,"two_round_crossfit",0.606658067919019,0.0103844681784361,1.85394838189135e-05,TRUE,0.0407063672566743,5000,3,10,"C2","none","superpopulation","facec"
79,"target_only",0.593993290349613,0.0183645502198352,-0.0126462380855866,TRUE,0.0719877140463081,5000,3,10,"C2","none","superpopulation","facec"
79,"sample_size",0.607048888543763,0.00925249859206931,0.000409360108562851,TRUE,0.0362691280149268,5000,3,10,"C2","none","superpopulation","facec"
79,"inverse_variance",0.607480658623007,0.0099611713333184,0.000841130187807737,TRUE,0.0390470741142737,5000,3,10,"C2","none","superpopulation","facec"
79,"federated_dr",0.605710245133947,0.010732882910871,-0.000929283301253081,TRUE,0.0420721279111851,5000,3,10,"C2","none","superpopulation","facec"
79,"pooled_dr",0.605672884653664,0.0110559674785037,-0.000966643781535326,TRUE,0.043338596144227,5000,3,10,"C2","none","superpopulation","facec"
79,"tilted_aipw",0.601545704420772,0.0110370657290347,-0.00509382401442726,TRUE,0.0432645026478189,5000,3,10,"C2","none","superpopulation","facec"
79,"oracle_dr",0.613206998063098,0.0128569865656661,0.00656746962789789,TRUE,0.0503984612368416,5000,3,10,"C2","none","superpopulation","facec"
80,"one_round_crossfit",0.607219653769153,0.0101851091647326,0.000580125333953574,TRUE,0.0399248942829695,5000,3,10,"C2","none","superpopulation","facec"
80,"two_round_crossfit",0.606383988347463,0.0102759695587549,-0.000255540087736872,TRUE,0.040281060482779,5000,3,10,"C2","none","superpopulation","facec"
80,"target_only",0.618180705519378,0.0175491830370186,0.0115411770841778,TRUE,0.0687915334213154,5000,3,10,"C2","none","superpopulation","facec"
80,"sample_size",0.613457305157756,0.0100431660320185,0.0068177767225559,TRUE,0.0393684874270248,5000,3,10,"C2","none","superpopulation","facec"
80,"inverse_variance",0.612437928906493,0.0129348194940137,0.00579840047129321,TRUE,0.0507035607095869,5000,3,10,"C2","none","superpopulation","facec"
80,"federated_dr",0.606705242756028,0.0101453853529671,6.57143208284694e-05,TRUE,0.0397691798021913,5000,3,10,"C2","none","superpopulation","facec"
80,"pooled_dr",0.612282049143958,0.0103510586824462,0.00564252070875815,TRUE,0.0405754044389104,5000,3,10,"C2","none","superpopulation","facec"
80,"tilted_aipw",0.610800240669126,0.0103893271343292,0.00416071223392633,TRUE,0.04072541401378,5000,3,10,"C2","none","superpopulation","facec"
80,"oracle_dr",0.617405781595926,0.0130491957170047,0.0107662531607258,TRUE,0.0511519072650872,5000,3,10,"C2","none","superpopulation","facec"
81,"one_round_crossfit",0.610285493376767,0.0101613521049835,0.00364596494156744,TRUE,0.0398317683199958,5000,3,10,"C2","none","superpopulation","facec"
81,"two_round_crossfit",0.610211907935568,0.010191371074804,0.00357237950036826,TRUE,0.0399494405193981,5000,3,10,"C2","none","superpopulation","facec"
81,"target_only",0.619788037834979,0.0171679385302385,0.0131485093997795,TRUE,0.0672970824161299,5000,3,10,"C2","none","superpopulation","facec"
81,"sample_size",0.60669091877347,0.00927309578122606,5.13903382703962e-05,TRUE,0.0363498675127867,5000,3,10,"C2","none","superpopulation","facec"
81,"inverse_variance",0.606061318277426,0.0120806791596435,-0.000578210157773817,TRUE,0.0473553921233696,5000,3,10,"C2","none","superpopulation","facec"
81,"federated_dr",0.610582160995044,0.0099964967281026,0.00394263255984439,TRUE,0.0391855471173073,5000,3,10,"C2","none","superpopulation","facec"
81,"pooled_dr",0.610955457632986,0.0105529266182975,0.00431592919778601,TRUE,0.0413667122067143,5000,3,10,"C2","none","superpopulation","facec"
81,"tilted_aipw",0.618505948746259,0.010138925344576,0.0118664203110588,TRUE,0.0397438570346185,5000,3,10,"C2","none","superpopulation","facec"
81,"oracle_dr",0.606422792306106,0.0127173232803734,-0.00021673612909423,TRUE,0.0498509912185694,5000,3,10,"C2","none","superpopulation","facec"
82,"one_round_crossfit",0.594785534851109,0.0103968633901887,-0.0118539935840904,TRUE,0.0407549555939057,5000,3,10,"C2","none","superpopulation","facec"
82,"two_round_crossfit",0.594740586365485,0.0103332534418824,-0.0118989420697144,TRUE,0.0405056091784279,5000,3,10,"C2","none","superpopulation","facec"
82,"target_only",0.57908586761071,0.0180053164085417,-0.0275536608244896,TRUE,0.0705795433819796,5000,3,10,"C2","none","superpopulation","facec"
82,"sample_size",0.591196399702724,0.0107725839710063,-0.0154431287324759,TRUE,0.0422277532072117,5000,3,10,"C2","none","superpopulation","facec"
82,"inverse_variance",0.590837192088891,0.0132246773687043,-0.0158023363463087,TRUE,0.0518397826996446,5000,3,10,"C2","none","superpopulation","facec"
82,"federated_dr",0.58629290981499,0.0107418444455,-0.0203466186202097,TRUE,0.0421072564814231,5000,3,10,"C2","none","superpopulation","facec"
82,"pooled_dr",0.589643390030991,0.0114600077327273,-0.0169961384042089,TRUE,0.0449224048373922,5000,3,10,"C2","none","superpopulation","facec"
82,"tilted_aipw",0.587441413360153,0.0110057424345723,-0.0191981150750465,TRUE,0.0431417175897719,5000,3,10,"C2","none","superpopulation","facec"
82,"oracle_dr",0.603809171825769,0.0128092281875574,-0.00283035660943054,TRUE,0.0502112518347355,5000,3,10,"C2","none","superpopulation","facec"
83,"one_round_crossfit",0.60552816956911,0.0103219408443377,-0.00111135886608982,TRUE,0.0404612646109097,5000,3,10,"C2","none","superpopulation","facec"
83,"two_round_crossfit",0.606519412209379,0.0102756112000465,-0.000120116225820754,TRUE,0.040279655742455,5000,3,10,"C2","none","superpopulation","facec"
83,"target_only",0.607157800777648,0.0182545889074375,0.000518272342448167,TRUE,0.0715566736223237,5000,3,10,"C2","none","superpopulation","facec"
83,"sample_size",0.607850534165727,0.0137422500944783,0.00121100573052746,TRUE,0.0538686305034393,5000,3,10,"C2","none","superpopulation","facec"
83,"inverse_variance",0.608112995237026,0.0151613860108628,0.00147346680182636,TRUE,0.0594315410740012,5000,3,10,"C2","none","superpopulation","facec"
83,"federated_dr",0.607791246713816,0.0101461402945099,0.00115171827861626,TRUE,0.0397721391186601,5000,3,10,"C2","none","superpopulation","facec"
83,"pooled_dr",0.611050753325952,0.0105421934869765,0.00441122489075185,TRUE,0.0413246391050532,5000,3,10,"C2","none","superpopulation","facec"
83,"tilted_aipw",0.6133538712277,0.0102769091102836,0.00671434279249994,TRUE,0.040284743457095,5000,3,10,"C2","none","superpopulation","facec"
83,"oracle_dr",0.599249768235681,0.0128265571195529,-0.00738976019951854,TRUE,0.0502791799999389,5000,3,10,"C2","none","superpopulation","facec"
84,"one_round_crossfit",0.603520118612505,0.0104647352830846,-0.00311940982269499,TRUE,0.041021008525183,5000,3,10,"C2","none","superpopulation","facec"
84,"two_round_crossfit",0.603512328531842,0.0104128230186869,-0.0031271999033573,TRUE,0.040817516188032,5000,3,10,"C2","none","superpopulation","facec"
84,"target_only",0.619088311064881,0.0180076764851809,0.0124487826296812,TRUE,0.0705887947124066,5000,3,10,"C2","none","superpopulation","facec"
84,"sample_size",0.594995054817916,0.0107566999960891,-0.011644473617284,TRUE,0.0421654891696737,5000,3,10,"C2","none","superpopulation","facec"
84,"inverse_variance",0.594509026023608,0.0133382287206593,-0.0121305024115921,TRUE,0.0522848958200999,5000,3,10,"C2","none","superpopulation","facec"
84,"federated_dr",0.598386792092981,0.0105563653367494,-0.00825273634221868,TRUE,0.0413801917353518,5000,3,10,"C2","none","superpopulation","facec"
84,"pooled_dr",0.600976913056317,0.0112496576622522,-0.00566261537888324,TRUE,0.0440978477128386,5000,3,10,"C2","none","superpopulation","facec"
84,"tilted_aipw",0.601222395186972,0.0106722495451864,-0.00541713324822768,TRUE,0.0418344494851786,5000,3,10,"C2","none","superpopulation","facec"
84,"oracle_dr",0.596922940578716,0.0128658579567184,-0.00971658785648377,TRUE,0.0504332364507523,5000,3,10,"C2","none","superpopulation","facec"
85,"one_round_crossfit",0.5808497501358,0.0102714734649553,-0.0257897782994001,FALSE,0.0402634361189422,5000,3,10,"C2","none","superpopulation","facec"
85,"two_round_crossfit",0.58052138784746,0.0103635816913233,-0.0261181405877401,FALSE,0.0406244937316647,5000,3,10,"C2","none","superpopulation","facec"
85,"target_only",0.562391890376944,0.0180295613689204,-0.0442476380582558,FALSE,0.0706745818802774,5000,3,10,"C2","none","superpopulation","facec"
85,"sample_size",0.579661862229963,0.00938240342173098,-0.0269776662052367,FALSE,0.0367783455900361,5000,3,10,"C2","none","superpopulation","facec"
85,"inverse_variance",0.579633519606309,0.011835964985904,-0.0270060088288909,FALSE,0.0463961301892979,5000,3,10,"C2","none","superpopulation","facec"
85,"federated_dr",0.582380001312474,0.0103953505152288,-0.0242595271227259,FALSE,0.0407490252330367,5000,3,10,"C2","none","superpopulation","facec"
85,"pooled_dr",0.581581605120913,0.010741240626712,-0.0250579233142871,FALSE,0.0421048895552678,5000,3,10,"C2","none","superpopulation","facec"
85,"tilted_aipw",0.585015843161624,0.0104209276665601,-0.0216236852735757,FALSE,0.0408492858239098,5000,3,10,"C2","none","superpopulation","facec"
85,"oracle_dr",0.596338103611183,0.0131654504068564,-0.0103014248240172,TRUE,0.0516076172753734,5000,3,10,"C2","none","superpopulation","facec"
86,"one_round_crossfit",0.588682167865934,0.0104749688968091,-0.0179573605692653,TRUE,0.0410611235538461,5000,3,10,"C2","none","superpopulation","facec"
86,"two_round_crossfit",0.589167005255187,0.0104498190446701,-0.017472523180013,TRUE,0.0409625379450285,5000,3,10,"C2","none","superpopulation","facec"
86,"target_only",0.565296046048838,0.0184572706126097,-0.0413434823863617,FALSE,0.0723511713072491,5000,3,10,"C2","none","superpopulation","facec"
86,"sample_size",0.589585499477837,0.011315388437867,-0.0170540289573626,TRUE,0.0443555076186004,5000,3,10,"C2","none","superpopulation","facec"
86,"inverse_variance",0.590562785091089,0.013662863236029,-0.0160767433441105,TRUE,0.0535574397366265,5000,3,10,"C2","none","superpopulation","facec"
86,"federated_dr",0.594847660391418,0.0103807214682354,-0.0117918680437819,TRUE,0.0406916804225663,5000,3,10,"C2","none","superpopulation","facec"
86,"pooled_dr",0.590858189272457,0.010758075579369,-0.0157813391627432,TRUE,0.0421708813570461,5000,3,10,"C2","none","superpopulation","facec"
86,"tilted_aipw",0.594191079624597,0.0105336505468454,-0.0124484488106026,TRUE,0.0412911513950953,5000,3,10,"C2","none","superpopulation","facec"
86,"oracle_dr",0.602296390942178,0.0128943684748486,-0.00434313749302206,TRUE,0.050544995628184,5000,3,10,"C2","none","superpopulation","facec"
87,"one_round_crossfit",0.614422600615665,0.010548325741381,0.00778307218046503,TRUE,0.0413486771006069,5000,3,10,"C2","none","superpopulation","facec"
87,"two_round_crossfit",0.613951138752641,0.0104665288804531,0.00731161031744121,TRUE,0.041028039297673,5000,3,10,"C2","none","superpopulation","facec"
87,"target_only",0.620848706928169,0.0181873922464735,0.0142091784929694,TRUE,0.0712932675515821,5000,3,10,"C2","none","superpopulation","facec"
87,"sample_size",0.615424191755206,0.00948930196215178,0.00878466332000627,TRUE,0.0371973801684855,5000,3,10,"C2","none","superpopulation","facec"
87,"inverse_variance",0.614581740417574,0.0112307967624764,0.00794221198237444,TRUE,0.0440239143442858,5000,3,10,"C2","none","superpopulation","facec"
87,"federated_dr",0.612815123550316,0.0107911541197615,0.00617559511511634,TRUE,0.0423005468527073,5000,3,10,"C2","none","superpopulation","facec"
87,"pooled_dr",0.612716149218006,0.0112039882163424,0.00607662078280669,TRUE,0.0439188267744843,5000,3,10,"C2","none","superpopulation","facec"
87,"tilted_aipw",0.61206790498624,0.0108029727817969,0.00542837655103989,TRUE,0.042346875156577,5000,3,10,"C2","none","superpopulation","facec"
87,"oracle_dr",0.606181773318939,0.0124780517019669,-0.000457755116260783,TRUE,0.0489130638661677,5000,3,10,"C2","none","superpopulation","facec"
88,"one_round_crossfit",0.60224783444493,0.0104412612688143,-0.00439169399027017,TRUE,0.0409289920800981,5000,3,10,"C2","none","superpopulation","facec"
88,"two_round_crossfit",0.602957174481114,0.0105210433832179,-0.00368235395408611,TRUE,0.0412417322217811,5000,3,10,"C2","none","superpopulation","facec"
88,"target_only",0.583311119531041,0.0179268392842814,-0.0233284089041589,TRUE,0.0702719187076588,5000,3,10,"C2","none","superpopulation","facec"
88,"sample_size",0.596282050091167,0.00994589220518092,-0.0103574783440329,TRUE,0.0389871810325446,5000,3,10,"C2","none","superpopulation","facec"
88,"inverse_variance",0.595831162692331,0.0126466212479045,-0.0108083657428684,TRUE,0.0495738443440237,5000,3,10,"C2","none","superpopulation","facec"
88,"federated_dr",0.596030183170831,0.0101381602172188,-0.0106093452643685,TRUE,0.039740857790491,5000,3,10,"C2","none","superpopulation","facec"
88,"pooled_dr",0.598124063768959,0.0105799296227915,-0.00851546466624031,TRUE,0.0414725620392797,5000,3,10,"C2","none","superpopulation","facec"
88,"tilted_aipw",0.597906726781905,0.0102530319793721,-0.0087328016532946,TRUE,0.0401911468238136,5000,3,10,"C2","none","superpopulation","facec"
88,"oracle_dr",0.608270060146513,0.0129935726111454,0.00163053171131367,TRUE,0.050933868696702,5000,3,10,"C2","none","superpopulation","facec"
89,"one_round_crossfit",0.616826695404076,0.0103418549429324,0.010187166968876,TRUE,0.0405393264429701,5000,3,10,"C2","none","superpopulation","facec"
89,"two_round_crossfit",0.616543719047954,0.0102808094043088,0.00990419061275405,TRUE,0.0403000323287319,5000,3,10,"C2","none","superpopulation","facec"
89,"target_only",0.604426008561711,0.0178007718092282,-0.00221351987348883,TRUE,0.0697777432862061,5000,3,10,"C2","none","superpopulation","facec"
89,"sample_size",0.610412651393448,0.0138824876139827,0.00377312295824828,TRUE,0.0544183514784589,5000,3,10,"C2","none","superpopulation","facec"
89,"inverse_variance",0.611059744126665,0.0151198359773223,0.00442021569146522,TRUE,0.0592686679354093,5000,3,10,"C2","none","superpopulation","facec"
89,"federated_dr",0.621869328432384,0.0102190224410374,0.0152297999971841,TRUE,0.0400578318832798,5000,3,10,"C2","none","superpopulation","facec"
89,"pooled_dr",0.614284875806899,0.0107497683165153,0.00764534737169953,TRUE,0.0421383174850396,5000,3,10,"C2","none","superpopulation","facec"
89,"tilted_aipw",0.613978573529461,0.0106080147371729,0.0073390450942612,TRUE,0.041582653664658,5000,3,10,"C2","none","superpopulation","facec"
89,"oracle_dr",0.611213637661042,0.0126563351450445,0.00457410922584178,TRUE,0.0496119221211118,5000,3,10,"C2","none","superpopulation","facec"
90,"one_round_crossfit",0.616213708418148,0.0101358617531667,0.00957417998294829,TRUE,0.0397318479769675,5000,3,10,"C2","none","superpopulation","facec"
90,"two_round_crossfit",0.615370232090437,0.010206096531277,0.00873070365523743,TRUE,0.0400071632480843,5000,3,10,"C2","none","superpopulation","facec"
90,"target_only",0.605317114075918,0.017807724667195,-0.00132241435928215,TRUE,0.0698049979886155,5000,3,10,"C2","none","superpopulation","facec"
90,"sample_size",0.607418018112768,0.00935193226085219,0.000778489677568217,TRUE,0.036658900834257,5000,3,10,"C2","none","superpopulation","facec"
90,"inverse_variance",0.607406671006915,0.0110598961215191,0.000767142571715618,TRUE,0.0433539961418634,5000,3,10,"C2","none","superpopulation","facec"
90,"federated_dr",0.610054557172218,0.0102920475723499,0.00341502873701782,TRUE,0.0403440851379575,5000,3,10,"C2","none","superpopulation","facec"
90,"pooled_dr",0.608946072708597,0.0107046869128257,0.00230654427339727,TRUE,0.0419616016298312,5000,3,10,"C2","none","superpopulation","facec"
90,"tilted_aipw",0.612257299962964,0.0103346742588658,0.00561777152776388,TRUE,0.0405111786786605,5000,3,10,"C2","none","superpopulation","facec"
90,"oracle_dr",0.622330133396619,0.0126363565273418,0.0156906049614189,TRUE,0.0495336073787951,5000,3,10,"C2","none","superpopulation","facec"
91,"one_round_crossfit",0.617425988451568,0.0101492888507273,0.0107864600163678,TRUE,0.0397844812322388,5000,3,10,"C2","none","superpopulation","facec"
91,"two_round_crossfit",0.617766978616986,0.0102590913004218,0.0111274501817863,TRUE,0.0402148989258699,5000,3,10,"C2","none","superpopulation","facec"
91,"target_only",0.593584822096618,0.0182164852707792,-0.0130547063385819,TRUE,0.0714073101112631,5000,3,10,"C2","none","superpopulation","facec"
91,"sample_size",0.612110529878689,0.00929591099864231,0.00547100144348911,TRUE,0.0364393015216573,5000,3,10,"C2","none","superpopulation","facec"
91,"inverse_variance",0.612800913204264,0.0110311432184631,0.00616138476906469,TRUE,0.0432412868329819,5000,3,10,"C2","none","superpopulation","facec"
91,"federated_dr",0.623016518201863,0.0100288606053761,0.0163769897666634,TRUE,0.0393124111850194,5000,3,10,"C2","none","superpopulation","facec"
91,"pooled_dr",0.621891962628632,0.0103649449990864,0.0152524341934323,TRUE,0.0406298377998955,5000,3,10,"C2","none","superpopulation","facec"
91,"tilted_aipw",0.624232573864202,0.010093171617234,0.017593045429002,TRUE,0.0395645057191212,5000,3,10,"C2","none","superpopulation","facec"
91,"oracle_dr",0.620020863774809,0.0129522556952411,0.0133813353396091,TRUE,0.0507719093624526,5000,3,10,"C2","none","superpopulation","facec"
92,"one_round_crossfit",0.592488322677108,0.010355886690405,-0.0141512057580921,TRUE,0.040594329882343,5000,3,10,"C2","none","superpopulation","facec"
92,"two_round_crossfit",0.591142989903082,0.0103705382735604,-0.0154965385321174,TRUE,0.040651763032945,5000,3,10,"C2","none","superpopulation","facec"
92,"target_only",0.574736992433328,0.0179279399968689,-0.0319025360018719,TRUE,0.0702762334217164,5000,3,10,"C2","none","superpopulation","facec"
92,"sample_size",0.589418790356676,0.0116460292938998,-0.0172207380785241,TRUE,0.0456515959578838,5000,3,10,"C2","none","superpopulation","facec"
92,"inverse_variance",0.589209539694369,0.0138111127956042,-0.0174299887408308,TRUE,0.0541385673316088,5000,3,10,"C2","none","superpopulation","facec"
92,"federated_dr",0.586024301595131,0.0102419801690162,-0.0206152268400684,FALSE,0.0401478245232902,5000,3,10,"C2","none","superpopulation","facec"
92,"pooled_dr",0.590296067390249,0.0106050729979017,-0.0163434610449509,TRUE,0.0415711222586113,5000,3,10,"C2","none","superpopulation","facec"
92,"tilted_aipw",0.594249682217276,0.0102222312505276,-0.0123898462179237,TRUE,0.040070410185348,5000,3,10,"C2","none","superpopulation","facec"
92,"oracle_dr",0.603387566662845,0.012741508222315,-0.00325196177235521,TRUE,0.0499457944489168,5000,3,10,"C2","none","superpopulation","facec"
93,"one_round_crossfit",0.604317298107911,0.0104161856189775,-0.00232223032728862,TRUE,0.0408306973389596,5000,3,10,"C2","none","superpopulation","facec"
93,"two_round_crossfit",0.604255759954409,0.0104490577764833,-0.0023837684807908,TRUE,0.0409595538285707,5000,3,10,"C2","none","superpopulation","facec"
93,"target_only",0.564010781898174,0.0180473732396383,-0.042628746537026,FALSE,0.0707444031304858,5000,3,10,"C2","none","superpopulation","facec"
93,"sample_size",0.599531072461012,0.0132964305411686,-0.00710845597418808,TRUE,0.0521210499672577,5000,3,10,"C2","none","superpopulation","facec"
93,"inverse_variance",0.601048106775664,0.0147682947712968,-0.00559142165953608,TRUE,0.0578906517296258,5000,3,10,"C2","none","superpopulation","facec"
93,"federated_dr",0.603517625963614,0.0103728176126312,-0.00312190247158561,TRUE,0.04066069787792,5000,3,10,"C2","none","superpopulation","facec"
93,"pooled_dr",0.600387321518543,0.0107759853296799,-0.00625220691665662,TRUE,0.0422410862882092,5000,3,10,"C2","none","superpopulation","facec"
93,"tilted_aipw",0.600114140582831,0.0104263069205453,-0.00652538785236889,TRUE,0.0408703721120591,5000,3,10,"C2","none","superpopulation","facec"
93,"oracle_dr",0.614196937313025,0.0127171528108134,0.00755740887782552,TRUE,0.0498503229901732,5000,3,10,"C2","none","superpopulation","facec"
94,"one_round_crossfit",0.607348955340336,0.0103874757643614,0.000709426905136312,TRUE,0.040718156776862,5000,3,10,"C2","none","superpopulation","facec"
94,"two_round_crossfit",0.606743399906721,0.0102936168376371,0.000103871471521022,TRUE,0.0403502365448476,5000,3,10,"C2","none","superpopulation","facec"
94,"target_only",0.594613355819795,0.0182516524099849,-0.0120261726154045,TRUE,0.0715451627638279,5000,3,10,"C2","none","superpopulation","facec"
94,"sample_size",0.602855564301444,0.00935257451514615,-0.00378396413375526,TRUE,0.0366614184248273,5000,3,10,"C2","none","superpopulation","facec"
94,"inverse_variance",0.603108914691533,0.0110593003581869,-0.00353061374366703,TRUE,0.0433516607925146,5000,3,10,"C2","none","superpopulation","facec"
94,"federated_dr",0.603818045832528,0.0101846117933534,-0.00282148260267179,TRUE,0.039922944622989,5000,3,10,"C2","none","superpopulation","facec"
94,"pooled_dr",0.602937800491216,0.0106047961345873,-0.00370172794398371,TRUE,0.0415700369743615,5000,3,10,"C2","none","superpopulation","facec"
94,"tilted_aipw",0.605199104376803,0.0102982219207794,-0.00144042405839673,TRUE,0.0403682881390568,5000,3,10,"C2","none","superpopulation","facec"
94,"oracle_dr",0.608306934548157,0.0128268187622893,0.00166740611295713,TRUE,0.0502802056206193,5000,3,10,"C2","none","superpopulation","facec"
95,"one_round_crossfit",0.603815451257409,0.0102708887658825,-0.00282407717779098,TRUE,0.0402611441406937,5000,3,10,"C2","none","superpopulation","facec"
95,"two_round_crossfit",0.603893960090166,0.010325829554796,-0.00274556834503326,TRUE,0.0404765080757987,5000,3,10,"C2","none","superpopulation","facec"
95,"target_only",0.611196231582672,0.0177426977437416,0.00455670314747181,TRUE,0.0695500971326273,5000,3,10,"C2","none","superpopulation","facec"
95,"sample_size",0.601090564197714,0.0113640266087503,-0.0055489642374853,TRUE,0.044546165745011,5000,3,10,"C2","none","superpopulation","facec"
95,"inverse_variance",0.602112371983497,0.0133244517960113,-0.00452715645170265,TRUE,0.0522308912678446,5000,3,10,"C2","none","superpopulation","facec"
95,"federated_dr",0.606632163424703,0.0103157911696232,-7.36501049625193e-06,TRUE,0.0404371583289957,5000,3,10,"C2","none","superpopulation","facec"
95,"pooled_dr",0.601779298578119,0.010787269101835,-0.00486022985708046,TRUE,0.0422853178622766,5000,3,10,"C2","none","superpopulation","facec"
95,"tilted_aipw",0.604355300825136,0.0106723284400576,-0.00228422761006397,TRUE,0.0418347587473911,5000,3,10,"C2","none","superpopulation","facec"
95,"oracle_dr",0.603064657794589,0.0129895643407977,-0.00357487064061068,TRUE,0.0509181565656585,5000,3,10,"C2","none","superpopulation","facec"
96,"one_round_crossfit",0.577755401566537,0.0103383609592418,-0.0288841268686627,FALSE,0.0405256302785779,5000,3,10,"C2","none","superpopulation","facec"
96,"two_round_crossfit",0.577018322652513,0.010436718427167,-0.0296212057826869,FALSE,0.0409111844680659,5000,3,10,"C2","none","superpopulation","facec"
96,"target_only",0.563482966623107,0.0180451120281981,-0.0431565618120923,FALSE,0.0707355393445175,5000,3,10,"C2","none","superpopulation","facec"
96,"sample_size",0.582720011249719,0.0107483049909026,-0.0239195171854804,FALSE,0.0421325813540425,5000,3,10,"C2","none","superpopulation","facec"
96,"inverse_variance",0.584279137775553,0.013539932870816,-0.0223603906596465,TRUE,0.0530755615597787,5000,3,10,"C2","none","superpopulation","facec"
96,"federated_dr",0.587180428231904,0.0103153720612263,-0.0194591002032954,TRUE,0.0404355154542684,5000,3,10,"C2","none","superpopulation","facec"
96,"pooled_dr",0.582901758016365,0.0107393668081811,-0.023737770418835,FALSE,0.0420975443215998,5000,3,10,"C2","none","superpopulation","facec"
96,"tilted_aipw",0.58142513746197,0.0103811790652902,-0.0252143909732299,FALSE,0.04069347417006,5000,3,10,"C2","none","superpopulation","facec"
96,"oracle_dr",0.582089588573203,0.012729902478516,-0.0245499398619972,TRUE,0.0499003007691972,5000,3,10,"C2","none","superpopulation","facec"
97,"one_round_crossfit",0.62129406413007,0.0104576810500118,0.0146545356948701,TRUE,0.0409933564396603,5000,3,10,"C2","none","superpopulation","facec"
97,"two_round_crossfit",0.621117458251989,0.0103683587100224,0.0144779298167894,TRUE,0.0406432193008721,5000,3,10,"C2","none","superpopulation","facec"
97,"target_only",0.627848639011084,0.0180855595544095,0.0212091105758845,TRUE,0.0708940907337938,5000,3,10,"C2","none","superpopulation","facec"
97,"sample_size",0.6086017915648,0.00971417324374955,0.00196226312959979,TRUE,0.0380788593946635,5000,3,10,"C2","none","superpopulation","facec"
97,"inverse_variance",0.607992241219958,0.0125425303140685,0.00135271278475857,TRUE,0.0491658153811523,5000,3,10,"C2","none","superpopulation","facec"
97,"federated_dr",0.61199690431028,0.0106933380097371,0.00535737587507989,TRUE,0.0419171147471959,5000,3,10,"C2","none","superpopulation","facec"
97,"pooled_dr",0.612143765068211,0.0112085759273424,0.00550423663301158,TRUE,0.0439368102711477,5000,3,10,"C2","none","superpopulation","facec"
97,"tilted_aipw",0.619828417561326,0.0111543058998419,0.0131888891261267,TRUE,0.0437240756724653,5000,3,10,"C2","none","superpopulation","facec"
97,"oracle_dr",0.615946799069299,0.0125803532012287,0.00930727063409886,TRUE,0.0493140783744026,5000,3,10,"C2","none","superpopulation","facec"
98,"one_round_crossfit",0.613647869513669,0.0103517864013454,0.00700834107846948,TRUE,0.040578257044577,5000,3,10,"C2","none","superpopulation","facec"
98,"two_round_crossfit",0.613703253782297,0.0103178769348768,0.00706372534709709,TRUE,0.0404453343785502,5000,3,10,"C2","none","superpopulation","facec"
98,"target_only",0.618956169344601,0.0174356254178096,0.0123166409094009,TRUE,0.0683463957336758,5000,3,10,"C2","none","superpopulation","facec"
98,"sample_size",0.614517155710466,0.00926171475610625,0.00787762727526609,TRUE,0.036305254714103,5000,3,10,"C2","none","superpopulation","facec"
98,"inverse_variance",0.614415594388939,0.0103116072213304,0.00777606595373914,TRUE,0.0404207575530615,5000,3,10,"C2","none","superpopulation","facec"
98,"federated_dr",0.620086622803424,0.0102023068603912,0.0134470943682243,TRUE,0.0399923080111853,5000,3,10,"C2","none","superpopulation","facec"
98,"pooled_dr",0.6186077786477,0.0106911744523096,0.0119682502125005,TRUE,0.0419086337579231,5000,3,10,"C2","none","superpopulation","facec"
98,"tilted_aipw",0.621944518583376,0.010391061190802,0.0153049901481761,TRUE,0.0407322113902475,5000,3,10,"C2","none","superpopulation","facec"
98,"oracle_dr",0.601132730152784,0.0128411749186545,-0.00550679828241618,TRUE,0.0503364807194837,5000,3,10,"C2","none","superpopulation","facec"
99,"one_round_crossfit",0.618032488452679,0.0104836846641525,0.011392960017479,TRUE,0.0410952887340277,5000,3,10,"C2","none","superpopulation","facec"
99,"two_round_crossfit",0.618131070664231,0.010467317740802,0.0114915422290315,TRUE,0.0410311315734182,5000,3,10,"C2","none","superpopulation","facec"
99,"target_only",0.635076706867266,0.0175715572767652,0.0284371784320666,TRUE,0.068879238829485,5000,3,10,"C2","none","superpopulation","facec"
99,"sample_size",0.621790553780556,0.00938791903412409,0.0151510253453565,TRUE,0.0367999663933225,5000,3,10,"C2","none","superpopulation","facec"
99,"inverse_variance",0.621077897266141,0.0108738345005488,0.0144383688309409,TRUE,0.0426246479898493,5000,3,10,"C2","none","superpopulation","facec"
99,"federated_dr",0.620911428216725,0.0102317100718505,0.0142718997815253,TRUE,0.0401075664821655,5000,3,10,"C2","none","superpopulation","facec"
99,"pooled_dr",0.62027115553528,0.0108853315381784,0.0136316271000807,TRUE,0.0426697155492151,5000,3,10,"C2","none","superpopulation","facec"
99,"tilted_aipw",0.624802505904389,0.0103447347732458,0.0181629774691888,TRUE,0.0405506151703618,5000,3,10,"C2","none","superpopulation","facec"
99,"oracle_dr",0.609839389181544,0.0126306741138814,0.00319986074634393,TRUE,0.04951133272734,5000,3,10,"C2","none","superpopulation","facec"
100,"one_round_crossfit",0.598747933433544,0.0104650244498421,-0.00789159500165537,TRUE,0.0410221420380432,5000,3,10,"C2","none","superpopulation","facec"
100,"two_round_crossfit",0.598757538424448,0.0103987351153745,-0.00788199001075129,TRUE,0.0407622926218121,5000,3,10,"C2","none","superpopulation","facec"
100,"target_only",0.62087005004031,0.0184686155188982,0.0142305216051104,TRUE,0.0723956425227159,5000,3,10,"C2","none","superpopulation","facec"
100,"sample_size",0.601289012441957,0.0133089422097504,-0.00535051599324277,TRUE,0.0521700948068715,5000,3,10,"C2","none","superpopulation","facec"
100,"inverse_variance",0.600212515753067,0.0149377063099503,-0.00642701268213308,TRUE,0.0585547327582787,5000,3,10,"C2","none","superpopulation","facec"
100,"federated_dr",0.598237847059022,0.0105358756349339,-0.00840168137617781,TRUE,0.0412998735801269,5000,3,10,"C2","none","superpopulation","facec"
100,"pooled_dr",0.60225104424202,0.0109174385190563,-0.00438848419318005,TRUE,0.0427955726015614,5000,3,10,"C2","none","superpopulation","facec"
100,"tilted_aipw",0.601896426660661,0.0107461158398393,-0.00474310177453829,TRUE,0.0421240000395606,5000,3,10,"C2","none","superpopulation","facec"
100,"oracle_dr",0.58982375624171,0.0125986429960027,-0.0168157721934894,TRUE,0.0493857730524863,5000,3,10,"C2","none","superpopulation","facec"
101,"one_round_crossfit",0.586271880383901,0.0104120932223323,-0.0203676480512989,TRUE,0.0408146554388897,5000,3,10,"C2","none","superpopulation","facec"
101,"two_round_crossfit",0.586133287553622,0.0104258455176438,-0.0205062408815773,FALSE,0.0408685634459205,5000,3,10,"C2","none","superpopulation","facec"
101,"target_only",0.562116664132113,0.0188658646053078,-0.0445228643030871,FALSE,0.0739528303272246,5000,3,10,"C2","none","superpopulation","facec"
101,"sample_size",0.583993645446348,0.00945597363392751,-0.0226458829888514,FALSE,0.0370667355225165,5000,3,10,"C2","none","superpopulation","facec"
101,"inverse_variance",0.583898365487428,0.0120561124694634,-0.0227411629477714,TRUE,0.047259092467425,5000,3,10,"C2","none","superpopulation","facec"
101,"federated_dr",0.587513238014795,0.0106604290171035,-0.0191262904204048,TRUE,0.041788113866537,5000,3,10,"C2","none","superpopulation","facec"
101,"pooled_dr",0.585472886186463,0.0109961847304718,-0.0211666422487369,TRUE,0.0431042520781479,5000,3,10,"C2","none","superpopulation","facec"
101,"tilted_aipw",0.581892260988443,0.0110289119720619,-0.0247472674467568,FALSE,0.0432325405078078,5000,3,10,"C2","none","superpopulation","facec"
101,"oracle_dr",0.58936921809401,0.0131448648467718,-0.0172703103411895,TRUE,0.0515269233626385,5000,3,10,"C2","none","superpopulation","facec"
102,"one_round_crossfit",0.593245626462135,0.0105482701668664,-0.0133939019730646,TRUE,0.0413484592525128,5000,3,10,"C2","none","superpopulation","facec"
102,"two_round_crossfit",0.593841808215032,0.0105861098914318,-0.0127977202201678,TRUE,0.0414967882471788,5000,3,10,"C2","none","superpopulation","facec"
102,"target_only",0.598883226332023,0.0179822403036559,-0.00775630210317646,TRUE,0.0704890867130206,5000,3,10,"C2","none","superpopulation","facec"
102,"sample_size",0.600363960771957,0.00948533048833172,-0.00627556766324233,TRUE,0.0371818122771799,5000,3,10,"C2","none","superpopulation","facec"
102,"inverse_variance",0.599681630929886,0.0108484017140514,-0.00695789750531417,TRUE,0.0425249532987269,5000,3,10,"C2","none","superpopulation","facec"
102,"federated_dr",0.59442132049142,0.010305196218385,-0.0122182079437793,TRUE,0.0403956268833057,5000,3,10,"C2","none","superpopulation","facec"
102,"pooled_dr",0.595861551088678,0.0108284924011873,-0.0107779773465214,TRUE,0.0424469102263856,5000,3,10,"C2","none","superpopulation","facec"
102,"tilted_aipw",0.592359994592763,0.0103483751297412,-0.0142795338424363,TRUE,0.0405648851056055,5000,3,10,"C2","none","superpopulation","facec"
102,"oracle_dr",0.60332473203699,0.0129020991806035,-0.00331479639820975,TRUE,0.0505752994378932,5000,3,10,"C2","none","superpopulation","facec"
103,"one_round_crossfit",0.594463515986615,0.0103350319938481,-0.0121760124485845,TRUE,0.040512580974023,5000,3,10,"C2","none","superpopulation","facec"
103,"two_round_crossfit",0.594029332641434,0.0103640791453356,-0.0126101957937654,TRUE,0.0406264437155608,5000,3,10,"C2","none","superpopulation","facec"
103,"target_only",0.612921757422319,0.0175904309158444,0.00628222898711894,TRUE,0.0689532221351901,5000,3,10,"C2","none","superpopulation","facec"
103,"sample_size",0.596027489092407,0.00943331580604722,-0.0106120393427926,TRUE,0.03697791846929,5000,3,10,"C2","none","superpopulation","facec"
103,"inverse_variance",0.595870218093162,0.0107210199710614,-0.010769310342038,TRUE,0.0420256260416298,5000,3,10,"C2","none","superpopulation","facec"
103,"federated_dr",0.595002734180931,0.0100690176487315,-0.0116367942542687,TRUE,0.0394698239024236,5000,3,10,"C2","none","superpopulation","facec"
103,"pooled_dr",0.596799316796567,0.0106399536618241,-0.0098402116386328,TRUE,0.0417078519487006,5000,3,10,"C2","none","superpopulation","facec"
103,"tilted_aipw",0.597665413635309,0.0101420825466258,-0.00897411479989119,TRUE,0.0397562330392376,5000,3,10,"C2","none","superpopulation","facec"
103,"oracle_dr",0.591295567655353,0.0128791079911156,-0.0153439607798466,TRUE,0.050485175631177,5000,3,10,"C2","none","superpopulation","facec"
104,"one_round_crossfit",0.596667662360022,0.0103302821621977,-0.00997186607517786,TRUE,0.040493961976088,5000,3,10,"C2","none","superpopulation","facec"
104,"two_round_crossfit",0.595506302198811,0.0102874831981051,-0.0111332262363889,TRUE,0.0403261931196939,5000,3,10,"C2","none","superpopulation","facec"
104,"target_only",0.57658515691526,0.0179643062922669,-0.0300543715199402,TRUE,0.0704187866801789,5000,3,10,"C2","none","superpopulation","facec"
104,"sample_size",0.597215890742041,0.0138494159463238,-0.0094236376931589,TRUE,0.0542887129234189,5000,3,10,"C2","none","superpopulation","facec"
104,"inverse_variance",0.598041848240621,0.0152378018803067,-0.00859768019457841,TRUE,0.0597310857779156,5000,3,10,"C2","none","superpopulation","facec"
104,"federated_dr",0.598990031847831,0.0102036488877924,-0.00764949658736858,TRUE,0.0399975686619305,5000,3,10,"C2","none","superpopulation","facec"
104,"pooled_dr",0.59961395297236,0.0107189317098537,-0.00702557546283966,TRUE,0.042017440208115,5000,3,10,"C2","none","superpopulation","facec"
104,"tilted_aipw",0.598592060700205,0.010313200350407,-0.0080474677349951,TRUE,0.0404270025042874,5000,3,10,"C2","none","superpopulation","facec"
104,"oracle_dr",0.601187865948762,0.013354114330471,-0.00545166248643769,TRUE,0.0523471662663066,5000,3,10,"C2","none","superpopulation","facec"
105,"one_round_crossfit",0.601064980456667,0.0103484022653677,-0.00557454797853252,TRUE,0.0405649914753066,5000,3,10,"C2","none","superpopulation","facec"
105,"two_round_crossfit",0.601450160003801,0.0103824196593328,-0.00518936843139828,TRUE,0.0406983372093459,5000,3,10,"C2","none","superpopulation","facec"
105,"target_only",0.604827400677915,0.017569479025978,-0.00181212775728512,TRUE,0.0688710922360976,5000,3,10,"C2","none","superpopulation","facec"
105,"sample_size",0.597418941709353,0.0135812832720286,-0.0092205867258468,TRUE,0.0532376521540245,5000,3,10,"C2","none","superpopulation","facec"
105,"inverse_variance",0.597030062711873,0.015009245503694,-0.00960946572332688,TRUE,0.05883516124472,5000,3,10,"C2","none","superpopulation","facec"
105,"federated_dr",0.592843551296064,0.0102779470334354,-0.0137959771391354,TRUE,0.0402888120410876,5000,3,10,"C2","none","superpopulation","facec"
105,"pooled_dr",0.597317719421708,0.0110567270435291,-0.00932180901349144,TRUE,0.043341573584414,5000,3,10,"C2","none","superpopulation","facec"
105,"tilted_aipw",0.603325247148984,0.0104054104964089,-0.00331428128621569,TRUE,0.0407884596346331,5000,3,10,"C2","none","superpopulation","facec"
105,"oracle_dr",0.597362338882218,0.012842429906662,-0.00927718955298196,TRUE,0.0503414001820752,5000,3,10,"C2","none","superpopulation","facec"
106,"one_round_crossfit",0.59823163142053,0.0103811664837095,-0.00840789701466926,TRUE,0.0406934248511699,5000,3,10,"C2","none","superpopulation","facec"
106,"two_round_crossfit",0.598816261449224,0.010382313300734,-0.00782326698597546,TRUE,0.0406979202912996,5000,3,10,"C2","none","superpopulation","facec"
106,"target_only",0.581587144764038,0.0179374790796106,-0.025052383671162,TRUE,0.0703136259389547,5000,3,10,"C2","none","superpopulation","facec"
106,"sample_size",0.595945269958905,0.0104931920318272,-0.0106942584762943,TRUE,0.0411325569304879,5000,3,10,"C2","none","superpopulation","facec"
106,"inverse_variance",0.59562672807414,0.0128144095936752,-0.0110128003610602,TRUE,0.0502315625734959,5000,3,10,"C2","none","superpopulation","facec"
106,"federated_dr",0.595752858193067,0.010673448433778,-0.0108866702421324,TRUE,0.0418391490421006,5000,3,10,"C2","none","superpopulation","facec"
106,"pooled_dr",0.596650557333524,0.0111920169096948,-0.00998897110167596,TRUE,0.0438719001147303,5000,3,10,"C2","none","superpopulation","facec"
106,"tilted_aipw",0.598287749254054,0.0108363183049193,-0.0083517791811456,TRUE,0.0424775872053078,5000,3,10,"C2","none","superpopulation","facec"
106,"oracle_dr",0.604476560235162,0.0128422067582378,-0.00216296820003803,TRUE,0.0503405254563258,5000,3,10,"C2","none","superpopulation","facec"
107,"one_round_crossfit",0.614001330921642,0.0102102492898432,0.00736180248644236,TRUE,0.0400234417625369,5000,3,10,"C2","none","superpopulation","facec"
107,"two_round_crossfit",0.612653691783911,0.0101670505664531,0.00601416334871174,TRUE,0.0398541058784914,5000,3,10,"C2","none","superpopulation","facec"
107,"target_only",0.574885407549141,0.0186231021956484,-0.031754120886059,TRUE,0.0730012191677594,5000,3,10,"C2","none","superpopulation","facec"
107,"sample_size",0.607668082923317,0.0145828972186043,0.00102855448811767,TRUE,0.0571639066774272,5000,3,10,"C2","none","superpopulation","facec"
107,"inverse_variance",0.608972460291133,0.015736207098823,0.00233293185593286,TRUE,0.0616847983339133,5000,3,10,"C2","none","superpopulation","facec"
107,"federated_dr",0.606661329931091,0.0104545032207824,2.18014958911494e-05,TRUE,0.040980899577983,5000,3,10,"C2","none","superpopulation","facec"
107,"pooled_dr",0.608567428461213,0.0106928667016661,0.00192790002601329,TRUE,0.0419152672535064,5000,3,10,"C2","none","superpopulation","facec"
107,"tilted_aipw",0.609259597777358,0.0104467335425805,0.0026200693421583,TRUE,0.0409504429990888,5000,3,10,"C2","none","superpopulation","facec"
107,"oracle_dr",0.615065751356337,0.0129923011042819,0.00842622292113715,TRUE,0.0509288844813849,5000,3,10,"C2","none","superpopulation","facec"
108,"one_round_crossfit",0.606248780488586,0.0102243849103548,-0.000390747946613534,TRUE,0.0400788523767401,5000,3,10,"C2","none","superpopulation","facec"
108,"two_round_crossfit",0.605575141535718,0.0102374980288432,-0.00106438689948152,TRUE,0.0401302548566649,5000,3,10,"C2","none","superpopulation","facec"
108,"target_only",0.595215928056414,0.0179416505260752,-0.0114236003787853,TRUE,0.0703299777086228,5000,3,10,"C2","none","superpopulation","facec"
108,"sample_size",0.608673028788005,0.00928144056475554,0.00203350035280492,TRUE,0.03638257846314,5000,3,10,"C2","none","superpopulation","facec"
108,"inverse_variance",0.608487177552747,0.0109130952599613,0.00184764911754687,TRUE,0.0427785473387579,5000,3,10,"C2","none","superpopulation","facec"
108,"federated_dr",0.609734386130589,0.0103524476599111,0.00309485769538875,TRUE,0.0405808491305235,5000,3,10,"C2","none","superpopulation","facec"
108,"pooled_dr",0.609675933354336,0.0106112389515279,0.00303640491913615,TRUE,0.0415952923526863,5000,3,10,"C2","none","superpopulation","facec"
108,"tilted_aipw",0.609827290270219,0.0104449981085399,0.0031877618350189,TRUE,0.0409436402226546,5000,3,10,"C2","none","superpopulation","facec"
108,"oracle_dr",0.6041353465986,0.0125198582883311,-0.00250418183660006,TRUE,0.0490769426733484,5000,3,10,"C2","none","superpopulation","facec"
109,"one_round_crossfit",0.61291228633786,0.0102115944822639,0.00627275790266002,TRUE,0.0400287148199303,5000,3,10,"C2","none","superpopulation","facec"
109,"two_round_crossfit",0.613470827459324,0.0102412687450626,0.00683129902412405,TRUE,0.0401450357926367,5000,3,10,"C2","none","superpopulation","facec"
109,"target_only",0.625292361644476,0.0173511585389977,0.0186528332092764,TRUE,0.0680152916529602,5000,3,10,"C2","none","superpopulation","facec"
109,"sample_size",0.616035067930222,0.00934531372112992,0.00939553949502236,TRUE,0.0366329566352852,5000,3,10,"C2","none","superpopulation","facec"
109,"inverse_variance",0.615831678346675,0.010005044359943,0.00919214991147499,TRUE,0.0392190532184278,5000,3,10,"C2","none","superpopulation","facec"
109,"federated_dr",0.613160765991703,0.0102654998566362,0.00652123755650369,TRUE,0.040240020004616,5000,3,10,"C2","none","superpopulation","facec"
109,"pooled_dr",0.611658892882016,0.0106568841324628,0.00501936444681661,TRUE,0.041774218174087,5000,3,10,"C2","none","superpopulation","facec"
109,"tilted_aipw",0.612462686657774,0.0103111999083024,0.00582315822257429,TRUE,0.040419160915331,5000,3,10,"C2","none","superpopulation","facec"
109,"oracle_dr",0.602236518685977,0.0128555435901033,-0.0044030097492227,TRUE,0.0503928048765745,5000,3,10,"C2","none","superpopulation","facec"
110,"one_round_crossfit",0.606031338790621,0.0101954117141817,-0.000608189644578871,TRUE,0.0399652795347079,5000,3,10,"C2","none","superpopulation","facec"
110,"two_round_crossfit",0.606034675169477,0.0102968199135287,-0.000604853265722793,TRUE,0.0403627923716223,5000,3,10,"C2","none","superpopulation","facec"
110,"target_only",0.621297658537911,0.0179886707952312,0.0146581301027116,TRUE,0.0705142937768013,5000,3,10,"C2","none","superpopulation","facec"
110,"sample_size",0.603290835049322,0.00935497385524677,-0.00334869338587773,TRUE,0.0366708236651949,5000,3,10,"C2","none","superpopulation","facec"
110,"inverse_variance",0.603298178042419,0.011211406775136,-0.0033413503927805,TRUE,0.0439479069905899,5000,3,10,"C2","none","superpopulation","facec"
110,"federated_dr",0.606282372644491,0.0105607602638508,-0.000357155790709052,TRUE,0.0413974195330185,5000,3,10,"C2","none","superpopulation","facec"
110,"pooled_dr",0.604670896431277,0.0107945610239497,-0.00196863200392294,TRUE,0.0423139016717222,5000,3,10,"C2","none","superpopulation","facec"
110,"tilted_aipw",0.606408024923328,0.0104430713810529,-0.000231503511872067,TRUE,0.0409360875896891,5000,3,10,"C2","none","superpopulation","facec"
110,"oracle_dr",0.602883975430957,0.0127961684095031,-0.00375555300424268,TRUE,0.0501600584454704,5000,3,10,"C2","none","superpopulation","facec"
111,"one_round_crossfit",0.60040445016651,0.0104071537512216,-0.00623507826868985,TRUE,0.0407952930679305,5000,3,10,"C2","none","superpopulation","facec"
111,"two_round_crossfit",0.601264102607253,0.0105431988740807,-0.00537542582794648,TRUE,0.0413285801500831,5000,3,10,"C2","none","superpopulation","facec"
111,"target_only",0.60801009510074,0.0182560787078175,0.0013705666655407,TRUE,0.0715625135325015,5000,3,10,"C2","none","superpopulation","facec"
111,"sample_size",0.596128975537573,0.0151778622052357,-0.0105105528976264,TRUE,0.0594961265691472,5000,3,10,"C2","none","superpopulation","facec"
111,"inverse_variance",0.595813767421562,0.0162377989617197,-0.0108257610136382,TRUE,0.063651002306345,5000,3,10,"C2","none","superpopulation","facec"
111,"federated_dr",0.592523250178645,0.0107131505492933,-0.014116278256555,TRUE,0.0419947784751407,5000,3,10,"C2","none","superpopulation","facec"
111,"pooled_dr",0.596606597535511,0.0109425229903738,-0.0100329308996884,TRUE,0.0428939019222683,5000,3,10,"C2","none","superpopulation","facec"
111,"tilted_aipw",0.598597005754876,0.0107245121680494,-0.00804252268032335,TRUE,0.0420393152022767,5000,3,10,"C2","none","superpopulation","facec"
111,"oracle_dr",0.597514027992498,0.012890956775096,-0.00912550044270155,TRUE,0.0505316220109016,5000,3,10,"C2","none","superpopulation","facec"
112,"one_round_crossfit",0.604675943179391,0.0102960276079103,-0.00196358525580886,TRUE,0.0403596865906686,5000,3,10,"C2","none","superpopulation","facec"
112,"two_round_crossfit",0.607265851698897,0.010432786066746,0.000626323263696937,TRUE,0.0408957698984667,5000,3,10,"C2","none","superpopulation","facec"
112,"target_only",0.619965418662094,0.0183751688402991,0.0133258902268942,TRUE,0.0720293382736579,5000,3,10,"C2","none","superpopulation","facec"
112,"sample_size",0.613611288083406,0.00942336506752644,0.00697175964820673,TRUE,0.0369389122910493,5000,3,10,"C2","none","superpopulation","facec"
112,"inverse_variance",0.614005643845355,0.00969723729792024,0.00736611541015542,TRUE,0.0380124717069243,5000,3,10,"C2","none","superpopulation","facec"
112,"federated_dr",0.608696365520284,0.0104550825176999,0.00205683708508442,TRUE,0.0409831703801722,5000,3,10,"C2","none","superpopulation","facec"
112,"pooled_dr",0.609551978306281,0.0108163674252382,0.00291244987108163,TRUE,0.0423993811940382,5000,3,10,"C2","none","superpopulation","facec"
112,"tilted_aipw",0.60247039310647,0.0106897614927486,-0.00416913532872931,TRUE,0.0419030950582209,5000,3,10,"C2","none","superpopulation","facec"
112,"oracle_dr",0.607855597824933,0.0127538750545796,0.00121606938973318,TRUE,0.0499942715405999,5000,3,10,"C2","none","superpopulation","facec"
113,"one_round_crossfit",0.605207651653587,0.0102991514663725,-0.00143187678161272,TRUE,0.040371931890826,5000,3,10,"C2","none","superpopulation","facec"
113,"two_round_crossfit",0.605101628773621,0.0102590082431953,-0.00153789966157891,TRUE,0.0402145733475248,5000,3,10,"C2","none","superpopulation","facec"
113,"target_only",0.60939905647653,0.0175999331369566,0.00275952804132984,TRUE,0.0689904701574962,5000,3,10,"C2","none","superpopulation","facec"
113,"sample_size",0.599447191862971,0.00939146708447182,-0.00719233657222829,TRUE,0.0368138744951163,5000,3,10,"C2","none","superpopulation","facec"
113,"inverse_variance",0.598438525372709,0.0110923686917264,-0.00820100306249083,TRUE,0.0434812862780467,5000,3,10,"C2","none","superpopulation","facec"
113,"federated_dr",0.60201701852549,0.0105060455935086,-0.00462250990970992,TRUE,0.0411829419664254,5000,3,10,"C2","none","superpopulation","facec"
113,"pooled_dr",0.602271945892639,0.0110446837149924,-0.00436758254256031,TRUE,0.0432943646040425,5000,3,10,"C2","none","superpopulation","facec"
113,"tilted_aipw",0.606252566450381,0.0106578601512611,-0.000386961984819134,TRUE,0.0417780440974729,5000,3,10,"C2","none","superpopulation","facec"
113,"oracle_dr",0.606371970173646,0.0126258430138285,-0.000267558261553447,TRUE,0.049492395163121,5000,3,10,"C2","none","superpopulation","facec"
114,"one_round_crossfit",0.607245349827589,0.0104427404980158,0.00060582139238885,TRUE,0.0409347905520179,5000,3,10,"C2","none","superpopulation","facec"
114,"two_round_crossfit",0.607301286692607,0.0104325943200905,0.000661758257407219,TRUE,0.0408950182653891,5000,3,10,"C2","none","superpopulation","facec"
114,"target_only",0.605603481504347,0.0187264355612767,-0.0010360469308528,TRUE,0.0734062785178247,5000,3,10,"C2","none","superpopulation","facec"
114,"sample_size",0.605500815813899,0.00942089574978454,-0.00113871262130072,TRUE,0.0369292327433683,5000,3,10,"C2","none","superpopulation","facec"
114,"inverse_variance",0.604433973485384,0.0108383839643014,-0.00220555494981556,TRUE,0.0424856844412946,5000,3,10,"C2","none","superpopulation","facec"
114,"federated_dr",0.606045980087009,0.0102857997223039,-0.000593548348190254,TRUE,0.0403195940158154,5000,3,10,"C2","none","superpopulation","facec"
114,"pooled_dr",0.606398276897553,0.0104957482769361,-0.000241251537647202,TRUE,0.0411425772271863,5000,3,10,"C2","none","superpopulation","facec"
114,"tilted_aipw",0.61152421123605,0.0103629272921937,0.00488468280084997,TRUE,0.0406219285342138,5000,3,10,"C2","none","superpopulation","facec"
114,"oracle_dr",0.598830049552222,0.0129939383369123,-0.00780947888297812,TRUE,0.0509353023153647,5000,3,10,"C2","none","superpopulation","facec"
115,"one_round_crossfit",0.609989170880337,0.0102963968292804,0.00334964244513691,TRUE,0.0403611339118439,5000,3,10,"C2","none","superpopulation","facec"
115,"two_round_crossfit",0.610190623278635,0.0102646903316673,0.00355109484343497,TRUE,0.0402368467250487,5000,3,10,"C2","none","superpopulation","facec"
115,"target_only",0.645208087093472,0.0175162434929107,0.0385685586582719,FALSE,0.068662412781078,5000,3,10,"C2","none","superpopulation","facec"
115,"sample_size",0.605935421584931,0.0188084649209134,-0.00070410685026856,TRUE,0.0737278276989504,5000,3,10,"C2","none","superpopulation","facec"
115,"inverse_variance",0.604996848872931,0.0187672982117332,-0.00164267956226904,TRUE,0.0735664571642403,5000,3,10,"C2","none","superpopulation","facec"
115,"federated_dr",0.601770566249054,0.0103585575712854,-0.00486896218614596,TRUE,0.0406047995430083,5000,3,10,"C2","none","superpopulation","facec"
115,"pooled_dr",0.60518579990817,0.0108607554846605,-0.00145372852702996,TRUE,0.0425733791896608,5000,3,10,"C2","none","superpopulation","facec"
115,"tilted_aipw",0.605288734734601,0.010446301498874,-0.00135079370059865,TRUE,0.0409487494188794,5000,3,10,"C2","none","superpopulation","facec"
115,"oracle_dr",0.593437265368911,0.0123941580908502,-0.0132022630662887,TRUE,0.0485842069535243,5000,3,10,"C2","none","superpopulation","facec"
116,"one_round_crossfit",0.621116293611113,0.010288771029843,0.0144767651759135,TRUE,0.0403312413273427,5000,3,10,"C2","none","superpopulation","facec"
116,"two_round_crossfit",0.621347476926696,0.0103395328603317,0.0147079484914958,TRUE,0.0405302240464371,5000,3,10,"C2","none","superpopulation","facec"
116,"target_only",0.630156107981,0.0171542752055124,0.0235165795458,TRUE,0.0672435231673856,5000,3,10,"C2","none","superpopulation","facec"
116,"sample_size",0.618165719133094,0.00916787476519484,0.0115261906978947,TRUE,0.0359374087091109,5000,3,10,"C2","none","superpopulation","facec"
116,"inverse_variance",0.61804058623051,0.0100859156120471,0.0114010577953102,TRUE,0.0395360627014452,5000,3,10,"C2","none","superpopulation","facec"
116,"federated_dr",0.621262247973309,0.010134901386483,0.0146227195381088,TRUE,0.0397280834087435,5000,3,10,"C2","none","superpopulation","facec"
116,"pooled_dr",0.621290559182265,0.0106882865435077,0.0146510307470654,TRUE,0.0418973133634384,5000,3,10,"C2","none","superpopulation","facec"
116,"tilted_aipw",0.621517981434471,0.0102988803650583,0.0148784529992712,TRUE,0.0403708691932021,5000,3,10,"C2","none","superpopulation","facec"
116,"oracle_dr",0.616740748422381,0.0124728987558399,0.0101012199871817,TRUE,0.0488928646885214,5000,3,10,"C2","none","superpopulation","facec"
117,"one_round_crossfit",0.586743618580453,0.0105287271550612,-0.0198959098547467,TRUE,0.0412718520539375,5000,3,10,"C2","none","superpopulation","facec"
117,"two_round_crossfit",0.585994297600913,0.0104548545163211,-0.0206452308342869,FALSE,0.0409822766311907,5000,3,10,"C2","none","superpopulation","facec"
117,"target_only",0.581262649615103,0.0180760232221192,-0.0253768788200968,TRUE,0.0708567089981265,5000,3,10,"C2","none","superpopulation","facec"
117,"sample_size",0.581195035751364,0.00958660863305222,-0.0254444926838358,FALSE,0.0375788153093262,5000,3,10,"C2","none","superpopulation","facec"
117,"inverse_variance",0.581253369508751,0.0110392855837948,-0.0253861589264492,FALSE,0.0432732043185802,5000,3,10,"C2","none","superpopulation","facec"
117,"federated_dr",0.582253271162675,0.0104323614269932,-0.0243862572725252,FALSE,0.0408941053412233,5000,3,10,"C2","none","superpopulation","facec"
117,"pooled_dr",0.581852779153575,0.0109116165832916,-0.0247867492816246,FALSE,0.0427727510327229,5000,3,10,"C2","none","superpopulation","facec"
117,"tilted_aipw",0.584959247775146,0.0105425941787832,-0.0216802806600538,FALSE,0.0413262097880733,5000,3,10,"C2","none","superpopulation","facec"
117,"oracle_dr",0.59532093116886,0.0129237391459824,-0.0113185972663399,TRUE,0.0506601265434317,5000,3,10,"C2","none","superpopulation","facec"
118,"one_round_crossfit",0.611601587168383,0.010259162803027,0.00496205873318345,TRUE,0.0402151792109318,5000,3,10,"C2","none","superpopulation","facec"
118,"two_round_crossfit",0.610557302421209,0.0101495683834853,0.00391777398600968,TRUE,0.0397855769805153,5000,3,10,"C2","none","superpopulation","facec"
118,"target_only",0.630281594100226,0.0177242956401613,0.0236420656650266,TRUE,0.0694779622121131,5000,3,10,"C2","none","superpopulation","facec"
118,"sample_size",0.604507240274474,0.0149092735627233,-0.00213228816072597,TRUE,0.0584432784371858,5000,3,10,"C2","none","superpopulation","facec"
118,"inverse_variance",0.603824702824697,0.0157530404142508,-0.0028148256105025,TRUE,0.0617507837178712,5000,3,10,"C2","none","superpopulation","facec"
118,"federated_dr",0.602409716323352,0.0105010245029572,-0.00422981211184803,TRUE,0.0411632596531375,5000,3,10,"C2","none","superpopulation","facec"
118,"pooled_dr",0.603677579824113,0.0109476666680974,-0.00296194861108667,TRUE,0.0429140647684412,5000,3,10,"C2","none","superpopulation","facec"
118,"tilted_aipw",0.61093203250948,0.0107476792202838,0.00429250407428072,TRUE,0.0421301283782913,5000,3,10,"C2","none","superpopulation","facec"
118,"oracle_dr",0.606961001174669,0.0126412907877542,0.000321472739469586,TRUE,0.0495529493241924,5000,3,10,"C2","none","superpopulation","facec"
119,"one_round_crossfit",0.599378384150552,0.0103569180100826,-0.00726114428464819,TRUE,0.0405983725811923,5000,3,10,"C2","none","superpopulation","facec"
119,"two_round_crossfit",0.599563154368886,0.0103503010945137,-0.00707637406631378,TRUE,0.0405724347487846,5000,3,10,"C2","none","superpopulation","facec"
119,"target_only",0.611107092122793,0.017926788666967,0.00446756368759338,TRUE,0.0702717202914325,5000,3,10,"C2","none","superpopulation","facec"
119,"sample_size",0.601828706217057,0.00935999926824172,-0.004810822218143,TRUE,0.0366905229221501,5000,3,10,"C2","none","superpopulation","facec"
119,"inverse_variance",0.602966944935559,0.0120948692228239,-0.00367258349964061,TRUE,0.0474110161489134,5000,3,10,"C2","none","superpopulation","facec"
119,"federated_dr",0.604525922008892,0.0105165802336286,-0.00211360642630776,TRUE,0.0412242369968758,5000,3,10,"C2","none","superpopulation","facec"
119,"pooled_dr",0.60150654988317,0.0109453870170332,-0.00513297855202999,TRUE,0.0429051287004745,5000,3,10,"C2","none","superpopulation","facec"
119,"tilted_aipw",0.597462194528165,0.0108113646830395,-0.00917733390703501,TRUE,0.0423797708049714,5000,3,10,"C2","none","superpopulation","facec"
119,"oracle_dr",0.599291790131383,0.0130106274930238,-0.00734773830381674,TRUE,0.0510007226051865,5000,3,10,"C2","none","superpopulation","facec"
120,"one_round_crossfit",0.622591043450186,0.01001354072359,0.0159515150149858,TRUE,0.0392523583519233,5000,3,10,"C2","none","superpopulation","facec"
120,"two_round_crossfit",0.62188650488033,0.0100065970101155,0.0152469764451298,TRUE,0.039225139495265,5000,3,10,"C2","none","superpopulation","facec"
120,"target_only",0.606573189502889,0.0178881370950924,-6.63389323111163e-05,TRUE,0.0701202089137922,5000,3,10,"C2","none","superpopulation","facec"
120,"sample_size",0.614573802137692,0.00933323366767712,0.00793427370249211,TRUE,0.0365856036958876,5000,3,10,"C2","none","superpopulation","facec"
120,"inverse_variance",0.615350728363981,0.0107964648951632,0.00871119992878167,TRUE,0.0423213647097418,5000,3,10,"C2","none","superpopulation","facec"
120,"federated_dr",0.619916997632285,0.0102529660737439,0.0132774691970852,TRUE,0.0401908884784981,5000,3,10,"C2","none","superpopulation","facec"
120,"pooled_dr",0.617999683008724,0.0109419971042904,0.0113601545735246,TRUE,0.0428918404867014,5000,3,10,"C2","none","superpopulation","facec"
120,"tilted_aipw",0.618455707548665,0.0104600676455874,0.0118161791134653,TRUE,0.0410027117224079,5000,3,10,"C2","none","superpopulation","facec"
120,"oracle_dr",0.623596208974522,0.0124714122561427,0.016956680539322,TRUE,0.0488870377167823,5000,3,10,"C2","none","superpopulation","facec"
121,"one_round_crossfit",0.605974140169386,0.0101140770074934,-0.000665388265814082,TRUE,0.0396464533431033,5000,3,10,"C2","none","superpopulation","facec"
121,"two_round_crossfit",0.605449844578664,0.0101512928641827,-0.0011896838565354,TRUE,0.0397923368206332,5000,3,10,"C2","none","superpopulation","facec"
121,"target_only",0.636228809060971,0.0173510034473922,0.0295892806257715,TRUE,0.0680146837050379,5000,3,10,"C2","none","superpopulation","facec"
121,"sample_size",0.612884436226717,0.00923267318930462,0.00624490779151698,TRUE,0.0361914138641313,5000,3,10,"C2","none","superpopulation","facec"
121,"inverse_variance",0.612484092134696,0.0123986954632092,0.00584456369949671,TRUE,0.0486019931263404,5000,3,10,"C2","none","superpopulation","facec"
121,"federated_dr",0.606371097279654,0.0103542186279457,-0.000268431155545756,TRUE,0.0405877911976544,5000,3,10,"C2","none","superpopulation","facec"
121,"pooled_dr",0.608241981830283,0.010872363465312,0.00160245339508369,TRUE,0.0426188816376813,5000,3,10,"C2","none","superpopulation","facec"
121,"tilted_aipw",0.607036741421899,0.0105450378557293,0.000397212986698925,TRUE,0.041335788825682,5000,3,10,"C2","none","superpopulation","facec"
121,"oracle_dr",0.597449342484921,0.0130242247811241,-0.00919018595027921,TRUE,0.0510540229951146,5000,3,10,"C2","none","superpopulation","facec"
122,"one_round_crossfit",0.604212837835436,0.0105141585132824,-0.00242669059976375,TRUE,0.0412147440275574,5000,3,10,"C2","none","superpopulation","facec"
122,"two_round_crossfit",0.604094681631183,0.010446826400865,-0.00254484680401679,TRUE,0.0409508069968751,5000,3,10,"C2","none","superpopulation","facec"
122,"target_only",0.620074279551604,0.0177351309890652,0.0134347511164047,TRUE,0.0695204359993358,5000,3,10,"C2","none","superpopulation","facec"
122,"sample_size",0.597428124134428,0.011098375944335,-0.00921140430077216,TRUE,0.0435048342755646,5000,3,10,"C2","none","superpopulation","facec"
122,"inverse_variance",0.597811823238532,0.0132856586903666,-0.00882770519666731,TRUE,0.0520788250880202,5000,3,10,"C2","none","superpopulation","facec"
122,"federated_dr",0.604046192139695,0.0105579499321955,-0.0025933362955044,TRUE,0.0413864032353608,5000,3,10,"C2","none","superpopulation","facec"
122,"pooled_dr",0.600159123797695,0.0110545886708416,-0.00648040463750477,TRUE,0.0433331913175081,5000,3,10,"C2","none","superpopulation","facec"
122,"tilted_aipw",0.601915067894856,0.0109514051594112,-0.00472446054034381,TRUE,0.042928719385104,5000,3,10,"C2","none","superpopulation","facec"
122,"oracle_dr",0.596729861758823,0.0126599440456859,-0.00990966667637694,TRUE,0.0496260687516734,5000,3,10,"C2","none","superpopulation","facec"
123,"one_round_crossfit",0.608329660790467,0.0102069424015764,0.00169013235526683,TRUE,0.040010478998729,5000,3,10,"C2","none","superpopulation","facec"
123,"two_round_crossfit",0.607679422948817,0.0102269719883036,0.00103989451361697,TRUE,0.0400889935359501,5000,3,10,"C2","none","superpopulation","facec"
123,"target_only",0.592027478676128,0.0182400771622265,-0.0146120497590718,TRUE,0.0714997886263908,5000,3,10,"C2","none","superpopulation","facec"
123,"sample_size",0.598499562652226,0.00950169197398933,-0.0081399657829736,TRUE,0.0372459481224248,5000,3,10,"C2","none","superpopulation","facec"
123,"inverse_variance",0.597873327091424,0.0107400907904596,-0.00876620134377593,TRUE,0.0421003822799824,5000,3,10,"C2","none","superpopulation","facec"
123,"federated_dr",0.598317383464018,0.0107990752128196,-0.00832214497118211,TRUE,0.0423315969669313,5000,3,10,"C2","none","superpopulation","facec"
123,"pooled_dr",0.599993630581804,0.0111938350089396,-0.0066458978533962,TRUE,0.0438790269328106,5000,3,10,"C2","none","superpopulation","facec"
123,"tilted_aipw",0.602928778300414,0.0107433698931563,-0.0037107501347855,TRUE,0.0421132361263565,5000,3,10,"C2","none","superpopulation","facec"
123,"oracle_dr",0.619359409318015,0.0127642896053852,0.0127198808828153,TRUE,0.0500350958295879,5000,3,10,"C2","none","superpopulation","facec"
124,"one_round_crossfit",0.611897694549666,0.0104136149165286,0.00525816611446606,TRUE,0.0408206203705301,5000,3,10,"C2","none","superpopulation","facec"
124,"two_round_crossfit",0.612493306379455,0.0104092432839183,0.0058537779442549,TRUE,0.0408034838855906,5000,3,10,"C2","none","superpopulation","facec"
124,"target_only",0.599375749694166,0.0177607170040159,-0.0072637787410339,TRUE,0.0696207313349588,5000,3,10,"C2","none","superpopulation","facec"
124,"sample_size",0.60592024288957,0.0186629859754331,-0.000719285545629944,TRUE,0.0731575607116501,5000,3,10,"C2","none","superpopulation","facec"
124,"inverse_variance",0.607173107554106,0.0186248612204246,0.000533579118906613,TRUE,0.0730081144181778,5000,3,10,"C2","none","superpopulation","facec"
124,"federated_dr",0.602788454939331,0.0101481727939806,-0.003851073495869,TRUE,0.0397801063701821,5000,3,10,"C2","none","superpopulation","facec"
124,"pooled_dr",0.60876122269761,0.0105006416092651,0.00212169426241016,TRUE,0.0411617587374449,5000,3,10,"C2","none","superpopulation","facec"
124,"tilted_aipw",0.608691405917548,0.0102980505708268,0.00205187748234792,TRUE,0.0403676164595854,5000,3,10,"C2","none","superpopulation","facec"
124,"oracle_dr",0.616906387772992,0.0126708563590015,0.0102668593377919,TRUE,0.0496688442338467,5000,3,10,"C2","none","superpopulation","facec"
125,"one_round_crossfit",0.601294841259507,0.0103135449786823,-0.00534468717569248,TRUE,0.0404283534223024,5000,3,10,"C2","none","superpopulation","facec"
125,"two_round_crossfit",0.601081398385133,0.0103350998548799,-0.00555813005006711,TRUE,0.0405128469843796,5000,3,10,"C2","none","superpopulation","facec"
125,"target_only",0.587011246830752,0.0174973086011796,-0.0196282816044482,TRUE,0.0685881893693898,5000,3,10,"C2","none","superpopulation","facec"
125,"sample_size",0.60071972459947,0.00934315705200457,-0.00591980383572954,TRUE,0.0366245026476608,5000,3,10,"C2","none","superpopulation","facec"
125,"inverse_variance",0.601856195372975,0.0109197050387047,-0.00478333306222511,TRUE,0.0428044571953234,5000,3,10,"C2","none","superpopulation","facec"
125,"federated_dr",0.603685685357473,0.0102018452013352,-0.0029538430777265,TRUE,0.0399904983409394,5000,3,10,"C2","none","superpopulation","facec"
125,"pooled_dr",0.600622734627294,0.0105705390628408,-0.00601679380790576,TRUE,0.0414357517206836,5000,3,10,"C2","none","superpopulation","facec"
125,"tilted_aipw",0.599491334629744,0.010209003372959,-0.00714819380545562,TRUE,0.0400185578580952,5000,3,10,"C2","none","superpopulation","facec"
125,"oracle_dr",0.601220956016907,0.0129264508543184,-0.00541857241829247,TRUE,0.0506707562447821,5000,3,10,"C2","none","superpopulation","facec"
126,"one_round_crossfit",0.598316616968888,0.0102303774436547,-0.00832291146631181,TRUE,0.0401023426756284,5000,3,10,"C2","none","superpopulation","facec"
126,"two_round_crossfit",0.59801876413469,0.0101807820321242,-0.00862076430050995,TRUE,0.0399079322348319,5000,3,10,"C2","none","superpopulation","facec"
126,"target_only",0.594406048751795,0.0177077919184463,-0.0122334796834048,TRUE,0.0694132688117681,5000,3,10,"C2","none","superpopulation","facec"
126,"sample_size",0.595232011288056,0.00939461948375668,-0.0114075171471436,TRUE,0.0368262316732428,5000,3,10,"C2","none","superpopulation","facec"
126,"inverse_variance",0.595637782017924,0.0105216942872913,-0.0110017464172757,TRUE,0.0412442837188636,5000,3,10,"C2","none","superpopulation","facec"
126,"federated_dr",0.59876405567632,0.0100940893526917,-0.00787547275887968,TRUE,0.0395681031760098,5000,3,10,"C2","none","superpopulation","facec"
126,"pooled_dr",0.594991963202754,0.0105955590472872,-0.0116475652324453,TRUE,0.0415338282575008,5000,3,10,"C2","none","superpopulation","facec"
126,"tilted_aipw",0.598463530056389,0.0102524843976542,-0.00817599837881122,TRUE,0.0401890003429219,5000,3,10,"C2","none","superpopulation","facec"
126,"oracle_dr",0.599252363857986,0.0129523271470697,-0.00738716457721367,TRUE,0.0507721894484741,5000,3,10,"C2","none","superpopulation","facec"
127,"one_round_crossfit",0.628027399478602,0.0101417988174711,0.0213878710434023,FALSE,0.0397551208413887,5000,3,10,"C2","none","superpopulation","facec"
127,"two_round_crossfit",0.628684970228497,0.0101383800715558,0.0220454417932973,FALSE,0.039741719603656,5000,3,10,"C2","none","superpopulation","facec"
127,"target_only",0.632985377213497,0.0177265218622121,0.026345848778297,TRUE,0.0694866888421952,5000,3,10,"C2","none","superpopulation","facec"
127,"sample_size",0.616633292723334,0.00929391458652174,0.00999376428813437,TRUE,0.0364314757299482,5000,3,10,"C2","none","superpopulation","facec"
127,"inverse_variance",0.615819817065872,0.0111841869079486,0.00918028863067255,TRUE,0.0438412070718872,5000,3,10,"C2","none","superpopulation","facec"
127,"federated_dr",0.620483083013112,0.0106022749175602,0.0138435545779121,TRUE,0.0415601539852206,5000,3,10,"C2","none","superpopulation","facec"
127,"pooled_dr",0.62166139591822,0.0110501003417366,0.0150218674830198,TRUE,0.0433155973907151,5000,3,10,"C2","none","superpopulation","facec"
127,"tilted_aipw",0.624460638784051,0.0109348006162433,0.0178211103488509,TRUE,0.0428636307719266,5000,3,10,"C2","none","superpopulation","facec"
127,"oracle_dr",0.623594668691475,0.0124819284006567,0.0169551402562748,TRUE,0.0489282602457897,5000,3,10,"C2","none","superpopulation","facec"
128,"one_round_crossfit",0.608522572969438,0.0104460081077269,0.00188304453423815,TRUE,0.0409475993467163,5000,3,10,"C2","none","superpopulation","facec"
128,"two_round_crossfit",0.608926738332981,0.0103429507895707,0.00228720989778142,TRUE,0.0405436220828574,5000,3,10,"C2","none","superpopulation","facec"
128,"target_only",0.614204519975078,0.0176985997841384,0.00756499153987855,TRUE,0.0693772363073994,5000,3,10,"C2","none","superpopulation","facec"
128,"sample_size",0.610212089748469,0.00934852966649156,0.00357256131326911,TRUE,0.0366455629094553,5000,3,10,"C2","none","superpopulation","facec"
128,"inverse_variance",0.611550624082504,0.0114762681944529,0.00491109564730419,TRUE,0.0449861446761002,5000,3,10,"C2","none","superpopulation","facec"
128,"federated_dr",0.617418605161735,0.0102553576719829,0.0107790767265351,TRUE,0.0402002633713259,5000,3,10,"C2","none","superpopulation","facec"
128,"pooled_dr",0.613215344874484,0.0107457406202308,0.00657581643928451,TRUE,0.042122529205723,5000,3,10,"C2","none","superpopulation","facec"
128,"tilted_aipw",0.612097126075042,0.0105905047426308,0.00545759763984177,TRUE,0.0415140157473139,5000,3,10,"C2","none","superpopulation","facec"
128,"oracle_dr",0.596664963537799,0.0124301637414435,-0.00997456489740078,TRUE,0.0487253465103297,5000,3,10,"C2","none","superpopulation","facec"
129,"one_round_crossfit",0.606303671595513,0.0104181598032554,-0.000335856839686954,TRUE,0.040838435999127,5000,3,10,"C2","none","superpopulation","facec"
129,"two_round_crossfit",0.606608615473372,0.010384520789407,-3.09129618278892e-05,TRUE,0.0407065734878902,5000,3,10,"C2","none","superpopulation","facec"
129,"target_only",0.576735599913577,0.0178725865851895,-0.0299039285216224,TRUE,0.0700592520350904,5000,3,10,"C2","none","superpopulation","facec"
129,"sample_size",0.604385270907222,0.0143942144081189,-0.00225425752797814,TRUE,0.0564242836513211,5000,3,10,"C2","none","superpopulation","facec"
129,"inverse_variance",0.605486880581827,0.0154831116160291,-0.00115264785337232,TRUE,0.0606926822720615,5000,3,10,"C2","none","superpopulation","facec"
129,"federated_dr",0.615676334141239,0.0105132751614317,0.00903680570603915,TRUE,0.0412112813519312,5000,3,10,"C2","none","superpopulation","facec"
129,"pooled_dr",0.608038722419049,0.0109788381442681,0.00139919398384891,TRUE,0.0430362547097198,5000,3,10,"C2","none","superpopulation","facec"
129,"tilted_aipw",0.611187470946269,0.0106422368686175,0.00454794251106927,TRUE,0.0417168019548695,5000,3,10,"C2","none","superpopulation","facec"
129,"oracle_dr",0.614312604751027,0.0126685171978064,0.00767307631582681,TRUE,0.0496596748904534,5000,3,10,"C2","none","superpopulation","facec"
130,"one_round_crossfit",0.585903538508511,0.0103409286194158,-0.0207359899266892,FALSE,0.0405356953215088,5000,3,10,"C2","none","superpopulation","facec"
130,"two_round_crossfit",0.585288894257017,0.0103806045426368,-0.0213506341781831,FALSE,0.0406912220826419,5000,3,10,"C2","none","superpopulation","facec"
130,"target_only",0.557676996923097,0.0182804073407082,-0.0489625315121025,FALSE,0.0716578800210192,5000,3,10,"C2","none","superpopulation","facec"
130,"sample_size",0.586013716065327,0.0181369905251167,-0.0206258123698732,TRUE,0.0710956964343461,5000,3,10,"C2","none","superpopulation","facec"
130,"inverse_variance",0.587042001092574,0.0180706713611735,-0.0195975273426257,TRUE,0.070835730088719,5000,3,10,"C2","none","superpopulation","facec"
130,"federated_dr",0.596055395592379,0.0104909241529068,-0.010584132842821,TRUE,0.0411236670084774,5000,3,10,"C2","none","superpopulation","facec"
130,"pooled_dr",0.586665658458345,0.011071437188314,-0.0199738699768544,TRUE,0.0433992362923858,5000,3,10,"C2","none","superpopulation","facec"
130,"tilted_aipw",0.590708903352438,0.0106949007114,-0.0159306250827616,TRUE,0.0419232404251515,5000,3,10,"C2","none","superpopulation","facec"
130,"oracle_dr",0.598136553891939,0.0128491465790139,-0.00850297454326077,TRUE,0.0503677290538864,5000,3,10,"C2","none","superpopulation","facec"
131,"one_round_crossfit",0.632679002295506,0.010460066021154,0.0260394738603065,FALSE,0.0410027053547461,5000,3,10,"C2","none","superpopulation","facec"
131,"two_round_crossfit",0.632093065757121,0.0104207700915334,0.0254535373219208,FALSE,0.0408486681411553,5000,3,10,"C2","none","superpopulation","facec"
131,"target_only",0.63823996028876,0.0177177639134639,0.0316004318535605,TRUE,0.0694523583139455,5000,3,10,"C2","none","superpopulation","facec"
131,"sample_size",0.629048578029848,0.00933129412656012,0.022409049594648,FALSE,0.0365780008344159,5000,3,10,"C2","none","superpopulation","facec"
131,"inverse_variance",0.628737976144481,0.0104628798991594,0.0220984477092808,FALSE,0.0410137355538409,5000,3,10,"C2","none","superpopulation","facec"
131,"federated_dr",0.628446256277941,0.0106663693631838,0.0218067278427416,FALSE,0.0418113995952833,5000,3,10,"C2","none","superpopulation","facec"
131,"pooled_dr",0.629663894104511,0.0111220822979597,0.0230243656693114,FALSE,0.0435977614741829,5000,3,10,"C2","none","superpopulation","facec"
131,"tilted_aipw",0.630386002296361,0.0110517316705392,0.0237464738611608,FALSE,0.0433219920821148,5000,3,10,"C2","none","superpopulation","facec"
131,"oracle_dr",0.62343084040173,0.0127311504273664,0.0167913119665299,TRUE,0.0499051926387994,5000,3,10,"C2","none","superpopulation","facec"
132,"one_round_crossfit",0.608167670737574,0.0104716848374149,0.00152814230237441,TRUE,0.0410482502775746,5000,3,10,"C2","none","superpopulation","facec"
132,"two_round_crossfit",0.608345786720129,0.0104303741830309,0.00170625828492965,TRUE,0.0408863154880337,5000,3,10,"C2","none","superpopulation","facec"
132,"target_only",0.576349097460899,0.0180595872586077,-0.0302904309743006,TRUE,0.0707922812050592,5000,3,10,"C2","none","superpopulation","facec"
132,"sample_size",0.60300033394992,0.0111450544205456,-0.00363919448527938,TRUE,0.0436878105400165,5000,3,10,"C2","none","superpopulation","facec"
132,"inverse_variance",0.604216961928379,0.0137446300158975,-0.00242256650682104,TRUE,0.0538779596239747,5000,3,10,"C2","none","superpopulation","facec"
132,"federated_dr",0.609129440332188,0.010594456163407,0.00248991189698855,TRUE,0.0415295050321323,5000,3,10,"C2","none","superpopulation","facec"
132,"pooled_dr",0.603962700176873,0.0111665626344905,-0.0026768282583266,TRUE,0.043772121189424,5000,3,10,"C2","none","superpopulation","facec"
132,"tilted_aipw",0.606196132077596,0.0107536085358851,-0.000443396357603931,TRUE,0.0421533708683544,5000,3,10,"C2","none","superpopulation","facec"
132,"oracle_dr",0.621885432505359,0.0125915876092343,0.015245904070159,TRUE,0.04935811644456,5000,3,10,"C2","none","superpopulation","facec"
133,"one_round_crossfit",0.605605458977677,0.0104105608252005,-0.00103406945752271,TRUE,0.0408086485525132,5000,3,10,"C2","none","superpopulation","facec"
133,"two_round_crossfit",0.605269814743449,0.0104375410797917,-0.00136971369175065,TRUE,0.0409144092070981,5000,3,10,"C2","none","superpopulation","facec"
133,"target_only",0.614516562693778,0.0181522039102495,0.00787703425857778,TRUE,0.0711553318082323,5000,3,10,"C2","none","superpopulation","facec"
133,"sample_size",0.606454193586334,0.00933033882813649,-0.000185334848865293,TRUE,0.0365742561334064,5000,3,10,"C2","none","superpopulation","facec"
133,"inverse_variance",0.606497397730884,0.00970501726428688,-0.00014213070431579,TRUE,0.0380429686146835,5000,3,10,"C2","none","superpopulation","facec"
133,"federated_dr",0.610926664882939,0.0105645892835192,0.00428713644773893,TRUE,0.041412429014311,5000,3,10,"C2","none","superpopulation","facec"
133,"pooled_dr",0.609000167488338,0.0109111788096276,0.00236063905313821,TRUE,0.0427710349914934,5000,3,10,"C2","none","superpopulation","facec"
133,"tilted_aipw",0.609829466653524,0.01065357621357,0.00318993821832403,TRUE,0.0417612513702994,5000,3,10,"C2","none","superpopulation","facec"
133,"oracle_dr",0.599516652360234,0.0125927563703874,-0.00712287607496587,TRUE,0.0493626979040931,5000,3,10,"C2","none","superpopulation","facec"
134,"one_round_crossfit",0.612116650674512,0.0103871039391239,0.00547712223931229,TRUE,0.0407166992487138,5000,3,10,"C2","none","superpopulation","facec"
134,"two_round_crossfit",0.613422052376012,0.0103133291074441,0.00678252394081258,TRUE,0.0404275072225981,5000,3,10,"C2","none","superpopulation","facec"
134,"target_only",0.610326204115774,0.0177316167663093,0.00368667568057468,TRUE,0.0695066604992653,5000,3,10,"C2","none","superpopulation","facec"
134,"sample_size",0.611584769745556,0.0092860988549009,0.0049452413103559,TRUE,0.0364008386249688,5000,3,10,"C2","none","superpopulation","facec"
134,"inverse_variance",0.611364460201343,0.0100558869300212,0.00472493176614286,TRUE,0.0394183524308973,5000,3,10,"C2","none","superpopulation","facec"
134,"federated_dr",0.612178695237018,0.0100239067739664,0.00553916680181832,TRUE,0.0392929925227226,5000,3,10,"C2","none","superpopulation","facec"
134,"pooled_dr",0.612638776915421,0.0105564890624403,0.0059992484802216,TRUE,0.041380676731148,5000,3,10,"C2","none","superpopulation","facec"
134,"tilted_aipw",0.609585957735378,0.0102888944543428,0.00294642930017797,TRUE,0.0403317251424915,5000,3,10,"C2","none","superpopulation","facec"
134,"oracle_dr",0.608923799893835,0.0128234002101389,0.00228427145863486,TRUE,0.0502668051424313,5000,3,10,"C2","none","superpopulation","facec"
135,"one_round_crossfit",0.611363900617839,0.0103941032468306,0.00472437218263966,TRUE,0.0407441360307574,5000,3,10,"C2","none","superpopulation","facec"
135,"two_round_crossfit",0.611258051751749,0.0103517109667408,0.00461852331654922,TRUE,0.0405779613463604,5000,3,10,"C2","none","superpopulation","facec"
135,"target_only",0.61425283638017,0.0174787703094585,0.0076133079449705,TRUE,0.0685155206011732,5000,3,10,"C2","none","superpopulation","facec"
135,"sample_size",0.612412765989232,0.00930661713156868,0.00577323755403247,TRUE,0.0364812687915561,5000,3,10,"C2","none","superpopulation","facec"
135,"inverse_variance",0.611477482587907,0.0104968356535188,0.00483795415270705,TRUE,0.0411468396650656,5000,3,10,"C2","none","superpopulation","facec"
135,"federated_dr",0.609245550840244,0.0101924550882324,0.00260602240504382,TRUE,0.039953689773955,5000,3,10,"C2","none","superpopulation","facec"
135,"pooled_dr",0.610983012309795,0.0107205827169396,0.00434348387459549,TRUE,0.0420239120369685,5000,3,10,"C2","none","superpopulation","facec"
135,"tilted_aipw",0.607434748709317,0.010693292076796,0.000795220274117714,TRUE,0.0419169346933754,5000,3,10,"C2","none","superpopulation","facec"
135,"oracle_dr",0.602418516589575,0.0126681778117521,-0.00422101184562429,TRUE,0.049658344521567,5000,3,10,"C2","none","superpopulation","facec"
136,"one_round_crossfit",0.613025953236897,0.0103552099692244,0.00638642480169771,TRUE,0.0405916771840598,5000,3,10,"C2","none","superpopulation","facec"
136,"two_round_crossfit",0.612195179786621,0.0104337618188616,0.00555565135142166,TRUE,0.0408995947764759,5000,3,10,"C2","none","superpopulation","facec"
136,"target_only",0.63161440871626,0.0182178736500826,0.0249748802810598,TRUE,0.0714127524581263,5000,3,10,"C2","none","superpopulation","facec"
136,"sample_size",0.61118431293153,0.00945085188768452,0.00454478449633033,TRUE,0.0370466586461682,5000,3,10,"C2","none","superpopulation","facec"
136,"inverse_variance",0.611831341767145,0.0118905360459835,0.00519181333194563,TRUE,0.0466100448140057,5000,3,10,"C2","none","superpopulation","facec"
136,"federated_dr",0.612958722059943,0.0105232646061488,0.00631919362474331,TRUE,0.0412504392556732,5000,3,10,"C2","none","superpopulation","facec"
136,"pooled_dr",0.610746488959843,0.0106211569994151,0.00410696052464288,TRUE,0.0416341703859984,5000,3,10,"C2","none","superpopulation","facec"
136,"tilted_aipw",0.613876022602775,0.0106772544337007,0.00723649416757532,TRUE,0.0418540682876478,5000,3,10,"C2","none","superpopulation","facec"
136,"oracle_dr",0.610629262635329,0.0131608469702187,0.0039897342001296,TRUE,0.0515895721353434,5000,3,10,"C2","none","superpopulation","facec"
137,"one_round_crossfit",0.614101519183496,0.0104196597675885,0.00746199074829634,TRUE,0.0408443157512688,5000,3,10,"C2","none","superpopulation","facec"
137,"two_round_crossfit",0.613164163607203,0.0103583674609369,0.00652463517200319,TRUE,0.0406040543241357,5000,3,10,"C2","none","superpopulation","facec"
137,"target_only",0.605918829255636,0.0177905211006048,-0.000720699179564188,TRUE,0.0697375612467706,5000,3,10,"C2","none","superpopulation","facec"
137,"sample_size",0.60850480956243,0.0093989391592902,0.00186528112723061,TRUE,0.0368431644901839,5000,3,10,"C2","none","superpopulation","facec"
137,"inverse_variance",0.607647971759646,0.0114865305341761,0.00100844332444616,TRUE,0.0450263723086095,5000,3,10,"C2","none","superpopulation","facec"
137,"federated_dr",0.605041307481283,0.01047021038003,-0.00159822095391637,TRUE,0.0410424705108325,5000,3,10,"C2","none","superpopulation","facec"
137,"pooled_dr",0.608495908973854,0.0110094843268002,0.00185638053865456,TRUE,0.0431563855377732,5000,3,10,"C2","none","superpopulation","facec"
137,"tilted_aipw",0.609436974079261,0.0106929276747611,0.00279744564406137,TRUE,0.0419155062636469,5000,3,10,"C2","none","superpopulation","facec"
137,"oracle_dr",0.622171638540179,0.0126949223039932,0.0155321101049797,TRUE,0.0497631810047219,5000,3,10,"C2","none","superpopulation","facec"
138,"one_round_crossfit",0.616989959716142,0.0103772069577421,0.0103504312809422,TRUE,0.0406779037945857,5000,3,10,"C2","none","superpopulation","facec"
138,"two_round_crossfit",0.616143157608593,0.0103802429584196,0.0095036291733932,TRUE,0.040689804698556,5000,3,10,"C2","none","superpopulation","facec"
138,"target_only",0.608424277078538,0.0178150334964778,0.00178474864333789,TRUE,0.0698336480729422,5000,3,10,"C2","none","superpopulation","facec"
138,"sample_size",0.608415319782428,0.00953605741150079,0.00177579134722838,TRUE,0.0373806581620957,5000,3,10,"C2","none","superpopulation","facec"
138,"inverse_variance",0.609028865797185,0.00998630677395248,0.00238933736198532,TRUE,0.0391456032310304,5000,3,10,"C2","none","superpopulation","facec"
138,"federated_dr",0.614232579508662,0.0106685581716579,0.00759305107346209,TRUE,0.0418199795668399,5000,3,10,"C2","none","superpopulation","facec"
138,"pooled_dr",0.610962718482673,0.011463914036607,0.00432319004747372,TRUE,0.0449377172672261,5000,3,10,"C2","none","superpopulation","facec"
138,"tilted_aipw",0.611678834923321,0.011116129395965,0.00503930648812112,TRUE,0.0435744265271567,5000,3,10,"C2","none","superpopulation","facec"
138,"oracle_dr",0.613879751013212,0.0127466904018274,0.00724022257801193,TRUE,0.0499661082193281,5000,3,10,"C2","none","superpopulation","facec"
139,"one_round_crossfit",0.591531265568255,0.0103578187769923,-0.0151082628669444,TRUE,0.0406019035225951,5000,3,10,"C2","none","superpopulation","facec"
139,"two_round_crossfit",0.591364930520633,0.0103308208240107,-0.0152745979145666,TRUE,0.0404960734915947,5000,3,10,"C2","none","superpopulation","facec"
139,"target_only",0.592129006381592,0.0182890392176966,-0.0145105220536075,TRUE,0.0716917163570518,5000,3,10,"C2","none","superpopulation","facec"
139,"sample_size",0.593674946137947,0.00935027425948426,-0.0129645822972526,TRUE,0.0366524015883221,5000,3,10,"C2","none","superpopulation","facec"
139,"inverse_variance",0.59236412155497,0.0117966790567753,-0.0142754068802293,TRUE,0.0462421321769151,5000,3,10,"C2","none","superpopulation","facec"
139,"federated_dr",0.591585299155149,0.010317979294612,-0.0150542292800504,TRUE,0.0404457356213392,5000,3,10,"C2","none","superpopulation","facec"
139,"pooled_dr",0.594454741875488,0.0106139214918989,-0.0121847865597116,TRUE,0.041605807717715,5000,3,10,"C2","none","superpopulation","facec"
139,"tilted_aipw",0.595186674848846,0.0104700038822793,-0.011452853586354,TRUE,0.0410416610545239,5000,3,10,"C2","none","superpopulation","facec"
139,"oracle_dr",0.594464503444711,0.0128166392253498,-0.0121750249904886,TRUE,0.0502403025690579,5000,3,10,"C2","none","superpopulation","facec"
140,"one_round_crossfit",0.593083116201497,0.0103009205786137,-0.013556412233703,TRUE,0.0403788666833806,5000,3,10,"C2","none","superpopulation","facec"
140,"two_round_crossfit",0.592896450640183,0.0103258565278905,-0.0137430777950165,TRUE,0.0404766138083863,5000,3,10,"C2","none","superpopulation","facec"
140,"target_only",0.590361832166619,0.018292554089401,-0.0162776962685808,TRUE,0.0717054944009539,5000,3,10,"C2","none","superpopulation","facec"
140,"sample_size",0.598661141361057,0.00954123631335175,-0.00797838707414278,TRUE,0.0374009590843103,5000,3,10,"C2","none","superpopulation","facec"
140,"inverse_variance",0.598855146867167,0.0107620735187094,-0.00778438156803285,TRUE,0.0421865529912855,5000,3,10,"C2","none","superpopulation","facec"
140,"federated_dr",0.596603294700917,0.0104391572333809,-0.0100362337342828,TRUE,0.0409207444127548,5000,3,10,"C2","none","superpopulation","facec"
140,"pooled_dr",0.596440908876077,0.0112992111489544,-0.0101986195591223,TRUE,0.0442920938113283,5000,3,10,"C2","none","superpopulation","facec"
140,"tilted_aipw",0.595034816920871,0.0107909321686095,-0.0116047115143288,TRUE,0.0422996768201784,5000,3,10,"C2","none","superpopulation","facec"
140,"oracle_dr",0.590343389956875,0.0127525467080856,-0.016296138478325,TRUE,0.0499890645180254,5000,3,10,"C2","none","superpopulation","facec"
141,"one_round_crossfit",0.621524139686819,0.0101831616203083,0.0148846112516189,TRUE,0.0399172600491096,5000,3,10,"C2","none","superpopulation","facec"
141,"two_round_crossfit",0.621202624010418,0.01016065432154,0.0145630955752183,TRUE,0.0398290330591591,5000,3,10,"C2","none","superpopulation","facec"
141,"target_only",0.634314154914948,0.0174103320919996,0.0276746264797487,TRUE,0.0682472477184022,5000,3,10,"C2","none","superpopulation","facec"
141,"sample_size",0.621450000559007,0.00925431854446198,0.0148104721238075,TRUE,0.0362762620972132,5000,3,10,"C2","none","superpopulation","facec"
141,"inverse_variance",0.621849811185712,0.0102879993355573,0.0152102827505122,TRUE,0.0403282163413288,5000,3,10,"C2","none","superpopulation","facec"
141,"federated_dr",0.621908685926282,0.0103100311574413,0.0152691574910827,TRUE,0.0404145794961417,5000,3,10,"C2","none","superpopulation","facec"
141,"pooled_dr",0.620391550259928,0.01085024780559,0.0137520218247279,TRUE,0.0425321898445823,5000,3,10,"C2","none","superpopulation","facec"
141,"tilted_aipw",0.618366254678077,0.0105499060000041,0.0117267262428774,TRUE,0.0413548716005818,5000,3,10,"C2","none","superpopulation","facec"
141,"oracle_dr",0.612693188460647,0.0125184253795635,0.00605366002544727,TRUE,0.049071325774193,5000,3,10,"C2","none","superpopulation","facec"
142,"one_round_crossfit",0.61427466784975,0.0103371921841642,0.00763513941455063,TRUE,0.0405210487644614,5000,3,10,"C2","none","superpopulation","facec"
142,"two_round_crossfit",0.613633556496896,0.0104619497351616,0.00699402806169669,TRUE,0.0410100893779703,5000,3,10,"C2","none","superpopulation","facec"
142,"target_only",0.622471816457487,0.0184121953269214,0.0158322880222876,TRUE,0.0721744794341652,5000,3,10,"C2","none","superpopulation","facec"
142,"sample_size",0.609581598575224,0.00976531007092204,0.0029420701400239,TRUE,0.038279312073747,5000,3,10,"C2","none","superpopulation","facec"
142,"inverse_variance",0.609144331537426,0.0122306898255581,0.00250480310222634,TRUE,0.0479434231283487,5000,3,10,"C2","none","superpopulation","facec"
142,"federated_dr",0.61184894482554,0.0103946086246149,0.00520941639034045,TRUE,0.0407461170752694,5000,3,10,"C2","none","superpopulation","facec"
142,"pooled_dr",0.610729902124402,0.0109756931601415,0.0040903736892024,TRUE,0.0430239265984798,5000,3,10,"C2","none","superpopulation","facec"
142,"tilted_aipw",0.608155844246857,0.0105834291029241,0.00151631581165712,TRUE,0.0414862797493287,5000,3,10,"C2","none","superpopulation","facec"
142,"oracle_dr",0.611447959207582,0.0126144080943677,0.00480843077238213,TRUE,0.0494475711025024,5000,3,10,"C2","none","superpopulation","facec"
143,"one_round_crossfit",0.605261667128484,0.0102372386067724,-0.00137786130671602,TRUE,0.0401292379408338,5000,3,10,"C2","none","superpopulation","facec"
143,"two_round_crossfit",0.605992445855404,0.0102433656191887,-0.000647082579795621,TRUE,0.0401532553881714,5000,3,10,"C2","none","superpopulation","facec"
143,"target_only",0.611572563548665,0.0179729999402804,0.00493303511346477,TRUE,0.0704528651541803,5000,3,10,"C2","none","superpopulation","facec"
143,"sample_size",0.604852870050459,0.00929482955630682,-0.00178665838474035,TRUE,0.0364350623455996,5000,3,10,"C2","none","superpopulation","facec"
143,"inverse_variance",0.605256824176254,0.0100911777901457,-0.00138270425894593,TRUE,0.0395566900605522,5000,3,10,"C2","none","superpopulation","facec"
143,"federated_dr",0.607404777179728,0.0102601183744702,0.000765248744528546,TRUE,0.0402189249821585,5000,3,10,"C2","none","superpopulation","facec"
143,"pooled_dr",0.605339418747093,0.0107206568699999,-0.00130010968810723,TRUE,0.0420242027116235,5000,3,10,"C2","none","superpopulation","facec"
143,"tilted_aipw",0.605628747851268,0.01040451549841,-0.00101078058393178,TRUE,0.0407849513069449,5000,3,10,"C2","none","superpopulation","facec"
143,"oracle_dr",0.602796926492099,0.0127191697425643,-0.00384260194310093,TRUE,0.0498582292173553,5000,3,10,"C2","none","superpopulation","facec"
144,"one_round_crossfit",0.605384692337189,0.0102130742390696,-0.00125483609801058,TRUE,0.0400345153600203,5000,3,10,"C2","none","superpopulation","facec"
144,"two_round_crossfit",0.604730903611648,0.0102213951865629,-0.00190862482355136,TRUE,0.0400671328748285,5000,3,10,"C2","none","superpopulation","facec"
144,"target_only",0.632293970472074,0.0171350999242448,0.0256544420368741,TRUE,0.0671683574460296,5000,3,10,"C2","none","superpopulation","facec"
144,"sample_size",0.598931176436092,0.0136969007823597,-0.00770835199910747,TRUE,0.0536908644664869,5000,3,10,"C2","none","superpopulation","facec"
144,"inverse_variance",0.598429725843182,0.0150952449098023,-0.00820980259201787,TRUE,0.0591722727220483,5000,3,10,"C2","none","superpopulation","facec"
144,"federated_dr",0.601405819582787,0.0104310924403075,-0.00523370885241248,TRUE,0.0408891310048214,5000,3,10,"C2","none","superpopulation","facec"
144,"pooled_dr",0.601131254714863,0.0112862064441721,-0.00550827372033669,TRUE,0.0442411163053225,5000,3,10,"C2","none","superpopulation","facec"
144,"tilted_aipw",0.606190283521532,0.0106571973885738,-0.000449244913667601,TRUE,0.0417754461154778,5000,3,10,"C2","none","superpopulation","facec"
144,"oracle_dr",0.600065633813249,0.0126894097090776,-0.00657389462195068,TRUE,0.0497415720297301,5000,3,10,"C2","none","superpopulation","facec"
145,"one_round_crossfit",0.6022027248216,0.0102536427119375,-0.00443680361359966,TRUE,0.040193540851478,5000,3,10,"C2","none","superpopulation","facec"
145,"two_round_crossfit",0.601751351919352,0.0102496316980917,-0.00488817651584816,TRUE,0.0401778179661199,5000,3,10,"C2","none","superpopulation","facec"
145,"target_only",0.603832266198695,0.0183863484753279,-0.00280726223650474,TRUE,0.0720731616376911,5000,3,10,"C2","none","superpopulation","facec"
145,"sample_size",0.602806866672195,0.00929527035699274,-0.0038326617630049,TRUE,0.0364367902525371,5000,3,10,"C2","none","superpopulation","facec"
145,"inverse_variance",0.602357145955291,0.0111369041013609,-0.00428238247990875,TRUE,0.0436558618758875,5000,3,10,"C2","none","superpopulation","facec"
145,"federated_dr",0.603357679450889,0.010431375052149,-0.00328184898431028,TRUE,0.0408902388228836,5000,3,10,"C2","none","superpopulation","facec"
145,"pooled_dr",0.604060272994687,0.0108076165705467,-0.0025792554405123,TRUE,0.0423650784739797,5000,3,10,"C2","none","superpopulation","facec"
145,"tilted_aipw",0.600801541068486,0.0106553098561389,-0.00583798736671404,TRUE,0.0417680471242936,5000,3,10,"C2","none","superpopulation","facec"
145,"oracle_dr",0.6063864990355,0.0130801765130285,-0.000253029399699622,TRUE,0.0512733497539253,5000,3,10,"C2","none","superpopulation","facec"
146,"one_round_crossfit",0.620054684566043,0.0103531486266974,0.0134151561308428,TRUE,0.0405835968698345,5000,3,10,"C2","none","superpopulation","facec"
146,"two_round_crossfit",0.621168684102572,0.0103369661936743,0.0145291556673723,TRUE,0.0405201628980196,5000,3,10,"C2","none","superpopulation","facec"
146,"target_only",0.632666168233343,0.0178091792266922,0.0260266397981429,TRUE,0.0698106997570711,5000,3,10,"C2","none","superpopulation","facec"
146,"sample_size",0.618892512163598,0.0093079286451594,0.0122529837283984,TRUE,0.0364864098303623,5000,3,10,"C2","none","superpopulation","facec"
146,"inverse_variance",0.617631139275192,0.0124952167116628,0.010991610839992,TRUE,0.0489803494677641,5000,3,10,"C2","none","superpopulation","facec"
146,"federated_dr",0.616973218084113,0.0104601524848582,0.0103336896489132,TRUE,0.0410030442862384,5000,3,10,"C2","none","superpopulation","facec"
146,"pooled_dr",0.620564261204124,0.0106419064318476,0.0139247327689247,TRUE,0.0417155066665327,5000,3,10,"C2","none","superpopulation","facec"
146,"tilted_aipw",0.622063025986847,0.010365505337262,0.0154234975516476,TRUE,0.0406320342851827,5000,3,10,"C2","none","superpopulation","facec"
146,"oracle_dr",0.620145169069868,0.0127850023746849,0.0135056406346683,TRUE,0.0501162883932831,5000,3,10,"C2","none","superpopulation","facec"
147,"one_round_crossfit",0.601107895071269,0.0105694388379385,-0.00553163336393114,TRUE,0.0414314389183166,5000,3,10,"C2","none","superpopulation","facec"
147,"two_round_crossfit",0.601318933623388,0.0105468466945008,-0.00532059481181202,TRUE,0.0413428793433737,5000,3,10,"C2","none","superpopulation","facec"
147,"target_only",0.627040890333308,0.0181147779084356,0.0204013618981084,TRUE,0.0710086245769512,5000,3,10,"C2","none","superpopulation","facec"
147,"sample_size",0.609574335615182,0.00938008461692466,0.00293480717998262,TRUE,0.036769256042221,5000,3,10,"C2","none","superpopulation","facec"
147,"inverse_variance",0.609001508745252,0.0108556619693253,0.00236198031005186,TRUE,0.0425534129764376,5000,3,10,"C2","none","superpopulation","facec"
147,"federated_dr",0.604744002229564,0.0102662526057517,-0.00189552620563593,TRUE,0.0402429707269276,5000,3,10,"C2","none","superpopulation","facec"
147,"pooled_dr",0.606441859668325,0.0108512892603928,-0.000197668766874548,TRUE,0.0425362722723923,5000,3,10,"C2","none","superpopulation","facec"
147,"tilted_aipw",0.607726758844346,0.0103098499945298,0.00108723040914671,TRUE,0.0404138693505776,5000,3,10,"C2","none","superpopulation","facec"
147,"oracle_dr",0.602445332342859,0.0122976258189564,-0.00419419609234084,TRUE,0.048205807401009,5000,3,10,"C2","none","superpopulation","facec"
148,"one_round_crossfit",0.616713310368445,0.0103030224418528,0.0100737819332457,TRUE,0.0403871058358789,5000,3,10,"C2","none","superpopulation","facec"
148,"two_round_crossfit",0.616957903302472,0.0102492494013162,0.0103183748672727,TRUE,0.0401763193902969,5000,3,10,"C2","none","superpopulation","facec"
148,"target_only",0.609067221283013,0.0173510718786321,0.0024276928478133,TRUE,0.0680149519505693,5000,3,10,"C2","none","superpopulation","facec"
148,"sample_size",0.614356170828289,0.00928169631807698,0.00771664239308933,TRUE,0.0363835809977378,5000,3,10,"C2","none","superpopulation","facec"
148,"inverse_variance",0.613775430576545,0.0102790145411123,0.00713590214134574,TRUE,0.0402929965942871,5000,3,10,"C2","none","superpopulation","facec"
148,"federated_dr",0.612346243467304,0.0105626411446889,0.00570671503210418,TRUE,0.0414047924504222,5000,3,10,"C2","none","superpopulation","facec"
148,"pooled_dr",0.613362149109253,0.0110702201614406,0.00672262067405294,TRUE,0.0433944656347056,5000,3,10,"C2","none","superpopulation","facec"
148,"tilted_aipw",0.614920205807621,0.0105333549904354,0.00828067737242166,TRUE,0.0412899928352572,5000,3,10,"C2","none","superpopulation","facec"
148,"oracle_dr",0.614983003980787,0.0126884630604168,0.00834347554558734,TRUE,0.0497378612351678,5000,3,10,"C2","none","superpopulation","facec"
149,"one_round_crossfit",0.597799852294742,0.0102745820984711,-0.00883967614045811,TRUE,0.0402756217384066,5000,3,10,"C2","none","superpopulation","facec"
149,"two_round_crossfit",0.597408489691935,0.0103834108412057,-0.00923103874326459,TRUE,0.0407022225708917,5000,3,10,"C2","none","superpopulation","facec"
149,"target_only",0.556727543731834,0.0190131544324277,-0.049911984703366,FALSE,0.074530195840113,5000,3,10,"C2","none","superpopulation","facec"
149,"sample_size",0.597322700368693,0.0146574701604226,-0.00931682806650658,TRUE,0.0574562272377976,5000,3,10,"C2","none","superpopulation","facec"
149,"inverse_variance",0.599017753421206,0.0157492687873921,-0.00762177501399397,TRUE,0.0617359992122586,5000,3,10,"C2","none","superpopulation","facec"
149,"federated_dr",0.597225285314227,0.0106010059609383,-0.00941424312097294,TRUE,0.0415551797666671,5000,3,10,"C2","none","superpopulation","facec"
149,"pooled_dr",0.597072472556413,0.0107516849860042,-0.00956705587878681,TRUE,0.0421458306913767,5000,3,10,"C2","none","superpopulation","facec"
149,"tilted_aipw",0.584468017401438,0.0108955019221503,-0.0221715110337619,FALSE,0.0427095827218031,5000,3,10,"C2","none","superpopulation","facec"
149,"oracle_dr",0.609120032750718,0.0130311865676759,0.00248050431551872,TRUE,0.0510813126969338,5000,3,10,"C2","none","superpopulation","facec"
150,"one_round_crossfit",0.598645825405662,0.0103185574841294,-0.00799370302953795,TRUE,0.0404480020825999,5000,3,10,"C2","none","superpopulation","facec"
150,"two_round_crossfit",0.598043619422646,0.0103332897303456,-0.0085959090125538,TRUE,0.0405057514265901,5000,3,10,"C2","none","superpopulation","facec"
150,"target_only",0.618815550092874,0.0179655704569833,0.0121760216576744,TRUE,0.070423742114808,5000,3,10,"C2","none","superpopulation","facec"
150,"sample_size",0.602712702797271,0.00936805506727543,-0.00392682563792912,TRUE,0.0367221010740957,5000,3,10,"C2","none","superpopulation","facec"
150,"inverse_variance",0.602759113385222,0.0106660962260508,-0.00388041504997783,TRUE,0.0418103289173963,5000,3,10,"C2","none","superpopulation","facec"
150,"federated_dr",0.602741988993333,0.00992638325069109,-0.00389753944186721,TRUE,0.0389107073361923,5000,3,10,"C2","none","superpopulation","facec"
150,"pooled_dr",0.603453439552681,0.0102693616255075,-0.00318608888251837,TRUE,0.0402551578604247,5000,3,10,"C2","none","superpopulation","facec"
150,"tilted_aipw",0.603249414166186,0.00989909677924212,-0.00339011426901337,TRUE,0.038803746333582,5000,3,10,"C2","none","superpopulation","facec"
150,"oracle_dr",0.598436829732751,0.0128537472292866,-0.00820269870244883,TRUE,0.0503857632715665,5000,3,10,"C2","none","superpopulation","facec"
151,"one_round_crossfit",0.61154999690092,0.0103596154208935,0.00491046846572052,TRUE,0.0406089462372738,5000,3,10,"C2","none","superpopulation","facec"
151,"two_round_crossfit",0.612091992977815,0.0103060323527207,0.00545246454261572,TRUE,0.0403989044696742,5000,3,10,"C2","none","superpopulation","facec"
151,"target_only",0.618380364186239,0.0183161749068232,0.0117408357510395,TRUE,0.0717980863038195,5000,3,10,"C2","none","superpopulation","facec"
151,"sample_size",0.605800184861096,0.00942625716512452,-0.000839343574104201,TRUE,0.0369502491053133,5000,3,10,"C2","none","superpopulation","facec"
151,"inverse_variance",0.605697067223687,0.0118071852223896,-0.000942461211512313,TRUE,0.0462833155893545,5000,3,10,"C2","none","superpopulation","facec"
151,"federated_dr",0.606793690999252,0.0104378939780052,0.000154162564052318,TRUE,0.0409157925426753,5000,3,10,"C2","none","superpopulation","facec"
151,"pooled_dr",0.606059441258902,0.0109239079726786,-0.000580087176297761,TRUE,0.0428209323937598,5000,3,10,"C2","none","superpopulation","facec"
151,"tilted_aipw",0.610117620274131,0.0107510519988862,0.00347809183893122,TRUE,0.0421433494274686,5000,3,10,"C2","none","superpopulation","facec"
151,"oracle_dr",0.61364464962184,0.0126383657993176,0.00700512118664054,TRUE,0.0495414835802108,5000,3,10,"C2","none","superpopulation","facec"
152,"one_round_crossfit",0.594475179989313,0.0105643873534939,-0.0121643484458868,TRUE,0.0414116374631568,5000,3,10,"C2","none","superpopulation","facec"
152,"two_round_crossfit",0.594296907262686,0.0105767847786609,-0.0123426211725142,TRUE,0.0414602344768138,5000,3,10,"C2","none","superpopulation","facec"
152,"target_only",0.589333209087297,0.0178844978033259,-0.0173063193479032,TRUE,0.0701059431522091,5000,3,10,"C2","none","superpopulation","facec"
152,"sample_size",0.595465070478499,0.00942411802671713,-0.0111744579567004,TRUE,0.0369418638368404,5000,3,10,"C2","none","superpopulation","facec"
152,"inverse_variance",0.595784922058387,0.0100241392852781,-0.0108546063768123,TRUE,0.0392939039503162,5000,3,10,"C2","none","superpopulation","facec"
152,"federated_dr",0.5999369525194,0.0102765996036007,-0.00670257591579948,TRUE,0.0402835302131919,5000,3,10,"C2","none","superpopulation","facec"
152,"pooled_dr",0.598455859837794,0.0106669815041956,-0.00818366859740571,TRUE,0.0418137991439564,5000,3,10,"C2","none","superpopulation","facec"
152,"tilted_aipw",0.597717365520693,0.0104815598670214,-0.00892216291450698,TRUE,0.0410869596823249,5000,3,10,"C2","none","superpopulation","facec"
152,"oracle_dr",0.596547706309286,0.012965253607369,-0.0100918221259141,TRUE,0.0508228602417424,5000,3,10,"C2","none","superpopulation","facec"
153,"one_round_crossfit",0.614473644024903,0.0102506968119922,0.00783411558970282,TRUE,0.0401819931358884,5000,3,10,"C2","none","superpopulation","facec"
153,"two_round_crossfit",0.615643025280093,0.0103046040735773,0.00900349684489365,TRUE,0.0403933057183126,5000,3,10,"C2","none","superpopulation","facec"
153,"target_only",0.609555350635483,0.0178194466080764,0.00291582220028308,TRUE,0.0698509471525286,5000,3,10,"C2","none","superpopulation","facec"
153,"sample_size",0.607210655427519,0.0121953158720313,0.00057112699231876,TRUE,0.0478047597785418,5000,3,10,"C2","none","superpopulation","facec"
153,"inverse_variance",0.607955124389355,0.0139801717340773,0.00131559595415531,TRUE,0.0548012661929529,5000,3,10,"C2","none","superpopulation","facec"
153,"federated_dr",0.614253685267529,0.0103958391594873,0.00761415683232924,TRUE,0.0407509406833326,5000,3,10,"C2","none","superpopulation","facec"
153,"pooled_dr",0.608676932325803,0.0110288545134204,0.00203740389060347,TRUE,0.0432323152740719,5000,3,10,"C2","none","superpopulation","facec"
153,"tilted_aipw",0.610490553692112,0.0106036037641198,0.00385102525691217,TRUE,0.0415653629680164,5000,3,10,"C2","none","superpopulation","facec"
153,"oracle_dr",0.615533268443633,0.0124071554151337,0.00889374000843346,TRUE,0.0486351555285063,5000,3,10,"C2","none","superpopulation","facec"
154,"one_round_crossfit",0.609478443872494,0.010493124366661,0.00283891543729442,TRUE,0.0411322916879107,5000,3,10,"C2","none","superpopulation","facec"
154,"two_round_crossfit",0.610298140398884,0.0104604919229702,0.00365861196368467,TRUE,0.0410043748591873,5000,3,10,"C2","none","superpopulation","facec"
154,"target_only",0.606901050030903,0.0180803231666898,0.00026152159570314,TRUE,0.0708735644711143,5000,3,10,"C2","none","superpopulation","facec"
154,"sample_size",0.615743070573435,0.0101983500696266,0.00910354213823517,TRUE,0.0399767976763996,5000,3,10,"C2","none","superpopulation","facec"
154,"inverse_variance",0.615803570161053,0.0125966895866948,0.00916404172585294,TRUE,0.049378115828705,5000,3,10,"C2","none","superpopulation","facec"
154,"federated_dr",0.611267170923401,0.0111580014013843,0.00462764248820091,TRUE,0.0437385617723212,5000,3,10,"C2","none","superpopulation","facec"
154,"pooled_dr",0.614051470650028,0.0115501691169675,0.00741194221482866,TRUE,0.0452758309692061,5000,3,10,"C2","none","superpopulation","facec"
154,"tilted_aipw",0.611082597690253,0.0113913097851105,0.00444306925505322,TRUE,0.0446531138311106,5000,3,10,"C2","none","superpopulation","facec"
154,"oracle_dr",0.613298085572427,0.0127583453119901,0.00665855713722729,TRUE,0.0500117946276522,5000,3,10,"C2","none","superpopulation","facec"
155,"one_round_crossfit",0.599626144540719,0.0102656836217995,-0.00701338389448036,TRUE,0.0402407403508196,5000,3,10,"C2","none","superpopulation","facec"
155,"two_round_crossfit",0.600229793880921,0.0103526903645989,-0.00640973455427862,TRUE,0.0405818005154173,5000,3,10,"C2","none","superpopulation","facec"
155,"target_only",0.585147548654351,0.0183089253164646,-0.0214919797808488,TRUE,0.0717696684318085,5000,3,10,"C2","none","superpopulation","facec"
155,"sample_size",0.600746954246962,0.011519791329991,-0.00589257418823752,TRUE,0.0451567522323983,5000,3,10,"C2","none","superpopulation","facec"
155,"inverse_variance",0.601581237338571,0.0137064455022964,-0.00505829109662903,TRUE,0.0537282790811238,5000,3,10,"C2","none","superpopulation","facec"
155,"federated_dr",0.602508673221321,0.0103118374011212,-0.00413085521387924,TRUE,0.0404216598412614,5000,3,10,"C2","none","superpopulation","facec"
155,"pooled_dr",0.599421882642288,0.0107950104808778,-0.00721764579291129,TRUE,0.0423156635105058,5000,3,10,"C2","none","superpopulation","facec"
155,"tilted_aipw",0.599848849945547,0.0103549589622586,-0.00679067848965265,TRUE,0.0405906932548343,5000,3,10,"C2","none","superpopulation","facec"
155,"oracle_dr",0.616967916530369,0.0127541193807543,0.0103283880951697,TRUE,0.0499952292816053,5000,3,10,"C2","none","superpopulation","facec"
156,"one_round_crossfit",0.612801604579468,0.0102212126435121,0.00616207614426789,TRUE,0.0400664173192182,5000,3,10,"C2","none","superpopulation","facec"
156,"two_round_crossfit",0.611786746541017,0.0103300938933773,0.00514721810581742,TRUE,0.0404932239758733,5000,3,10,"C2","none","superpopulation","facec"
156,"target_only",0.602859972071998,0.0177812153248999,-0.00377955636320204,TRUE,0.069701083276311,5000,3,10,"C2","none","superpopulation","facec"
156,"sample_size",0.611129699273764,0.00932569894834939,0.00449017083856473,TRUE,0.0365560681388557,5000,3,10,"C2","none","superpopulation","facec"
156,"inverse_variance",0.610973883752932,0.0104141754553439,0.0043343553177323,TRUE,0.0408228176423102,5000,3,10,"C2","none","superpopulation","facec"
156,"federated_dr",0.616697899542091,0.00983258324496732,0.0100583711068909,TRUE,0.038543018070256,5000,3,10,"C2","none","superpopulation","facec"
156,"pooled_dr",0.614441249841173,0.0103474819477775,0.00780172140597302,TRUE,0.0405613838966443,5000,3,10,"C2","none","superpopulation","facec"
156,"tilted_aipw",0.618130194947006,0.01007418435853,0.011490666511806,TRUE,0.0394900770326709,5000,3,10,"C2","none","superpopulation","facec"
156,"oracle_dr",0.610605123317714,0.0128220395326841,0.00396559488251436,TRUE,0.0502614713848193,5000,3,10,"C2","none","superpopulation","facec"
157,"one_round_crossfit",0.624883618435737,0.01018697080036,0.0182440900005376,TRUE,0.0399321917605335,5000,3,10,"C2","none","superpopulation","facec"
157,"two_round_crossfit",0.624843615260098,0.0102127352019103,0.0182040868248984,TRUE,0.0400331863587771,5000,3,10,"C2","none","superpopulation","facec"
157,"target_only",0.616337450582482,0.0180358780520497,0.00969792214728271,TRUE,0.0706993428231475,5000,3,10,"C2","none","superpopulation","facec"
157,"sample_size",0.625332367305229,0.00931722081892783,0.0186928388700289,FALSE,0.0365228344822106,5000,3,10,"C2","none","superpopulation","facec"
157,"inverse_variance",0.625617515020023,0.00986284179431378,0.0189779865848229,TRUE,0.0386616294041429,5000,3,10,"C2","none","superpopulation","facec"
157,"federated_dr",0.626942636769657,0.0103685466471897,0.0203031083344576,TRUE,0.0406439560010308,5000,3,10,"C2","none","superpopulation","facec"
157,"pooled_dr",0.625396705698192,0.0109034268409379,0.0187571772629918,TRUE,0.0427406478326113,5000,3,10,"C2","none","superpopulation","facec"
157,"tilted_aipw",0.630174239085372,0.0104418491656957,0.0235347106501722,FALSE,0.0409312965935262,5000,3,10,"C2","none","superpopulation","facec"
157,"oracle_dr",0.612643820853855,0.0128360959051102,0.00600429241865563,TRUE,0.050316571352236,5000,3,10,"C2","none","superpopulation","facec"
158,"one_round_crossfit",0.608038852281394,0.0102630424921192,0.00139932384619412,TRUE,0.0402303873127157,5000,3,10,"C2","none","superpopulation","facec"
158,"two_round_crossfit",0.607475546785302,0.0104268857036102,0.000836018350102052,TRUE,0.0408726408999831,5000,3,10,"C2","none","superpopulation","facec"
158,"target_only",0.601008917550563,0.0180482328148466,-0.00563061088463646,TRUE,0.0707477726033865,5000,3,10,"C2","none","superpopulation","facec"
158,"sample_size",0.607604622781637,0.00936874545630906,0.000965094346436768,TRUE,0.036724807349378,5000,3,10,"C2","none","superpopulation","facec"
158,"inverse_variance",0.609005758212547,0.0114570568671161,0.0023662297773468,TRUE,0.0449108376567497,5000,3,10,"C2","none","superpopulation","facec"
158,"federated_dr",0.607289543405605,0.0105701877404152,0.000650014970405177,TRUE,0.0414343745620813,5000,3,10,"C2","none","superpopulation","facec"
158,"pooled_dr",0.604531998455872,0.0110320445922814,-0.00210752997932773,TRUE,0.0432448201534228,5000,3,10,"C2","none","superpopulation","facec"
158,"tilted_aipw",0.598340320980169,0.0109119078442513,-0.0082992074550311,TRUE,0.0427738927547052,5000,3,10,"C2","none","superpopulation","facec"
158,"oracle_dr",0.601749945479055,0.0130169211653305,-0.00488958295614472,TRUE,0.0510253933472899,5000,3,10,"C2","none","superpopulation","facec"
159,"one_round_crossfit",0.622865047946442,0.0104121900249022,0.0162255195112424,TRUE,0.0408150348979912,5000,3,10,"C2","none","superpopulation","facec"
159,"two_round_crossfit",0.621961537677196,0.0104112207309374,0.0153220092419961,TRUE,0.0408112353354679,5000,3,10,"C2","none","superpopulation","facec"
159,"target_only",0.623230416211714,0.0180538160647574,0.0165908877765143,TRUE,0.0707696585408704,5000,3,10,"C2","none","superpopulation","facec"
159,"sample_size",0.629637944256804,0.00941581905982908,0.0229984158216044,FALSE,0.0369093324844216,5000,3,10,"C2","none","superpopulation","facec"
159,"inverse_variance",0.629536085143863,0.0102268351644311,0.022896556708663,FALSE,0.0400884571962254,5000,3,10,"C2","none","superpopulation","facec"
159,"federated_dr",0.62936521668723,0.0104468030656307,0.0227256882520303,FALSE,0.0409507155244375,5000,3,10,"C2","none","superpopulation","facec"
159,"pooled_dr",0.629761530431432,0.010714360856541,0.0231220019962325,FALSE,0.0419995227923722,5000,3,10,"C2","none","superpopulation","facec"
159,"tilted_aipw",0.63145709559218,0.0105241038976036,0.0248175671569802,FALSE,0.0412537292177213,5000,3,10,"C2","none","superpopulation","facec"
159,"oracle_dr",0.622802818111405,0.0128068007047656,0.0161632896762054,TRUE,0.0502017362770453,5000,3,10,"C2","none","superpopulation","facec"
160,"one_round_crossfit",0.607955478928651,0.0101499617920679,0.00131595049345112,TRUE,0.0397871191138213,5000,3,10,"C2","none","superpopulation","facec"
160,"two_round_crossfit",0.608164907178159,0.0101716387008199,0.00152537874295899,TRUE,0.0398720910347217,5000,3,10,"C2","none","superpopulation","facec"
160,"target_only",0.583554095714546,0.0181819476088507,-0.0230854327206539,TRUE,0.071271924964283,5000,3,10,"C2","none","superpopulation","facec"
160,"sample_size",0.609517107268377,0.0120672208869477,0.00287757883317774,TRUE,0.0473026366638138,5000,3,10,"C2","none","superpopulation","facec"
160,"inverse_variance",0.61014247572895,0.0139363495619721,0.00350294729375,TRUE,0.0546294864348518,5000,3,10,"C2","none","superpopulation","facec"
160,"federated_dr",0.607998900149591,0.00990427312398163,0.00135937171439104,TRUE,0.038824037232104,5000,3,10,"C2","none","superpopulation","facec"
160,"pooled_dr",0.609775264371514,0.0103256967223005,0.00313573593631378,TRUE,0.0404759873819844,5000,3,10,"C2","none","superpopulation","facec"
160,"tilted_aipw",0.613057451300298,0.00994581145993197,0.00641792286509824,TRUE,0.0389868645169849,5000,3,10,"C2","none","superpopulation","facec"
160,"oracle_dr",0.615956236515507,0.0130259764602128,0.0093167080803076,TRUE,0.0510608894509674,5000,3,10,"C2","none","superpopulation","facec"
161,"one_round_crossfit",0.605639670129348,0.0102450451048685,-0.000999858305851586,TRUE,0.0401598388510611,5000,3,10,"C2","none","superpopulation","facec"
161,"two_round_crossfit",0.605819102895061,0.0102320689328356,-0.000820425540138614,TRUE,0.040108973191378,5000,3,10,"C2","none","superpopulation","facec"
161,"target_only",0.612109613831022,0.0177211578262895,0.0054700853958225,TRUE,0.0694656622077552,5000,3,10,"C2","none","superpopulation","facec"
161,"sample_size",0.594408117810132,0.0152779229344792,-0.0122314106250675,TRUE,0.0598883574203155,5000,3,10,"C2","none","superpopulation","facec"
161,"inverse_variance",0.594334565867204,0.0163667803976633,-0.0123049625679954,TRUE,0.0641566002445924,5000,3,10,"C2","none","superpopulation","facec"
161,"federated_dr",0.604830604580482,0.0103168233827183,-0.00180892385471731,TRUE,0.0404412045299771,5000,3,10,"C2","none","superpopulation","facec"
161,"pooled_dr",0.596586856047976,0.0108137889218179,-0.0100526723872235,TRUE,0.0423892736463627,5000,3,10,"C2","none","superpopulation","facec"
161,"tilted_aipw",0.598229391378125,0.0104203147145967,-0.00841013705707461,TRUE,0.0408468830963649,5000,3,10,"C2","none","superpopulation","facec"
161,"oracle_dr",0.598643323293112,0.0129181472138719,-0.00799620514208788,TRUE,0.0506382065723507,5000,3,10,"C2","none","superpopulation","facec"
162,"one_round_crossfit",0.600236679273177,0.0104237110616076,-0.00640284916202283,TRUE,0.0408601965320055,5000,3,10,"C2","none","superpopulation","facec"
162,"two_round_crossfit",0.600702699750126,0.0103951794526324,-0.00593682868507373,TRUE,0.0407483546799807,5000,3,10,"C2","none","superpopulation","facec"
162,"target_only",0.564467691469783,0.018519512501071,-0.0421718369654167,FALSE,0.072595155026677,5000,3,10,"C2","none","superpopulation","facec"
162,"sample_size",0.596210704071004,0.0139385477592265,-0.0104288243641955,TRUE,0.0546381032097507,5000,3,10,"C2","none","superpopulation","facec"
162,"inverse_variance",0.597651457222073,0.0153114481122614,-0.00898807121312684,TRUE,0.0600197737023722,5000,3,10,"C2","none","superpopulation","facec"
162,"federated_dr",0.600425805841772,0.0105175624208836,-0.00621372259342745,TRUE,0.0412280871001676,5000,3,10,"C2","none","superpopulation","facec"
162,"pooled_dr",0.59875725770214,0.0111350967174965,-0.00788227073305936,TRUE,0.0436487770613267,5000,3,10,"C2","none","superpopulation","facec"
162,"tilted_aipw",0.59568657892895,0.0108758973048635,-0.0109529495062501,TRUE,0.0426327340341772,5000,3,10,"C2","none","superpopulation","facec"
162,"oracle_dr",0.608741954208167,0.0126580378612911,0.00210242577296738,TRUE,0.04961859664615,5000,3,10,"C2","none","superpopulation","facec"
163,"one_round_crossfit",0.610447907408452,0.0102456857945833,0.00380837897325248,TRUE,0.0401623503085937,5000,3,10,"C2","none","superpopulation","facec"
163,"two_round_crossfit",0.611148641671727,0.0102273759161353,0.00450911323652681,TRUE,0.040090576903955,5000,3,10,"C2","none","superpopulation","facec"
163,"target_only",0.636798076213626,0.0173812032114351,0.0301585477784266,TRUE,0.0681330646047693,5000,3,10,"C2","none","superpopulation","facec"
163,"sample_size",0.612444221708649,0.0109384838533314,0.00580469327344946,TRUE,0.0428780687960051,5000,3,10,"C2","none","superpopulation","facec"
163,"inverse_variance",0.61169350003872,0.0134862460188047,0.00505397160352017,TRUE,0.0528651129670079,5000,3,10,"C2","none","superpopulation","facec"
163,"federated_dr",0.609171331959916,0.0101702940448972,0.00253180352471649,TRUE,0.0398668200803614,5000,3,10,"C2","none","superpopulation","facec"
163,"pooled_dr",0.611750721247385,0.0107566242140116,0.00511119281218497,TRUE,0.0421651921093882,5000,3,10,"C2","none","superpopulation","facec"
163,"tilted_aipw",0.612890882156686,0.0103898109058403,0.00625135372148622,TRUE,0.0407273103632568,5000,3,10,"C2","none","superpopulation","facec"
163,"oracle_dr",0.60277863033725,0.0129820799235374,-0.00386089809794932,TRUE,0.0508888181891076,5000,3,10,"C2","none","superpopulation","facec"
164,"one_round_crossfit",0.616268877473713,0.0104602349063265,0.00962934903851353,TRUE,0.0410033673724572,5000,3,10,"C2","none","superpopulation","facec"
164,"two_round_crossfit",0.617258681958331,0.0106293342126309,0.0106191535231314,TRUE,0.0416662244727917,5000,3,10,"C2","none","superpopulation","facec"
164,"target_only",0.627826967257163,0.0176950757443463,0.0211874388219629,TRUE,0.0693634223252539,5000,3,10,"C2","none","superpopulation","facec"
164,"sample_size",0.616117910756178,0.0107395790606854,0.00947838232097786,TRUE,0.0420983763361278,5000,3,10,"C2","none","superpopulation","facec"
164,"inverse_variance",0.614937996330901,0.0133732639041529,0.00829846789570121,TRUE,0.0524222312157783,5000,3,10,"C2","none","superpopulation","facec"
164,"federated_dr",0.61138578299181,0.0102737120416164,0.00474625455661015,TRUE,0.0402722111782072,5000,3,10,"C2","none","superpopulation","facec"
164,"pooled_dr",0.615328183366178,0.0107989917353606,0.00868865493097859,TRUE,0.042331269741305,5000,3,10,"C2","none","superpopulation","facec"
164,"tilted_aipw",0.616862758114261,0.0104354593879204,0.0102232296790614,TRUE,0.040906249124909,5000,3,10,"C2","none","superpopulation","facec"
164,"oracle_dr",0.614084286809114,0.0124751824410365,0.00744475837391445,TRUE,0.0489018165699959,5000,3,10,"C2","none","superpopulation","facec"
165,"one_round_crossfit",0.597682002671381,0.0103220672708398,-0.00895752576381903,TRUE,0.0404617601936914,5000,3,10,"C2","none","superpopulation","facec"
165,"two_round_crossfit",0.598411296745251,0.0103183178804884,-0.00822823168994857,TRUE,0.040447062853586,5000,3,10,"C2","none","superpopulation","facec"
165,"target_only",0.624095654502046,0.0174505360697412,0.0174561260668464,TRUE,0.0684048444152197,5000,3,10,"C2","none","superpopulation","facec"
165,"sample_size",0.594446476911036,0.0141548919305198,-0.0121930515241642,TRUE,0.0554861567777507,5000,3,10,"C2","none","superpopulation","facec"
165,"inverse_variance",0.593596120191857,0.0154985293483173,-0.0130434082433424,TRUE,0.060753118672078,5000,3,10,"C2","none","superpopulation","facec"
165,"federated_dr",0.600172737125243,0.0103907500357927,-0.00646679130995709,TRUE,0.040730991685024,5000,3,10,"C2","none","superpopulation","facec"
165,"pooled_dr",0.596800178500675,0.0110736082552681,-0.00983934993452429,TRUE,0.0434077467184619,5000,3,10,"C2","none","superpopulation","facec"
165,"tilted_aipw",0.595429815407591,0.0107158733378045,-0.0112097130276091,TRUE,0.0420054516099797,5000,3,10,"C2","none","superpopulation","facec"
165,"oracle_dr",0.593560845213067,0.0126093886161824,-0.0130786832221332,TRUE,0.0494278951095739,5000,3,10,"C2","none","superpopulation","facec"
166,"one_round_crossfit",0.601292113997243,0.0103595949588621,-0.00534741443795705,TRUE,0.040608866027585,5000,3,10,"C2","none","superpopulation","facec"
166,"two_round_crossfit",0.601474993093329,0.0103971783120496,-0.00516453534187122,TRUE,0.0407561900649163,5000,3,10,"C2","none","superpopulation","facec"
166,"target_only",0.613654154559848,0.0178839465236099,0.00701462612464865,TRUE,0.0701037821754313,5000,3,10,"C2","none","superpopulation","facec"
166,"sample_size",0.597776246048035,0.0101617818994238,-0.00886328238716472,TRUE,0.0398334530832432,5000,3,10,"C2","none","superpopulation","facec"
166,"inverse_variance",0.598540967238039,0.0125703568236526,-0.00809856119716101,TRUE,0.049274893294353,5000,3,10,"C2","none","superpopulation","facec"
166,"federated_dr",0.603218556659819,0.010521418821814,-0.0034209717753807,TRUE,0.0412432039140345,5000,3,10,"C2","none","superpopulation","facec"
166,"pooled_dr",0.599933695199159,0.0110188069952959,-0.00670583323604035,TRUE,0.0431929297267559,5000,3,10,"C2","none","superpopulation","facec"
166,"tilted_aipw",0.598924514557357,0.0107924236637761,-0.00771501387784268,TRUE,0.0423055233737981,5000,3,10,"C2","none","superpopulation","facec"
166,"oracle_dr",0.595185854336549,0.0130228609610644,-0.0114536740986504,TRUE,0.0510486769187177,5000,3,10,"C2","none","superpopulation","facec"
167,"one_round_crossfit",0.606268284029692,0.0103976772912749,-0.000371244405507398,TRUE,0.0407581460275377,5000,3,10,"C2","none","superpopulation","facec"
167,"two_round_crossfit",0.607147868064502,0.0103333655951511,0.00050833962930219,TRUE,0.0405060488111628,5000,3,10,"C2","none","superpopulation","facec"
167,"target_only",0.600827012761757,0.0177985794102548,-0.00581251567344243,TRUE,0.0697691492401511,5000,3,10,"C2","none","superpopulation","facec"
167,"sample_size",0.607679922123477,0.00931187806360974,0.00104039368827702,TRUE,0.0365018912662074,5000,3,10,"C2","none","superpopulation","facec"
167,"inverse_variance",0.607942753745838,0.00977615169051526,0.00130322531063864,TRUE,0.0383218104416205,5000,3,10,"C2","none","superpopulation","facec"
167,"federated_dr",0.608990870931636,0.0102262356499397,0.00235134249643609,TRUE,0.0400861071426026,5000,3,10,"C2","none","superpopulation","facec"
167,"pooled_dr",0.608223921907326,0.0108557999702189,0.00158439347212647,TRUE,0.0425539539300002,5000,3,10,"C2","none","superpopulation","facec"
167,"tilted_aipw",0.607476137745896,0.010482835655905,0.000836609310696401,TRUE,0.0410919606828521,5000,3,10,"C2","none","superpopulation","facec"
167,"oracle_dr",0.607939041312179,0.0127681118953153,0.00129951287697949,TRUE,0.0500500789307909,5000,3,10,"C2","none","superpopulation","facec"
168,"one_round_crossfit",0.598912671789095,0.0104399431919321,-0.00772685664610506,TRUE,0.0409238253136619,5000,3,10,"C2","none","superpopulation","facec"
168,"two_round_crossfit",0.599109428308379,0.0105210152940005,-0.0075301001268212,TRUE,0.0412416221140721,5000,3,10,"C2","none","superpopulation","facec"
168,"target_only",0.595085679640185,0.0174914380441892,-0.0115538487950149,TRUE,0.0685651772088489,5000,3,10,"C2","none","superpopulation","facec"
168,"sample_size",0.605868811564318,0.00940082565206064,-0.000770716870882149,TRUE,0.0368505594059583,5000,3,10,"C2","none","superpopulation","facec"
168,"inverse_variance",0.605183328897719,0.0120434131948067,-0.00145619953748077,TRUE,0.0472093122255113,5000,3,10,"C2","none","superpopulation","facec"
168,"federated_dr",0.605779137714336,0.0105316518751488,-0.000860390720863746,TRUE,0.0412833167460107,5000,3,10,"C2","none","superpopulation","facec"
168,"pooled_dr",0.607886266762283,0.0109867738569601,0.00124673832708355,TRUE,0.043067362131856,5000,3,10,"C2","none","superpopulation","facec"
168,"tilted_aipw",0.606429427726576,0.0105212285963634,-0.000210100708623928,TRUE,0.0412424582439703,5000,3,10,"C2","none","superpopulation","facec"
168,"oracle_dr",0.604034116806666,0.0129346701824941,-0.00260541162853389,TRUE,0.050702975419185,5000,3,10,"C2","none","superpopulation","facec"
169,"one_round_crossfit",0.607962074659481,0.0102528852943689,0.00132254622428163,TRUE,0.0401905718291666,5000,3,10,"C2","none","superpopulation","facec"
169,"two_round_crossfit",0.606733607761162,0.0102231637178011,9.40793259620598e-05,TRUE,0.0400740653898934,5000,3,10,"C2","none","superpopulation","facec"
169,"target_only",0.575888424948908,0.0186999234376615,-0.030751103486292,TRUE,0.073302352902946,5000,3,10,"C2","none","superpopulation","facec"
169,"sample_size",0.600986141561382,0.0117222305595941,-0.00565338687381745,TRUE,0.0459502994305583,5000,3,10,"C2","none","superpopulation","facec"
169,"inverse_variance",0.601837597394741,0.0137013532337152,-0.00480193104045834,TRUE,0.0537083177550866,5000,3,10,"C2","none","superpopulation","facec"
169,"federated_dr",0.60179429195521,0.010350709309962,-0.00484523647998947,TRUE,0.0405740349239379,5000,3,10,"C2","none","superpopulation","facec"
169,"pooled_dr",0.602862049458677,0.010689864973487,-0.00377747897652303,TRUE,0.0419035006952615,5000,3,10,"C2","none","superpopulation","facec"
169,"tilted_aipw",0.605678394949103,0.0105480501005928,-0.000961133486097054,TRUE,0.0413475966085719,5000,3,10,"C2","none","superpopulation","facec"
169,"oracle_dr",0.621560529025319,0.0129226115209924,0.0149210005901195,TRUE,0.0506557063346948,5000,3,10,"C2","none","superpopulation","facec"
170,"one_round_crossfit",0.597112811755818,0.0103377391524079,-0.00952671667938132,TRUE,0.0405231928405783,5000,3,10,"C2","none","superpopulation","facec"
170,"two_round_crossfit",0.597107671632,0.0103297656410439,-0.00953185680319979,TRUE,0.0404919372503709,5000,3,10,"C2","none","superpopulation","facec"
170,"target_only",0.615998323903838,0.0176587058319252,0.00935879546863805,TRUE,0.0692208548883217,5000,3,10,"C2","none","superpopulation","facec"
170,"sample_size",0.596060191541587,0.010728841057626,-0.0105793368936131,TRUE,0.0420562841376031,5000,3,10,"C2","none","superpopulation","facec"
170,"inverse_variance",0.596729150300361,0.0131458982425276,-0.00991037813483897,TRUE,0.0515309741995649,5000,3,10,"C2","none","superpopulation","facec"
170,"federated_dr",0.596414891332419,0.0105085758229335,-0.010224637102781,TRUE,0.0411928602835159,5000,3,10,"C2","none","superpopulation","facec"
170,"pooled_dr",0.594266612460365,0.010926838175703,-0.0123729159748344,TRUE,0.0428324185785505,5000,3,10,"C2","none","superpopulation","facec"
170,"tilted_aipw",0.595777614618537,0.0105112800976173,-0.010861913816663,TRUE,0.0412034608454852,5000,3,10,"C2","none","superpopulation","facec"
170,"oracle_dr",0.60227752755024,0.0128832893831017,-0.00436200088495975,TRUE,0.0505015663865733,5000,3,10,"C2","none","superpopulation","facec"
171,"one_round_crossfit",0.612371701541178,0.0102089104758735,0.00573217310597796,TRUE,0.0400181937082116,5000,3,10,"C2","none","superpopulation","facec"
171,"two_round_crossfit",0.612714687484511,0.0102256222204202,0.00607515904931155,TRUE,0.040083702543072,5000,3,10,"C2","none","superpopulation","facec"
171,"target_only",0.617850212986036,0.0180853608864608,0.0112106845508364,TRUE,0.070893311969745,5000,3,10,"C2","none","superpopulation","facec"
171,"sample_size",0.614010364735117,0.00933807440703149,0.00737083629991742,TRUE,0.0366045790454739,5000,3,10,"C2","none","superpopulation","facec"
171,"inverse_variance",0.613611510423427,0.0102266218971481,0.00697198198822757,TRUE,0.0400876212038379,5000,3,10,"C2","none","superpopulation","facec"
171,"federated_dr",0.610073328583089,0.0103981784580078,0.00343380014788908,TRUE,0.0407601105650308,5000,3,10,"C2","none","superpopulation","facec"
171,"pooled_dr",0.611105364689368,0.0108008992897179,0.00446583625416874,TRUE,0.0423387472169827,5000,3,10,"C2","none","superpopulation","facec"
171,"tilted_aipw",0.612576053845052,0.0103999144931302,0.00593652540985179,TRUE,0.0407669156976627,5000,3,10,"C2","none","superpopulation","facec"
171,"oracle_dr",0.609285005037004,0.0126171729343785,0.00264547660180459,TRUE,0.0494584090761907,5000,3,10,"C2","none","superpopulation","facec"
172,"one_round_crossfit",0.61408120134976,0.0101426801965361,0.00744167291455999,TRUE,0.0397585757838368,5000,3,10,"C2","none","superpopulation","facec"
172,"two_round_crossfit",0.61380296735217,0.0103253318250437,0.00716343891696991,TRUE,0.0404745570110217,5000,3,10,"C2","none","superpopulation","facec"
172,"target_only",0.599413345677572,0.0180944367452951,-0.0072261827576281,TRUE,0.0709288886826329,5000,3,10,"C2","none","superpopulation","facec"
172,"sample_size",0.607666593454367,0.00924865127584011,0.00102706501916738,TRUE,0.0362540468124342,5000,3,10,"C2","none","superpopulation","facec"
172,"inverse_variance",0.60704980561509,0.0108720613478894,0.000410277179890728,TRUE,0.0426176973591466,5000,3,10,"C2","none","superpopulation","facec"
172,"federated_dr",0.607679603140887,0.00998980046480868,0.00104007470568768,TRUE,0.0391592982475331,5000,3,10,"C2","none","superpopulation","facec"
172,"pooled_dr",0.607368120892979,0.0103659217720973,0.000728592457779453,TRUE,0.0406336666797407,5000,3,10,"C2","none","superpopulation","facec"
172,"tilted_aipw",0.606989832648326,0.0102036361472422,0.000350304213126096,TRUE,0.0399975187198913,5000,3,10,"C2","none","superpopulation","facec"
172,"oracle_dr",0.61372486066068,0.012975224573314,0.00708533222548058,TRUE,0.0508619457100292,5000,3,10,"C2","none","superpopulation","facec"
173,"one_round_crossfit",0.615853947086315,0.0104729857914266,0.00921441865111505,TRUE,0.0410533499235914,5000,3,10,"C2","none","superpopulation","facec"
173,"two_round_crossfit",0.615802219858309,0.0103707836413724,0.00916269142310966,TRUE,0.0406527248570943,5000,3,10,"C2","none","superpopulation","facec"
173,"target_only",0.65275154562885,0.0182572960572832,0.0461120171936501,FALSE,0.0715672854547205,5000,3,10,"C2","none","superpopulation","facec"
173,"sample_size",0.613181237092445,0.0148777151444503,0.0065417086572449,TRUE,0.0583195717107374,5000,3,10,"C2","none","superpopulation","facec"
173,"inverse_variance",0.612229440979041,0.0158123463531597,0.005589912543841,TRUE,0.0619832587265323,5000,3,10,"C2","none","superpopulation","facec"
173,"federated_dr",0.609274958994938,0.0102390989764925,0.00263543055973825,TRUE,0.0401365304561323,5000,3,10,"C2","none","superpopulation","facec"
173,"pooled_dr",0.611607597005667,0.0106448341234866,0.00496806857046683,TRUE,0.0417269830068734,5000,3,10,"C2","none","superpopulation","facec"
173,"tilted_aipw",0.614818141662648,0.010507426136899,0.00817861322744839,TRUE,0.0411883535970736,5000,3,10,"C2","none","superpopulation","facec"
173,"oracle_dr",0.599176456165202,0.0125495882833993,-0.00746307226999798,TRUE,0.0491934821125368,5000,3,10,"C2","none","superpopulation","facec"
174,"one_round_crossfit",0.595719460126752,0.0104022848138169,-0.0109200683084477,TRUE,0.0407762071840183,5000,3,10,"C2","none","superpopulation","facec"
174,"two_round_crossfit",0.595346121967808,0.0103310553362976,-0.0112934064673916,TRUE,0.0404969927628671,5000,3,10,"C2","none","superpopulation","facec"
174,"target_only",0.593554771140643,0.0183183080923439,-0.013084757294557,TRUE,0.0718064482374052,5000,3,10,"C2","none","superpopulation","facec"
174,"sample_size",0.591528637018177,0.00940769479917484,-0.0151108914170228,TRUE,0.0368774859678549,5000,3,10,"C2","none","superpopulation","facec"
174,"inverse_variance",0.590552086571978,0.0111796450019393,-0.0160874418632221,TRUE,0.0438234031274884,5000,3,10,"C2","none","superpopulation","facec"
174,"federated_dr",0.594340030278589,0.0101913349027259,-0.012299498156611,TRUE,0.0399492987274577,5000,3,10,"C2","none","superpopulation","facec"
174,"pooled_dr",0.595104287544264,0.0106413560990231,-0.0115352408909357,TRUE,0.0417133494015018,5000,3,10,"C2","none","superpopulation","facec"
174,"tilted_aipw",0.595316770677196,0.0103532328843823,-0.0113227577580038,TRUE,0.0405839271538901,5000,3,10,"C2","none","superpopulation","facec"
174,"oracle_dr",0.598138984063035,0.0130430217846128,-0.00850054437216441,TRUE,0.0511277058948247,5000,3,10,"C2","none","superpopulation","facec"
175,"one_round_crossfit",0.598370128684003,0.0101601994306549,-0.00826939975119678,TRUE,0.0398272499196561,5000,3,10,"C2","none","superpopulation","facec"
175,"two_round_crossfit",0.59925079880616,0.0102288867108768,-0.00738872962904025,TRUE,0.0400964991105179,5000,3,10,"C2","none","superpopulation","facec"
175,"target_only",0.582566687072467,0.0180465505136873,-0.0240728413627326,TRUE,0.0707411781040197,5000,3,10,"C2","none","superpopulation","facec"
175,"sample_size",0.594656976457711,0.0094171368340252,-0.0119825519774885,TRUE,0.0369144980643499,5000,3,10,"C2","none","superpopulation","facec"
175,"inverse_variance",0.595551506609324,0.0109357495837747,-0.0110880218258755,TRUE,0.0428673506562947,5000,3,10,"C2","none","superpopulation","facec"
175,"federated_dr",0.596364945998131,0.010176787146631,-0.0102745824370689,TRUE,0.0398922725714537,5000,3,10,"C2","none","superpopulation","facec"
175,"pooled_dr",0.594935758886106,0.0105350042049082,-0.0117037695490934,TRUE,0.0412964576371964,5000,3,10,"C2","none","superpopulation","facec"
175,"tilted_aipw",0.597974172621916,0.010296943398505,-0.00866535581328376,TRUE,0.0403632764238344,5000,3,10,"C2","none","superpopulation","facec"
175,"oracle_dr",0.604854636678661,0.0129388180845312,-0.00178489175653906,TRUE,0.0507192348963932,5000,3,10,"C2","none","superpopulation","facec"
176,"one_round_crossfit",0.611424025822738,0.0104065414271379,0.0047844973875385,TRUE,0.0407928928016288,5000,3,10,"C2","none","superpopulation","facec"
176,"two_round_crossfit",0.612202226701449,0.0103900186617742,0.00556269826624933,TRUE,0.040728124751553,5000,3,10,"C2","none","superpopulation","facec"
176,"target_only",0.61401670046032,0.0179117201068669,0.00737717202512012,TRUE,0.0702126526212421,5000,3,10,"C2","none","superpopulation","facec"
176,"sample_size",0.617870465095721,0.00931608468184187,0.0112309366605216,TRUE,0.0365183809066707,5000,3,10,"C2","none","superpopulation","facec"
176,"inverse_variance",0.618745236003361,0.0105129186821614,0.0121057075681616,TRUE,0.041209883978869,5000,3,10,"C2","none","superpopulation","facec"
176,"federated_dr",0.619729540930187,0.0104445355193279,0.0130900124949875,TRUE,0.0409418269062642,5000,3,10,"C2","none","superpopulation","facec"
176,"pooled_dr",0.618751759576169,0.0107065329358997,0.0121122311409695,TRUE,0.0419688379073107,5000,3,10,"C2","none","superpopulation","facec"
176,"tilted_aipw",0.618013781433966,0.0105808552418453,0.0113742529987663,TRUE,0.0414761903992971,5000,3,10,"C2","none","superpopulation","facec"
176,"oracle_dr",0.610799685944413,0.0128652848795333,0.00416015750921295,TRUE,0.0504309900294662,5000,3,10,"C2","none","superpopulation","facec"
177,"one_round_crossfit",0.60906064419351,0.0104364035391573,0.00242111575831028,TRUE,0.0409099501297492,5000,3,10,"C2","none","superpopulation","facec"
177,"two_round_crossfit",0.608955378276115,0.010433984913529,0.00231584984091493,TRUE,0.040900469291502,5000,3,10,"C2","none","superpopulation","facec"
177,"target_only",0.587659654940821,0.0181275836833801,-0.0189798734943792,TRUE,0.0710588222923221,5000,3,10,"C2","none","superpopulation","facec"
177,"sample_size",0.604795480824999,0.00940612634060542,-0.00184404761020085,TRUE,0.0368713377232404,5000,3,10,"C2","none","superpopulation","facec"
177,"inverse_variance",0.604610864015954,0.0110856825594178,-0.00202866441924621,TRUE,0.0434550771210054,5000,3,10,"C2","none","superpopulation","facec"
177,"federated_dr",0.607515481991718,0.0101764999036738,0.000875953556517817,TRUE,0.039891146599752,5000,3,10,"C2","none","superpopulation","facec"
177,"pooled_dr",0.607005592021749,0.0106336345072357,0.000366063586549337,TRUE,0.0416830813178886,5000,3,10,"C2","none","superpopulation","facec"
177,"tilted_aipw",0.607148489858646,0.0103165819763434,0.00050896142344603,TRUE,0.0404402582343761,5000,3,10,"C2","none","superpopulation","facec"
177,"oracle_dr",0.613425119202378,0.0129659155330814,0.00678559076717788,TRUE,0.050825454942856,5000,3,10,"C2","none","superpopulation","facec"
178,"one_round_crossfit",0.601406432572043,0.0104540482280767,-0.00523309586315701,TRUE,0.0409791160393502,5000,3,10,"C2","none","superpopulation","facec"
178,"two_round_crossfit",0.601250900822415,0.0104902623472888,-0.0053886276127848,TRUE,0.0411210727781255,5000,3,10,"C2","none","superpopulation","facec"
178,"target_only",0.595601105818642,0.0181655756743809,-0.0110384226165576,TRUE,0.0712077481604469,5000,3,10,"C2","none","superpopulation","facec"
178,"sample_size",0.602183548086031,0.0093574708400929,-0.00445598034916905,TRUE,0.0366806116659317,5000,3,10,"C2","none","superpopulation","facec"
178,"inverse_variance",0.601796457898959,0.0107540901156776,-0.00484307053624111,TRUE,0.0421552586264524,5000,3,10,"C2","none","superpopulation","facec"
178,"federated_dr",0.601907397771734,0.0105344136031801,-0.00473213066346601,TRUE,0.0412941425209639,5000,3,10,"C2","none","superpopulation","facec"
178,"pooled_dr",0.601927210711675,0.0109643369155025,-0.00471231772352498,TRUE,0.0429794109374957,5000,3,10,"C2","none","superpopulation","facec"
178,"tilted_aipw",0.597391180376393,0.0109143757924305,-0.00924834805880714,TRUE,0.0427835669337993,5000,3,10,"C2","none","superpopulation","facec"
178,"oracle_dr",0.597137107368754,0.01294124913251,-0.00950242106644528,TRUE,0.0507287644293597,5000,3,10,"C2","none","superpopulation","facec"
179,"one_round_crossfit",0.600353550029471,0.0105357215319031,-0.00628597840572831,TRUE,0.0412992695073466,5000,3,10,"C2","none","superpopulation","facec"
179,"two_round_crossfit",0.599758979686731,0.010578459381325,-0.00688054874846888,TRUE,0.0414667987986335,5000,3,10,"C2","none","superpopulation","facec"
179,"target_only",0.607121812922592,0.0184170900544512,0.000482284487392626,TRUE,0.0721936664135103,5000,3,10,"C2","none","superpopulation","facec"
179,"sample_size",0.604771141880505,0.00949938767435502,-0.00186838655469501,TRUE,0.037236915433839,5000,3,10,"C2","none","superpopulation","facec"
179,"inverse_variance",0.605264172830219,0.0103328362542057,-0.00137535560498048,TRUE,0.0405039738327857,5000,3,10,"C2","none","superpopulation","facec"
179,"federated_dr",0.606755562151637,0.00992529207602828,0.000116033716437536,TRUE,0.0389064300101125,5000,3,10,"C2","none","superpopulation","facec"
179,"pooled_dr",0.604631821723538,0.0103895453905534,-0.00200770671166184,TRUE,0.0407262695624577,5000,3,10,"C2","none","superpopulation","facec"
179,"tilted_aipw",0.606423174393178,0.0101410130450057,-0.000216354042021916,TRUE,0.0397520406699239,5000,3,10,"C2","none","superpopulation","facec"
179,"oracle_dr",0.60545580672584,0.0124460252046037,-0.0011837217093601,TRUE,0.048787522303402,5000,3,10,"C2","none","superpopulation","facec"
180,"one_round_crossfit",0.602192079608644,0.0103581880520988,-0.00444744882655579,TRUE,0.0406033510544135,5000,3,10,"C2","none","superpopulation","facec"
180,"two_round_crossfit",0.602135325322888,0.010384064373454,-0.00450420311231214,TRUE,0.0407047843702306,5000,3,10,"C2","none","superpopulation","facec"
180,"target_only",0.595618082343649,0.0183922999302925,-0.011021446091551,TRUE,0.0720964909124635,5000,3,10,"C2","none","superpopulation","facec"
180,"sample_size",0.599327040703309,0.00949457511246108,-0.00731248773189075,TRUE,0.0372180505378681,5000,3,10,"C2","none","superpopulation","facec"
180,"inverse_variance",0.599181018710398,0.0101186744909046,-0.007458509724802,TRUE,0.0396644751469144,5000,3,10,"C2","none","superpopulation","facec"
180,"federated_dr",0.6015245584863,0.0101046397971319,-0.00511496994889971,TRUE,0.0396094601582573,5000,3,10,"C2","none","superpopulation","facec"
180,"pooled_dr",0.59944117280018,0.0104932945193482,-0.00719835563502025,TRUE,0.0411329586741882,5000,3,10,"C2","none","superpopulation","facec"
180,"tilted_aipw",0.598606979503594,0.0102690588120417,-0.00803254893160532,TRUE,0.0402539708534506,5000,3,10,"C2","none","superpopulation","facec"
180,"oracle_dr",0.61101958226279,0.0130189310646979,0.00438005382759021,TRUE,0.0510332720080351,5000,3,10,"C2","none","superpopulation","facec"
181,"one_round_crossfit",0.603379164985876,0.0103178232908704,-0.00326036344932379,TRUE,0.0404451240979091,5000,3,10,"C2","none","superpopulation","facec"
181,"two_round_crossfit",0.603978734417866,0.0103173895465305,-0.00266079401733355,TRUE,0.0404434238513396,5000,3,10,"C2","none","superpopulation","facec"
181,"target_only",0.604971074537915,0.0178831018605989,-0.0016684538972852,TRUE,0.0701004711572699,5000,3,10,"C2","none","superpopulation","facec"
181,"sample_size",0.605638166576116,0.00934055157949969,-0.00100136185908384,TRUE,0.0366142893831163,5000,3,10,"C2","none","superpopulation","facec"
181,"inverse_variance",0.605636038900948,0.00931548230910108,-0.00100348953425211,TRUE,0.0365160196489163,5000,3,10,"C2","none","superpopulation","facec"
181,"federated_dr",0.60614077586564,0.0102211490213432,-0.000498752569559335,TRUE,0.0400661679248988,5000,3,10,"C2","none","superpopulation","facec"
181,"pooled_dr",0.606045346814706,0.0107199778786319,-0.000594181620493517,TRUE,0.0420215411143692,5000,3,10,"C2","none","superpopulation","facec"
181,"tilted_aipw",0.605270032396382,0.0104501379002376,-0.00136949603881797,TRUE,0.0409637878358855,5000,3,10,"C2","none","superpopulation","facec"
181,"oracle_dr",0.600668999467074,0.0129080327199307,-0.00597052896812533,TRUE,0.0505985584846576,5000,3,10,"C2","none","superpopulation","facec"
182,"one_round_crossfit",0.607194680161617,0.0101894041200995,0.00055515172641718,TRUE,0.039941730198638,5000,3,10,"C2","none","superpopulation","facec"
182,"two_round_crossfit",0.607386606980283,0.0102226494395068,0.000747078545082824,TRUE,0.0400720494560236,5000,3,10,"C2","none","superpopulation","facec"
182,"target_only",0.569682775697265,0.0178976279611393,-0.0369567527379349,FALSE,0.0701574124250604,5000,3,10,"C2","none","superpopulation","facec"
182,"sample_size",0.606455359293424,0.0150585732929431,-0.000184169141775326,TRUE,0.0590285226254503,5000,3,10,"C2","none","superpopulation","facec"
182,"inverse_variance",0.607591138019199,0.0160684200807907,0.000951609583999313,TRUE,0.0629870492936198,5000,3,10,"C2","none","superpopulation","facec"
182,"federated_dr",0.60471832097244,0.0101294103835204,-0.00192120746275937,TRUE,0.039706559072652,5000,3,10,"C2","none","superpopulation","facec"
182,"pooled_dr",0.606880734609736,0.0102254611769324,0.00024120617453649,TRUE,0.0400830712642002,5000,3,10,"C2","none","superpopulation","facec"
182,"tilted_aipw",0.606693393283311,0.0100841070883811,5.38648481108739e-05,TRUE,0.0395289734189439,5000,3,10,"C2","none","superpopulation","facec"
182,"oracle_dr",0.62764017160529,0.0131553996830975,0.0210006431700904,TRUE,0.0515682191622016,5000,3,10,"C2","none","superpopulation","facec"
183,"one_round_crossfit",0.606583524059897,0.0103773515027235,-5.60043753023987e-05,TRUE,0.0406784704005012,5000,3,10,"C2","none","superpopulation","facec"
183,"two_round_crossfit",0.606960823294166,0.0104315579228521,0.000321294858965815,TRUE,0.0408909556628672,5000,3,10,"C2","none","superpopulation","facec"
183,"target_only",0.607050557614479,0.0183904118408802,0.000411029179279265,TRUE,0.0720890897379682,5000,3,10,"C2","none","superpopulation","facec"
183,"sample_size",0.603411490548903,0.00948798448498821,-0.00322803788629678,TRUE,0.0371922157529034,5000,3,10,"C2","none","superpopulation","facec"
183,"inverse_variance",0.603166019424082,0.0095032955960938,-0.00347350901111732,TRUE,0.0372522342055639,5000,3,10,"C2","none","superpopulation","facec"
183,"federated_dr",0.610433149943659,0.0100740619548495,0.00379362150845963,TRUE,0.0394895972190605,5000,3,10,"C2","none","superpopulation","facec"
183,"pooled_dr",0.609549381166738,0.0105235246092877,0.00290985273153854,TRUE,0.0412514584492498,5000,3,10,"C2","none","superpopulation","facec"
183,"tilted_aipw",0.608898819260517,0.0104466253724869,0.00225929082531717,TRUE,0.0409500189801131,5000,3,10,"C2","none","superpopulation","facec"
183,"oracle_dr",0.605138983100043,0.0126222887951315,-0.00150054533515642,TRUE,0.0494784628818423,5000,3,10,"C2","none","superpopulation","facec"
184,"one_round_crossfit",0.604543574945834,0.0102787645974869,-0.00209595348936553,TRUE,0.0402920168332792,5000,3,10,"C2","none","superpopulation","facec"
184,"two_round_crossfit",0.604921726832419,0.0102584425943951,-0.00171780160278101,TRUE,0.0402123560449719,5000,3,10,"C2","none","superpopulation","facec"
184,"target_only",0.636333939928897,0.0174772972256838,0.0296944114936977,TRUE,0.0685097462188842,5000,3,10,"C2","none","superpopulation","facec"
184,"sample_size",0.602291653439947,0.0151561281580148,-0.00434787499525258,TRUE,0.0594109306695647,5000,3,10,"C2","none","superpopulation","facec"
184,"inverse_variance",0.600802764229306,0.0159838948002731,-0.00583676420589418,TRUE,0.0626557162824246,5000,3,10,"C2","none","superpopulation","facec"
184,"federated_dr",0.600594336970478,0.01019579785152,-0.00604519146472204,TRUE,0.0399667931652601,5000,3,10,"C2","none","superpopulation","facec"
184,"pooled_dr",0.604262756035557,0.0107268463026494,-0.00237677239964296,TRUE,0.0420484648417787,5000,3,10,"C2","none","superpopulation","facec"
184,"tilted_aipw",0.604161765079955,0.0103393529987002,-0.00247776335524463,TRUE,0.0405295190017969,5000,3,10,"C2","none","superpopulation","facec"
184,"oracle_dr",0.59628106584569,0.0126849366645778,-0.0103584625895097,TRUE,0.0497240380174884,5000,3,10,"C2","none","superpopulation","facec"
185,"one_round_crossfit",0.597778759107034,0.0101881895092585,-0.00886076932816582,TRUE,0.0399369690116307,5000,3,10,"C2","none","superpopulation","facec"
185,"two_round_crossfit",0.597527513138036,0.0102954118083824,-0.00911201529716421,TRUE,0.0403572727008756,5000,3,10,"C2","none","superpopulation","facec"
185,"target_only",0.595532799939124,0.0180045401821092,-0.011106728496076,TRUE,0.0705765006302763,5000,3,10,"C2","none","superpopulation","facec"
185,"sample_size",0.599562776092022,0.00944373553584791,-0.00707675234317795,TRUE,0.037018763059566,5000,3,10,"C2","none","superpopulation","facec"
185,"inverse_variance",0.598922370210247,0.0103467510100947,-0.007717158224953,TRUE,0.040558518673578,5000,3,10,"C2","none","superpopulation","facec"
185,"federated_dr",0.596237501978067,0.0102696705295517,-0.0104020264571328,TRUE,0.0402563687420272,5000,3,10,"C2","none","superpopulation","facec"
185,"pooled_dr",0.59748425488461,0.0106718726340216,-0.00915527355058932,TRUE,0.0418329720205617,5000,3,10,"C2","none","superpopulation","facec"
185,"tilted_aipw",0.596057469398045,0.0104459710129173,-0.010582059037155,TRUE,0.0409474539377346,5000,3,10,"C2","none","superpopulation","facec"
185,"oracle_dr",0.600433836416361,0.0131981763617376,-0.00620569201883892,TRUE,0.051735900661227,5000,3,10,"C2","none","superpopulation","facec"
186,"one_round_crossfit",0.606484569658103,0.0104140739775742,-0.00015495877709637,TRUE,0.0408224198567624,5000,3,10,"C2","none","superpopulation","facec"
186,"two_round_crossfit",0.606545135175557,0.0104545187688254,-9.43932596424446e-05,TRUE,0.0409809605251916,5000,3,10,"C2","none","superpopulation","facec"
186,"target_only",0.607173602428409,0.0186023818304431,0.000534073993208928,TRUE,0.0729199968286616,5000,3,10,"C2","none","superpopulation","facec"
186,"sample_size",0.603851804094448,0.0194144495621092,-0.00278772434075181,TRUE,0.0761032438428071,5000,3,10,"C2","none","superpopulation","facec"
186,"inverse_variance",0.603573236740862,0.0197329078851256,-0.00306629169433736,TRUE,0.077351577530185,5000,3,10,"C2","none","superpopulation","facec"
186,"federated_dr",0.604483425707119,0.0106113512974925,-0.00215610272808031,TRUE,0.0415957327407754,5000,3,10,"C2","none","superpopulation","facec"
186,"pooled_dr",0.606061627853497,0.0110314679022265,-0.000577900581702817,TRUE,0.043242559569947,5000,3,10,"C2","none","superpopulation","facec"
186,"tilted_aipw",0.609407038363881,0.0108136475720769,0.00276750992868158,TRUE,0.0423887195655595,5000,3,10,"C2","none","superpopulation","facec"
186,"oracle_dr",0.617717648370002,0.0123530497590675,0.011078119934802,TRUE,0.048423065254007,5000,3,10,"C2","none","superpopulation","facec"
187,"one_round_crossfit",0.617058041272779,0.0106370278408569,0.0104185128375792,TRUE,0.0416963829412587,5000,3,10,"C2","none","superpopulation","facec"
187,"two_round_crossfit",0.616830107030331,0.0105225178939885,0.0101905785951311,TRUE,0.0412475121977913,5000,3,10,"C2","none","superpopulation","facec"
187,"target_only",0.618840531248521,0.0180330048713148,0.0122010028133211,TRUE,0.0706880801616245,5000,3,10,"C2","none","superpopulation","facec"
187,"sample_size",0.61243286193971,0.00948102667097026,0.0057933335045105,TRUE,0.0371649416231308,5000,3,10,"C2","none","superpopulation","facec"
187,"inverse_variance",0.613725884312429,0.0120883783288689,0.00708635587722939,TRUE,0.0473855723121548,5000,3,10,"C2","none","superpopulation","facec"
187,"federated_dr",0.619558488164832,0.0103315474418345,0.0129189597296324,TRUE,0.0404989217811251,5000,3,10,"C2","none","superpopulation","facec"
187,"pooled_dr",0.615506312852282,0.0108704951489438,0.00886678441708177,TRUE,0.0426115579720945,5000,3,10,"C2","none","superpopulation","facec"
187,"tilted_aipw",0.618090079154571,0.010451946881184,0.0114505507193717,TRUE,0.0409708789108929,5000,3,10,"C2","none","superpopulation","facec"
187,"oracle_dr",0.615520148449499,0.0127671553001258,0.0088806200142989,TRUE,0.0500463291465527,5000,3,10,"C2","none","superpopulation","facec"
188,"one_round_crossfit",0.610844721083854,0.0102525300035892,0.00420519264865427,TRUE,0.0401891791149021,5000,3,10,"C2","none","superpopulation","facec"
188,"two_round_crossfit",0.610354677955821,0.01028958132379,0.00371514952062091,TRUE,0.0403344176212488,5000,3,10,"C2","none","superpopulation","facec"
188,"target_only",0.636690165610573,0.0177108682044364,0.0300506371753729,TRUE,0.0694253276312617,5000,3,10,"C2","none","superpopulation","facec"
188,"sample_size",0.612062833706643,0.010249285641373,0.00542330527144363,TRUE,0.040176461448709,5000,3,10,"C2","none","superpopulation","facec"
188,"inverse_variance",0.611411822798791,0.0131091008401148,0.0047722943635915,TRUE,0.0513867310326575,5000,3,10,"C2","none","superpopulation","facec"
188,"federated_dr",0.611228559434781,0.0105133118703432,0.00458903099958108,TRUE,0.0412114252482201,5000,3,10,"C2","none","superpopulation","facec"
188,"pooled_dr",0.61446650178884,0.0112189870165235,0.00782697335363991,TRUE,0.0439776209908169,5000,3,10,"C2","none","superpopulation","facec"
188,"tilted_aipw",0.61869718285468,0.0106978211999556,0.0120576544194803,TRUE,0.0419346885299241,5000,3,10,"C2","none","superpopulation","facec"
188,"oracle_dr",0.614991523810555,0.0126568443285861,0.00835199537535569,TRUE,0.0496139180839175,5000,3,10,"C2","none","superpopulation","facec"
189,"one_round_crossfit",0.606797731022818,0.0102448535740834,0.000158202587618006,TRUE,0.0401590880641798,5000,3,10,"C2","none","superpopulation","facec"
189,"two_round_crossfit",0.605736463099359,0.0102731115346051,-0.000903065335840281,TRUE,0.0402698572339781,5000,3,10,"C2","none","superpopulation","facec"
189,"target_only",0.592155040579623,0.017784977917723,-0.014484487855577,TRUE,0.0697158323691545,5000,3,10,"C2","none","superpopulation","facec"
189,"sample_size",0.59744845438203,0.00936284505254325,-0.00919107405316988,TRUE,0.0367016781916276,5000,3,10,"C2","none","superpopulation","facec"
189,"inverse_variance",0.596713481852118,0.0118918195261001,-0.00992604658308127,TRUE,0.0466150759636126,5000,3,10,"C2","none","superpopulation","facec"
189,"federated_dr",0.59662511664888,0.0103245538786236,-0.0100144117863201,TRUE,0.0404715075170909,5000,3,10,"C2","none","superpopulation","facec"
189,"pooled_dr",0.600036374875163,0.0109880451152638,-0.00660315356003716,TRUE,0.0430723453728366,5000,3,10,"C2","none","superpopulation","facec"
189,"tilted_aipw",0.603069514809397,0.0104311415654774,-0.00357001362580234,TRUE,0.0408893235719492,5000,3,10,"C2","none","superpopulation","facec"
189,"oracle_dr",0.612884862349457,0.0129017772568579,0.00624533391425697,TRUE,0.0505740375199988,5000,3,10,"C2","none","superpopulation","facec"
190,"one_round_crossfit",0.605810753819722,0.0103054466792908,-0.000828774615477812,TRUE,0.0403966086720158,5000,3,10,"C2","none","superpopulation","facec"
190,"two_round_crossfit",0.605803303251719,0.010267109712319,-0.000836225183480477,TRUE,0.0402463305229332,5000,3,10,"C2","none","superpopulation","facec"
190,"target_only",0.599354664943396,0.0176806985898483,-0.00728486349180391,TRUE,0.0693070649152217,5000,3,10,"C2","none","superpopulation","facec"
190,"sample_size",0.603971270742535,0.0157607618629639,-0.00266825769266488,TRUE,0.0617810512406434,5000,3,10,"C2","none","superpopulation","facec"
190,"inverse_variance",0.604504383278654,0.0167650886249119,-0.00213514515654567,TRUE,0.065717939804899,5000,3,10,"C2","none","superpopulation","facec"
190,"federated_dr",0.610152317255294,0.0100914219484114,0.0035127888200942,TRUE,0.0395576471433667,5000,3,10,"C2","none","superpopulation","facec"
190,"pooled_dr",0.605958020014716,0.0106222506781915,-0.000681508420483645,TRUE,0.0416384575280229,5000,3,10,"C2","none","superpopulation","facec"
190,"tilted_aipw",0.601706767740498,0.0105376155671908,-0.00493276069470205,TRUE,0.0413066939892452,5000,3,10,"C2","none","superpopulation","facec"
190,"oracle_dr",0.605891669083082,0.0128325850392203,-0.000747859352117741,TRUE,0.0503028090108386,5000,3,10,"C2","none","superpopulation","facec"
191,"one_round_crossfit",0.606739231351763,0.0101631111446627,9.97029165633601e-05,TRUE,0.0398386636288333,5000,3,10,"C2","none","superpopulation","facec"
191,"two_round_crossfit",0.606515949587603,0.0101686736048365,-0.000123578847596506,TRUE,0.0398604680720454,5000,3,10,"C2","none","superpopulation","facec"
191,"target_only",0.608896278219179,0.0174643537829788,0.00225674978397949,TRUE,0.0684590088558086,5000,3,10,"C2","none","superpopulation","facec"
191,"sample_size",0.604046692878671,0.00929700870639639,-0.00259283555652923,TRUE,0.0364436044569845,5000,3,10,"C2","none","superpopulation","facec"
191,"inverse_variance",0.604178429740245,0.00946149245638549,-0.0024610986949547,TRUE,0.037088368909026,5000,3,10,"C2","none","superpopulation","facec"
191,"federated_dr",0.606427915691767,0.0104277440260898,-0.000211612743432399,TRUE,0.0408760054622774,5000,3,10,"C2","none","superpopulation","facec"
191,"pooled_dr",0.605586415276648,0.0108901981313965,-0.00105311315855161,TRUE,0.0426887922440851,5000,3,10,"C2","none","superpopulation","facec"
191,"tilted_aipw",0.607256754873588,0.0105981465266793,0.000617226438388574,TRUE,0.0415439709903391,5000,3,10,"C2","none","superpopulation","facec"
191,"oracle_dr",0.603922910519118,0.0132944905919088,-0.0027166179160818,TRUE,0.0521134455058956,5000,3,10,"C2","none","superpopulation","facec"
192,"one_round_crossfit",0.600566466825842,0.0103871455635049,-0.00607306160935772,TRUE,0.0407168624132892,5000,3,10,"C2","none","superpopulation","facec"
192,"two_round_crossfit",0.600655234283865,0.0103117633631824,-0.00598429415133483,TRUE,0.0404213696178741,5000,3,10,"C2","none","superpopulation","facec"
192,"target_only",0.599982810676967,0.0185557433659328,-0.0066567177582324,TRUE,0.0727371774071928,5000,3,10,"C2","none","superpopulation","facec"
192,"sample_size",0.608678715602715,0.00989641986194614,0.0020391871675155,TRUE,0.0387932530106025,5000,3,10,"C2","none","superpopulation","facec"
192,"inverse_variance",0.608541538221563,0.0123273897379809,0.00190200978636335,TRUE,0.0483224798196624,5000,3,10,"C2","none","superpopulation","facec"
192,"federated_dr",0.603530763217167,0.0109110549589295,-0.00310876521803305,TRUE,0.042770549505678,5000,3,10,"C2","none","superpopulation","facec"
192,"pooled_dr",0.604756904965084,0.0112058218489031,-0.00188262347011559,TRUE,0.0439260144820441,5000,3,10,"C2","none","superpopulation","facec"
192,"tilted_aipw",0.604831482462876,0.0109363072553377,-0.00180804597232409,TRUE,0.0428695366886518,5000,3,10,"C2","none","superpopulation","facec"
192,"oracle_dr",0.60021279100345,0.0127936404438718,-0.0064267374317496,TRUE,0.0501501490022875,5000,3,10,"C2","none","superpopulation","facec"
193,"one_round_crossfit",0.605608056539518,0.0104484183417806,-0.00103147189568142,TRUE,0.0409570472905956,5000,3,10,"C2","none","superpopulation","facec"
193,"two_round_crossfit",0.60517586953316,0.0103944869789078,-0.00146365890203992,TRUE,0.0407456402328596,5000,3,10,"C2","none","superpopulation","facec"
193,"target_only",0.589885075540381,0.0179355644387177,-0.0167544528948187,TRUE,0.0703061206845683,5000,3,10,"C2","none","superpopulation","facec"
193,"sample_size",0.607355941196398,0.00927936310430801,0.000716412761198049,TRUE,0.036374434967827,5000,3,10,"C2","none","superpopulation","facec"
193,"inverse_variance",0.608430769985144,0.0116000554720449,0.00179124154994437,TRUE,0.0454713818877495,5000,3,10,"C2","none","superpopulation","facec"
193,"federated_dr",0.608761135649667,0.0101785269424511,0.0021216072144673,TRUE,0.0398990924457494,5000,3,10,"C2","none","superpopulation","facec"
193,"pooled_dr",0.606942196911862,0.0107308179783385,0.000302668476662382,TRUE,0.0420640335243965,5000,3,10,"C2","none","superpopulation","facec"
193,"tilted_aipw",0.603385969676317,0.0105025748943389,-0.00325355875888267,TRUE,0.0411693370756776,5000,3,10,"C2","none","superpopulation","facec"
193,"oracle_dr",0.601492221700812,0.0131319716670028,-0.00514730673438812,TRUE,0.051476383026652,5000,3,10,"C2","none","superpopulation","facec"
194,"one_round_crossfit",0.587421104491148,0.0105113265618188,-0.0192184239440515,TRUE,0.0412036429818083,5000,3,10,"C2","none","superpopulation","facec"
194,"two_round_crossfit",0.587165252376499,0.0104518965353743,-0.0194742760587011,TRUE,0.040970681558945,5000,3,10,"C2","none","superpopulation","facec"
194,"target_only",0.594323564174724,0.018015536966193,-0.0123159642604758,TRUE,0.0706196072317766,5000,3,10,"C2","none","superpopulation","facec"
194,"sample_size",0.583466601630237,0.00948199810854296,-0.0231729268049629,FALSE,0.0371687495884423,5000,3,10,"C2","none","superpopulation","facec"
194,"inverse_variance",0.582987860724147,0.0104546692760182,-0.0236516677110532,FALSE,0.0409815505025461,5000,3,10,"C2","none","superpopulation","facec"
194,"federated_dr",0.584583803722572,0.0107025189057213,-0.0220557247126282,FALSE,0.0419531031981453,5000,3,10,"C2","none","superpopulation","facec"
194,"pooled_dr",0.585134958775815,0.0112646664797601,-0.0215045696593845,TRUE,0.044156681196371,5000,3,10,"C2","none","superpopulation","facec"
194,"tilted_aipw",0.579209748968177,0.0109547314128893,-0.027429779467023,FALSE,0.0429417580591451,5000,3,10,"C2","none","superpopulation","facec"
194,"oracle_dr",0.590476989720601,0.0129602240296244,-0.0161625387145992,TRUE,0.0508031446592689,5000,3,10,"C2","none","superpopulation","facec"
195,"one_round_crossfit",0.613170387390132,0.0104144499824648,0.00653085895493255,TRUE,0.0408238937688497,5000,3,10,"C2","none","superpopulation","facec"
195,"two_round_crossfit",0.612751082972169,0.0104867136354199,0.00611155453696899,TRUE,0.0411071620832162,5000,3,10,"C2","none","superpopulation","facec"
195,"target_only",0.604425168847837,0.0177659178736103,-0.00221435958736227,TRUE,0.0696411183691452,5000,3,10,"C2","none","superpopulation","facec"
195,"sample_size",0.610296230423539,0.0105053709970233,0.00365670198833934,TRUE,0.0411802975967945,5000,3,10,"C2","none","superpopulation","facec"
195,"inverse_variance",0.609935052294597,0.0129235654847054,0.00329552385939746,TRUE,0.0506594458037348,5000,3,10,"C2","none","superpopulation","facec"
195,"federated_dr",0.607728266722604,0.0108173259095122,0.00108873828740474,TRUE,0.0424031383833519,5000,3,10,"C2","none","superpopulation","facec"
195,"pooled_dr",0.610635613786355,0.0114448511791507,0.00399608535115492,TRUE,0.0448629922391122,5000,3,10,"C2","none","superpopulation","facec"
195,"tilted_aipw",0.608342816960567,0.0110283067042465,0.00170328852536772,TRUE,0.0432301679015696,5000,3,10,"C2","none","superpopulation","facec"
195,"oracle_dr",0.623378071855388,0.0126361481181359,0.0167385434201879,TRUE,0.0495327904297198,5000,3,10,"C2","none","superpopulation","facec"
196,"one_round_crossfit",0.595412152947464,0.0103740426090359,-0.0112273754877359,TRUE,0.0406654997755886,5000,3,10,"C2","none","superpopulation","facec"
196,"two_round_crossfit",0.595329679530666,0.0104446356268822,-0.0113098489045337,TRUE,0.0409422193206661,5000,3,10,"C2","none","superpopulation","facec"
196,"target_only",0.605224404124994,0.0180681153102608,-0.00141512431020585,TRUE,0.0708257105532557,5000,3,10,"C2","none","superpopulation","facec"
196,"sample_size",0.599476832064271,0.00940611707427571,-0.00716269637092892,TRUE,0.0368713013998954,5000,3,10,"C2","none","superpopulation","facec"
196,"inverse_variance",0.59833746640248,0.0127051125566985,-0.00830206203271933,TRUE,0.0498031260613132,5000,3,10,"C2","none","superpopulation","facec"
196,"federated_dr",0.599297221769782,0.0103869710125543,-0.00734230666541813,TRUE,0.0407161781861358,5000,3,10,"C2","none","superpopulation","facec"
196,"pooled_dr",0.602056629001162,0.0107357562940778,-0.00458289943403778,TRUE,0.0420833913663834,5000,3,10,"C2","none","superpopulation","facec"
196,"tilted_aipw",0.603087052139104,0.0104128041040242,-0.00355247629609556,TRUE,0.0408174420439167,5000,3,10,"C2","none","superpopulation","facec"
196,"oracle_dr",0.589675876368396,0.0127539926777938,-0.0169636520668036,TRUE,0.0499947326151269,5000,3,10,"C2","none","superpopulation","facec"
197,"one_round_crossfit",0.594470399923193,0.0104781958087895,-0.0121691285120066,TRUE,0.0410737728163719,5000,3,10,"C2","none","superpopulation","facec"
197,"two_round_crossfit",0.595520060317269,0.010550275395816,-0.0111194681179312,TRUE,0.0413563196055566,5000,3,10,"C2","none","superpopulation","facec"
197,"target_only",0.574048144704087,0.0178227285624995,-0.0325913837311127,TRUE,0.0698638121774646,5000,3,10,"C2","none","superpopulation","facec"
197,"sample_size",0.597616162168943,0.0140621946258412,-0.00902336626625655,TRUE,0.0551227900204827,5000,3,10,"C2","none","superpopulation","facec"
197,"inverse_variance",0.598601910008214,0.0153272486201708,-0.00803761842698614,TRUE,0.060081710555252,5000,3,10,"C2","none","superpopulation","facec"
197,"federated_dr",0.599856015759216,0.010416747027,-0.00678351267598387,TRUE,0.0408328980179693,5000,3,10,"C2","none","superpopulation","facec"
197,"pooled_dr",0.597615001322995,0.0108977372621059,-0.00902452711220458,TRUE,0.0427183450934154,5000,3,10,"C2","none","superpopulation","facec"
197,"tilted_aipw",0.599634717066957,0.0105467001989813,-0.0070048113682426,TRUE,0.0413423050914896,5000,3,10,"C2","none","superpopulation","facec"
197,"oracle_dr",0.60241475927694,0.0131046098460123,-0.0042247691582602,TRUE,0.051369126659266,5000,3,10,"C2","none","superpopulation","facec"
198,"one_round_crossfit",0.598805373284383,0.0104277243187248,-0.00783415515081642,TRUE,0.0408759282108262,5000,3,10,"C2","none","superpopulation","facec"
198,"two_round_crossfit",0.599611257624353,0.010379039308234,-0.00702827081084634,TRUE,0.0406850864765282,5000,3,10,"C2","none","superpopulation","facec"
198,"target_only",0.596699950942323,0.0185855280711747,-0.00993957749287655,TRUE,0.0728539313063212,5000,3,10,"C2","none","superpopulation","facec"
198,"sample_size",0.600228795034413,0.00955847405173807,-0.00641073340078657,TRUE,0.0374685297771344,5000,3,10,"C2","none","superpopulation","facec"
198,"inverse_variance",0.598879957593861,0.0113704720876607,-0.00775957084133871,TRUE,0.0445714315580656,5000,3,10,"C2","none","superpopulation","facec"
198,"federated_dr",0.601931478585508,0.0102879710999132,-0.00470804984969175,TRUE,0.0403281056596374,5000,3,10,"C2","none","superpopulation","facec"
198,"pooled_dr",0.601712197920025,0.0103840872704601,-0.00492733051517491,TRUE,0.0407048741248452,5000,3,10,"C2","none","superpopulation","facec"
198,"tilted_aipw",0.604893930701259,0.0101782506555709,-0.00174559773394112,TRUE,0.0398980094210803,5000,3,10,"C2","none","superpopulation","facec"
198,"oracle_dr",0.593432776541268,0.0127632544115141,-0.0132067518939313,TRUE,0.0500310379441793,5000,3,10,"C2","none","superpopulation","facec"
199,"one_round_crossfit",0.616050421234878,0.0102480005208281,0.00941089279967811,TRUE,0.0401714238687414,5000,3,10,"C2","none","superpopulation","facec"
199,"two_round_crossfit",0.61448140912902,0.0103038396749695,0.00784188069381986,TRUE,0.0403903093308302,5000,3,10,"C2","none","superpopulation","facec"
199,"target_only",0.603007702492391,0.018109229435492,-0.00363182594280886,TRUE,0.0709868749626739,5000,3,10,"C2","none","superpopulation","facec"
199,"sample_size",0.613346522694591,0.00929359436500239,0.00670699425939159,TRUE,0.036430220484658,5000,3,10,"C2","none","superpopulation","facec"
199,"inverse_variance",0.613472893114471,0.00978929365481389,0.00683336467927131,TRUE,0.0383733259950434,5000,3,10,"C2","none","superpopulation","facec"
199,"federated_dr",0.615751638985898,0.0101894151199237,0.00911211055069849,TRUE,0.0399417733171568,5000,3,10,"C2","none","superpopulation","facec"
199,"pooled_dr",0.613672317750117,0.01064105078047,0.0070327893149168,TRUE,0.0417121525747661,5000,3,10,"C2","none","superpopulation","facec"
199,"tilted_aipw",0.613532457491461,0.0104360053354403,0.00689292905626093,TRUE,0.0409083891998618,5000,3,10,"C2","none","superpopulation","facec"
199,"oracle_dr",0.61937804017097,0.0129576811276604,0.0127385117357705,TRUE,0.0507931766667373,5000,3,10,"C2","none","superpopulation","facec"
200,"one_round_crossfit",0.613238768265896,0.0103963927748102,0.00659923983069588,TRUE,0.040753110815521,5000,3,10,"C2","none","superpopulation","facec"
200,"two_round_crossfit",0.613421722521674,0.0104786687003177,0.0067821940864744,TRUE,0.0410756265170997,5000,3,10,"C2","none","superpopulation","facec"
200,"target_only",0.601596871077185,0.0184511112242095,-0.00504265735801523,TRUE,0.0723270269483867,5000,3,10,"C2","none","superpopulation","facec"
200,"sample_size",0.612822314215329,0.0094179969518302,0.00618278578012932,TRUE,0.0369178696641903,5000,3,10,"C2","none","superpopulation","facec"
200,"inverse_variance",0.613221290642362,0.0100473932665986,0.00658176220716244,TRUE,0.0393850578820869,5000,3,10,"C2","none","superpopulation","facec"
200,"federated_dr",0.617970511091398,0.0103426033773549,0.0113309826561986,TRUE,0.0405422602519956,5000,3,10,"C2","none","superpopulation","facec"
200,"pooled_dr",0.616989743549086,0.0109040169936639,0.0103502151138865,TRUE,0.042742961188788,5000,3,10,"C2","none","superpopulation","facec"
200,"tilted_aipw",0.616441242294503,0.0107185385601201,0.00980171385930295,TRUE,0.0420158990894786,5000,3,10,"C2","none","superpopulation","facec"
200,"oracle_dr",0.611145639953754,0.0124949946891289,0.00450611151855429,TRUE,0.0489794791554237,5000,3,10,"C2","none","superpopulation","facec"
