"sim_id","method","estimate","se","bias","coverage","ci_width","n_total","K","p","config","heterogeneity_type","estimand_type","dgp_type"
1,"one_round_crossfit",0.61326451240539,0.0104059693462437,0.0161299571379105,TRUE,0.0407906502857307,5000,3,10,"C4","none","superpopulation","facec"
1,"two_round_crossfit",0.612773448189069,0.0103594667558617,0.0156388929215896,TRUE,0.0406083634810579,5000,3,10,"C4","none","superpopulation","facec"
1,"target_only",0.608070678962313,0.0185565382341742,0.010936123694833,TRUE,0.0727402932334438,5000,3,10,"C4","none","superpopulation","facec"
1,"sample_size",0.615808163774212,0.0179064713677124,0.0186736085067323,TRUE,0.0701920779418281,5000,3,10,"C4","none","superpopulation","facec"
1,"inverse_variance",0.614815650551221,0.0183050788586065,0.0176810952837414,TRUE,0.0717545905940686,5000,3,10,"C4","none","superpopulation","facec"
1,"federated_dr",0.613422013174461,0.0128092409167996,0.0162874579069813,TRUE,0.0502113017324481,5000,3,10,"C4","none","superpopulation","facec"
1,"pooled_dr",0.610441533958463,0.0136472638556677,0.0133069786909831,TRUE,0.053496291289248,5000,3,10,"C4","none","superpopulation","facec"
1,"tilted_aipw",0.5930084111143,0.0152431387688881,-0.00412614415318002,TRUE,0.0597520059967336,5000,3,10,"C4","none","superpopulation","facec"
1,"oracle_dr",0.606141573853668,0.0125168090984343,0.00900701858618835,TRUE,0.0490649900685889,5000,3,10,"C4","none","superpopulation","facec"
2,"one_round_crossfit",0.60663232270527,0.0104860660237966,0.00949776743779029,TRUE,0.0411046234923009,5000,3,10,"C4","none","superpopulation","facec"
2,"two_round_crossfit",0.607175636491269,0.0105438969244345,0.0100410812237897,TRUE,0.0413313164571885,5000,3,10,"C4","none","superpopulation","facec"
2,"target_only",0.618517881540084,0.0177638928460103,0.0213833262726044,TRUE,0.069633180406818,5000,3,10,"C4","none","superpopulation","facec"
2,"sample_size",0.617442168806855,0.014930564034326,0.0203076135393753,TRUE,0.0585267355522958,5000,3,10,"C4","none","superpopulation","facec"
2,"inverse_variance",0.61689673640076,0.0160830181718198,0.0197621811332808,TRUE,0.0630442727589402,5000,3,10,"C4","none","superpopulation","facec"
2,"federated_dr",0.608585111841984,0.012979038549281,0.0114505565745044,TRUE,0.0508768962210955,5000,3,10,"C4","none","superpopulation","facec"
2,"pooled_dr",0.610237458447721,0.0136704942704797,0.0131029031802418,TRUE,0.053587352842003,5000,3,10,"C4","none","superpopulation","facec"
2,"tilted_aipw",0.58795331912296,0.0152569426444139,-0.00918123614451949,TRUE,0.0598061161944892,5000,3,10,"C4","none","superpopulation","facec"
2,"oracle_dr",0.605204002180347,0.0124986223662506,0.00806944691286748,TRUE,0.0489936993884359,5000,3,10,"C4","none","superpopulation","facec"
3,"one_round_crossfit",0.616795382933127,0.0101435874593578,0.0196608276656476,TRUE,0.0397621321887469,5000,3,10,"C4","none","superpopulation","facec"
3,"two_round_crossfit",0.617752400019802,0.0100865638248149,0.0206178447523228,FALSE,0.0395386036488035,5000,3,10,"C4","none","superpopulation","facec"
3,"target_only",0.598679141102859,0.0178578696297575,0.00154458583537975,TRUE,0.0700015626298729,5000,3,10,"C4","none","superpopulation","facec"
3,"sample_size",0.620679613723262,0.0178458674339642,0.0235450584557828,TRUE,0.0699545148868923,5000,3,10,"C4","none","superpopulation","facec"
3,"inverse_variance",0.619876703926708,0.017796138388511,0.0227421486592286,TRUE,0.0697595806107445,5000,3,10,"C4","none","superpopulation","facec"
3,"federated_dr",0.620798488438729,0.0121707834293371,0.0236639331712494,TRUE,0.0477085943702751,5000,3,10,"C4","none","superpopulation","facec"
3,"pooled_dr",0.618188318175744,0.0129514124285374,0.021053762908264,TRUE,0.0507686038177155,5000,3,10,"C4","none","superpopulation","facec"
3,"tilted_aipw",0.595160997068714,0.0143708611170875,-0.00197355819876588,TRUE,0.056332740432637,5000,3,10,"C4","none","superpopulation","facec"
3,"oracle_dr",0.612774673556525,0.0127770556815433,0.0156401182890454,TRUE,0.0500851379285756,5000,3,10,"C4","none","superpopulation","facec"
4,"one_round_crossfit",0.602914511153015,0.0107539958149714,0.00577995588553504,TRUE,0.0421548889744769,5000,3,10,"C4","none","superpopulation","facec"
4,"two_round_crossfit",0.603843286091261,0.010788723693827,0.00670873082378121,TRUE,0.0422910197581099,5000,3,10,"C4","none","superpopulation","facec"
4,"target_only",0.581667788639678,0.0184314769604558,-0.0154667666278018,TRUE,0.0722500620487461,5000,3,10,"C4","none","superpopulation","facec"
4,"sample_size",0.61402035904695,0.0133965846884391,0.01688580377947,TRUE,0.0525136470103627,5000,3,10,"C4","none","superpopulation","facec"
4,"inverse_variance",0.614152168303455,0.0151076746612989,0.0170176130359757,TRUE,0.0592209964525885,5000,3,10,"C4","none","superpopulation","facec"
4,"federated_dr",0.600725051549916,0.012794461111475,0.00359049628243635,TRUE,0.0501533659601785,5000,3,10,"C4","none","superpopulation","facec"
4,"pooled_dr",0.59884990770106,0.0131181666740644,0.00171535243358034,TRUE,0.0514222684487196,5000,3,10,"C4","none","superpopulation","facec"
4,"tilted_aipw",0.59418846121537,0.0167272367039128,-0.00294609405210955,TRUE,0.0655695630010913,5000,3,10,"C4","none","superpopulation","facec"
4,"oracle_dr",0.602609423340435,0.0125971397070727,0.00547486807295561,TRUE,0.0493798802681638,5000,3,10,"C4","none","superpopulation","facec"
5,"one_round_crossfit",0.594658644337896,0.0106432089445449,-0.0024759109295841,TRUE,0.0417206124224851,5000,3,10,"C4","none","superpopulation","facec"
5,"two_round_crossfit",0.594369504743504,0.010641247641656,-0.00276505052397602,TRUE,0.0417129242564351,5000,3,10,"C4","none","superpopulation","facec"
5,"target_only",0.608412951434239,0.0174022729610998,0.0112783961667592,TRUE,0.0682156565057817,5000,3,10,"C4","none","superpopulation","facec"
5,"sample_size",0.610838101056663,0.0150673342609208,0.0137035457891839,TRUE,0.0590628649888623,5000,3,10,"C4","none","superpopulation","facec"
5,"inverse_variance",0.610177240831873,0.0161160790026005,0.013042685564393,TRUE,0.0631738688341985,5000,3,10,"C4","none","superpopulation","facec"
5,"federated_dr",0.597505689052236,0.0131368366637474,0.000371133784756839,TRUE,0.0514954534634604,5000,3,10,"C4","none","superpopulation","facec"
5,"pooled_dr",0.596500147661861,0.0139386123430769,-0.000634407605618836,TRUE,0.0546383563737922,5000,3,10,"C4","none","superpopulation","facec"
5,"tilted_aipw",0.571651436049889,0.0168491804962086,-0.0254831192175905,TRUE,0.066047573883167,5000,3,10,"C4","none","superpopulation","facec"
5,"oracle_dr",0.590334477239145,0.0125187584514791,-0.00680007802833493,TRUE,0.049072631392111,5000,3,10,"C4","none","superpopulation","facec"
6,"one_round_crossfit",0.623012871973178,0.0100281981101894,0.0258783167056985,FALSE,0.0393098142516075,5000,3,10,"C4","none","superpopulation","facec"
6,"two_round_crossfit",0.618972033079476,0.0100937007438628,0.021837477811996,FALSE,0.0395665798573923,5000,3,10,"C4","none","superpopulation","facec"
6,"target_only",0.623756201337186,0.017588269842004,0.0266216460697063,TRUE,0.0689447508813996,5000,3,10,"C4","none","superpopulation","facec"
6,"sample_size",0.622738234731676,0.013507177331358,0.0256036794641959,TRUE,0.0529471622045148,5000,3,10,"C4","none","superpopulation","facec"
6,"inverse_variance",0.621994744293128,0.0150573870010501,0.0248601890256483,TRUE,0.0590238724466796,5000,3,10,"C4","none","superpopulation","facec"
6,"federated_dr",0.620338321342237,0.0122966342888773,0.0232037660747573,TRUE,0.0482019206745194,5000,3,10,"C4","none","superpopulation","facec"
6,"pooled_dr",0.615523311102771,0.013022246860464,0.018388755835291,TRUE,0.0510462696885983,5000,3,10,"C4","none","superpopulation","facec"
6,"tilted_aipw",0.612219930087336,0.0158404664217955,0.0150853748198563,TRUE,0.0620934873700705,5000,3,10,"C4","none","superpopulation","facec"
6,"oracle_dr",0.604506285428382,0.01248951020654,0.00737173016090287,TRUE,0.0489579803787277,5000,3,10,"C4","none","superpopulation","facec"
7,"one_round_crossfit",0.580031792606029,0.0105186493927776,-0.0171027626614505,TRUE,0.0412323479516965,5000,3,10,"C4","none","superpopulation","facec"
7,"two_round_crossfit",0.579508823213933,0.0105342556827431,-0.0176257320535469,TRUE,0.0412935234842258,5000,3,10,"C4","none","superpopulation","facec"
7,"target_only",0.58186503220314,0.0184244206899357,-0.0152695230643395,TRUE,0.0722224019765769,5000,3,10,"C4","none","superpopulation","facec"
7,"sample_size",0.587772440991935,0.0124134354559593,-0.00936211427554412,TRUE,0.0486597728361855,5000,3,10,"C4","none","superpopulation","facec"
7,"inverse_variance",0.587193842966674,0.0145987604137868,-0.00994071230080529,TRUE,0.0572260892599024,5000,3,10,"C4","none","superpopulation","facec"
7,"federated_dr",0.579649182467359,0.0124910714373257,-0.0174853728001209,TRUE,0.0489641002909504,5000,3,10,"C4","none","superpopulation","facec"
7,"pooled_dr",0.584279414744309,0.0128172354941726,-0.0128551405231708,TRUE,0.0502426398998936,5000,3,10,"C4","none","superpopulation","facec"
7,"tilted_aipw",0.56942755001274,0.0167004117394178,-0.0277070052547398,TRUE,0.0654644110724978,5000,3,10,"C4","none","superpopulation","facec"
7,"oracle_dr",0.587465768916287,0.0127796693294442,-0.00966878635119262,TRUE,0.0500953832400837,5000,3,10,"C4","none","superpopulation","facec"
8,"one_round_crossfit",0.602224632687772,0.0103807883499766,0.00509007742029255,TRUE,0.0406919425941743,5000,3,10,"C4","none","superpopulation","facec"
8,"two_round_crossfit",0.602245986259515,0.0103366990882437,0.00511143099203515,TRUE,0.0405191158639715,5000,3,10,"C4","none","superpopulation","facec"
8,"target_only",0.601446468252387,0.0184490599236332,0.00431191298490741,TRUE,0.0723189859978846,5000,3,10,"C4","none","superpopulation","facec"
8,"sample_size",0.603735633132975,0.0214934290610264,0.00660107786549546,TRUE,0.0842526937277568,5000,3,10,"C4","none","superpopulation","facec"
8,"inverse_variance",0.60155259653424,0.0214263144743671,0.00441804126676049,TRUE,0.0839896093823773,5000,3,10,"C4","none","superpopulation","facec"
8,"federated_dr",0.601297464151027,0.0127943473355116,0.00416290888354742,TRUE,0.0501529199665973,5000,3,10,"C4","none","superpopulation","facec"
8,"pooled_dr",0.603364893435697,0.0127815992580411,0.00623033816821728,TRUE,0.0501029484211688,5000,3,10,"C4","none","superpopulation","facec"
8,"tilted_aipw",0.593086749737679,0.0168153698014437,-0.00404780552980089,TRUE,0.0659150383951039,5000,3,10,"C4","none","superpopulation","facec"
8,"oracle_dr",0.59570388306299,0.0126078344965454,-0.00143067220448989,TRUE,0.0494218030725415,5000,3,10,"C4","none","superpopulation","facec"
9,"one_round_crossfit",0.592480877343794,0.0105293259085266,-0.00465367792368521,TRUE,0.0412741991243935,5000,3,10,"C4","none","superpopulation","facec"
9,"two_round_crossfit",0.593777663060561,0.01049834542736,-0.00335689220691893,TRUE,0.0411527578697728,5000,3,10,"C4","none","superpopulation","facec"
9,"target_only",0.588861588178214,0.0180799153522652,-0.0082729670892655,TRUE,0.0708719658679453,5000,3,10,"C4","none","superpopulation","facec"
9,"sample_size",0.599458292048303,0.0166704703664578,0.00232373678082309,TRUE,0.065347043047199,5000,3,10,"C4","none","superpopulation","facec"
9,"inverse_variance",0.598791809497551,0.0173922232303328,0.00165725423007146,TRUE,0.0681762622850666,5000,3,10,"C4","none","superpopulation","facec"
9,"federated_dr",0.593021991585533,0.012271222845242,-0.00411256368194701,TRUE,0.0481023096458788,5000,3,10,"C4","none","superpopulation","facec"
9,"pooled_dr",0.59550064417341,0.0125713873188987,-0.00163391109406952,TRUE,0.04927893276149,5000,3,10,"C4","none","superpopulation","facec"
9,"tilted_aipw",0.582972227575635,0.0155145940685562,-0.0141623276918448,TRUE,0.0608160912182576,5000,3,10,"C4","none","superpopulation","facec"
9,"oracle_dr",0.592002898218359,0.0125918425255132,-0.00513165704912055,TRUE,0.0493591156980115,5000,3,10,"C4","none","superpopulation","facec"
10,"one_round_crossfit",0.619245632362249,0.0103062293676818,0.0221110770947698,FALSE,0.0403996767541308,5000,3,10,"C4","none","superpopulation","facec"
10,"two_round_crossfit",0.617493989516774,0.0101408169972999,0.0203594342492949,FALSE,0.0397512721770388,5000,3,10,"C4","none","superpopulation","facec"
10,"target_only",0.605866649419554,0.0176519848786557,0.00873209415207421,TRUE,0.0691945092356216,5000,3,10,"C4","none","superpopulation","facec"
10,"sample_size",0.613963142014038,0.00968234346621442,0.0168285867465582,TRUE,0.0379540889594538,5000,3,10,"C4","none","superpopulation","facec"
10,"inverse_variance",0.614215445257927,0.0120891181327837,0.0170808899904477,TRUE,0.0473884722902125,5000,3,10,"C4","none","superpopulation","facec"
10,"federated_dr",0.614331998648266,0.0123401596619608,0.0171974433807864,TRUE,0.0483725370018344,5000,3,10,"C4","none","superpopulation","facec"
10,"pooled_dr",0.615814246254607,0.0130740621039768,0.018679690987127,TRUE,0.051249381710869,5000,3,10,"C4","none","superpopulation","facec"
10,"tilted_aipw",0.603380366644062,0.0149587939882416,0.00624581137658264,TRUE,0.0586373949382155,5000,3,10,"C4","none","superpopulation","facec"
10,"oracle_dr",0.618699114258781,0.0124051271221402,0.0215645589913009,TRUE,0.0486272047660714,5000,3,10,"C4","none","superpopulation","facec"
11,"one_round_crossfit",0.605496874023088,0.0104941577289961,0.00836231875560867,TRUE,0.0411363423938298,5000,3,10,"C4","none","superpopulation","facec"
11,"two_round_crossfit",0.605233045593009,0.0105183414019395,0.00809849032552956,TRUE,0.041231140649796,5000,3,10,"C4","none","superpopulation","facec"
11,"target_only",0.598231077552278,0.0183601798212184,0.00109652228479795,TRUE,0.0719705823985339,5000,3,10,"C4","none","superpopulation","facec"
11,"sample_size",0.613017302325739,0.0119072497587574,0.0158827470582594,TRUE,0.0466755613641756,5000,3,10,"C4","none","superpopulation","facec"
11,"inverse_variance",0.613458108815556,0.0142019202646414,0.0163235535480761,TRUE,0.0556705044600132,5000,3,10,"C4","none","superpopulation","facec"
11,"federated_dr",0.609266380022653,0.0127497419048887,0.0121318247551738,TRUE,0.0499780698915258,5000,3,10,"C4","none","superpopulation","facec"
11,"pooled_dr",0.61211735725746,0.013424424232676,0.0149828019899799,TRUE,0.0526227760184634,5000,3,10,"C4","none","superpopulation","facec"
11,"tilted_aipw",0.582872553888113,0.0150330963548873,-0.0142620013793668,TRUE,0.0589286548633987,5000,3,10,"C4","none","superpopulation","facec"
11,"oracle_dr",0.611928061728294,0.0123986892195954,0.0147935064608142,TRUE,0.048601968651824,5000,3,10,"C4","none","superpopulation","facec"
12,"one_round_crossfit",0.61239117439511,0.0104049949232781,0.0152566191276305,TRUE,0.0407868306178945,5000,3,10,"C4","none","superpopulation","facec"
12,"two_round_crossfit",0.616165763734342,0.0104055100821051,0.0190312084668625,TRUE,0.0407888500033888,5000,3,10,"C4","none","superpopulation","facec"
12,"target_only",0.625556222762152,0.0178217711759343,0.0284216674946721,TRUE,0.0698600592910905,5000,3,10,"C4","none","superpopulation","facec"
12,"sample_size",0.622119636884248,0.0167154429742746,0.0249850816167682,TRUE,0.0655233324304225,5000,3,10,"C4","none","superpopulation","facec"
12,"inverse_variance",0.621538685730452,0.0176381977732201,0.0244041304629725,TRUE,0.0691404647754119,5000,3,10,"C4","none","superpopulation","facec"
12,"federated_dr",0.618106659459883,0.012045569185083,0.0209721041924031,TRUE,0.0472177635520961,5000,3,10,"C4","none","superpopulation","facec"
12,"pooled_dr",0.616318498646867,0.0126270366838614,0.0191839433793871,TRUE,0.0494970742636687,5000,3,10,"C4","none","superpopulation","facec"
12,"tilted_aipw",0.601061996607389,0.0150987619538266,0.00392744133990919,TRUE,0.0591860592812876,5000,3,10,"C4","none","superpopulation","facec"
12,"oracle_dr",0.608475468306616,0.0124572718040312,0.0113409130391369,TRUE,0.0488316081630551,5000,3,10,"C4","none","superpopulation","facec"
13,"one_round_crossfit",0.602086390566644,0.01047169274263,0.00495183529916465,TRUE,0.0410482812654487,5000,3,10,"C4","none","superpopulation","facec"
13,"two_round_crossfit",0.600198679871433,0.01048896481017,0.00306412460395344,TRUE,0.0411159865260824,5000,3,10,"C4","none","superpopulation","facec"
13,"target_only",0.608246085891145,0.0182569638477899,0.0111115306236651,TRUE,0.0715659832174362,5000,3,10,"C4","none","superpopulation","facec"
13,"sample_size",0.608668362747949,0.0109875625678526,0.0115338074804689,TRUE,0.043070453821743,5000,3,10,"C4","none","superpopulation","facec"
13,"inverse_variance",0.608192199368399,0.013607176317371,0.0110576441009196,TRUE,0.053339151026667,5000,3,10,"C4","none","superpopulation","facec"
13,"federated_dr",0.60088839837429,0.0126709245796657,0.00375384310681082,TRUE,0.0496691116539363,5000,3,10,"C4","none","superpopulation","facec"
13,"pooled_dr",0.597905831644982,0.0133286319064209,0.000771276377502739,TRUE,0.0522472769995528,5000,3,10,"C4","none","superpopulation","facec"
13,"tilted_aipw",0.583059204910157,0.0164341538742907,-0.0140753503573231,TRUE,0.0644206994199983,5000,3,10,"C4","none","superpopulation","facec"
13,"oracle_dr",0.591705019823972,0.0123476600842776,-0.00542953544350722,TRUE,0.0484019381170537,5000,3,10,"C4","none","superpopulation","facec"
14,"one_round_crossfit",0.609097056166024,0.0104417944835398,0.011962500898544,TRUE,0.0409310822434141,5000,3,10,"C4","none","superpopulation","facec"
14,"two_round_crossfit",0.608562982164712,0.0104041582571414,0.0114284268972322,TRUE,0.0407835509469041,5000,3,10,"C4","none","superpopulation","facec"
14,"target_only",0.634641707474417,0.0175061792790112,0.0375071522069376,FALSE,0.0686229617875265,5000,3,10,"C4","none","superpopulation","facec"
14,"sample_size",0.620180434662368,0.013556483157777,0.0230458793948889,TRUE,0.0531404374925337,5000,3,10,"C4","none","superpopulation","facec"
14,"inverse_variance",0.619867219560909,0.0151179239620767,0.0227326642934289,TRUE,0.0592611729733705,5000,3,10,"C4","none","superpopulation","facec"
14,"federated_dr",0.613983268353197,0.012776030565312,0.0168487130857173,TRUE,0.050081119546789,5000,3,10,"C4","none","superpopulation","facec"
14,"pooled_dr",0.611730544907459,0.0133142942267245,0.0145959896399795,TRUE,0.0521910743278993,5000,3,10,"C4","none","superpopulation","facec"
14,"tilted_aipw",0.603748185602604,0.0171447855001383,0.00661363033512485,TRUE,0.0672063242058711,5000,3,10,"C4","none","superpopulation","facec"
14,"oracle_dr",0.598890366885459,0.0124811835437567,0.00175581161797922,TRUE,0.0489253404603944,5000,3,10,"C4","none","superpopulation","facec"
15,"one_round_crossfit",0.613750759924896,0.0104264647907949,0.0166162046574162,TRUE,0.0408709909520659,5000,3,10,"C4","none","superpopulation","facec"
15,"two_round_crossfit",0.612306871043067,0.0104845996112757,0.0151723157755878,TRUE,0.0410988752608459,5000,3,10,"C4","none","superpopulation","facec"
15,"target_only",0.613704037881955,0.0183953082554656,0.0165694826144757,TRUE,0.0721082833304498,5000,3,10,"C4","none","superpopulation","facec"
15,"sample_size",0.616287542703661,0.0142732406921697,0.0191529874361812,TRUE,0.0559500753986482,5000,3,10,"C4","none","superpopulation","facec"
15,"inverse_variance",0.615576180981723,0.0157948222021407,0.0184416257142436,TRUE,0.0619145653168189,5000,3,10,"C4","none","superpopulation","facec"
15,"federated_dr",0.616456570901977,0.0125237318771132,0.0193220156344971,TRUE,0.0490921268623561,5000,3,10,"C4","none","superpopulation","facec"
15,"pooled_dr",0.611023424922363,0.0128283619904143,0.0138888696548836,TRUE,0.0502862549637091,5000,3,10,"C4","none","superpopulation","facec"
15,"tilted_aipw",0.608702070375003,0.0156075759157375,0.0115675151075232,TRUE,0.0611805733616406,5000,3,10,"C4","none","superpopulation","facec"
15,"oracle_dr",0.604583850222018,0.0124226427981526,0.00744929495453794,TRUE,0.0486958649543701,5000,3,10,"C4","none","superpopulation","facec"
16,"one_round_crossfit",0.598309482477399,0.0105843427107142,0.00117492720991974,TRUE,0.0414898610260579,5000,3,10,"C4","none","superpopulation","facec"
16,"two_round_crossfit",0.595621407116793,0.0105189003711367,-0.00151314815068615,TRUE,0.0412333317687861,5000,3,10,"C4","none","superpopulation","facec"
16,"target_only",0.580213304714504,0.0186524347076905,-0.0169212505529756,TRUE,0.0731162005021164,5000,3,10,"C4","none","superpopulation","facec"
16,"sample_size",0.606523260720139,0.0216954110730628,0.00938870545265902,TRUE,0.0850444486659889,5000,3,10,"C4","none","superpopulation","facec"
16,"inverse_variance",0.605645823749166,0.0216151017395977,0.00851126848168637,TRUE,0.0847296418635612,5000,3,10,"C4","none","superpopulation","facec"
16,"federated_dr",0.598597278511159,0.0128667112803268,0.00146272324367969,TRUE,0.0504365814178316,5000,3,10,"C4","none","superpopulation","facec"
16,"pooled_dr",0.597412521570453,0.0133596443208632,0.00027796630297372,TRUE,0.0523688434303138,5000,3,10,"C4","none","superpopulation","facec"
16,"tilted_aipw",0.589330652655214,0.0156954191024598,-0.00780390261226549,TRUE,0.0615249123261665,5000,3,10,"C4","none","superpopulation","facec"
16,"oracle_dr",0.598649854019503,0.0124672130399596,0.00151529875202328,TRUE,0.0488705770918176,5000,3,10,"C4","none","superpopulation","facec"
17,"one_round_crossfit",0.582953742186961,0.0104887486113232,-0.0141808130805189,TRUE,0.041115139042176,5000,3,10,"C4","none","superpopulation","facec"
17,"two_round_crossfit",0.583230914974727,0.010464439339264,-0.013903640292753,TRUE,0.041019848446723,5000,3,10,"C4","none","superpopulation","facec"
17,"target_only",0.578637805969888,0.0188104302408666,-0.0184967492975914,TRUE,0.0737355316116035,5000,3,10,"C4","none","superpopulation","facec"
17,"sample_size",0.58218012907327,0.0117478389322994,-0.0149544261942096,TRUE,0.0460506824069684,5000,3,10,"C4","none","superpopulation","facec"
17,"inverse_variance",0.582967194766203,0.0139806146791214,-0.0141673605012764,TRUE,0.0548030025056199,5000,3,10,"C4","none","superpopulation","facec"
17,"federated_dr",0.58204661579565,0.0125900983843099,-0.0150879394718294,TRUE,0.0493522787901264,5000,3,10,"C4","none","superpopulation","facec"
17,"pooled_dr",0.581689111672251,0.0131283889475012,-0.0154454435952288,TRUE,0.0514623390242721,5000,3,10,"C4","none","superpopulation","facec"
17,"tilted_aipw",0.565116908810438,0.0144277129183825,-0.0320176464570413,FALSE,0.0565555953986261,5000,3,10,"C4","none","superpopulation","facec"
17,"oracle_dr",0.591510644858052,0.012600344996413,-0.00562391040942734,TRUE,0.049392444771498,5000,3,10,"C4","none","superpopulation","facec"
18,"one_round_crossfit",0.591708379078589,0.0106246422580058,-0.00542617618889107,TRUE,0.0416478323486273,5000,3,10,"C4","none","superpopulation","facec"
18,"two_round_crossfit",0.59143105166281,0.0107038362182835,-0.00570350360467009,TRUE,0.0419582669685021,5000,3,10,"C4","none","superpopulation","facec"
18,"target_only",0.575904673357296,0.0190544590044297,-0.0212298819101832,TRUE,0.0746921067871542,5000,3,10,"C4","none","superpopulation","facec"
18,"sample_size",0.599962087099406,0.0252422310526482,0.00282753183192597,TRUE,0.0989477275052579,5000,3,10,"C4","none","superpopulation","facec"
18,"inverse_variance",0.598504471009364,0.0251504010948232,0.00136991574188461,TRUE,0.0985877606851804,5000,3,10,"C4","none","superpopulation","facec"
18,"federated_dr",0.592371808327324,0.0122805592607717,-0.00476274694015577,TRUE,0.0481389077222447,5000,3,10,"C4","none","superpopulation","facec"
18,"pooled_dr",0.589605205768483,0.0128584758620883,-0.00752934949899686,TRUE,0.0504042991715412,5000,3,10,"C4","none","superpopulation","facec"
18,"tilted_aipw",0.573157247320417,0.0155109757868427,-0.0239773079470629,TRUE,0.060801907814569,5000,3,10,"C4","none","superpopulation","facec"
18,"oracle_dr",0.592613412943392,0.0124149161115283,-0.00452114232408718,TRUE,0.0486655768993631,5000,3,10,"C4","none","superpopulation","facec"
19,"one_round_crossfit",0.592714059146236,0.0104992843156807,-0.00442049612124362,TRUE,0.041156438244361,5000,3,10,"C4","none","superpopulation","facec"
19,"two_round_crossfit",0.591344886476692,0.0105497988184327,-0.00578966879078757,TRUE,0.0413544514565425,5000,3,10,"C4","none","superpopulation","facec"
19,"target_only",0.608787726904757,0.0184318105152728,0.0116531716372779,TRUE,0.0722513695596025,5000,3,10,"C4","none","superpopulation","facec"
19,"sample_size",0.600627623909054,0.0151322732677712,0.00349306864157484,TRUE,0.0593174212180996,5000,3,10,"C4","none","superpopulation","facec"
19,"inverse_variance",0.599913018864282,0.0163775643851208,0.00277846359680201,TRUE,0.0641988726986453,5000,3,10,"C4","none","superpopulation","facec"
19,"federated_dr",0.593701836466338,0.0126755069062006,-0.00343271880114115,TRUE,0.0496870740438837,5000,3,10,"C4","none","superpopulation","facec"
19,"pooled_dr",0.594091017069785,0.0129726489626527,-0.00304353819769432,TRUE,0.0508518495017602,5000,3,10,"C4","none","superpopulation","facec"
19,"tilted_aipw",0.578937313485138,0.0167797215562821,-0.0181972417823414,TRUE,0.0657752998418466,5000,3,10,"C4","none","superpopulation","facec"
19,"oracle_dr",0.584939644805033,0.0125479466379821,-0.0121949104624466,TRUE,0.0491870469807509,5000,3,10,"C4","none","superpopulation","facec"
20,"one_round_crossfit",0.58543989410383,0.0104912858864116,-0.0116946611636499,TRUE,0.04112508497776,5000,3,10,"C4","none","superpopulation","facec"
20,"two_round_crossfit",0.584875120163323,0.0104896166832192,-0.0122594351041571,TRUE,0.0411185418214803,5000,3,10,"C4","none","superpopulation","facec"
20,"target_only",0.592642917860731,0.0180476720092576,-0.00449163740674863,TRUE,0.0707455742858729,5000,3,10,"C4","none","superpopulation","facec"
20,"sample_size",0.588873579248437,0.0164455861313265,-0.00826097601904252,TRUE,0.0644655130441028,5000,3,10,"C4","none","superpopulation","facec"
20,"inverse_variance",0.587847838499659,0.0171363909788664,-0.00928671676782056,TRUE,0.0671734182871504,5000,3,10,"C4","none","superpopulation","facec"
20,"federated_dr",0.585389189781032,0.0121549499412229,-0.0117453654864477,TRUE,0.0476465282373681,5000,3,10,"C4","none","superpopulation","facec"
20,"pooled_dr",0.588677250169111,0.0128435823449759,-0.00845730509836817,TRUE,0.0503459176572543,5000,3,10,"C4","none","superpopulation","facec"
20,"tilted_aipw",0.569552053980116,0.0138248167109928,-0.0275825012873639,FALSE,0.0541922856928265,5000,3,10,"C4","none","superpopulation","facec"
20,"oracle_dr",0.589980266209619,0.0125804260625786,-0.00715428905786075,TRUE,0.0493143639856459,5000,3,10,"C4","none","superpopulation","facec"
21,"one_round_crossfit",0.596908914465322,0.0103764993013557,-0.000225640802158034,TRUE,0.0406751298325243,5000,3,10,"C4","none","superpopulation","facec"
21,"two_round_crossfit",0.59819062184443,0.0103969244940475,0.00105606657695045,TRUE,0.0407551951166307,5000,3,10,"C4","none","superpopulation","facec"
21,"target_only",0.599085266744619,0.0187578821003306,0.0019507114771391,TRUE,0.073529546685793,5000,3,10,"C4","none","superpopulation","facec"
21,"sample_size",0.611715973517412,0.0184289237283975,0.0145814182499322,TRUE,0.0722400535629892,5000,3,10,"C4","none","superpopulation","facec"
21,"inverse_variance",0.610770514419142,0.0183720539630311,0.0136359591516622,TRUE,0.0720171281791346,5000,3,10,"C4","none","superpopulation","facec"
21,"federated_dr",0.597857456986871,0.0122423634911728,0.000722901719391489,TRUE,0.0479891830566932,5000,3,10,"C4","none","superpopulation","facec"
21,"pooled_dr",0.600087269796095,0.0124966763931491,0.00295271452861545,TRUE,0.0489860713140482,5000,3,10,"C4","none","superpopulation","facec"
21,"tilted_aipw",0.578658688895222,0.0152238843227357,-0.0184758663722577,TRUE,0.0596765299547317,5000,3,10,"C4","none","superpopulation","facec"
21,"oracle_dr",0.594482953668151,0.0126443387109636,-0.00265160159932853,TRUE,0.0495648969636286,5000,3,10,"C4","none","superpopulation","facec"
22,"one_round_crossfit",0.598831478581499,0.0105957176413055,0.00169692331401972,TRUE,0.0415344499346291,5000,3,10,"C4","none","superpopulation","facec"
22,"two_round_crossfit",0.598671304608429,0.0105833154983114,0.00153674934094961,TRUE,0.0414858344274298,5000,3,10,"C4","none","superpopulation","facec"
22,"target_only",0.6117208889039,0.0183014825204975,0.0145863336364205,TRUE,0.071740493207729,5000,3,10,"C4","none","superpopulation","facec"
22,"sample_size",0.604501656594955,0.020682721475416,0.0073671013274752,TRUE,0.0810747783881769,5000,3,10,"C4","none","superpopulation","facec"
22,"inverse_variance",0.602219920319265,0.0206197967630461,0.00508536505178547,TRUE,0.0808281180482118,5000,3,10,"C4","none","superpopulation","facec"
22,"federated_dr",0.602939130814165,0.0122409520161524,0.00580457554668501,TRUE,0.0479836501762834,5000,3,10,"C4","none","superpopulation","facec"
22,"pooled_dr",0.599903662791098,0.0128026527871251,0.00276910752361803,TRUE,0.0501854767386731,5000,3,10,"C4","none","superpopulation","facec"
22,"tilted_aipw",0.583835382348475,0.0156248055849184,-0.0132991729190046,TRUE,0.0612481124237607,5000,3,10,"C4","none","superpopulation","facec"
22,"oracle_dr",0.591980807640262,0.0125700476059717,-0.00515374762721743,TRUE,0.0492736811833168,5000,3,10,"C4","none","superpopulation","facec"
23,"one_round_crossfit",0.592100718509194,0.0105286194381136,-0.00503383675828539,TRUE,0.041271429811262,5000,3,10,"C4","none","superpopulation","facec"
23,"two_round_crossfit",0.591981449310715,0.010507956593742,-0.00515310595676433,TRUE,0.041190432949689,5000,3,10,"C4","none","superpopulation","facec"
23,"target_only",0.588071060455081,0.0180858676324338,-0.00906349481239843,TRUE,0.070895298377458,5000,3,10,"C4","none","superpopulation","facec"
23,"sample_size",0.602016767279291,0.0142263360234135,0.00488221201181172,TRUE,0.0557662124757106,5000,3,10,"C4","none","superpopulation","facec"
23,"inverse_variance",0.602148471061325,0.0156144290449871,0.00501391579384525,TRUE,0.0612074371346618,5000,3,10,"C4","none","superpopulation","facec"
23,"federated_dr",0.593126516780337,0.0128205333779271,-0.00400803848714282,TRUE,0.0502555673666614,5000,3,10,"C4","none","superpopulation","facec"
23,"pooled_dr",0.593156241522216,0.0134216032682981,-0.00397831374526347,TRUE,0.0526117180412988,5000,3,10,"C4","none","superpopulation","facec"
23,"tilted_aipw",0.582376678433858,0.0158323336069409,-0.0147578768336212,TRUE,0.0620616073216547,5000,3,10,"C4","none","superpopulation","facec"
23,"oracle_dr",0.591986833581081,0.0125099235608543,-0.00514772168639888,TRUE,0.0490379992572472,5000,3,10,"C4","none","superpopulation","facec"
24,"one_round_crossfit",0.593687919055191,0.0103398199735763,-0.00344663621228858,TRUE,0.0405313495096746,5000,3,10,"C4","none","superpopulation","facec"
24,"two_round_crossfit",0.594686290235084,0.0103041052780817,-0.00244826503239526,TRUE,0.0403913504758984,5000,3,10,"C4","none","superpopulation","facec"
24,"target_only",0.605476314152877,0.0182686353100552,0.00834175888539745,TRUE,0.0716117345088099,5000,3,10,"C4","none","superpopulation","facec"
24,"sample_size",0.599500510130667,0.0155434669130102,0.00236595486318725,TRUE,0.0609292706887801,5000,3,10,"C4","none","superpopulation","facec"
24,"inverse_variance",0.598911532252978,0.0164414568405442,0.0017769769854985,TRUE,0.0644493265216726,5000,3,10,"C4","none","superpopulation","facec"
24,"federated_dr",0.596263541050377,0.012684119613489,-0.00087101421710245,TRUE,0.0497208352360732,5000,3,10,"C4","none","superpopulation","facec"
24,"pooled_dr",0.595590942027047,0.0132310356640453,-0.00154361324043306,TRUE,0.0518647067593874,5000,3,10,"C4","none","superpopulation","facec"
24,"tilted_aipw",0.58066558924781,0.0147086442495472,-0.0164689660196693,TRUE,0.0576568259810495,5000,3,10,"C4","none","superpopulation","facec"
24,"oracle_dr",0.592844925139641,0.0127051254879714,-0.00428963012783878,TRUE,0.0498031767509717,5000,3,10,"C4","none","superpopulation","facec"
25,"one_round_crossfit",0.60112258424747,0.0106767299180691,0.00398802897999029,TRUE,0.0418520122241532,5000,3,10,"C4","none","superpopulation","facec"
25,"two_round_crossfit",0.604318283080644,0.010497593528806,0.00718372781316445,TRUE,0.0411498104816008,5000,3,10,"C4","none","superpopulation","facec"
25,"target_only",0.560010484286995,0.018689862265594,-0.037124070980485,FALSE,0.0732629138331569,5000,3,10,"C4","none","superpopulation","facec"
25,"sample_size",0.607546018963558,0.0263804306283954,0.010411463696078,TRUE,0.103409387856625,5000,3,10,"C4","none","superpopulation","facec"
25,"inverse_variance",0.606600472986051,0.0262736214482902,0.00946591771857175,TRUE,0.102990703564176,5000,3,10,"C4","none","superpopulation","facec"
25,"federated_dr",0.599311736631122,0.0127718852766253,0.00217718136364198,TRUE,0.0500648703137261,5000,3,10,"C4","none","superpopulation","facec"
25,"pooled_dr",0.600387266971252,0.0127586031273134,0.00325271170377261,TRUE,0.0500128052451487,5000,3,10,"C4","none","superpopulation","facec"
25,"tilted_aipw",0.60172108972957,0.025698883857343,0.00458653446209045,TRUE,0.10073777360654,5000,3,10,"C4","none","superpopulation","facec"
25,"oracle_dr",0.603738894141609,0.0126130129952498,0.00660433887412926,TRUE,0.0494421024144505,5000,3,10,"C4","none","superpopulation","facec"
26,"one_round_crossfit",0.590859276466697,0.0105234616737032,-0.00627527880078227,TRUE,0.0412512117462915,5000,3,10,"C4","none","superpopulation","facec"
26,"two_round_crossfit",0.590788727564354,0.0106349770712061,-0.00634582770312564,TRUE,0.0416883440719464,5000,3,10,"C4","none","superpopulation","facec"
26,"target_only",0.588247472101233,0.0183471960668132,-0.00888708316624653,TRUE,0.0719196870164978,5000,3,10,"C4","none","superpopulation","facec"
26,"sample_size",0.59993731493049,0.0163357985516054,0.00280275966301069,TRUE,0.0640351536396961,5000,3,10,"C4","none","superpopulation","facec"
26,"inverse_variance",0.599691443190149,0.0169583598253036,0.00255688792266917,TRUE,0.0664755489889319,5000,3,10,"C4","none","superpopulation","facec"
26,"federated_dr",0.595732550507332,0.0129668604304757,-0.00140200476014718,TRUE,0.05082915887258,5000,3,10,"C4","none","superpopulation","facec"
26,"pooled_dr",0.596761012745886,0.0137893892753731,-0.000373542521593828,TRUE,0.0540534126970682,5000,3,10,"C4","none","superpopulation","facec"
26,"tilted_aipw",0.57513195010619,0.0156598604133557,-0.0220026051612894,TRUE,0.0613855248262032,5000,3,10,"C4","none","superpopulation","facec"
26,"oracle_dr",0.599107440832013,0.0125677256890722,0.00197288556453368,TRUE,0.0492645794363205,5000,3,10,"C4","none","superpopulation","facec"
27,"one_round_crossfit",0.594059967891217,0.0104413907562319,-0.00307458737626287,TRUE,0.0409294996614478,5000,3,10,"C4","none","superpopulation","facec"
27,"two_round_crossfit",0.592828419585913,0.0104437707005458,-0.00430613568156646,TRUE,0.0409388288717289,5000,3,10,"C4","none","superpopulation","facec"
27,"target_only",0.584354986237115,0.0185345573158779,-0.0127795690303647,TRUE,0.0726541296170282,5000,3,10,"C4","none","superpopulation","facec"
27,"sample_size",0.60286394473382,0.0195022341532575,0.00572938946634016,TRUE,0.0764473531169034,5000,3,10,"C4","none","superpopulation","facec"
27,"inverse_variance",0.602152002033087,0.0194388757216498,0.005017446765607,TRUE,0.0761989926287674,5000,3,10,"C4","none","superpopulation","facec"
27,"federated_dr",0.598030631637903,0.0124737815114276,0.000896076370423327,TRUE,0.0488963250268395,5000,3,10,"C4","none","superpopulation","facec"
27,"pooled_dr",0.596436081614181,0.0132216836212844,-0.000698473653299003,TRUE,0.0518280474254009,5000,3,10,"C4","none","superpopulation","facec"
27,"tilted_aipw",0.577038973421476,0.0151438149659482,-0.020095581846004,TRUE,0.0593626638435942,5000,3,10,"C4","none","superpopulation","facec"
27,"oracle_dr",0.600478552131017,0.0126503198397556,0.00334399686353726,TRUE,0.0495883425576669,5000,3,10,"C4","none","superpopulation","facec"
28,"one_round_crossfit",0.606402697771821,0.0103193438014493,0.0092681425043416,TRUE,0.0404510843898545,5000,3,10,"C4","none","superpopulation","facec"
28,"two_round_crossfit",0.607629680763981,0.0103834605964735,0.0104951254965017,TRUE,0.0407024176079578,5000,3,10,"C4","none","superpopulation","facec"
28,"target_only",0.62065394718171,0.0179382129338075,0.0235193919142301,TRUE,0.0703165025945467,5000,3,10,"C4","none","superpopulation","facec"
28,"sample_size",0.617868351827221,0.0179794726591665,0.0207337965597414,TRUE,0.0704782377459781,5000,3,10,"C4","none","superpopulation","facec"
28,"inverse_variance",0.616294957505951,0.0182084053874236,0.019160402238471,TRUE,0.0713756375505106,5000,3,10,"C4","none","superpopulation","facec"
28,"federated_dr",0.608661392739538,0.0125528591226105,0.011526837472058,TRUE,0.0492063035666432,5000,3,10,"C4","none","superpopulation","facec"
28,"pooled_dr",0.609339175764925,0.0132761104339285,0.0122046204974453,TRUE,0.0520413966105526,5000,3,10,"C4","none","superpopulation","facec"
28,"tilted_aipw",0.58738455421871,0.0147672622780453,-0.00975000104876966,TRUE,0.0578866044304511,5000,3,10,"C4","none","superpopulation","facec"
28,"oracle_dr",0.598264844351059,0.0123937355846756,0.00113028908357904,TRUE,0.0485825507597535,5000,3,10,"C4","none","superpopulation","facec"
29,"one_round_crossfit",0.607363978282832,0.0105292878415605,0.0102294230153526,TRUE,0.041274049904628,5000,3,10,"C4","none","superpopulation","facec"
29,"two_round_crossfit",0.606986503384716,0.010573227595369,0.009851948117236,TRUE,0.0414462905745363,5000,3,10,"C4","none","superpopulation","facec"
29,"target_only",0.598329966215336,0.0182998095238713,0.00119541094785613,TRUE,0.0717339351814619,5000,3,10,"C4","none","superpopulation","facec"
29,"sample_size",0.608573605855679,0.0204746100015162,0.0114390505881989,TRUE,0.0802589964009506,5000,3,10,"C4","none","superpopulation","facec"
29,"inverse_variance",0.607618843039041,0.020442439282968,0.0104842877715615,TRUE,0.0801328895015281,5000,3,10,"C4","none","superpopulation","facec"
29,"federated_dr",0.60735133146447,0.0132368570587313,0.0102167761969902,TRUE,0.051887526207236,5000,3,10,"C4","none","superpopulation","facec"
29,"pooled_dr",0.603179667089563,0.0134379841710238,0.00604511182208356,TRUE,0.0526759300000519,5000,3,10,"C4","none","superpopulation","facec"
29,"tilted_aipw",0.604727953551102,0.0186017118487348,0.00759339828362271,TRUE,0.0729173705486246,5000,3,10,"C4","none","superpopulation","facec"
29,"oracle_dr",0.604726589001161,0.0123831926697649,0.00759203373368122,TRUE,0.0485412232927194,5000,3,10,"C4","none","superpopulation","facec"
30,"one_round_crossfit",0.597833256913883,0.0104918387862023,0.000698701646403066,TRUE,0.0411272523051138,5000,3,10,"C4","none","superpopulation","facec"
30,"two_round_crossfit",0.599902191261566,0.0103565747291329,0.00276763599408603,TRUE,0.0405970269445963,5000,3,10,"C4","none","superpopulation","facec"
30,"target_only",0.607951585805978,0.0179365388439979,0.0108170305384983,TRUE,0.0703099402830794,5000,3,10,"C4","none","superpopulation","facec"
30,"sample_size",0.609465238841897,0.00971512715889445,0.0123306835744175,TRUE,0.0380825986733202,5000,3,10,"C4","none","superpopulation","facec"
30,"inverse_variance",0.609117929201035,0.0125923165766359,0.0119833739335553,TRUE,0.0493609739442664,5000,3,10,"C4","none","superpopulation","facec"
30,"federated_dr",0.598864053167454,0.0122678816568634,0.00172949789997412,TRUE,0.0480892124281034,5000,3,10,"C4","none","superpopulation","facec"
30,"pooled_dr",0.596440396668966,0.0125864564009817,-0.000694158598513517,TRUE,0.0493380024778156,5000,3,10,"C4","none","superpopulation","facec"
30,"tilted_aipw",0.590103384742963,0.017056197534455,-0.00703117052451618,TRUE,0.0668590657614654,5000,3,10,"C4","none","superpopulation","facec"
30,"oracle_dr",0.588576589141804,0.0126835365632628,-0.00855796612567561,TRUE,0.0497185497211841,5000,3,10,"C4","none","superpopulation","facec"
31,"one_round_crossfit",0.589076070218234,0.0103091552702132,-0.00805848504924533,TRUE,0.0404111460812986,5000,3,10,"C4","none","superpopulation","facec"
31,"two_round_crossfit",0.589566978769895,0.0103627053950199,-0.00756757649758488,TRUE,0.040621058713276,5000,3,10,"C4","none","superpopulation","facec"
31,"target_only",0.583881918551117,0.0177162530863752,-0.0132526367163622,TRUE,0.069446435980584,5000,3,10,"C4","none","superpopulation","facec"
31,"sample_size",0.601245811600104,0.0114243202829323,0.00411125633262466,TRUE,0.0447825126047954,5000,3,10,"C4","none","superpopulation","facec"
31,"inverse_variance",0.601097098655597,0.0139168946987012,0.00396254338811741,TRUE,0.0545532247721814,5000,3,10,"C4","none","superpopulation","facec"
31,"federated_dr",0.595204496496887,0.0123284206125,-0.00193005877059227,TRUE,0.0483265207735226,5000,3,10,"C4","none","superpopulation","facec"
31,"pooled_dr",0.591713290720753,0.0132600434312944,-0.00542126454672687,TRUE,0.051978415117548,5000,3,10,"C4","none","superpopulation","facec"
31,"tilted_aipw",0.579328508830981,0.0158831507859835,-0.0178060464364986,TRUE,0.0622608070030937,5000,3,10,"C4","none","superpopulation","facec"
31,"oracle_dr",0.592326016401714,0.0126851992804242,-0.00480853886576527,TRUE,0.0497250674526897,5000,3,10,"C4","none","superpopulation","facec"
32,"one_round_crossfit",0.597179517009718,0.0105960533545085,4.49617422380033e-05,TRUE,0.0415357659062028,5000,3,10,"C4","none","superpopulation","facec"
32,"two_round_crossfit",0.595442500028044,0.010678616909551,-0.00169205523943528,TRUE,0.0418594090948408,5000,3,10,"C4","none","superpopulation","facec"
32,"target_only",0.562444239875331,0.0188756115084177,-0.0346903153921483,TRUE,0.0739910374853368,5000,3,10,"C4","none","superpopulation","facec"
32,"sample_size",0.610091273756312,0.0273436682754197,0.0129567184888322,TRUE,0.107185210050066,5000,3,10,"C4","none","superpopulation","facec"
32,"inverse_variance",0.609745519609482,0.0272958649077527,0.0126109643420026,TRUE,0.106997824292132,5000,3,10,"C4","none","superpopulation","facec"
32,"federated_dr",0.59939866600816,0.0130243284617103,0.00226411074068045,TRUE,0.0510544294155444,5000,3,10,"C4","none","superpopulation","facec"
32,"pooled_dr",0.593995370066135,0.0134955024947505,-0.0031391852013446,TRUE,0.0529013976859629,5000,3,10,"C4","none","superpopulation","facec"
32,"tilted_aipw",0.569242976420567,0.0155819989834913,-0.0278915788469122,TRUE,0.0610803136295652,5000,3,10,"C4","none","superpopulation","facec"
32,"oracle_dr",0.599635557075054,0.012548917877831,0.00250100180757407,TRUE,0.0491908541709991,5000,3,10,"C4","none","superpopulation","facec"
33,"one_round_crossfit",0.600864199271745,0.0105342768880166,0.00372964400426523,TRUE,0.0412936066073704,5000,3,10,"C4","none","superpopulation","facec"
33,"two_round_crossfit",0.600064541328503,0.0105344623997694,0.00292998606102379,TRUE,0.0412943338000786,5000,3,10,"C4","none","superpopulation","facec"
33,"target_only",0.585600826457643,0.0183819722722549,-0.0115337288098362,TRUE,0.0720560072368672,5000,3,10,"C4","none","superpopulation","facec"
33,"sample_size",0.605201027900805,0.0144677968899679,0.00806647263332561,TRUE,0.0567127216799554,5000,3,10,"C4","none","superpopulation","facec"
33,"inverse_variance",0.604700225722491,0.0159011538169866,0.00756567045501144,TRUE,0.0623313775878509,5000,3,10,"C4","none","superpopulation","facec"
33,"federated_dr",0.60426634767701,0.0128661603363751,0.00713179240953032,TRUE,0.0504344217572259,5000,3,10,"C4","none","superpopulation","facec"
33,"pooled_dr",0.601814775951383,0.0131658237965747,0.00468022068390328,TRUE,0.0516090809361738,5000,3,10,"C4","none","superpopulation","facec"
33,"tilted_aipw",0.598294066749247,0.0191216309026567,0.00115951148176763,TRUE,0.0749554157897505,5000,3,10,"C4","none","superpopulation","facec"
33,"oracle_dr",0.604925006762237,0.0126243975568794,0.00779045149475777,TRUE,0.0494867290759982,5000,3,10,"C4","none","superpopulation","facec"
34,"one_round_crossfit",0.594349571893319,0.0106516868034603,-0.00278498337416011,TRUE,0.0417538450187656,5000,3,10,"C4","none","superpopulation","facec"
34,"two_round_crossfit",0.595468212807054,0.0105865098060384,-0.00166634246042563,TRUE,0.0414983558836308,5000,3,10,"C4","none","superpopulation","facec"
34,"target_only",0.567801215112466,0.0184502508845784,-0.0293333401550133,TRUE,0.0723236544790038,5000,3,10,"C4","none","superpopulation","facec"
34,"sample_size",0.608421352438066,0.0254341533732782,0.0112867971705862,TRUE,0.0997000491777864,5000,3,10,"C4","none","superpopulation","facec"
34,"inverse_variance",0.608572754097661,0.0253661652048732,0.0114381988301813,TRUE,0.0994335404548889,5000,3,10,"C4","none","superpopulation","facec"
34,"federated_dr",0.599829735627555,0.0128780482112531,0.0026951803600751,TRUE,0.0504810213704532,5000,3,10,"C4","none","superpopulation","facec"
34,"pooled_dr",0.600083730273983,0.0135872354203764,0.00294917500650316,TRUE,0.0532609841468095,5000,3,10,"C4","none","superpopulation","facec"
34,"tilted_aipw",0.573510082223466,0.0154475249863811,-0.0236244730440132,TRUE,0.0605531852471792,5000,3,10,"C4","none","superpopulation","facec"
34,"oracle_dr",0.606285744723902,0.0125772520649474,0.00915118945642202,TRUE,0.049301922143558,5000,3,10,"C4","none","superpopulation","facec"
35,"one_round_crossfit",0.588565704651315,0.0102114331717149,-0.00856885061616486,TRUE,0.0400280824941976,5000,3,10,"C4","none","superpopulation","facec"
35,"two_round_crossfit",0.587834407618835,0.0103177102869762,-0.00930014764864417,TRUE,0.0404446811307835,5000,3,10,"C4","none","superpopulation","facec"
35,"target_only",0.601018575088379,0.0178542972738219,0.00388401982089914,TRUE,0.069987559251925,5000,3,10,"C4","none","superpopulation","facec"
35,"sample_size",0.594519669768171,0.01168172594324,-0.00261488549930888,TRUE,0.0457915242520353,5000,3,10,"C4","none","superpopulation","facec"
35,"inverse_variance",0.594853215702243,0.0139553531339924,-0.0022813395652368,TRUE,0.0547039790683268,5000,3,10,"C4","none","superpopulation","facec"
35,"federated_dr",0.589280157580557,0.0125735893543478,-0.00785439768692231,TRUE,0.049287564581836,5000,3,10,"C4","none","superpopulation","facec"
35,"pooled_dr",0.594048040859711,0.0134469386685446,-0.00308651440776819,TRUE,0.0527110309853329,5000,3,10,"C4","none","superpopulation","facec"
35,"tilted_aipw",0.571256183238517,0.0140937841430501,-0.0258783720289626,TRUE,0.0552466186525198,5000,3,10,"C4","none","superpopulation","facec"
35,"oracle_dr",0.594786449963733,0.0125153422343698,-0.00234810530374696,TRUE,0.0490592400671157,5000,3,10,"C4","none","superpopulation","facec"
36,"one_round_crossfit",0.595450349893182,0.0104034854810253,-0.00168420537429803,TRUE,0.04078091371299,5000,3,10,"C4","none","superpopulation","facec"
36,"two_round_crossfit",0.596022509077642,0.0104258130204767,-0.00111204618983718,TRUE,0.0408684360593661,5000,3,10,"C4","none","superpopulation","facec"
36,"target_only",0.604188348740454,0.0180917490176078,0.00705379347297408,TRUE,0.0709183529836985,5000,3,10,"C4","none","superpopulation","facec"
36,"sample_size",0.605721893174641,0.021744599052621,0.00858733790716137,TRUE,0.0852372620028019,5000,3,10,"C4","none","superpopulation","facec"
36,"inverse_variance",0.603949960073693,0.021656840290843,0.00681540480621357,TRUE,0.0848932539779763,5000,3,10,"C4","none","superpopulation","facec"
36,"federated_dr",0.595069776494867,0.012335634108791,-0.00206477877261257,TRUE,0.0483547971593883,5000,3,10,"C4","none","superpopulation","facec"
36,"pooled_dr",0.601189723997577,0.0126161007201163,0.00405516873009737,TRUE,0.0494542060735155,5000,3,10,"C4","none","superpopulation","facec"
36,"tilted_aipw",0.571674916196772,0.0145316660402017,-0.025459639070708,TRUE,0.0569630841483182,5000,3,10,"C4","none","superpopulation","facec"
36,"oracle_dr",0.598774021132848,0.0126856904716701,0.0016394658653679,TRUE,0.0497269928869926,5000,3,10,"C4","none","superpopulation","facec"
37,"one_round_crossfit",0.60914013634646,0.0103465948125996,0.0120055810789805,TRUE,0.0405579063906483,5000,3,10,"C4","none","superpopulation","facec"
37,"two_round_crossfit",0.607568654371577,0.0104411056170701,0.0104340991040973,TRUE,0.0409283819364725,5000,3,10,"C4","none","superpopulation","facec"
37,"target_only",0.602080386801108,0.0185158291868682,0.00494583153362871,TRUE,0.0725807167003145,5000,3,10,"C4","none","superpopulation","facec"
37,"sample_size",0.611305896773795,0.0160703735848227,0.0141713415063153,TRUE,0.0629947068887127,5000,3,10,"C4","none","superpopulation","facec"
37,"inverse_variance",0.610444890972298,0.0167873358592928,0.0133103357048181,TRUE,0.0658051473611831,5000,3,10,"C4","none","superpopulation","facec"
37,"federated_dr",0.612557297283456,0.0123668970521911,0.0154227420159763,TRUE,0.0484773456456185,5000,3,10,"C4","none","superpopulation","facec"
37,"pooled_dr",0.61209376900616,0.0130305063263912,0.0149592137386799,TRUE,0.0510786462000963,5000,3,10,"C4","none","superpopulation","facec"
37,"tilted_aipw",0.58530709017463,0.0152435190067557,-0.0118274650928492,TRUE,0.0597534965017859,5000,3,10,"C4","none","superpopulation","facec"
37,"oracle_dr",0.614872631040573,0.0124274459671034,0.0177380757730936,TRUE,0.0487146930306803,5000,3,10,"C4","none","superpopulation","facec"
38,"one_round_crossfit",0.583075802745647,0.0105128293173227,-0.0140587525218325,TRUE,0.0412095336751386,5000,3,10,"C4","none","superpopulation","facec"
38,"two_round_crossfit",0.585300106821447,0.0105500836115603,-0.0118344484460323,TRUE,0.041355567825089,5000,3,10,"C4","none","superpopulation","facec"
38,"target_only",0.579768993469767,0.0179428054410021,-0.0173655617977129,TRUE,0.070334504891947,5000,3,10,"C4","none","superpopulation","facec"
38,"sample_size",0.591385640692549,0.0149304166344714,-0.00574891457493076,TRUE,0.0585261577554832,5000,3,10,"C4","none","superpopulation","facec"
38,"inverse_variance",0.591202066803147,0.0161538931973057,-0.00593248846433303,TRUE,0.0633220977536517,5000,3,10,"C4","none","superpopulation","facec"
38,"federated_dr",0.590538422915619,0.0123327462800021,-0.00659613235186041,TRUE,0.0483434770785489,5000,3,10,"C4","none","superpopulation","facec"
38,"pooled_dr",0.586231611588658,0.013207282134965,-0.0109029436788218,TRUE,0.0517715946363813,5000,3,10,"C4","none","superpopulation","facec"
38,"tilted_aipw",0.570735928807649,0.0150015209537389,-0.0263986264598308,TRUE,0.0588048815653022,5000,3,10,"C4","none","superpopulation","facec"
38,"oracle_dr",0.595106342508815,0.0124440563225967,-0.00202821275866483,TRUE,0.048779804427755,5000,3,10,"C4","none","superpopulation","facec"
39,"one_round_crossfit",0.599040049359668,0.0105181685513145,0.00190549409218843,TRUE,0.0412304630877967,5000,3,10,"C4","none","superpopulation","facec"
39,"two_round_crossfit",0.59869280239962,0.0106081568487852,0.00155824713214048,TRUE,0.0415832107319418,5000,3,10,"C4","none","superpopulation","facec"
39,"target_only",0.595924505549293,0.0182389484792156,-0.00121004971818661,TRUE,0.0714953642702885,5000,3,10,"C4","none","superpopulation","facec"
39,"sample_size",0.602644511678784,0.0141088309045051,0.00550995641130414,TRUE,0.0553056008735913,5000,3,10,"C4","none","superpopulation","facec"
39,"inverse_variance",0.602098719485811,0.0155909403499309,0.0049641642183309,TRUE,0.0611153631419536,5000,3,10,"C4","none","superpopulation","facec"
39,"federated_dr",0.599128203325839,0.0128279197887961,0.00199364805835966,TRUE,0.0502845215652181,5000,3,10,"C4","none","superpopulation","facec"
39,"pooled_dr",0.601683642232319,0.0132517213516211,0.00454908696483924,TRUE,0.0519457931646756,5000,3,10,"C4","none","superpopulation","facec"
39,"tilted_aipw",0.575337551246595,0.0151784958589579,-0.0217970040208845,TRUE,0.0594986104460957,5000,3,10,"C4","none","superpopulation","facec"
39,"oracle_dr",0.601224473480358,0.0125609132122375,0.00408991821287819,TRUE,0.0492378750178377,5000,3,10,"C4","none","superpopulation","facec"
40,"one_round_crossfit",0.591385335625216,0.0103521786646564,-0.0057492196422636,TRUE,0.0405797946885009,5000,3,10,"C4","none","superpopulation","facec"
40,"two_round_crossfit",0.592551417169311,0.0103730331713678,-0.00458313809816835,TRUE,0.0406615428526405,5000,3,10,"C4","none","superpopulation","facec"
40,"target_only",0.590748844633728,0.0181227537709326,-0.00638571063375115,TRUE,0.0710398893834308,5000,3,10,"C4","none","superpopulation","facec"
40,"sample_size",0.602913282196012,0.0197986401250207,0.00577872692853232,TRUE,0.0776092431758204,5000,3,10,"C4","none","superpopulation","facec"
40,"inverse_variance",0.601427654315282,0.0197335848957298,0.00429309904780284,TRUE,0.0773542313629882,5000,3,10,"C4","none","superpopulation","facec"
40,"federated_dr",0.592593658084066,0.0129074470679544,-0.00454089718341355,TRUE,0.0505962627710954,5000,3,10,"C4","none","superpopulation","facec"
40,"pooled_dr",0.593252376159574,0.0133507386244509,-0.00388217910790511,TRUE,0.0523339337418633,5000,3,10,"C4","none","superpopulation","facec"
40,"tilted_aipw",0.588892172556954,0.0153761599356627,-0.00824238271052524,TRUE,0.0602734393888531,5000,3,10,"C4","none","superpopulation","facec"
40,"oracle_dr",0.589397625710473,0.0125627196071521,-0.00773692955700644,TRUE,0.0492449559557866,5000,3,10,"C4","none","superpopulation","facec"
41,"one_round_crossfit",0.595578738994727,0.0105345981514503,-0.00155581627275292,TRUE,0.0412948659368897,5000,3,10,"C4","none","superpopulation","facec"
41,"two_round_crossfit",0.595678669584018,0.0105450344670184,-0.00145588568346122,TRUE,0.0413357755421793,5000,3,10,"C4","none","superpopulation","facec"
41,"target_only",0.579987644974554,0.0183257980362308,-0.0171469102929256,TRUE,0.0718358082779342,5000,3,10,"C4","none","superpopulation","facec"
41,"sample_size",0.607835057032366,0.0123642897065402,0.0107005017648865,TRUE,0.0484671250384763,5000,3,10,"C4","none","superpopulation","facec"
41,"inverse_variance",0.60850095643638,0.0145176644778551,0.0113664011689003,TRUE,0.0569081990324651,5000,3,10,"C4","none","superpopulation","facec"
41,"federated_dr",0.595158730206274,0.0127761121880198,-0.00197582506120531,TRUE,0.050081439501924,5000,3,10,"C4","none","superpopulation","facec"
41,"pooled_dr",0.594895369764411,0.0133244844388417,-0.00223918550306867,TRUE,0.0522310192253883,5000,3,10,"C4","none","superpopulation","facec"
41,"tilted_aipw",0.572956367958727,0.0150126196592231,-0.0241781873087523,TRUE,0.0588483876913506,5000,3,10,"C4","none","superpopulation","facec"
41,"oracle_dr",0.599349485436666,0.0123900726933025,0.00221493016918595,TRUE,0.0485681924894119,5000,3,10,"C4","none","superpopulation","facec"
42,"one_round_crossfit",0.581023706404103,0.010578996941708,-0.0161108488633765,TRUE,0.0414689059966142,5000,3,10,"C4","none","superpopulation","facec"
42,"two_round_crossfit",0.580889959924441,0.0105960848708073,-0.0162445953430381,TRUE,0.0415358894478239,5000,3,10,"C4","none","superpopulation","facec"
42,"target_only",0.560560658518601,0.0182304505366934,-0.0365738967488782,FALSE,0.0714620529477159,5000,3,10,"C4","none","superpopulation","facec"
42,"sample_size",0.597402695126055,0.0181690374966204,0.000268139858575323,TRUE,0.0712213182542676,5000,3,10,"C4","none","superpopulation","facec"
42,"inverse_variance",0.598117316186323,0.0181089738467465,0.000982760918843084,TRUE,0.070985873073202,5000,3,10,"C4","none","superpopulation","facec"
42,"federated_dr",0.582638752634227,0.0128301368202928,-0.0144958026332521,TRUE,0.0502932121689903,5000,3,10,"C4","none","superpopulation","facec"
42,"pooled_dr",0.583652832872354,0.0135423339414859,-0.0134817223951256,TRUE,0.0530849735838532,5000,3,10,"C4","none","superpopulation","facec"
42,"tilted_aipw",0.562814174750016,0.0158047298064797,-0.0343203805174637,FALSE,0.0619534024121735,5000,3,10,"C4","none","superpopulation","facec"
42,"oracle_dr",0.591797390982783,0.0126498433056761,-0.00533716428469688,TRUE,0.0495864745784005,5000,3,10,"C4","none","superpopulation","facec"
43,"one_round_crossfit",0.598261396440286,0.010372084538205,0.00112684117280648,TRUE,0.0406578242789732,5000,3,10,"C4","none","superpopulation","facec"
43,"two_round_crossfit",0.60025665519521,0.0104192917525066,0.00312209992773016,TRUE,0.0408428731586563,5000,3,10,"C4","none","superpopulation","facec"
43,"target_only",0.587699619185965,0.018111147286898,-0.00943493608151447,TRUE,0.0709943928020409,5000,3,10,"C4","none","superpopulation","facec"
43,"sample_size",0.610640020422811,0.00954827473218453,0.0135054651553315,TRUE,0.0374285491791511,5000,3,10,"C4","none","superpopulation","facec"
43,"inverse_variance",0.610949634895135,0.0119503328652401,0.0138150796276554,TRUE,0.046844444038272,5000,3,10,"C4","none","superpopulation","facec"
43,"federated_dr",0.601525090184115,0.0126065876125636,0.00439053491663566,TRUE,0.0494169153771467,5000,3,10,"C4","none","superpopulation","facec"
43,"pooled_dr",0.604788460445955,0.0132425206021411,0.00765390517847575,TRUE,0.0519097268894524,5000,3,10,"C4","none","superpopulation","facec"
43,"tilted_aipw",0.576520760329478,0.0152347340253181,-0.0206137949380019,TRUE,0.059719060007341,5000,3,10,"C4","none","superpopulation","facec"
43,"oracle_dr",0.612200719481822,0.0125012204915024,0.0150661642143424,TRUE,0.0490038838522775,5000,3,10,"C4","none","superpopulation","facec"
44,"one_round_crossfit",0.592129809834884,0.0105501729727913,-0.00500474543259599,TRUE,0.0413559181146774,5000,3,10,"C4","none","superpopulation","facec"
44,"two_round_crossfit",0.591261238777905,0.0105859333513324,-0.00587331648957423,TRUE,0.0414960962227056,5000,3,10,"C4","none","superpopulation","facec"
44,"target_only",0.595580621879531,0.0179409371996777,-0.00155393338794818,TRUE,0.0703271815205264,5000,3,10,"C4","none","superpopulation","facec"
44,"sample_size",0.604435361798207,0.0114179109347253,0.00730080653072784,TRUE,0.0447573884214953,5000,3,10,"C4","none","superpopulation","facec"
44,"inverse_variance",0.604440918744061,0.0138585879763119,0.00730636347658187,TRUE,0.0543246666203023,5000,3,10,"C4","none","superpopulation","facec"
44,"federated_dr",0.598351138960441,0.0123895710477537,0.00121658369296174,TRUE,0.0485662260749946,5000,3,10,"C4","none","superpopulation","facec"
44,"pooled_dr",0.595111669946635,0.012747177718705,-0.00202288532084482,TRUE,0.0499680184663864,5000,3,10,"C4","none","superpopulation","facec"
44,"tilted_aipw",0.591516154445629,0.0158823341011317,-0.0056184008218505,TRUE,0.062257605657301,5000,3,10,"C4","none","superpopulation","facec"
44,"oracle_dr",0.590581826781855,0.0125440871357931,-0.00655272848562505,TRUE,0.0491719180101735,5000,3,10,"C4","none","superpopulation","facec"
45,"one_round_crossfit",0.583322383182131,0.0106108507133539,-0.0138121720853481,TRUE,0.0415937704870095,5000,3,10,"C4","none","superpopulation","facec"
45,"two_round_crossfit",0.583937204748978,0.0106866937464716,-0.013197350518502,TRUE,0.0418910697137875,5000,3,10,"C4","none","superpopulation","facec"
45,"target_only",0.598384696731939,0.0177674090276616,0.00125014146445912,TRUE,0.069646963585617,5000,3,10,"C4","none","superpopulation","facec"
45,"sample_size",0.597948129260467,0.0277594820328052,0.000813573992987204,TRUE,0.10881517002757,5000,3,10,"C4","none","superpopulation","facec"
45,"inverse_variance",0.594326148762293,0.0276004305973532,-0.00280840650518654,TRUE,0.108191699857219,5000,3,10,"C4","none","superpopulation","facec"
45,"federated_dr",0.590220395477545,0.0124674968357905,-0.00691415978993426,TRUE,0.048871689551033,5000,3,10,"C4","none","superpopulation","facec"
45,"pooled_dr",0.589146646324503,0.0132534635742052,-0.00798790894297652,TRUE,0.0519526225517113,5000,3,10,"C4","none","superpopulation","facec"
45,"tilted_aipw",0.573869042721936,0.0149221381289697,-0.0232655125455441,TRUE,0.0584937066102249,5000,3,10,"C4","none","superpopulation","facec"
45,"oracle_dr",0.586999337694539,0.0126669440966337,-0.0101352175729401,TRUE,0.0496535084471685,5000,3,10,"C4","none","superpopulation","facec"
46,"one_round_crossfit",0.610375921993126,0.0105370163602109,0.0132413667256467,TRUE,0.0413043451410455,5000,3,10,"C4","none","superpopulation","facec"
46,"two_round_crossfit",0.609953248818457,0.0104519761311191,0.0128186935509772,TRUE,0.0409709935685316,5000,3,10,"C4","none","superpopulation","facec"
46,"target_only",0.607835279473342,0.0179075555815932,0.0107007242058623,TRUE,0.0701963279821438,5000,3,10,"C4","none","superpopulation","facec"
46,"sample_size",0.614105021819703,0.00949961515600784,0.0169704665522235,TRUE,0.0372378071455324,5000,3,10,"C4","none","superpopulation","facec"
46,"inverse_variance",0.614066893997443,0.0114019662052094,0.016932338729963,TRUE,0.0446948862303065,5000,3,10,"C4","none","superpopulation","facec"
46,"federated_dr",0.611174284269364,0.0129668781275534,0.0140397290018843,TRUE,0.0508292282438498,5000,3,10,"C4","none","superpopulation","facec"
46,"pooled_dr",0.609157526988704,0.0135277639540342,0.0120229717212248,TRUE,0.0530278602825325,5000,3,10,"C4","none","superpopulation","facec"
46,"tilted_aipw",0.593790783395828,0.0159138439388936,-0.00334377187165136,TRUE,0.0623811219516448,5000,3,10,"C4","none","superpopulation","facec"
46,"oracle_dr",0.606595379888132,0.0125770692270588,0.00946082462065223,TRUE,0.0493012054322046,5000,3,10,"C4","none","superpopulation","facec"
47,"one_round_crossfit",0.588179947351806,0.0105290227661459,-0.00895460791567326,TRUE,0.0412730108280965,5000,3,10,"C4","none","superpopulation","facec"
47,"two_round_crossfit",0.586915204439928,0.010563346468068,-0.0102193508275518,TRUE,0.0414075572672632,5000,3,10,"C4","none","superpopulation","facec"
47,"target_only",0.58108696766158,0.0189309712685125,-0.0160475876058996,TRUE,0.0742080437572938,5000,3,10,"C4","none","superpopulation","facec"
47,"sample_size",0.593174522154681,0.0133291009452073,-0.00396003311279869,TRUE,0.0522491155978102,5000,3,10,"C4","none","superpopulation","facec"
47,"inverse_variance",0.59277500188161,0.0152438578424771,-0.00435955338586935,TRUE,0.0597548247134072,5000,3,10,"C4","none","superpopulation","facec"
47,"federated_dr",0.589299314091331,0.0130065224931973,-0.00783524117614853,TRUE,0.0509846313015536,5000,3,10,"C4","none","superpopulation","facec"
47,"pooled_dr",0.588138267097261,0.0134841246905552,-0.0089962881702188,TRUE,0.0528567975130709,5000,3,10,"C4","none","superpopulation","facec"
47,"tilted_aipw",0.567210879871211,0.0163984035120496,-0.0299236753962685,TRUE,0.0642805605751449,5000,3,10,"C4","none","superpopulation","facec"
47,"oracle_dr",0.587256763345128,0.0124781140259002,-0.00987779192235183,TRUE,0.0489133081714972,5000,3,10,"C4","none","superpopulation","facec"
48,"one_round_crossfit",0.595169119461849,0.010504041881343,-0.00196543580563047,TRUE,0.0411750875590651,5000,3,10,"C4","none","superpopulation","facec"
48,"two_round_crossfit",0.595434226982192,0.010539085486725,-0.00170032828528754,TRUE,0.0413124559679394,5000,3,10,"C4","none","superpopulation","facec"
48,"target_only",0.607367161160317,0.0186377203066618,0.0102326058928371,TRUE,0.0730585211099759,5000,3,10,"C4","none","superpopulation","facec"
48,"sample_size",0.601984507141229,0.0126790047426694,0.00484995187374926,TRUE,0.0497007853108893,5000,3,10,"C4","none","superpopulation","facec"
48,"inverse_variance",0.601819883935882,0.0145552885018921,0.00468532866840254,TRUE,0.0570556824965969,5000,3,10,"C4","none","superpopulation","facec"
48,"federated_dr",0.59325226588132,0.0128608134775361,-0.00388228938615931,TRUE,0.0504134624557162,5000,3,10,"C4","none","superpopulation","facec"
48,"pooled_dr",0.596998785586236,0.0134512504190876,-0.000135769681243736,TRUE,0.0527279327368819,5000,3,10,"C4","none","superpopulation","facec"
48,"tilted_aipw",0.566071914561855,0.0149262157584058,-0.0310626407056247,FALSE,0.0585096906238991,5000,3,10,"C4","none","superpopulation","facec"
48,"oracle_dr",0.594106989494407,0.0122732451538357,-0.00302756577307217,TRUE,0.0481102369498974,5000,3,10,"C4","none","superpopulation","facec"
49,"one_round_crossfit",0.601470028609711,0.0104987222285607,0.00433547334223183,TRUE,0.0411542349033382,5000,3,10,"C4","none","superpopulation","facec"
49,"two_round_crossfit",0.600940159089582,0.0103931721014831,0.00380560382210249,TRUE,0.0407404860080667,5000,3,10,"C4","none","superpopulation","facec"
49,"target_only",0.586339568144345,0.0179894467937648,-0.0107949871231348,TRUE,0.0705173356351572,5000,3,10,"C4","none","superpopulation","facec"
49,"sample_size",0.599956231915521,0.01163973909127,0.00282167664804123,TRUE,0.0456269388166644,5000,3,10,"C4","none","superpopulation","facec"
49,"inverse_variance",0.600291462299967,0.0140215517208718,0.00315690703248728,TRUE,0.0549634727605488,5000,3,10,"C4","none","superpopulation","facec"
49,"federated_dr",0.600644010684951,0.0126377766497527,0.00350945541747094,TRUE,0.0495391741563533,5000,3,10,"C4","none","superpopulation","facec"
49,"pooled_dr",0.599650545719793,0.0133813047569014,0.0025159904523131,TRUE,0.0524537507793625,5000,3,10,"C4","none","superpopulation","facec"
49,"tilted_aipw",0.583355993014136,0.0160342596870872,-0.0137785622533433,TRUE,0.0628531430109067,5000,3,10,"C4","none","superpopulation","facec"
49,"oracle_dr",0.602277430302176,0.0124147648117247,0.00514287503469668,TRUE,0.048664983815031,5000,3,10,"C4","none","superpopulation","facec"
50,"one_round_crossfit",0.588147924721556,0.0107254954450851,-0.00898663054592341,TRUE,0.0420431695774304,5000,3,10,"C4","none","superpopulation","facec"
50,"two_round_crossfit",0.584925227774719,0.0106558185222326,-0.0122093274927603,TRUE,0.0417700410587414,5000,3,10,"C4","none","superpopulation","facec"
50,"target_only",0.584152090527093,0.0189689093509338,-0.0129824647403868,TRUE,0.0743567583076705,5000,3,10,"C4","none","superpopulation","facec"
50,"sample_size",0.589355295919375,0.00981633190323641,-0.00777925934810497,TRUE,0.0384793139812698,5000,3,10,"C4","none","superpopulation","facec"
50,"inverse_variance",0.58949895253787,0.01281310967946,-0.00763560272960961,TRUE,0.0502264670034065,5000,3,10,"C4","none","superpopulation","facec"
50,"federated_dr",0.588848881934569,0.013055030882551,-0.00828567333291053,TRUE,0.0511747806937162,5000,3,10,"C4","none","superpopulation","facec"
50,"pooled_dr",0.58879491869683,0.0132856991859797,-0.00833963657064962,TRUE,0.0520789838279065,5000,3,10,"C4","none","superpopulation","facec"
50,"tilted_aipw",0.577118478355299,0.0158672652593491,-0.0200160769121807,TRUE,0.0621985368829356,5000,3,10,"C4","none","superpopulation","facec"
50,"oracle_dr",0.590714827824133,0.0124436506926895,-0.00641972744334707,TRUE,0.0487782143877367,5000,3,10,"C4","none","superpopulation","facec"
51,"one_round_crossfit",0.589589477612584,0.0104799079837761,-0.00754507765489598,TRUE,0.0410804844189898,5000,3,10,"C4","none","superpopulation","facec"
51,"two_round_crossfit",0.591334322637783,0.0104010361358513,-0.00580023262969664,TRUE,0.0407713124563365,5000,3,10,"C4","none","superpopulation","facec"
51,"target_only",0.599540320267637,0.0186346194840722,0.00240576500015788,TRUE,0.0730463661087797,5000,3,10,"C4","none","superpopulation","facec"
51,"sample_size",0.589783745720458,0.02044817137524,-0.00735080954702205,TRUE,0.0801553588903468,5000,3,10,"C4","none","superpopulation","facec"
51,"inverse_variance",0.587804339703406,0.0203516246652211,-0.00933021556407376,TRUE,0.0797769027414206,5000,3,10,"C4","none","superpopulation","facec"
51,"federated_dr",0.590288284107706,0.0125959883341805,-0.0068462711597741,TRUE,0.0493753669693606,5000,3,10,"C4","none","superpopulation","facec"
51,"pooled_dr",0.593653899515302,0.0134961321200782,-0.00348065575217726,TRUE,0.052903865771895,5000,3,10,"C4","none","superpopulation","facec"
51,"tilted_aipw",0.571423580537779,0.0146912455047824,-0.0257109747297004,TRUE,0.0575886241548187,5000,3,10,"C4","none","superpopulation","facec"
51,"oracle_dr",0.59519307755297,0.0123099404766147,-0.0019414777145097,TRUE,0.0482540799719933,5000,3,10,"C4","none","superpopulation","facec"
52,"one_round_crossfit",0.598315143645742,0.0103994078993307,0.00118058837826263,TRUE,0.040764929886459,5000,3,10,"C4","none","superpopulation","facec"
52,"two_round_crossfit",0.596886187072006,0.0104972050144541,-0.000248368195473581,TRUE,0.0411482875333264,5000,3,10,"C4","none","superpopulation","facec"
52,"target_only",0.605621658979173,0.0176028570416254,0.00848710371169337,TRUE,0.069001931653186,5000,3,10,"C4","none","superpopulation","facec"
52,"sample_size",0.605941687126025,0.0135071110100793,0.00880713185854498,TRUE,0.0529469022298796,5000,3,10,"C4","none","superpopulation","facec"
52,"inverse_variance",0.605531426226413,0.0151304478544678,0.0083968709589336,TRUE,0.0593102657294364,5000,3,10,"C4","none","superpopulation","facec"
52,"federated_dr",0.599040171919745,0.0124875437968579,0.00190561665226552,TRUE,0.0489502721944159,5000,3,10,"C4","none","superpopulation","facec"
52,"pooled_dr",0.601430139748073,0.012953506857948,0.00429558448059308,TRUE,0.0507768138301414,5000,3,10,"C4","none","superpopulation","facec"
52,"tilted_aipw",0.587640112764966,0.0196421544285323,-0.00949444250251374,TRUE,0.0769958305173946,5000,3,10,"C4","none","superpopulation","facec"
52,"oracle_dr",0.606188559618615,0.0127002763039701,0.00905400435113557,TRUE,0.0497841682989775,5000,3,10,"C4","none","superpopulation","facec"
53,"one_round_crossfit",0.610526067068761,0.0104599936172387,0.0133915118012818,TRUE,0.0410024215366134,5000,3,10,"C4","none","superpopulation","facec"
53,"two_round_crossfit",0.609775043210217,0.010508491177568,0.0126404879427378,TRUE,0.0411925284797803,5000,3,10,"C4","none","superpopulation","facec"
53,"target_only",0.600003976730932,0.0186684046942623,0.00286942146345237,TRUE,0.073178801699145,5000,3,10,"C4","none","superpopulation","facec"
53,"sample_size",0.618417556324504,0.0272877044505072,0.0212830010570247,TRUE,0.106965835887535,5000,3,10,"C4","none","superpopulation","facec"
53,"inverse_variance",0.616855440685919,0.0271735854571051,0.0197208854184393,TRUE,0.106518497653495,5000,3,10,"C4","none","superpopulation","facec"
53,"federated_dr",0.609596530873713,0.0125536946015343,0.0124619756062336,TRUE,0.0492095785838442,5000,3,10,"C4","none","superpopulation","facec"
53,"pooled_dr",0.610881416078081,0.0130619656300246,0.0137468608106015,TRUE,0.0512019644042965,5000,3,10,"C4","none","superpopulation","facec"
53,"tilted_aipw",0.595204621751468,0.0151589149261674,-0.00192993351601189,TRUE,0.0594218545999896,5000,3,10,"C4","none","superpopulation","facec"
53,"oracle_dr",0.609105838314888,0.0124393392794955,0.0119712830474088,TRUE,0.0487613139585712,5000,3,10,"C4","none","superpopulation","facec"
54,"one_round_crossfit",0.612195019663714,0.0105694304834569,0.0150604643962348,TRUE,0.0414314061693504,5000,3,10,"C4","none","superpopulation","facec"
54,"two_round_crossfit",0.612518206233983,0.010426428153957,0.0153836509665031,TRUE,0.0408708473383002,5000,3,10,"C4","none","superpopulation","facec"
54,"target_only",0.588981670568521,0.0179492418375386,-0.00815288469895825,TRUE,0.0703597351027503,5000,3,10,"C4","none","superpopulation","facec"
54,"sample_size",0.614807364851113,0.0102477891868848,0.0176728095836334,TRUE,0.0401705954549065,5000,3,10,"C4","none","superpopulation","facec"
54,"inverse_variance",0.614910235927037,0.0133297338401955,0.017775680659557,TRUE,0.0522515965005759,5000,3,10,"C4","none","superpopulation","facec"
54,"federated_dr",0.612058354140234,0.012768491156492,0.0149237988727546,TRUE,0.0500515656072851,5000,3,10,"C4","none","superpopulation","facec"
54,"pooled_dr",0.609019970532932,0.0134623366906851,0.0118854152654521,TRUE,0.0527713901229898,5000,3,10,"C4","none","superpopulation","facec"
54,"tilted_aipw",0.595234598238551,0.0159539875873033,-0.00189995702892853,TRUE,0.0625384821618271,5000,3,10,"C4","none","superpopulation","facec"
54,"oracle_dr",0.61309083950896,0.0124572657913696,0.0159562842414807,TRUE,0.0488315845938543,5000,3,10,"C4","none","superpopulation","facec"
55,"one_round_crossfit",0.570552999726411,0.0105424442336996,-0.0265815555410687,FALSE,0.0413256220141465,5000,3,10,"C4","none","superpopulation","facec"
55,"two_round_crossfit",0.569477254314101,0.0105136922351469,-0.0276573009533789,FALSE,0.0412129162508528,5000,3,10,"C4","none","superpopulation","facec"
55,"target_only",0.550499959478203,0.0183656052426427,-0.0466345957892766,FALSE,0.0719918496597194,5000,3,10,"C4","none","superpopulation","facec"
55,"sample_size",0.581204095436928,0.0202660672401459,-0.015930459830552,TRUE,0.079441523797906,5000,3,10,"C4","none","superpopulation","facec"
55,"inverse_variance",0.58109348536441,0.020184314303874,-0.0160410699030697,TRUE,0.0791210581764594,5000,3,10,"C4","none","superpopulation","facec"
55,"federated_dr",0.57130739944844,0.0127609049994133,-0.0258271558190393,FALSE,0.0500218284179743,5000,3,10,"C4","none","superpopulation","facec"
55,"pooled_dr",0.567744271241133,0.0136847934449076,-0.0293902840263466,FALSE,0.0536434045757777,5000,3,10,"C4","none","superpopulation","facec"
55,"tilted_aipw",0.560758606241141,0.0154667979135094,-0.0363759490263387,FALSE,0.0606287337332756,5000,3,10,"C4","none","superpopulation","facec"
55,"oracle_dr",0.578030464411976,0.0124830731196035,-0.0191040908555038,TRUE,0.0489327474616059,5000,3,10,"C4","none","superpopulation","facec"
56,"one_round_crossfit",0.619794133409959,0.0105370701444463,0.0226595781424797,FALSE,0.0413045559713741,5000,3,10,"C4","none","superpopulation","facec"
56,"two_round_crossfit",0.61914291775605,0.0103838534462115,0.0220083624885702,FALSE,0.0407039575506334,5000,3,10,"C4","none","superpopulation","facec"
56,"target_only",0.613794878803755,0.0181298061057907,0.0166603235362754,TRUE,0.0710675340280884,5000,3,10,"C4","none","superpopulation","facec"
56,"sample_size",0.622607133423312,0.00958834214186036,0.0254725781558323,FALSE,0.0375856105389878,5000,3,10,"C4","none","superpopulation","facec"
56,"inverse_variance",0.62269084460473,0.0105433696643966,0.0255562893372504,FALSE,0.0413292496358191,5000,3,10,"C4","none","superpopulation","facec"
56,"federated_dr",0.615922341414908,0.0126047375337436,0.0187877861474286,TRUE,0.0494096632014351,5000,3,10,"C4","none","superpopulation","facec"
56,"pooled_dr",0.615029991738722,0.0130984600934458,0.0178954364712424,TRUE,0.0513450200721777,5000,3,10,"C4","none","superpopulation","facec"
56,"tilted_aipw",0.598347768024738,0.0152848332452716,0.00121321275725805,TRUE,0.0599154453408655,5000,3,10,"C4","none","superpopulation","facec"
56,"oracle_dr",0.606368423330366,0.0124877110827132,0.00923386806288629,TRUE,0.0489509279429192,5000,3,10,"C4","none","superpopulation","facec"
57,"one_round_crossfit",0.570859970162875,0.0107196309349922,-0.0262745851046046,FALSE,0.042020181120292,5000,3,10,"C4","none","superpopulation","facec"
57,"two_round_crossfit",0.570880261954823,0.0107200442894942,-0.0262542933126568,FALSE,0.0420218014401657,5000,3,10,"C4","none","superpopulation","facec"
57,"target_only",0.577689423503331,0.0183333450220541,-0.0194451317641486,TRUE,0.0718653919187453,5000,3,10,"C4","none","superpopulation","facec"
57,"sample_size",0.592179940315823,0.0202308112174724,-0.00495461495165639,TRUE,0.0793033227285493,5000,3,10,"C4","none","superpopulation","facec"
57,"inverse_variance",0.591975498527008,0.0201796068153265,-0.0051590567404719,TRUE,0.079102605160438,5000,3,10,"C4","none","superpopulation","facec"
57,"federated_dr",0.575710384070239,0.0130889367567838,-0.0214241711972404,TRUE,0.0513076892784374,5000,3,10,"C4","none","superpopulation","facec"
57,"pooled_dr",0.57523424839648,0.0139126803624559,-0.021900306871,TRUE,0.0545367048776624,5000,3,10,"C4","none","superpopulation","facec"
57,"tilted_aipw",0.559754396390292,0.0156273185103086,-0.037380158877188,FALSE,0.0612579629102818,5000,3,10,"C4","none","superpopulation","facec"
57,"oracle_dr",0.577410207135733,0.01249027304742,-0.0197243481317468,TRUE,0.0489609706600291,5000,3,10,"C4","none","superpopulation","facec"
58,"one_round_crossfit",0.602410283804881,0.0104429921436214,0.00527572853740166,TRUE,0.0409357769846652,5000,3,10,"C4","none","superpopulation","facec"
58,"two_round_crossfit",0.600812578655213,0.0104651792458472,0.00367802338773382,TRUE,0.041022748827233,5000,3,10,"C4","none","superpopulation","facec"
58,"target_only",0.618701782247672,0.017661378806283,0.0215672269801926,TRUE,0.0692313327552674,5000,3,10,"C4","none","superpopulation","facec"
58,"sample_size",0.609379101885571,0.0134741478904101,0.0122445466180916,TRUE,0.0528176891751404,5000,3,10,"C4","none","superpopulation","facec"
58,"inverse_variance",0.609208621497508,0.0150794927900441,0.0120740662300284,TRUE,0.0591105255472359,5000,3,10,"C4","none","superpopulation","facec"
58,"federated_dr",0.602114820726777,0.0125505334324582,0.00498026545929731,TRUE,0.049197187028768,5000,3,10,"C4","none","superpopulation","facec"
58,"pooled_dr",0.600769326637856,0.0132154622218795,0.00363477137037593,TRUE,0.0518036599878671,5000,3,10,"C4","none","superpopulation","facec"
58,"tilted_aipw",0.589935353479235,0.0146865478089378,-0.00719920178824429,TRUE,0.0575702095254873,5000,3,10,"C4","none","superpopulation","facec"
58,"oracle_dr",0.592381877635942,0.0123935283533155,-0.00475267763153764,TRUE,0.0485817384277487,5000,3,10,"C4","none","superpopulation","facec"
59,"one_round_crossfit",0.599494475814498,0.0107008821572514,0.00235992054701806,TRUE,0.0419466872620402,5000,3,10,"C4","none","superpopulation","facec"
59,"two_round_crossfit",0.599152632181121,0.0106436385791397,0.0020180769136412,TRUE,0.0417222965591497,5000,3,10,"C4","none","superpopulation","facec"
59,"target_only",0.577892652013165,0.0189572932916478,-0.0192419032543145,TRUE,0.0743112241919848,5000,3,10,"C4","none","superpopulation","facec"
59,"sample_size",0.603337964640319,0.0224816836514283,0.00620340937283892,TRUE,0.0881265805372449,5000,3,10,"C4","none","superpopulation","facec"
59,"inverse_variance",0.602192280398068,0.0224236415946667,0.005057725130588,TRUE,0.087899059855562,5000,3,10,"C4","none","superpopulation","facec"
59,"federated_dr",0.596550921375893,0.0130275868668479,-0.000583633891586333,TRUE,0.051067202128978,5000,3,10,"C4","none","superpopulation","facec"
59,"pooled_dr",0.601214627082251,0.0132746309076919,0.00408007181477121,TRUE,0.0520355969742767,5000,3,10,"C4","none","superpopulation","facec"
59,"tilted_aipw",0.573735284331453,0.0156696518914853,-0.0233992709360267,TRUE,0.0614239067151823,5000,3,10,"C4","none","superpopulation","facec"
59,"oracle_dr",0.608874069893906,0.0123587154214231,0.0117395146264265,TRUE,0.048445274242338,5000,3,10,"C4","none","superpopulation","facec"
60,"one_round_crossfit",0.590302261721544,0.0104380781164671,-0.00683229354593584,TRUE,0.0409165143521826,5000,3,10,"C4","none","superpopulation","facec"
60,"two_round_crossfit",0.591394666528189,0.0104778771547825,-0.00573988873929021,TRUE,0.0410725237156173,5000,3,10,"C4","none","superpopulation","facec"
60,"target_only",0.590807963512703,0.0191687468257032,-0.00632659175477635,TRUE,0.0751401068142894,5000,3,10,"C4","none","superpopulation","facec"
60,"sample_size",0.601161582298241,0.00984054847373043,0.00402702703076163,TRUE,0.0385742411932646,5000,3,10,"C4","none","superpopulation","facec"
60,"inverse_variance",0.602167368539108,0.0127705694903109,0.00503281327162863,TRUE,0.0500597125261508,5000,3,10,"C4","none","superpopulation","facec"
60,"federated_dr",0.591944112922848,0.0124359348873417,-0.00519044234463117,TRUE,0.04874796898655,5000,3,10,"C4","none","superpopulation","facec"
60,"pooled_dr",0.592675751207612,0.0130076598801357,-0.00445880405986743,TRUE,0.0509890897764249,5000,3,10,"C4","none","superpopulation","facec"
60,"tilted_aipw",0.576421506303352,0.0142329241253115,-0.0207130489641278,TRUE,0.0557920373606038,5000,3,10,"C4","none","superpopulation","facec"
60,"oracle_dr",0.587465731506405,0.0125101907527974,-0.00966882376107436,TRUE,0.0490390466304178,5000,3,10,"C4","none","superpopulation","facec"
61,"one_round_crossfit",0.622558213074566,0.0104738649198895,0.0254236578070861,FALSE,0.0410567960438417,5000,3,10,"C4","none","superpopulation","facec"
61,"two_round_crossfit",0.621645348400765,0.0104569775580558,0.0245107931332853,FALSE,0.040990598801866,5000,3,10,"C4","none","superpopulation","facec"
61,"target_only",0.607021416189575,0.0182645992967417,0.00988686092209534,TRUE,0.0715959136273387,5000,3,10,"C4","none","superpopulation","facec"
61,"sample_size",0.620957184200236,0.0096824770749395,0.0238226289327568,FALSE,0.0379546126960324,5000,3,10,"C4","none","superpopulation","facec"
61,"inverse_variance",0.620225747087012,0.0121938638971529,0.0230911918195323,TRUE,0.0477990681416056,5000,3,10,"C4","none","superpopulation","facec"
61,"federated_dr",0.623280104862837,0.0124166887423646,0.0261455495953574,FALSE,0.0486725254845568,5000,3,10,"C4","none","superpopulation","facec"
61,"pooled_dr",0.625137734900685,0.0125604839632566,0.028003179633205,FALSE,0.0492361923927516,5000,3,10,"C4","none","superpopulation","facec"
61,"tilted_aipw",0.596128716423006,0.0156490303005971,-0.00100583884447336,TRUE,0.0613430715642926,5000,3,10,"C4","none","superpopulation","facec"
61,"oracle_dr",0.626104966529668,0.0126769798823676,0.0289704112621888,FALSE,0.0496928480043586,5000,3,10,"C4","none","superpopulation","facec"
62,"one_round_crossfit",0.610050874590569,0.0103150863974098,0.0129163193230889,TRUE,0.0404343956726843,5000,3,10,"C4","none","superpopulation","facec"
62,"two_round_crossfit",0.610240982593403,0.0103652527905964,0.0131064273259234,TRUE,0.0406310443204443,5000,3,10,"C4","none","superpopulation","facec"
62,"target_only",0.600338367948698,0.0180808319746783,0.00320381268121828,TRUE,0.0708755589617793,5000,3,10,"C4","none","superpopulation","facec"
62,"sample_size",0.609666691141282,0.0111485050132487,0.0125321358738023,TRUE,0.0437013366148633,5000,3,10,"C4","none","superpopulation","facec"
62,"inverse_variance",0.609773265906842,0.013580411364473,0.0126387106393626,TRUE,0.0532342343392112,5000,3,10,"C4","none","superpopulation","facec"
62,"federated_dr",0.610378032705286,0.0123171549698589,0.0132434774378063,TRUE,0.0482823602658442,5000,3,10,"C4","none","superpopulation","facec"
62,"pooled_dr",0.611687436820891,0.0129420349568994,0.0145528815534113,TRUE,0.0507318448043625,5000,3,10,"C4","none","superpopulation","facec"
62,"tilted_aipw",0.58630544804103,0.0152389933816924,-0.0108291072264499,TRUE,0.0597357563775225,5000,3,10,"C4","none","superpopulation","facec"
62,"oracle_dr",0.611234727182246,0.0126862514314815,0.0141001719147664,TRUE,0.0497291918090468,5000,3,10,"C4","none","superpopulation","facec"
63,"one_round_crossfit",0.608593584199393,0.0105472473770037,0.011459028931913,TRUE,0.0413444499899234,5000,3,10,"C4","none","superpopulation","facec"
63,"two_round_crossfit",0.606452667398656,0.0105669079354476,0.0093181121311765,TRUE,0.0414215179628554,5000,3,10,"C4","none","superpopulation","facec"
63,"target_only",0.615332216838629,0.0184637300097788,0.0181976615711492,TRUE,0.0723764916788758,5000,3,10,"C4","none","superpopulation","facec"
63,"sample_size",0.608876635046135,0.0182787966456466,0.0117420797786552,TRUE,0.0716515662123978,5000,3,10,"C4","none","superpopulation","facec"
63,"inverse_variance",0.607384245609218,0.0184236935481996,0.0102496903417387,TRUE,0.0722195516333484,5000,3,10,"C4","none","superpopulation","facec"
63,"federated_dr",0.6052954271359,0.0129139935265702,0.00816087186842074,TRUE,0.0506219244173221,5000,3,10,"C4","none","superpopulation","facec"
63,"pooled_dr",0.607514497446644,0.013213531767541,0.0103799421791642,TRUE,0.0517960927459127,5000,3,10,"C4","none","superpopulation","facec"
63,"tilted_aipw",0.590412190648205,0.0163537681523125,-0.00672236461927489,TRUE,0.0641055931801013,5000,3,10,"C4","none","superpopulation","facec"
63,"oracle_dr",0.603919948007062,0.0123970828550087,0.00678539273958267,TRUE,0.048595671818352,5000,3,10,"C4","none","superpopulation","facec"
64,"one_round_crossfit",0.591829861898042,0.0104762080888127,-0.00530469336943784,TRUE,0.0410659810972402,5000,3,10,"C4","none","superpopulation","facec"
64,"two_round_crossfit",0.591437716271956,0.0105288313893985,-0.0056968389955232,TRUE,0.0412722606450315,5000,3,10,"C4","none","superpopulation","facec"
64,"target_only",0.576643061704132,0.0183327097580242,-0.0204914935633479,TRUE,0.0718629017295067,5000,3,10,"C4","none","superpopulation","facec"
64,"sample_size",0.600338627905163,0.0146858202947555,0.00320407263768296,TRUE,0.0575673577222962,5000,3,10,"C4","none","superpopulation","facec"
64,"inverse_variance",0.599659878067997,0.0159622625074703,0.00252532280051732,TRUE,0.0625709192528316,5000,3,10,"C4","none","superpopulation","facec"
64,"federated_dr",0.590295140645743,0.0127031898322807,-0.00683941462173654,TRUE,0.049795589120091,5000,3,10,"C4","none","superpopulation","facec"
64,"pooled_dr",0.593326630664286,0.0128274055735999,-0.00380792460319312,TRUE,0.0502825058786884,5000,3,10,"C4","none","superpopulation","facec"
64,"tilted_aipw",0.574715499995327,0.0171821872427056,-0.0224190552721526,TRUE,0.067352936342653,5000,3,10,"C4","none","superpopulation","facec"
64,"oracle_dr",0.59562949739867,0.0128324524882912,-0.00150505786880917,TRUE,0.0503022894207446,5000,3,10,"C4","none","superpopulation","facec"
65,"one_round_crossfit",0.609847330437443,0.0104526272897317,0.0127127751699633,TRUE,0.0409735460633891,5000,3,10,"C4","none","superpopulation","facec"
65,"two_round_crossfit",0.608490020244615,0.0106349771930514,0.0113554649771354,TRUE,0.041688344549571,5000,3,10,"C4","none","superpopulation","facec"
65,"target_only",0.628028176733469,0.0180622630804197,0.0308936214659895,TRUE,0.0708027702338201,5000,3,10,"C4","none","superpopulation","facec"
65,"sample_size",0.612954774516389,0.0103612659300101,0.0158202192489093,TRUE,0.0406154161141232,5000,3,10,"C4","none","superpopulation","facec"
65,"inverse_variance",0.613349606347074,0.0131462624952819,0.0162150510795943,TRUE,0.0515324020441243,5000,3,10,"C4","none","superpopulation","facec"
65,"federated_dr",0.612389730168948,0.0125296750384437,0.0152551749014688,TRUE,0.0491154236266802,5000,3,10,"C4","none","superpopulation","facec"
65,"pooled_dr",0.613354463342698,0.0130544389278197,0.016219908075218,TRUE,0.0511724602738084,5000,3,10,"C4","none","superpopulation","facec"
65,"tilted_aipw",0.587772519590427,0.0155558648385969,-0.00936203567705218,TRUE,0.0609778696640457,5000,3,10,"C4","none","superpopulation","facec"
65,"oracle_dr",0.610031751815789,0.0124889065089981,0.012897196548309,TRUE,0.0489556139278482,5000,3,10,"C4","none","superpopulation","facec"
66,"one_round_crossfit",0.612671105892584,0.0101472332750862,0.0155365506251043,TRUE,0.0397764235237907,5000,3,10,"C4","none","superpopulation","facec"
66,"two_round_crossfit",0.612574847141282,0.0101927622328078,0.0154402918738019,TRUE,0.0399548937585668,5000,3,10,"C4","none","superpopulation","facec"
66,"target_only",0.630952744384807,0.0180182123836945,0.0338181891173275,TRUE,0.0706300946756695,5000,3,10,"C4","none","superpopulation","facec"
66,"sample_size",0.618793985404099,0.0154356126233968,0.0216594301366198,TRUE,0.0605064896423391,5000,3,10,"C4","none","superpopulation","facec"
66,"inverse_variance",0.617792281798354,0.0163489587041222,0.0206577265308741,TRUE,0.0640867404896244,5000,3,10,"C4","none","superpopulation","facec"
66,"federated_dr",0.614158162579878,0.0121188259562651,0.0170236073123986,TRUE,0.0475049248183774,5000,3,10,"C4","none","superpopulation","facec"
66,"pooled_dr",0.612025317192648,0.0123557559988379,0.0148907619251686,TRUE,0.0484336735189741,5000,3,10,"C4","none","superpopulation","facec"
66,"tilted_aipw",0.599147370991529,0.0140565479712859,0.00201281572404965,TRUE,0.0551006555413598,5000,3,10,"C4","none","superpopulation","facec"
66,"oracle_dr",0.601192768805361,0.0125176162524754,0.00405821353788172,TRUE,0.0490681540542901,5000,3,10,"C4","none","superpopulation","facec"
67,"one_round_crossfit",0.587798241491799,0.0104613889918038,-0.00933631377568067,TRUE,0.0410078913043985,5000,3,10,"C4","none","superpopulation","facec"
67,"two_round_crossfit",0.587496337367937,0.0104187481552015,-0.00963821789954233,TRUE,0.0408407422963761,5000,3,10,"C4","none","superpopulation","facec"
67,"target_only",0.620301299380504,0.0178721891066939,0.0231667441130242,TRUE,0.0700576939480182,5000,3,10,"C4","none","superpopulation","facec"
67,"sample_size",0.603544086080576,0.0177809788780109,0.00640953081309636,TRUE,0.0697001564215374,5000,3,10,"C4","none","superpopulation","facec"
67,"inverse_variance",0.60216045554509,0.0181392156899783,0.00502590027761074,TRUE,0.0711044189203225,5000,3,10,"C4","none","superpopulation","facec"
67,"federated_dr",0.586913017695111,0.0127435415449229,-0.0102215375723682,TRUE,0.0499537649270774,5000,3,10,"C4","none","superpopulation","facec"
67,"pooled_dr",0.587518893854802,0.0133845480350649,-0.00961566141267745,TRUE,0.0524664641961472,5000,3,10,"C4","none","superpopulation","facec"
67,"tilted_aipw",0.565051665327174,0.0151321156156594,-0.0320828899403052,FALSE,0.0593168032331772,5000,3,10,"C4","none","superpopulation","facec"
67,"oracle_dr",0.578683403208144,0.0125758342444213,-0.0184511520593353,TRUE,0.0492963643892224,5000,3,10,"C4","none","superpopulation","facec"
68,"one_round_crossfit",0.600547911542026,0.0104462230480481,0.00341335627454609,TRUE,0.040948441897293,5000,3,10,"C4","none","superpopulation","facec"
68,"two_round_crossfit",0.600957747616527,0.0104951256905893,0.00382319234904704,TRUE,0.0411401367335522,5000,3,10,"C4","none","superpopulation","facec"
68,"target_only",0.585228222273221,0.0180718314159102,-0.0119063329942589,TRUE,0.0708402774197268,5000,3,10,"C4","none","superpopulation","facec"
68,"sample_size",0.606496791873822,0.0188283679558637,0.00936223660634283,TRUE,0.0738058461623219,5000,3,10,"C4","none","superpopulation","facec"
68,"inverse_variance",0.606152655189374,0.0187873343250202,0.00901809992189451,TRUE,0.0736449972851054,5000,3,10,"C4","none","superpopulation","facec"
68,"federated_dr",0.602597966208822,0.0129265536754518,0.00546341094134228,TRUE,0.0506711592962188,5000,3,10,"C4","none","superpopulation","facec"
68,"pooled_dr",0.600321112438514,0.0135752838486534,0.00318655717103444,TRUE,0.0532141348465378,5000,3,10,"C4","none","superpopulation","facec"
68,"tilted_aipw",0.589427793653253,0.0152034425892439,-0.00770676161422612,TRUE,0.0595963998318809,5000,3,10,"C4","none","superpopulation","facec"
68,"oracle_dr",0.602132137062302,0.0125477732585384,0.00499758179482201,TRUE,0.0491863673458199,5000,3,10,"C4","none","superpopulation","facec"
69,"one_round_crossfit",0.587785403234547,0.0105363295106933,-0.00934915203293307,TRUE,0.0413016527404106,5000,3,10,"C4","none","superpopulation","facec"
69,"two_round_crossfit",0.586566814075781,0.0105333119263823,-0.0105677411916985,TRUE,0.0412898240272708,5000,3,10,"C4","none","superpopulation","facec"
69,"target_only",0.59859894022653,0.0181087565466506,0.00146438495905044,TRUE,0.0709850212724783,5000,3,10,"C4","none","superpopulation","facec"
69,"sample_size",0.597975156492057,0.00951897725002471,0.000840601224577076,TRUE,0.037313705159409,5000,3,10,"C4","none","superpopulation","facec"
69,"inverse_variance",0.598122524450711,0.0098134585338134,0.000987969183231296,TRUE,0.0384680505801029,5000,3,10,"C4","none","superpopulation","facec"
69,"federated_dr",0.586944828685386,0.0133943188092043,-0.0101897265820933,TRUE,0.0525047649269759,5000,3,10,"C4","none","superpopulation","facec"
69,"pooled_dr",0.587345358504543,0.0142020359643625,-0.00978919676293621,TRUE,0.0556709579945862,5000,3,10,"C4","none","superpopulation","facec"
69,"tilted_aipw",0.568550677043921,0.0162460344976943,-0.028583878223559,TRUE,0.0636832850141524,5000,3,10,"C4","none","superpopulation","facec"
69,"oracle_dr",0.591555284843894,0.0125143206355822,-0.00557927042358608,TRUE,0.0490552354734548,5000,3,10,"C4","none","superpopulation","facec"
70,"one_round_crossfit",0.592588785861472,0.0105582973369846,-0.00454576940600715,TRUE,0.0413877650371102,5000,3,10,"C4","none","superpopulation","facec"
70,"two_round_crossfit",0.593185294555516,0.0106606486025285,-0.00394926071196366,TRUE,0.0417889746255862,5000,3,10,"C4","none","superpopulation","facec"
70,"target_only",0.571942301598121,0.0187355111237344,-0.0251922536693587,TRUE,0.0734418540689381,5000,3,10,"C4","none","superpopulation","facec"
70,"sample_size",0.598714632169941,0.0174433434086601,0.0015800769024612,TRUE,0.0683766497018758,5000,3,10,"C4","none","superpopulation","facec"
70,"inverse_variance",0.599013885787871,0.0176633876885327,0.00187933052039102,TRUE,0.0692392074289845,5000,3,10,"C4","none","superpopulation","facec"
70,"federated_dr",0.594104841134595,0.0129567608635301,-0.00302971413288478,TRUE,0.0507895692976341,5000,3,10,"C4","none","superpopulation","facec"
70,"pooled_dr",0.594037096224102,0.0134481646116849,-0.00309745904337744,TRUE,0.0527158365941369,5000,3,10,"C4","none","superpopulation","facec"
70,"tilted_aipw",0.572962141639017,0.0151682587203493,-0.0241724136284629,TRUE,0.0594584816001404,5000,3,10,"C4","none","superpopulation","facec"
70,"oracle_dr",0.598413593974752,0.0124558434675105,0.00127903870727231,TRUE,0.048826009186778,5000,3,10,"C4","none","superpopulation","facec"
71,"one_round_crossfit",0.597502068669115,0.0104733077973324,0.000367513401635433,TRUE,0.0410546121635482,5000,3,10,"C4","none","superpopulation","facec"
71,"two_round_crossfit",0.597220602888106,0.0104206112614443,8.60476206261396e-05,TRUE,0.0408480455386464,5000,3,10,"C4","none","superpopulation","facec"
71,"target_only",0.579654425298282,0.0190853537627687,-0.0174801299691972,TRUE,0.0748132120144653,5000,3,10,"C4","none","superpopulation","facec"
71,"sample_size",0.603091241290996,0.0151750674426136,0.00595668602351596,TRUE,0.0594851713009781,5000,3,10,"C4","none","superpopulation","facec"
71,"inverse_variance",0.602832056073201,0.0161802883317267,0.00569750080572107,TRUE,0.063425564779316,5000,3,10,"C4","none","superpopulation","facec"
71,"federated_dr",0.599033059305391,0.0130435442850746,0.00189850403791114,TRUE,0.051129754058999,5000,3,10,"C4","none","superpopulation","facec"
71,"pooled_dr",0.596665367320145,0.0131982042893292,-0.000469187947334193,TRUE,0.0517360101353745,5000,3,10,"C4","none","superpopulation","facec"
71,"tilted_aipw",0.587381500396304,0.0154540691507526,-0.00975305487117606,TRUE,0.0605788379001333,5000,3,10,"C4","none","superpopulation","facec"
71,"oracle_dr",0.598283251963676,0.0127302924608512,0.00114869669619677,TRUE,0.0499018294718605,5000,3,10,"C4","none","superpopulation","facec"
72,"one_round_crossfit",0.594060933717932,0.0106633926203461,-0.0030736215495476,TRUE,0.0417997309777769,5000,3,10,"C4","none","superpopulation","facec"
72,"two_round_crossfit",0.593438354607205,0.0106887851198756,-0.00369620066027476,TRUE,0.0418992677468877,5000,3,10,"C4","none","superpopulation","facec"
72,"target_only",0.604598871808032,0.0174770084029391,0.00746431654055202,TRUE,0.068508614054529,5000,3,10,"C4","none","superpopulation","facec"
72,"sample_size",0.60970696994582,0.00966947182166423,0.0125724146783405,TRUE,0.0379036330399736,5000,3,10,"C4","none","superpopulation","facec"
72,"inverse_variance",0.609852383871149,0.0111428957429938,0.0127178286036699,TRUE,0.0436793486795051,5000,3,10,"C4","none","superpopulation","facec"
72,"federated_dr",0.597468189066077,0.0128806968520025,0.000333633798596966,TRUE,0.0504914038514068,5000,3,10,"C4","none","superpopulation","facec"
72,"pooled_dr",0.597438629805899,0.0135619647415452,0.000304074538419741,TRUE,0.0531619249060613,5000,3,10,"C4","none","superpopulation","facec"
72,"tilted_aipw",0.577382024372969,0.0178212522970294,-0.0197525308945105,TRUE,0.0698580253231584,5000,3,10,"C4","none","superpopulation","facec"
72,"oracle_dr",0.594310277537276,0.0123840071748497,-0.00282427773020366,TRUE,0.0485444160939821,5000,3,10,"C4","none","superpopulation","facec"
73,"one_round_crossfit",0.599267175829332,0.0104069190039689,0.00213262056185226,TRUE,0.0407943728756091,5000,3,10,"C4","none","superpopulation","facec"
73,"two_round_crossfit",0.599076189454048,0.0103855979557025,0.00194163418656823,TRUE,0.0407107959021793,5000,3,10,"C4","none","superpopulation","facec"
73,"target_only",0.605511704090324,0.0183431339880797,0.00837714882284446,TRUE,0.0719037639604576,5000,3,10,"C4","none","superpopulation","facec"
73,"sample_size",0.599362629965117,0.00963985788277088,0.00222807469763764,TRUE,0.0377875485326309,5000,3,10,"C4","none","superpopulation","facec"
73,"inverse_variance",0.599254492056644,0.0098633204714801,0.00211993678916422,TRUE,0.0386635057841551,5000,3,10,"C4","none","superpopulation","facec"
73,"federated_dr",0.597940390147437,0.0126089231827709,0.000805834879957001,TRUE,0.0494260706441263,5000,3,10,"C4","none","superpopulation","facec"
73,"pooled_dr",0.602381507297841,0.0132396918506959,0.00524695203036107,TRUE,0.0518986383875446,5000,3,10,"C4","none","superpopulation","facec"
73,"tilted_aipw",0.577217004568986,0.0147453813061287,-0.0199175506984937,TRUE,0.0578008325966448,5000,3,10,"C4","none","superpopulation","facec"
73,"oracle_dr",0.606906472116404,0.0124467450079578,0.00977191684892487,TRUE,0.0487903438807018,5000,3,10,"C4","none","superpopulation","facec"
74,"one_round_crossfit",0.599583616357718,0.0104454066246037,0.00244906109023835,TRUE,0.0409452415761986,5000,3,10,"C4","none","superpopulation","facec"
74,"two_round_crossfit",0.599521099783762,0.0104418070599474,0.0023865445162824,TRUE,0.0409311315420258,5000,3,10,"C4","none","superpopulation","facec"
74,"target_only",0.603569730731745,0.0181773203684906,0.00643517546426575,TRUE,0.0712537865153759,5000,3,10,"C4","none","superpopulation","facec"
74,"sample_size",0.60460734174857,0.0162412738072554,0.00747278648109073,TRUE,0.0636646234505487,5000,3,10,"C4","none","superpopulation","facec"
74,"inverse_variance",0.604031371072919,0.0171035093069114,0.00689681580543922,TRUE,0.067044524501584,5000,3,10,"C4","none","superpopulation","facec"
74,"federated_dr",0.597393304977276,0.012188654957162,0.000258749709796113,TRUE,0.0477786494720465,5000,3,10,"C4","none","superpopulation","facec"
74,"pooled_dr",0.599225851335205,0.0126440492482553,0.0020912960677254,TRUE,0.0495637622906622,5000,3,10,"C4","none","superpopulation","facec"
74,"tilted_aipw",0.589634755421112,0.0142352236848338,-0.00749979984636773,TRUE,0.0558010514682918,5000,3,10,"C4","none","superpopulation","facec"
74,"oracle_dr",0.598949266257156,0.0124950511422053,0.00181471098967656,TRUE,0.0489797004474171,5000,3,10,"C4","none","superpopulation","facec"
75,"one_round_crossfit",0.589860054809565,0.0104295946568016,-0.007274500457915,TRUE,0.0408832598013649,5000,3,10,"C4","none","superpopulation","facec"
75,"two_round_crossfit",0.590590147413799,0.0105601560904168,-0.0065444078536806,TRUE,0.0413950512166765,5000,3,10,"C4","none","superpopulation","facec"
75,"target_only",0.583208616722307,0.0187174001495127,-0.0139259385451731,TRUE,0.0733708603545389,5000,3,10,"C4","none","superpopulation","facec"
75,"sample_size",0.59778632847343,0.0122821332781289,0.000651773205950112,TRUE,0.048145077756907,5000,3,10,"C4","none","superpopulation","facec"
75,"inverse_variance",0.59814910153007,0.0142418061279791,0.00101454626259012,TRUE,0.0558268541712816,5000,3,10,"C4","none","superpopulation","facec"
75,"federated_dr",0.591891214578146,0.0128113353533853,-0.00524334068933352,TRUE,0.0502195117729998,5000,3,10,"C4","none","superpopulation","facec"
75,"pooled_dr",0.595496670584626,0.0133715983883661,-0.00163788468285408,TRUE,0.052415702513863,5000,3,10,"C4","none","superpopulation","facec"
75,"tilted_aipw",0.571422090679055,0.0148654523966414,-0.0257124645884242,TRUE,0.0582715026226237,5000,3,10,"C4","none","superpopulation","facec"
75,"oracle_dr",0.599584083955012,0.0126234955503521,0.00244952868753223,TRUE,0.0494831932753836,5000,3,10,"C4","none","superpopulation","facec"
76,"one_round_crossfit",0.59728172270517,0.01044669001212,0.000147167437690277,TRUE,0.040950272362819,5000,3,10,"C4","none","superpopulation","facec"
76,"two_round_crossfit",0.59423539556966,0.0105957247409779,-0.00289915969781973,TRUE,0.0415344777648332,5000,3,10,"C4","none","superpopulation","facec"
76,"target_only",0.582157781906594,0.0177362148617086,-0.014976773360886,TRUE,0.0695246847020259,5000,3,10,"C4","none","superpopulation","facec"
76,"sample_size",0.616482739333463,0.0213311900523166,0.0193481840659835,TRUE,0.083616728499839,5000,3,10,"C4","none","superpopulation","facec"
76,"inverse_variance",0.616204317787671,0.0212300601800883,0.0190697625201912,TRUE,0.083220306685182,5000,3,10,"C4","none","superpopulation","facec"
76,"federated_dr",0.593169235265576,0.0126407646273673,-0.00396532000190386,TRUE,0.0495508868133756,5000,3,10,"C4","none","superpopulation","facec"
76,"pooled_dr",0.592048486523369,0.0129576677126937,-0.00508606874411077,TRUE,0.0507931240810342,5000,3,10,"C4","none","superpopulation","facec"
76,"tilted_aipw",0.594500127260007,0.019869315681191,-0.00263442800747293,TRUE,0.0778862862651828,5000,3,10,"C4","none","superpopulation","facec"
76,"oracle_dr",0.589855859439372,0.012738057968095,-0.00727869582810747,TRUE,0.0499322697008995,5000,3,10,"C4","none","superpopulation","facec"
77,"one_round_crossfit",0.602096165219843,0.0103830050850638,0.00496160995236383,TRUE,0.0407006320360426,5000,3,10,"C4","none","superpopulation","facec"
77,"two_round_crossfit",0.602194058521374,0.0103422597874156,0.0050595032538947,TRUE,0.040540913404183,5000,3,10,"C4","none","superpopulation","facec"
77,"target_only",0.594965047668822,0.0179465713326717,-0.00216950759865808,TRUE,0.0703492669160311,5000,3,10,"C4","none","superpopulation","facec"
77,"sample_size",0.610067324923615,0.0172162261523224,0.0129327696561351,TRUE,0.0674863664164971,5000,3,10,"C4","none","superpopulation","facec"
77,"inverse_variance",0.609345962546513,0.0177241750348778,0.0122114072790331,TRUE,0.069477489448089,5000,3,10,"C4","none","superpopulation","facec"
77,"federated_dr",0.605529599515779,0.0124418960072811,0.00839504424829973,TRUE,0.0487713361473274,5000,3,10,"C4","none","superpopulation","facec"
77,"pooled_dr",0.604019492761836,0.0129292990265106,0.0068849374943567,TRUE,0.050681920874619,5000,3,10,"C4","none","superpopulation","facec"
77,"tilted_aipw",0.590430990436259,0.0159399069403466,-0.00670356483122081,TRUE,0.0624832870399987,5000,3,10,"C4","none","superpopulation","facec"
77,"oracle_dr",0.603703507655515,0.0125564399566138,0.00656895238803545,TRUE,0.0492203401780054,5000,3,10,"C4","none","superpopulation","facec"
78,"one_round_crossfit",0.589794181392376,0.0105077226418475,-0.00734037387510311,TRUE,0.0411895158751145,5000,3,10,"C4","none","superpopulation","facec"
78,"two_round_crossfit",0.589889661007422,0.0104165805329605,-0.00724489426005759,TRUE,0.0408322453733274,5000,3,10,"C4","none","superpopulation","facec"
78,"target_only",0.586454722711442,0.0181968317373457,-0.0106798325560377,TRUE,0.071330269675866,5000,3,10,"C4","none","superpopulation","facec"
78,"sample_size",0.597060188106311,0.0177477032649499,-7.43671611690422e-05,TRUE,0.0695697184152115,5000,3,10,"C4","none","superpopulation","facec"
78,"inverse_variance",0.595761154991774,0.0177754535335874,-0.00137340027570532,TRUE,0.0696784974693931,5000,3,10,"C4","none","superpopulation","facec"
78,"federated_dr",0.590811712065133,0.0126247856351054,-0.00632284320234655,TRUE,0.0494882503146905,5000,3,10,"C4","none","superpopulation","facec"
78,"pooled_dr",0.593734632697221,0.0131241510262192,-0.00339992257025856,TRUE,0.0514457266781081,5000,3,10,"C4","none","superpopulation","facec"
78,"tilted_aipw",0.576386494389445,0.0143839835895492,-0.0207480608780342,TRUE,0.0563841795794633,5000,3,10,"C4","none","superpopulation","facec"
78,"oracle_dr",0.597016555585717,0.0126165439433129,-0.000117999681762959,TRUE,0.0494559434765205,5000,3,10,"C4","none","superpopulation","facec"
79,"one_round_crossfit",0.583320125969353,0.0104499006729033,-0.0138144292981264,TRUE,0.0409628579218226,5000,3,10,"C4","none","superpopulation","facec"
79,"two_round_crossfit",0.581482281154124,0.0103939140824407,-0.0156522741133555,TRUE,0.0407433945199747,5000,3,10,"C4","none","superpopulation","facec"
79,"target_only",0.577311093525465,0.0182190614770564,-0.0198234617420143,TRUE,0.0714174086543033,5000,3,10,"C4","none","superpopulation","facec"
79,"sample_size",0.591281159141282,0.0159238223012278,-0.00585339612619773,TRUE,0.0624202364132445,5000,3,10,"C4","none","superpopulation","facec"
79,"inverse_variance",0.59074140160635,0.0167328015103973,-0.00639315366112969,TRUE,0.0655913766416725,5000,3,10,"C4","none","superpopulation","facec"
79,"federated_dr",0.584639339824154,0.0125705767112228,-0.0124952154433258,TRUE,0.0492757552377894,5000,3,10,"C4","none","superpopulation","facec"
79,"pooled_dr",0.584998663568897,0.0129893757327536,-0.0121358916985824,TRUE,0.0509174172357114,5000,3,10,"C4","none","superpopulation","facec"
79,"tilted_aipw",0.56040963423534,0.0161591477790217,-0.0367249210321392,FALSE,0.0633426953354856,5000,3,10,"C4","none","superpopulation","facec"
79,"oracle_dr",0.587244833087729,0.012709500233935,-0.00988972217975026,TRUE,0.0498203254400318,5000,3,10,"C4","none","superpopulation","facec"
80,"one_round_crossfit",0.562706025992905,0.0106311514121743,-0.0344285292745747,FALSE,0.0416733477641074,5000,3,10,"C4","none","superpopulation","facec"
80,"two_round_crossfit",0.56266672026208,0.0106746945240381,-0.0344678350053994,FALSE,0.0418440336261634,5000,3,10,"C4","none","superpopulation","facec"
80,"target_only",0.550793528169282,0.0191417855444579,-0.046341027098198,FALSE,0.0750344205338538,5000,3,10,"C4","none","superpopulation","facec"
80,"sample_size",0.580922297187237,0.0136813070620982,-0.0162122580802424,TRUE,0.0536297382062918,5000,3,10,"C4","none","superpopulation","facec"
80,"inverse_variance",0.581161796807024,0.0152757926538296,-0.0159727584604556,TRUE,0.0598800068736152,5000,3,10,"C4","none","superpopulation","facec"
80,"federated_dr",0.565478781443363,0.0133536211769186,-0.0316557738241169,FALSE,0.0523452331399035,5000,3,10,"C4","none","superpopulation","facec"
80,"pooled_dr",0.565823541605163,0.0136657022914194,-0.0313110136623168,FALSE,0.0535685686292571,5000,3,10,"C4","none","superpopulation","facec"
80,"tilted_aipw",0.550543614914217,0.0160549262141876,-0.0465909403532628,FALSE,0.0629341543085113,5000,3,10,"C4","none","superpopulation","facec"
80,"oracle_dr",0.574923610815112,0.0127991117224522,-0.0222109444523677,TRUE,0.0501715960202214,5000,3,10,"C4","none","superpopulation","facec"
81,"one_round_crossfit",0.596427506477402,0.0104035488294022,-0.000707048790077214,TRUE,0.0407811620340643,5000,3,10,"C4","none","superpopulation","facec"
81,"two_round_crossfit",0.594423837123941,0.0103966052090908,-0.00271071814353885,TRUE,0.0407539435425992,5000,3,10,"C4","none","superpopulation","facec"
81,"target_only",0.592854256910304,0.0181765093606244,-0.00428029835717525,TRUE,0.071250607422958,5000,3,10,"C4","none","superpopulation","facec"
81,"sample_size",0.605504449204045,0.0096019954286469,0.00836989393656529,TRUE,0.0376391304397323,5000,3,10,"C4","none","superpopulation","facec"
81,"inverse_variance",0.606026789974816,0.0108302770944281,0.00889223470733591,TRUE,0.0424539060953362,5000,3,10,"C4","none","superpopulation","facec"
81,"federated_dr",0.598258198318076,0.0124580132540349,0.00112364305059609,TRUE,0.0488345145936622,5000,3,10,"C4","none","superpopulation","facec"
81,"pooled_dr",0.600449102341203,0.0132192960745662,0.00331454707372381,TRUE,0.0518186884142431,5000,3,10,"C4","none","superpopulation","facec"
81,"tilted_aipw",0.576621655634011,0.0148309352458294,-0.0205128996334683,TRUE,0.0581361978777426,5000,3,10,"C4","none","superpopulation","facec"
81,"oracle_dr",0.600048602112732,0.0124327298755234,0.00291404684525243,TRUE,0.0487354055710818,5000,3,10,"C4","none","superpopulation","facec"
82,"one_round_crossfit",0.583156048602042,0.0104624443977366,-0.013978506665438,TRUE,0.0410120284196331,5000,3,10,"C4","none","superpopulation","facec"
82,"two_round_crossfit",0.584492284569671,0.0104767746780573,-0.0126422706978088,TRUE,0.0410682020862672,5000,3,10,"C4","none","superpopulation","facec"
82,"target_only",0.582472650040106,0.0183841131527894,-0.0146619052273733,TRUE,0.0720643993343528,5000,3,10,"C4","none","superpopulation","facec"
82,"sample_size",0.592354614643123,0.0096441898013497,-0.0047799406243566,TRUE,0.0378045293414278,5000,3,10,"C4","none","superpopulation","facec"
82,"inverse_variance",0.593145614491973,0.0129040836833259,-0.00398894077550616,TRUE,0.0505830785456194,5000,3,10,"C4","none","superpopulation","facec"
82,"federated_dr",0.587354469262405,0.0129053484240297,-0.00978008600507507,TRUE,0.0505880362380779,5000,3,10,"C4","none","superpopulation","facec"
82,"pooled_dr",0.585267421451622,0.0139049655054127,-0.0118671338158577,TRUE,0.0545064631937615,5000,3,10,"C4","none","superpopulation","facec"
82,"tilted_aipw",0.565700951577495,0.0153471206790211,-0.0314336036899842,FALSE,0.0601596075945423,5000,3,10,"C4","none","superpopulation","facec"
82,"oracle_dr",0.587147030798018,0.0126071697537656,-0.00998752446946138,TRUE,0.0494191973287263,5000,3,10,"C4","none","superpopulation","facec"
83,"one_round_crossfit",0.572418985184232,0.0105194343075484,-0.0247155700832477,FALSE,0.04123542476106,5000,3,10,"C4","none","superpopulation","facec"
83,"two_round_crossfit",0.57381517657824,0.0105280771826051,-0.0233193786892396,FALSE,0.041269304208728,5000,3,10,"C4","none","superpopulation","facec"
83,"target_only",0.571783102786919,0.0183831022724901,-0.0253514524805607,TRUE,0.072060436756394,5000,3,10,"C4","none","superpopulation","facec"
83,"sample_size",0.593955060065346,0.0113465206805954,-0.00317949520213323,TRUE,0.0444775437676119,5000,3,10,"C4","none","superpopulation","facec"
83,"inverse_variance",0.594446816280681,0.0137729155119394,-0.00268773898679819,TRUE,0.0539888367310286,5000,3,10,"C4","none","superpopulation","facec"
83,"federated_dr",0.576675318586508,0.0127382256382492,-0.0204592366809713,TRUE,0.0499329269558262,5000,3,10,"C4","none","superpopulation","facec"
83,"pooled_dr",0.575710568265772,0.0136283384656773,-0.0214239870017071,TRUE,0.0534221051236987,5000,3,10,"C4","none","superpopulation","facec"
83,"tilted_aipw",0.551216615801525,0.0148411357315402,-0.0459179394659546,FALSE,0.0581761830469787,5000,3,10,"C4","none","superpopulation","facec"
83,"oracle_dr",0.579063486964329,0.0125701224815746,-0.0180710683031506,TRUE,0.0492739746902868,5000,3,10,"C4","none","superpopulation","facec"
84,"one_round_crossfit",0.600793628292107,0.010473589354184,0.00365907302462742,TRUE,0.0410557158461253,5000,3,10,"C4","none","superpopulation","facec"
84,"two_round_crossfit",0.600679013353513,0.0104669746817076,0.00354445808603376,TRUE,0.0410297868064791,5000,3,10,"C4","none","superpopulation","facec"
84,"target_only",0.616325815378938,0.0176386584905512,0.0191912601114589,TRUE,0.069142270754164,5000,3,10,"C4","none","superpopulation","facec"
84,"sample_size",0.604612161094226,0.0183945728282925,0.00747760582674672,TRUE,0.0721054005089046,5000,3,10,"C4","none","superpopulation","facec"
84,"inverse_variance",0.602930987182165,0.0187258381400618,0.00579643191468515,TRUE,0.0734039366696952,5000,3,10,"C4","none","superpopulation","facec"
84,"federated_dr",0.600910552460919,0.0126037501977786,0.00377599719343902,TRUE,0.0494057929155713,5000,3,10,"C4","none","superpopulation","facec"
84,"pooled_dr",0.599537296031129,0.0130239840087573,0.00240274076364977,TRUE,0.0510530791847801,5000,3,10,"C4","none","superpopulation","facec"
84,"tilted_aipw",0.592314073376352,0.0152063929665517,-0.00482048189112771,TRUE,0.0596079650984092,5000,3,10,"C4","none","superpopulation","facec"
84,"oracle_dr",0.594390209214295,0.0126377499807477,-0.00274434605318463,TRUE,0.0495390696157747,5000,3,10,"C4","none","superpopulation","facec"
85,"one_round_crossfit",0.600340058391429,0.0104995154038111,0.00320550312394985,TRUE,0.0411573440931867,5000,3,10,"C4","none","superpopulation","facec"
85,"two_round_crossfit",0.601352844274056,0.0104345938308067,0.0042182890065765,TRUE,0.04090285620337,5000,3,10,"C4","none","superpopulation","facec"
85,"target_only",0.570817993402643,0.0186180612070078,-0.0263165618648368,TRUE,0.0729814588553952,5000,3,10,"C4","none","superpopulation","facec"
85,"sample_size",0.605654343444854,0.021375788106808,0.00851978817737464,TRUE,0.0837915496610069,5000,3,10,"C4","none","superpopulation","facec"
85,"inverse_variance",0.604329147433627,0.0212489559240867,0.0071945921661476,TRUE,0.0832943766405778,5000,3,10,"C4","none","superpopulation","facec"
85,"federated_dr",0.60519095389422,0.0124722001303338,0.0080563986267399,TRUE,0.0488901261268599,5000,3,10,"C4","none","superpopulation","facec"
85,"pooled_dr",0.596125503910955,0.0129593456923884,-0.00100905135652429,TRUE,0.0507997016405712,5000,3,10,"C4","none","superpopulation","facec"
85,"tilted_aipw",0.588458183219267,0.0176463368704329,-0.00867637204821214,TRUE,0.0691723694502195,5000,3,10,"C4","none","superpopulation","facec"
85,"oracle_dr",0.602276120263828,0.0127923362327261,0.00514156499634821,TRUE,0.0501450365885399,5000,3,10,"C4","none","superpopulation","facec"
86,"one_round_crossfit",0.607669358916338,0.0104815770458802,0.0105348036488585,TRUE,0.0410870270222139,5000,3,10,"C4","none","superpopulation","facec"
86,"two_round_crossfit",0.606374458420952,0.0105420164387946,0.00923990315347201,TRUE,0.0413239450889333,5000,3,10,"C4","none","superpopulation","facec"
86,"target_only",0.588735460125175,0.0184277808784286,-0.00839909514230486,TRUE,0.0722355736734319,5000,3,10,"C4","none","superpopulation","facec"
86,"sample_size",0.616129684391685,0.0187195232740111,0.0189951291242056,TRUE,0.0733791828496422,5000,3,10,"C4","none","superpopulation","facec"
86,"inverse_variance",0.616422643321025,0.0186787412235599,0.0192880880535453,TRUE,0.073219320149442,5000,3,10,"C4","none","superpopulation","facec"
86,"federated_dr",0.610675252781007,0.0126962691144345,0.0135406975135275,TRUE,0.0497684604046398,5000,3,10,"C4","none","superpopulation","facec"
86,"pooled_dr",0.607268582462193,0.0134188016170024,0.0101340271947135,TRUE,0.0526007357700251,5000,3,10,"C4","none","superpopulation","facec"
86,"tilted_aipw",0.593013304555249,0.0149521344382778,-0.0041212507122308,TRUE,0.058611289982051,5000,3,10,"C4","none","superpopulation","facec"
86,"oracle_dr",0.603939166835932,0.0125529438339591,0.00680461156845213,TRUE,0.0492066356290279,5000,3,10,"C4","none","superpopulation","facec"
87,"one_round_crossfit",0.595496768390188,0.0106024148849787,-0.00163778687729166,TRUE,0.0415607026474194,5000,3,10,"C4","none","superpopulation","facec"
87,"two_round_crossfit",0.595103563996626,0.010683761555431,-0.00203099127085371,TRUE,0.0418795757361168,5000,3,10,"C4","none","superpopulation","facec"
87,"target_only",0.592416917679529,0.0175881661514765,-0.00471763758795019,TRUE,0.068944344422001,5000,3,10,"C4","none","superpopulation","facec"
87,"sample_size",0.607481481883262,0.0160907319958113,0.0103469266157823,TRUE,0.063074510393353,5000,3,10,"C4","none","superpopulation","facec"
87,"inverse_variance",0.607563952525334,0.0168268610735238,0.010429397257854,TRUE,0.0659600833539313,5000,3,10,"C4","none","superpopulation","facec"
87,"federated_dr",0.602415377905849,0.0125567833291655,0.00528082263836971,TRUE,0.0492216861736747,5000,3,10,"C4","none","superpopulation","facec"
87,"pooled_dr",0.596300078658735,0.0133750150668601,-0.000834476608745027,TRUE,0.0524290956474525,5000,3,10,"C4","none","superpopulation","facec"
87,"tilted_aipw",0.575873277097192,0.0165982210744462,-0.0212612781702879,TRUE,0.0650638310266964,5000,3,10,"C4","none","superpopulation","facec"
87,"oracle_dr",0.590740000055063,0.0126763787979178,-0.0063945552124165,TRUE,0.0496904917966121,5000,3,10,"C4","none","superpopulation","facec"
88,"one_round_crossfit",0.611288501522804,0.0104500124530308,0.0141539462553247,TRUE,0.0409632960918709,5000,3,10,"C4","none","superpopulation","facec"
88,"two_round_crossfit",0.613308579021516,0.0102746253649501,0.0161740237540362,TRUE,0.0402757913398879,5000,3,10,"C4","none","superpopulation","facec"
88,"target_only",0.576644896035414,0.018731393271289,-0.0204896592320654,TRUE,0.0734257123839648,5000,3,10,"C4","none","superpopulation","facec"
88,"sample_size",0.611814185183719,0.0193488203242466,0.0146796299162394,TRUE,0.0758459819577197,5000,3,10,"C4","none","superpopulation","facec"
88,"inverse_variance",0.611290694877034,0.0192728598651494,0.0141561396095542,TRUE,0.0755482224295607,5000,3,10,"C4","none","superpopulation","facec"
88,"federated_dr",0.609006935491097,0.0126589143365531,0.0118723802236173,TRUE,0.0496220323660437,5000,3,10,"C4","none","superpopulation","facec"
88,"pooled_dr",0.607733470010867,0.0129943078355371,0.0105989147433878,TRUE,0.0509367507233587,5000,3,10,"C4","none","superpopulation","facec"
88,"tilted_aipw",0.592040170182766,0.0149095497293143,-0.00509438508471383,TRUE,0.0584443609903296,5000,3,10,"C4","none","superpopulation","facec"
88,"oracle_dr",0.613212599600166,0.012421898689991,0.0160780443326861,TRUE,0.0486929481039753,5000,3,10,"C4","none","superpopulation","facec"
89,"one_round_crossfit",0.587233227248416,0.0104374432909869,-0.00990132801906352,TRUE,0.0409140258820271,5000,3,10,"C4","none","superpopulation","facec"
89,"two_round_crossfit",0.588524062093515,0.0103927148661373,-0.00861049317396501,TRUE,0.0407386936784462,5000,3,10,"C4","none","superpopulation","facec"
89,"target_only",0.619192814938961,0.0181846139696659,0.0220582596714817,TRUE,0.0712823769066182,5000,3,10,"C4","none","superpopulation","facec"
89,"sample_size",0.593995100765168,0.0248027508491367,-0.0031394545023119,TRUE,0.097224996763656,5000,3,10,"C4","none","superpopulation","facec"
89,"inverse_variance",0.590815713878169,0.0247125328494163,-0.00631884138931016,TRUE,0.0968713487032378,5000,3,10,"C4","none","superpopulation","facec"
89,"federated_dr",0.590410614544588,0.0123461690525292,-0.0067239407228914,TRUE,0.0483960933800003,5000,3,10,"C4","none","superpopulation","facec"
89,"pooled_dr",0.591830906708387,0.0129373468947213,-0.00530364855909216,TRUE,0.0507134679383099,5000,3,10,"C4","none","superpopulation","facec"
89,"tilted_aipw",0.571183788789046,0.0144787097269496,-0.0259507664784335,TRUE,0.056755499214862,5000,3,10,"C4","none","superpopulation","facec"
89,"oracle_dr",0.582532539135046,0.0125722363349518,-0.0146020161324335,TRUE,0.0492822608432626,5000,3,10,"C4","none","superpopulation","facec"
90,"one_round_crossfit",0.619044130537137,0.0102769807318617,0.0219095752696573,FALSE,0.040285024208522,5000,3,10,"C4","none","superpopulation","facec"
90,"two_round_crossfit",0.617333709939438,0.0103707198490991,0.0201991546719581,TRUE,0.0406524747959778,5000,3,10,"C4","none","superpopulation","facec"
90,"target_only",0.652666830528067,0.0176401243423704,0.0555322752605872,FALSE,0.0691480167877083,5000,3,10,"C4","none","superpopulation","facec"
90,"sample_size",0.620492368904065,0.0154834787771864,0.023357813636585,TRUE,0.0606941215173513,5000,3,10,"C4","none","superpopulation","facec"
90,"inverse_variance",0.619410190205234,0.0165113555437772,0.022275634937754,TRUE,0.0647233244034782,5000,3,10,"C4","none","superpopulation","facec"
90,"federated_dr",0.615841965857023,0.0119968765039998,0.0187074105895438,TRUE,0.0470268917496288,5000,3,10,"C4","none","superpopulation","facec"
90,"pooled_dr",0.618818279626735,0.0126199281619314,0.0216837243592549,TRUE,0.0494692093697366,5000,3,10,"C4","none","superpopulation","facec"
90,"tilted_aipw",0.594576060136327,0.0149991628676989,-0.00255849513115247,TRUE,0.0587956380378809,5000,3,10,"C4","none","superpopulation","facec"
90,"oracle_dr",0.605783196850815,0.0123596834276588,0.00864864158333511,TRUE,0.0484490687570558,5000,3,10,"C4","none","superpopulation","facec"
91,"one_round_crossfit",0.600981834592706,0.0103180147907798,0.00384727932522655,TRUE,0.0404458747637602,5000,3,10,"C4","none","superpopulation","facec"
91,"two_round_crossfit",0.600055502436858,0.0104122885302537,0.00292094716937796,TRUE,0.0408154210318736,5000,3,10,"C4","none","superpopulation","facec"
91,"target_only",0.602716349868623,0.01758835633115,0.00558179460114294,TRUE,0.068945089912622,5000,3,10,"C4","none","superpopulation","facec"
91,"sample_size",0.603465910543783,0.00961105962263743,0.00633135527630313,TRUE,0.0376746614272729,5000,3,10,"C4","none","superpopulation","facec"
91,"inverse_variance",0.603786605991922,0.0114173521547213,0.00665205072444242,TRUE,0.044755198044129,5000,3,10,"C4","none","superpopulation","facec"
91,"federated_dr",0.599159177854149,0.0118917857118093,0.00202462258666891,TRUE,0.0466149434140284,5000,3,10,"C4","none","superpopulation","facec"
91,"pooled_dr",0.600848300162696,0.0123581804741538,0.00371374489521636,TRUE,0.0484431772875751,5000,3,10,"C4","none","superpopulation","facec"
91,"tilted_aipw",0.586155246187073,0.0148164361805943,-0.0109793090804069,TRUE,0.058079362586402,5000,3,10,"C4","none","superpopulation","facec"
91,"oracle_dr",0.601561221386142,0.0127141209446175,0.00442666611866249,TRUE,0.0498384382930734,5000,3,10,"C4","none","superpopulation","facec"
92,"one_round_crossfit",0.595403211420468,0.0105399800829968,-0.00173134384701157,TRUE,0.0413159627208863,5000,3,10,"C4","none","superpopulation","facec"
92,"two_round_crossfit",0.59627439340455,0.0104229436976328,-0.000860161862929365,TRUE,0.040857188520498,5000,3,10,"C4","none","superpopulation","facec"
92,"target_only",0.597981603323398,0.017692185757272,0.000847048055918509,TRUE,0.0693520937840912,5000,3,10,"C4","none","superpopulation","facec"
92,"sample_size",0.602915051315006,0.0139189216664308,0.00578049604752628,TRUE,0.0545611703396773,5000,3,10,"C4","none","superpopulation","facec"
92,"inverse_variance",0.602787695925575,0.0155108125012834,0.00565314065809586,TRUE,0.0608012677469383,5000,3,10,"C4","none","superpopulation","facec"
92,"federated_dr",0.599697026028192,0.0125795427309737,0.00256247076071259,TRUE,0.0493109013893822,5000,3,10,"C4","none","superpopulation","facec"
92,"pooled_dr",0.601444890469252,0.0131675988120336,0.00431033520177271,TRUE,0.0516160388689164,5000,3,10,"C4","none","superpopulation","facec"
92,"tilted_aipw",0.586777720553023,0.0157984739587996,-0.0103568347144565,TRUE,0.0619288799398823,5000,3,10,"C4","none","superpopulation","facec"
92,"oracle_dr",0.603071722375133,0.0124491168735116,0.0059371671076538,TRUE,0.0487996414228253,5000,3,10,"C4","none","superpopulation","facec"
93,"one_round_crossfit",0.593676891590347,0.0103489390762395,-0.00345766367713274,TRUE,0.0405670957352571,5000,3,10,"C4","none","superpopulation","facec"
93,"two_round_crossfit",0.592750225896214,0.0104235535152025,-0.00438432937126576,TRUE,0.0408595789614457,5000,3,10,"C4","none","superpopulation","facec"
93,"target_only",0.588892396768476,0.0180064777000602,-0.00824215849900323,TRUE,0.0705840955610832,5000,3,10,"C4","none","superpopulation","facec"
93,"sample_size",0.598764940336033,0.0138052888220785,0.0016303850685534,TRUE,0.0541157377748944,5000,3,10,"C4","none","superpopulation","facec"
93,"inverse_variance",0.598920891747664,0.015410455272206,0.00178633648018423,TRUE,0.0604078746377783,5000,3,10,"C4","none","superpopulation","facec"
93,"federated_dr",0.592679047191851,0.0130083163468924,-0.00445550807562889,TRUE,0.0509916630788254,5000,3,10,"C4","none","superpopulation","facec"
93,"pooled_dr",0.59527507034951,0.0137270370747664,-0.00185948491796928,TRUE,0.0538089965619761,5000,3,10,"C4","none","superpopulation","facec"
93,"tilted_aipw",0.576352388604111,0.0151751009090077,-0.0207821666633684,TRUE,0.0594853024868323,5000,3,10,"C4","none","superpopulation","facec"
93,"oracle_dr",0.593160648516894,0.0126364149599629,-0.00397390675058595,TRUE,0.0495338364304607,5000,3,10,"C4","none","superpopulation","facec"
94,"one_round_crossfit",0.589959990352834,0.0104314751204707,-0.00717456491464574,TRUE,0.0408906310834964,5000,3,10,"C4","none","superpopulation","facec"
94,"two_round_crossfit",0.591055318599549,0.0104093229832289,-0.0060792366679302,TRUE,0.0408037963011474,5000,3,10,"C4","none","superpopulation","facec"
94,"target_only",0.579950079339626,0.0185030665514846,-0.0171844759278541,TRUE,0.0725306880889152,5000,3,10,"C4","none","superpopulation","facec"
94,"sample_size",0.59888585532038,0.0254951675175281,0.00175130005290025,TRUE,0.0999392202283411,5000,3,10,"C4","none","superpopulation","facec"
94,"inverse_variance",0.597698028176424,0.0254195542404268,0.000563472908944207,TRUE,0.0996428216285978,5000,3,10,"C4","none","superpopulation","facec"
94,"federated_dr",0.58864999383096,0.0124413916229655,-0.00848456143651921,TRUE,0.0487693589971414,5000,3,10,"C4","none","superpopulation","facec"
94,"pooled_dr",0.588896597199595,0.012821686439193,-0.00823795806788508,TRUE,0.050260087283768,5000,3,10,"C4","none","superpopulation","facec"
94,"tilted_aipw",0.571041907201904,0.014625161853714,-0.0260926480655755,TRUE,0.057329581002697,5000,3,10,"C4","none","superpopulation","facec"
94,"oracle_dr",0.590357874039291,0.0126671014783382,-0.0067766812281882,TRUE,0.0496541253721139,5000,3,10,"C4","none","superpopulation","facec"
95,"one_round_crossfit",0.596976697965386,0.0103945594924521,-0.000157857302093833,TRUE,0.04074592448073,5000,3,10,"C4","none","superpopulation","facec"
95,"two_round_crossfit",0.596627573459438,0.0104437551884676,-0.000506981808041207,TRUE,0.0409387680654996,5000,3,10,"C4","none","superpopulation","facec"
95,"target_only",0.618766435861882,0.0179039292209552,0.0216318805944025,TRUE,0.0701821129096527,5000,3,10,"C4","none","superpopulation","facec"
95,"sample_size",0.600724302939402,0.0270218574148543,0.00358974767192288,TRUE,0.105923734656982,5000,3,10,"C4","none","superpopulation","facec"
95,"inverse_variance",0.59765510240301,0.0269167065639116,0.000520547135530847,TRUE,0.105511550895399,5000,3,10,"C4","none","superpopulation","facec"
95,"federated_dr",0.598952470542016,0.0127259009672844,0.00181791527453634,TRUE,0.0498846151334018,5000,3,10,"C4","none","superpopulation","facec"
95,"pooled_dr",0.593479362925982,0.0132032595698689,-0.0036551923414978,TRUE,0.0517558264709537,5000,3,10,"C4","none","superpopulation","facec"
95,"tilted_aipw",0.591965923413329,0.0156285858019962,-0.00516863185415106,TRUE,0.0612629306024133,5000,3,10,"C4","none","superpopulation","facec"
95,"oracle_dr",0.586288170372722,0.0125810375914456,-0.0108463848947578,TRUE,0.0493167611347558,5000,3,10,"C4","none","superpopulation","facec"
96,"one_round_crossfit",0.575727189528032,0.0106421524215233,-0.0214073657394479,FALSE,0.0417164709283426,5000,3,10,"C4","none","superpopulation","facec"
96,"two_round_crossfit",0.574972955048836,0.0106956445297316,-0.0221616002186437,FALSE,0.0419261561394337,5000,3,10,"C4","none","superpopulation","facec"
96,"target_only",0.574797373081907,0.0182948230100931,-0.0223371821855723,TRUE,0.0717143884066342,5000,3,10,"C4","none","superpopulation","facec"
96,"sample_size",0.595211913237143,0.0133616950650622,-0.00192264203033621,TRUE,0.0523768821998571,5000,3,10,"C4","none","superpopulation","facec"
96,"inverse_variance",0.595932400388195,0.0150818135879515,-0.00120215487928421,TRUE,0.0591196229078632,5000,3,10,"C4","none","superpopulation","facec"
96,"federated_dr",0.578393906154175,0.012572708338674,-0.0187406491133045,TRUE,0.0492841110638547,5000,3,10,"C4","none","superpopulation","facec"
96,"pooled_dr",0.578842478667127,0.0132596219885576,-0.018292076600353,TRUE,0.0519767630923764,5000,3,10,"C4","none","superpopulation","facec"
96,"tilted_aipw",0.552360928962588,0.0153944857560671,-0.0447736263048911,FALSE,0.0603452752848126,5000,3,10,"C4","none","superpopulation","facec"
96,"oracle_dr",0.57848122635173,0.0125115050423437,-0.0186533289157498,TRUE,0.0490441985507697,5000,3,10,"C4","none","superpopulation","facec"
97,"one_round_crossfit",0.585314106661255,0.0103403394974402,-0.0118204486062243,TRUE,0.0405333860057995,5000,3,10,"C4","none","superpopulation","facec"
97,"two_round_crossfit",0.585198721802225,0.0104771113491487,-0.0119358334652551,TRUE,0.0410695218126946,5000,3,10,"C4","none","superpopulation","facec"
97,"target_only",0.574619580874312,0.0185193579841994,-0.022514974393168,TRUE,0.0725945493316704,5000,3,10,"C4","none","superpopulation","facec"
97,"sample_size",0.59106452440215,0.018070339791365,-0.00607003086532942,TRUE,0.0708344303589528,5000,3,10,"C4","none","superpopulation","facec"
97,"inverse_variance",0.589915445545648,0.0180179518463342,-0.0072191097218316,TRUE,0.0706290733879842,5000,3,10,"C4","none","superpopulation","facec"
97,"federated_dr",0.591979152130248,0.0126914598104736,-0.00515540313723184,TRUE,0.0497496082795317,5000,3,10,"C4","none","superpopulation","facec"
97,"pooled_dr",0.590262959154891,0.0133946797505316,-0.00687159611258836,TRUE,0.0525061797909798,5000,3,10,"C4","none","superpopulation","facec"
97,"tilted_aipw",0.570710268844574,0.0152059087289702,-0.0264242864229054,TRUE,0.0596060669219698,5000,3,10,"C4","none","superpopulation","facec"
97,"oracle_dr",0.594558083468095,0.0127336831005691,-0.00257647179938503,TRUE,0.0499151205353237,5000,3,10,"C4","none","superpopulation","facec"
98,"one_round_crossfit",0.591304110015269,0.0104702552487554,-0.00583044525221099,TRUE,0.041042646393004,5000,3,10,"C4","none","superpopulation","facec"
98,"two_round_crossfit",0.591213528438709,0.0105566237019835,-0.00592102682877016,TRUE,0.0413812045084589,5000,3,10,"C4","none","superpopulation","facec"
98,"target_only",0.584733172161956,0.0184189368865413,-0.0124013831055237,TRUE,0.0722009058622746,5000,3,10,"C4","none","superpopulation","facec"
98,"sample_size",0.610414172113857,0.010765103419305,0.0132796168463769,TRUE,0.0421984299833735,5000,3,10,"C4","none","superpopulation","facec"
98,"inverse_variance",0.611047688192557,0.0135533111414942,0.0139131329250772,TRUE,0.0531280034171879,5000,3,10,"C4","none","superpopulation","facec"
98,"federated_dr",0.592312365160049,0.013166223336913,-0.00482219010743024,TRUE,0.0516106471055207,5000,3,10,"C4","none","superpopulation","facec"
98,"pooled_dr",0.586937919360231,0.0140691011378129,-0.010196635907249,TRUE,0.0551498630499294,5000,3,10,"C4","none","superpopulation","facec"
98,"tilted_aipw",0.573401416825023,0.016071155935856,-0.0237331384424571,TRUE,0.0629977736484097,5000,3,10,"C4","none","superpopulation","facec"
98,"oracle_dr",0.584087516731487,0.0124621604771135,-0.0130470385359926,TRUE,0.0488507714094017,5000,3,10,"C4","none","superpopulation","facec"
99,"one_round_crossfit",0.602053514978734,0.0105351027726945,0.00491895971125467,TRUE,0.0412968440158183,5000,3,10,"C4","none","superpopulation","facec"
99,"two_round_crossfit",0.603048315047059,0.0105899255571859,0.00591375977957964,TRUE,0.0415117453820892,5000,3,10,"C4","none","superpopulation","facec"
99,"target_only",0.619924849133098,0.0180599635733357,0.0227902938656187,TRUE,0.0707937563316867,5000,3,10,"C4","none","superpopulation","facec"
99,"sample_size",0.609549377484709,0.0154084194654216,0.0124148222172296,TRUE,0.0603998944218245,5000,3,10,"C4","none","superpopulation","facec"
99,"inverse_variance",0.609304260439559,0.0165075470268052,0.0121697051720789,TRUE,0.0647083952912788,5000,3,10,"C4","none","superpopulation","facec"
99,"federated_dr",0.606607712153303,0.0127255979223349,0.00947315688582306,TRUE,0.0498834272190283,5000,3,10,"C4","none","superpopulation","facec"
99,"pooled_dr",0.609689569043306,0.0133668063329371,0.0125550137758267,TRUE,0.0523969180017572,5000,3,10,"C4","none","superpopulation","facec"
99,"tilted_aipw",0.582993871783346,0.0156287539600271,-0.0141406834841336,TRUE,0.0612635897697817,5000,3,10,"C4","none","superpopulation","facec"
99,"oracle_dr",0.603741863681617,0.0123532903302427,0.00660730841413704,TRUE,0.048424008275685,5000,3,10,"C4","none","superpopulation","facec"
100,"one_round_crossfit",0.582702616735776,0.0106211046044348,-0.0144319385317033,TRUE,0.0416339650014494,5000,3,10,"C4","none","superpopulation","facec"
100,"two_round_crossfit",0.584165701094204,0.0106002089603279,-0.0129688541732758,TRUE,0.0415520555816831,5000,3,10,"C4","none","superpopulation","facec"
100,"target_only",0.584834680987299,0.018301614438845,-0.0122998742801811,TRUE,0.0717410103181486,5000,3,10,"C4","none","superpopulation","facec"
100,"sample_size",0.595093514161977,0.00974427848092279,-0.00204104110550241,TRUE,0.0381968697558746,5000,3,10,"C4","none","superpopulation","facec"
100,"inverse_variance",0.595429260646991,0.010854054510038,-0.00170529462048896,TRUE,0.0425471118518179,5000,3,10,"C4","none","superpopulation","facec"
100,"federated_dr",0.585471071396127,0.0127094898997277,-0.0116634838713523,TRUE,0.0498202849306839,5000,3,10,"C4","none","superpopulation","facec"
100,"pooled_dr",0.58771299846095,0.0134351623575675,-0.00942155680652978,TRUE,0.052664868694561,5000,3,10,"C4","none","superpopulation","facec"
100,"tilted_aipw",0.560238182941744,0.015899300413299,-0.0368963723257361,FALSE,0.0623241123788978,5000,3,10,"C4","none","superpopulation","facec"
100,"oracle_dr",0.586771898086661,0.0125620325580951,-0.0103626571808182,TRUE,0.0492422627729718,5000,3,10,"C4","none","superpopulation","facec"
101,"one_round_crossfit",0.597061313915951,0.0104421722151222,-7.32413515281971e-05,TRUE,0.0409325629240087,5000,3,10,"C4","none","superpopulation","facec"
101,"two_round_crossfit",0.596553896024299,0.0104290014599055,-0.000580659243180404,TRUE,0.0408809345122607,5000,3,10,"C4","none","superpopulation","facec"
101,"target_only",0.594624660920626,0.0189262261891494,-0.002509894346854,TRUE,0.0741894433879833,5000,3,10,"C4","none","superpopulation","facec"
101,"sample_size",0.602932618626557,0.0123709973252683,0.00579806335907751,TRUE,0.0484934184207346,5000,3,10,"C4","none","superpopulation","facec"
101,"inverse_variance",0.603460553409634,0.0143343749381791,0.00632599814215407,TRUE,0.0561897172394494,5000,3,10,"C4","none","superpopulation","facec"
101,"federated_dr",0.599868947492757,0.012579054235079,0.00273439222527694,TRUE,0.0493089865206617,5000,3,10,"C4","none","superpopulation","facec"
101,"pooled_dr",0.600345650912317,0.0128049417321864,0.00321109564483713,TRUE,0.0501944492384385,5000,3,10,"C4","none","superpopulation","facec"
101,"tilted_aipw",0.577093281671998,0.0150058674123101,-0.0200412735954817,TRUE,0.0588219193698218,5000,3,10,"C4","none","superpopulation","facec"
101,"oracle_dr",0.594587394721738,0.0128458790695107,-0.00254716054574122,TRUE,0.0503549206519955,5000,3,10,"C4","none","superpopulation","facec"
102,"one_round_crossfit",0.594480454701434,0.0103331272825828,-0.00265410056604531,TRUE,0.0405051146430611,5000,3,10,"C4","none","superpopulation","facec"
102,"two_round_crossfit",0.595709028953317,0.0104080903609851,-0.0014255263141626,TRUE,0.0407989645107385,5000,3,10,"C4","none","superpopulation","facec"
102,"target_only",0.624890445366904,0.0174386885423826,0.0277558900994245,TRUE,0.0683584029613624,5000,3,10,"C4","none","superpopulation","facec"
102,"sample_size",0.605930655328548,0.0241773790524848,0.00879610006106801,TRUE,0.0947735843668864,5000,3,10,"C4","none","superpopulation","facec"
102,"inverse_variance",0.602124683255425,0.0240476387827407,0.00499012798794551,TRUE,0.0942650118548007,5000,3,10,"C4","none","superpopulation","facec"
102,"federated_dr",0.596765846422975,0.0119580617349683,-0.000368708844504795,TRUE,0.0468747406508887,5000,3,10,"C4","none","superpopulation","facec"
102,"pooled_dr",0.596643217788205,0.0127159637038663,-0.000491337479274878,TRUE,0.049845661776593,5000,3,10,"C4","none","superpopulation","facec"
102,"tilted_aipw",0.57985280076632,0.0173435091188878,-0.0172817545011595,TRUE,0.0679853064771241,5000,3,10,"C4","none","superpopulation","facec"
102,"oracle_dr",0.585799623384247,0.0125450647128367,-0.0113349318832328,TRUE,0.0491757500417687,5000,3,10,"C4","none","superpopulation","facec"
103,"one_round_crossfit",0.595078125139706,0.0105530104513912,-0.00205643012777401,TRUE,0.0413670408264031,5000,3,10,"C4","none","superpopulation","facec"
103,"two_round_crossfit",0.596748024166282,0.0105918761925956,-0.000386531101198018,TRUE,0.0415193917323891,5000,3,10,"C4","none","superpopulation","facec"
103,"target_only",0.611132371809107,0.0174806594105286,0.0139978165416271,TRUE,0.0685229257412947,5000,3,10,"C4","none","superpopulation","facec"
103,"sample_size",0.608018930814113,0.0144949578165237,0.0108843755466335,TRUE,0.0568191905556275,5000,3,10,"C4","none","superpopulation","facec"
103,"inverse_variance",0.607125312270706,0.0158077797354563,0.00999075700322682,TRUE,0.0619653579140726,5000,3,10,"C4","none","superpopulation","facec"
103,"federated_dr",0.596835569276079,0.0128130963263398,-0.000298985991400436,TRUE,0.0502264146601368,5000,3,10,"C4","none","superpopulation","facec"
103,"pooled_dr",0.596543194616194,0.0136370767564206,-0.000591360651285733,TRUE,0.0534563585939851,5000,3,10,"C4","none","superpopulation","facec"
103,"tilted_aipw",0.582214094548584,0.0155485260236162,-0.0149204607188956,TRUE,0.0609491020379431,5000,3,10,"C4","none","superpopulation","facec"
103,"oracle_dr",0.588964455731115,0.0126461977245919,-0.00817009953636472,TRUE,0.0495721841631449,5000,3,10,"C4","none","superpopulation","facec"
104,"one_round_crossfit",0.604572275379526,0.0105339632239436,0.00743772011204591,TRUE,0.0412923770667977,5000,3,10,"C4","none","superpopulation","facec"
104,"two_round_crossfit",0.605783361444068,0.0105429672334211,0.00864880617658825,TRUE,0.0413276721353826,5000,3,10,"C4","none","superpopulation","facec"
104,"target_only",0.625590706189317,0.017948383332577,0.028456150921837,TRUE,0.0703563698251397,5000,3,10,"C4","none","superpopulation","facec"
104,"sample_size",0.611732914457606,0.0181530721778032,0.0145983591901266,TRUE,0.0711587353545009,5000,3,10,"C4","none","superpopulation","facec"
104,"inverse_variance",0.610424424720581,0.0184661623031984,0.0132898694531016,TRUE,0.07238602609388,5000,3,10,"C4","none","superpopulation","facec"
104,"federated_dr",0.605039390041036,0.0128278675054735,0.00790483477355619,TRUE,0.0502843166183595,5000,3,10,"C4","none","superpopulation","facec"
104,"pooled_dr",0.602258026748541,0.0134281904098154,0.0051234714810614,TRUE,0.0526375391615685,5000,3,10,"C4","none","superpopulation","facec"
104,"tilted_aipw",0.58309720655407,0.0157371637598943,-0.0140373487134098,TRUE,0.0616885483764034,5000,3,10,"C4","none","superpopulation","facec"
104,"oracle_dr",0.586803604999075,0.012426413844835,-0.0103309502684041,TRUE,0.0487106471857333,5000,3,10,"C4","none","superpopulation","facec"
105,"one_round_crossfit",0.591276433806814,0.010452396882799,-0.00585812146066556,TRUE,0.0409726428848096,5000,3,10,"C4","none","superpopulation","facec"
105,"two_round_crossfit",0.590705996755379,0.0105626254913976,-0.00642855851210067,TRUE,0.041404731090648,5000,3,10,"C4","none","superpopulation","facec"
105,"target_only",0.586295313684881,0.0177544051606422,-0.0108392415825982,TRUE,0.0695959893635816,5000,3,10,"C4","none","superpopulation","facec"
105,"sample_size",0.598571073579192,0.0118180893239894,0.00143651831171254,TRUE,0.046326058882193,5000,3,10,"C4","none","superpopulation","facec"
105,"inverse_variance",0.598683927782654,0.0140985478699765,0.00154937251517484,TRUE,0.0552652921189356,5000,3,10,"C4","none","superpopulation","facec"
105,"federated_dr",0.592590075681108,0.0124585416832862,-0.00454447958637172,TRUE,0.0488365859982638,5000,3,10,"C4","none","superpopulation","facec"
105,"pooled_dr",0.589993269674848,0.013569886815109,-0.00714128559263116,TRUE,0.0531929788637973,5000,3,10,"C4","none","superpopulation","facec"
105,"tilted_aipw",0.575338026855848,0.0147377032617719,-0.0217965284116317,TRUE,0.0577707352158228,5000,3,10,"C4","none","superpopulation","facec"
105,"oracle_dr",0.590950651607032,0.0124086066626631,-0.00618390366044808,TRUE,0.0486408443142867,5000,3,10,"C4","none","superpopulation","facec"
106,"one_round_crossfit",0.60831121717734,0.0106797014235884,0.0111766619098606,TRUE,0.0418636603117488,5000,3,10,"C4","none","superpopulation","facec"
106,"two_round_crossfit",0.607822616214743,0.0105935380914297,0.0106880609472633,TRUE,0.0415259062561106,5000,3,10,"C4","none","superpopulation","facec"
106,"target_only",0.602146639388497,0.0185562305220996,0.00501208412101739,TRUE,0.0727390870242763,5000,3,10,"C4","none","superpopulation","facec"
106,"sample_size",0.618020504156915,0.0176005021565649,0.0208859488894353,TRUE,0.0689927006733735,5000,3,10,"C4","none","superpopulation","facec"
106,"inverse_variance",0.617603530946319,0.0178321462192589,0.0204689756788399,TRUE,0.0699007287135989,5000,3,10,"C4","none","superpopulation","facec"
106,"federated_dr",0.611532824765576,0.0124656374230123,0.0143982694980964,TRUE,0.0488644007868775,5000,3,10,"C4","none","superpopulation","facec"
106,"pooled_dr",0.611206401289601,0.0131860102483414,0.0140718460221217,TRUE,0.0516882103730505,5000,3,10,"C4","none","superpopulation","facec"
106,"tilted_aipw",0.592237010767291,0.0149634375314994,-0.00489754450018864,TRUE,0.0586555972933076,5000,3,10,"C4","none","superpopulation","facec"
106,"oracle_dr",0.605776942078811,0.0123038880456316,0.00864238681133123,TRUE,0.0482303548785019,5000,3,10,"C4","none","superpopulation","facec"
107,"one_round_crossfit",0.597643325769464,0.0105073623449053,0.000508770501984279,TRUE,0.0411881035370536,5000,3,10,"C4","none","superpopulation","facec"
107,"two_round_crossfit",0.596059790203852,0.0105686263100782,-0.00107476506362791,TRUE,0.0414282538676314,5000,3,10,"C4","none","superpopulation","facec"
107,"target_only",0.603324566318039,0.0184273770401232,0.00619001105055983,TRUE,0.0722339906563636,5000,3,10,"C4","none","superpopulation","facec"
107,"sample_size",0.602752686508223,0.0201361558097343,0.00561813124074328,TRUE,0.0789322803483323,5000,3,10,"C4","none","superpopulation","facec"
107,"inverse_variance",0.601204588925223,0.0200942093390212,0.00407003365774328,TRUE,0.0787678532045801,5000,3,10,"C4","none","superpopulation","facec"
107,"federated_dr",0.595812471116565,0.0132078924567675,-0.00132208415091484,TRUE,0.0517739870538851,5000,3,10,"C4","none","superpopulation","facec"
107,"pooled_dr",0.59653678295133,0.0137322692128109,-0.000597772316150103,TRUE,0.0538295061662353,5000,3,10,"C4","none","superpopulation","facec"
107,"tilted_aipw",0.571549428610089,0.0155936664479983,-0.0255851266573908,TRUE,0.0611260492500147,5000,3,10,"C4","none","superpopulation","facec"
107,"oracle_dr",0.59038471426598,0.0126423694227667,-0.00674984100149967,TRUE,0.0495571774957462,5000,3,10,"C4","none","superpopulation","facec"
108,"one_round_crossfit",0.584793695500377,0.0103815838027366,-0.0123408597671031,TRUE,0.0406950607116963,5000,3,10,"C4","none","superpopulation","facec"
108,"two_round_crossfit",0.584172981128401,0.0104641553324976,-0.0129615741390783,TRUE,0.0410187351606561,5000,3,10,"C4","none","superpopulation","facec"
108,"target_only",0.574084016352398,0.0183483403263836,-0.0230505389150814,TRUE,0.0719241724315915,5000,3,10,"C4","none","superpopulation","facec"
108,"sample_size",0.595403746919544,0.00956064892136567,-0.00173080834793604,TRUE,0.0374770551094168,5000,3,10,"C4","none","superpopulation","facec"
108,"inverse_variance",0.595902289368275,0.0125094812779862,-0.00123226589920433,TRUE,0.0490362655402619,5000,3,10,"C4","none","superpopulation","facec"
108,"federated_dr",0.58268057214605,0.0126126527534057,-0.0144539831214295,TRUE,0.0494406902923701,5000,3,10,"C4","none","superpopulation","facec"
108,"pooled_dr",0.588481938694176,0.0132193108009391,-0.00865261657330318,TRUE,0.0518187461405639,5000,3,10,"C4","none","superpopulation","facec"
108,"tilted_aipw",0.558191045385117,0.0147894943496952,-0.0389435098823626,FALSE,0.0579737525499224,5000,3,10,"C4","none","superpopulation","facec"
108,"oracle_dr",0.595967166095389,0.0126430464143152,-0.00116738917209092,TRUE,0.0495598312538521,5000,3,10,"C4","none","superpopulation","facec"
109,"one_round_crossfit",0.601068081547162,0.0104853098591243,0.00393352627968246,TRUE,0.0411016593812528,5000,3,10,"C4","none","superpopulation","facec"
109,"two_round_crossfit",0.600204206737136,0.0104460814936755,0.00306965146965632,TRUE,0.0409478870143487,5000,3,10,"C4","none","superpopulation","facec"
109,"target_only",0.581422406328587,0.0180839896597055,-0.0157121489388928,TRUE,0.0708879368596351,5000,3,10,"C4","none","superpopulation","facec"
109,"sample_size",0.61216507882013,0.0215361724784858,0.0150305235526502,TRUE,0.0844202448453497,5000,3,10,"C4","none","superpopulation","facec"
109,"inverse_variance",0.612316195611637,0.0214599995590105,0.0151816403441569,TRUE,0.0841216524878119,5000,3,10,"C4","none","superpopulation","facec"
109,"federated_dr",0.601079269944345,0.0125449498639278,0.00394471467686519,TRUE,0.0491752998423183,5000,3,10,"C4","none","superpopulation","facec"
109,"pooled_dr",0.602441524931024,0.013059091073668,0.00530696966354394,TRUE,0.0511906963504354,5000,3,10,"C4","none","superpopulation","facec"
109,"tilted_aipw",0.588756661011581,0.0152395534720026,-0.00837789425589852,TRUE,0.0597379518911947,5000,3,10,"C4","none","superpopulation","facec"
109,"oracle_dr",0.604337297551108,0.012639242383745,0.00720274228362827,TRUE,0.0495449197280247,5000,3,10,"C4","none","superpopulation","facec"
110,"one_round_crossfit",0.609193071993632,0.010428821595932,0.0120585167261529,TRUE,0.0408802294584403,5000,3,10,"C4","none","superpopulation","facec"
110,"two_round_crossfit",0.609020705385591,0.0104929608534295,0.0118861501181119,TRUE,0.041131650727821,5000,3,10,"C4","none","superpopulation","facec"
110,"target_only",0.607985856788389,0.0177193088849657,0.0108513015209097,TRUE,0.0694584144909469,5000,3,10,"C4","none","superpopulation","facec"
110,"sample_size",0.616106045255494,0.0142118225967731,0.018971489988014,TRUE,0.0557093208886954,5000,3,10,"C4","none","superpopulation","facec"
110,"inverse_variance",0.615505879012962,0.0156103327343578,0.0183713237454821,TRUE,0.0611913798920558,5000,3,10,"C4","none","superpopulation","facec"
110,"federated_dr",0.612970492061271,0.0124079908907248,0.0158359367937909,TRUE,0.0486384305326433,5000,3,10,"C4","none","superpopulation","facec"
110,"pooled_dr",0.607793311400901,0.0131245199691358,0.0106587561334215,TRUE,0.0514471729077659,5000,3,10,"C4","none","superpopulation","facec"
110,"tilted_aipw",0.599439109331057,0.0147773001802645,0.00230455406357788,TRUE,0.0579259522841113,5000,3,10,"C4","none","superpopulation","facec"
110,"oracle_dr",0.601940027698848,0.0125772204175782,0.00480547243136875,TRUE,0.0493017980881503,5000,3,10,"C4","none","superpopulation","facec"
111,"one_round_crossfit",0.585399929439677,0.0104074034003309,-0.011734625827803,TRUE,0.0407962716744568,5000,3,10,"C4","none","superpopulation","facec"
111,"two_round_crossfit",0.586433838461674,0.010439785532279,-0.010700716805806,TRUE,0.0409232072991785,5000,3,10,"C4","none","superpopulation","facec"
111,"target_only",0.580039346699484,0.0178656822754802,-0.0170952085679957,TRUE,0.0700321876383534,5000,3,10,"C4","none","superpopulation","facec"
111,"sample_size",0.593624099534446,0.0239483923138185,-0.00351045573303399,TRUE,0.0938759728454404,5000,3,10,"C4","none","superpopulation","facec"
111,"inverse_variance",0.591486468216644,0.023879779614637,-0.00564808705083575,TRUE,0.0936070160068847,5000,3,10,"C4","none","superpopulation","facec"
111,"federated_dr",0.589975678615807,0.0122554403258283,-0.00715887665167281,TRUE,0.0480404433066066,5000,3,10,"C4","none","superpopulation","facec"
111,"pooled_dr",0.587083975152304,0.0129081318639677,-0.0100505801151755,TRUE,0.0505989471221413,5000,3,10,"C4","none","superpopulation","facec"
111,"tilted_aipw",0.568518983171545,0.0152633517156094,-0.0286155720959349,TRUE,0.059831239291924,5000,3,10,"C4","none","superpopulation","facec"
111,"oracle_dr",0.592766824174287,0.0128084782898871,-0.00436773109319266,TRUE,0.0502083122898838,5000,3,10,"C4","none","superpopulation","facec"
112,"one_round_crossfit",0.583629960337291,0.0106473946657316,-0.0135045949301883,TRUE,0.0417370201480356,5000,3,10,"C4","none","superpopulation","facec"
112,"two_round_crossfit",0.584088398021829,0.0106715487673427,-0.0130461572456505,TRUE,0.0418317024865089,5000,3,10,"C4","none","superpopulation","facec"
112,"target_only",0.586059672172503,0.0187435950317582,-0.0110748830949762,TRUE,0.0734735424061002,5000,3,10,"C4","none","superpopulation","facec"
112,"sample_size",0.601216643996566,0.0220420022462294,0.00408208872908666,TRUE,0.086403061099521,5000,3,10,"C4","none","superpopulation","facec"
112,"inverse_variance",0.600558731719445,0.0219920296822277,0.00342417645196491,TRUE,0.0862071722482043,5000,3,10,"C4","none","superpopulation","facec"
112,"federated_dr",0.585643419046453,0.0130929909425629,-0.0114911362210262,TRUE,0.0513235813946646,5000,3,10,"C4","none","superpopulation","facec"
112,"pooled_dr",0.592262350070226,0.0136786432041692,-0.00487220519725373,TRUE,0.0536192960750903,5000,3,10,"C4","none","superpopulation","facec"
112,"tilted_aipw",0.561061762252375,0.0157780183171241,-0.0360727930151048,FALSE,0.0618486952979529,5000,3,10,"C4","none","superpopulation","facec"
112,"oracle_dr",0.598161962175995,0.0123508205931549,0.00102740690851544,TRUE,0.0484143270841983,5000,3,10,"C4","none","superpopulation","facec"
113,"one_round_crossfit",0.590144832061007,0.0103430295130055,-0.00698972320647306,TRUE,0.0405439306730513,5000,3,10,"C4","none","superpopulation","facec"
113,"two_round_crossfit",0.5903571199113,0.0103837475947032,-0.00677743535617981,TRUE,0.0407035426203455,5000,3,10,"C4","none","superpopulation","facec"
113,"target_only",0.593265311069042,0.01780529187982,-0.00386924419843759,TRUE,0.0697954616373413,5000,3,10,"C4","none","superpopulation","facec"
113,"sample_size",0.591838659466985,0.0138907696452415,-0.0052958958004945,TRUE,0.0544508164444311,5000,3,10,"C4","none","superpopulation","facec"
113,"inverse_variance",0.59160908174645,0.0154717416000541,-0.00552547352102983,TRUE,0.0606481126284322,5000,3,10,"C4","none","superpopulation","facec"
113,"federated_dr",0.593166353701357,0.0124965421755632,-0.00396820156612288,TRUE,0.0489855451907795,5000,3,10,"C4","none","superpopulation","facec"
113,"pooled_dr",0.594200464790424,0.0133863317690115,-0.00293409047705595,TRUE,0.052473456304734,5000,3,10,"C4","none","superpopulation","facec"
113,"tilted_aipw",0.569707489073878,0.0161350218021906,-0.027427066193602,TRUE,0.0632481232441242,5000,3,10,"C4","none","superpopulation","facec"
113,"oracle_dr",0.601368083366972,0.0124889590626455,0.00423352809949273,TRUE,0.0489558199343605,5000,3,10,"C4","none","superpopulation","facec"
114,"one_round_crossfit",0.599988396228313,0.0105488414307405,0.00285384096083341,TRUE,0.0413506985657506,5000,3,10,"C4","none","superpopulation","facec"
114,"two_round_crossfit",0.599893644031985,0.010493125198956,0.00275908876450526,TRUE,0.0411322949504469,5000,3,10,"C4","none","superpopulation","facec"
114,"target_only",0.586826500569949,0.0189226559986772,-0.010308054697531,TRUE,0.0741754484984962,5000,3,10,"C4","none","superpopulation","facec"
114,"sample_size",0.60463786037154,0.0181705578158529,0.0075033051040605,TRUE,0.0712272777961489,5000,3,10,"C4","none","superpopulation","facec"
114,"inverse_variance",0.604460555677911,0.0181391973252472,0.0073260004104313,TRUE,0.0711043469318995,5000,3,10,"C4","none","superpopulation","facec"
114,"federated_dr",0.598525779673598,0.0125987602402801,0.00139122440611883,TRUE,0.0493862326416086,5000,3,10,"C4","none","superpopulation","facec"
114,"pooled_dr",0.598745125319878,0.0129319531054902,0.0016105700523984,TRUE,0.0506923246730433,5000,3,10,"C4","none","superpopulation","facec"
114,"tilted_aipw",0.590142370174324,0.0151496868205387,-0.00699218509315536,TRUE,0.0593856810906337,5000,3,10,"C4","none","superpopulation","facec"
114,"oracle_dr",0.602132020810731,0.0126032866311607,0.00499746554325098,TRUE,0.0494039757678204,5000,3,10,"C4","none","superpopulation","facec"
115,"one_round_crossfit",0.601640892452589,0.0105410747349196,0.00450633718510973,TRUE,0.041320253677575,5000,3,10,"C4","none","superpopulation","facec"
115,"two_round_crossfit",0.601975654758085,0.0104532204283908,0.00484109949060496,TRUE,0.0409758711242088,5000,3,10,"C4","none","superpopulation","facec"
115,"target_only",0.619147834868275,0.0182234644955344,0.0220132796007949,TRUE,0.0714346681695834,5000,3,10,"C4","none","superpopulation","facec"
115,"sample_size",0.609455255552114,0.0126743508422025,0.0123207002846342,TRUE,0.0496825423562837,5000,3,10,"C4","none","superpopulation","facec"
115,"inverse_variance",0.60948172457491,0.0145450397762221,0.0123471693074302,TRUE,0.0570155082301955,5000,3,10,"C4","none","superpopulation","facec"
115,"federated_dr",0.605637316978669,0.0125804856703303,0.00850276171118902,TRUE,0.049314597643739,5000,3,10,"C4","none","superpopulation","facec"
115,"pooled_dr",0.606412484298394,0.0130518509360338,0.00927792903091484,TRUE,0.0511623155324232,5000,3,10,"C4","none","superpopulation","facec"
115,"tilted_aipw",0.58518311809525,0.0162904444093555,-0.01195143717223,TRUE,0.0638573686689772,5000,3,10,"C4","none","superpopulation","facec"
115,"oracle_dr",0.603251626704883,0.0123701868508835,0.0061170714374037,TRUE,0.0484902414195254,5000,3,10,"C4","none","superpopulation","facec"
116,"one_round_crossfit",0.60267890094443,0.010321638888567,0.00554434567695083,TRUE,0.0404600809660387,5000,3,10,"C4","none","superpopulation","facec"
116,"two_round_crossfit",0.60276932746238,0.0103085269257269,0.00563477219490005,TRUE,0.0404086830161725,5000,3,10,"C4","none","superpopulation","facec"
116,"target_only",0.594403370773501,0.0178230341867534,-0.00273118449397824,TRUE,0.0698650102025256,5000,3,10,"C4","none","superpopulation","facec"
116,"sample_size",0.610615377215636,0.0236293124761057,0.0134808219481559,TRUE,0.0926252028652201,5000,3,10,"C4","none","superpopulation","facec"
116,"inverse_variance",0.608988229905748,0.023524345668118,0.011853674638268,TRUE,0.0922137405387644,5000,3,10,"C4","none","superpopulation","facec"
116,"federated_dr",0.605863728246981,0.013082178793011,0.00872917297950104,TRUE,0.0512811985472306,5000,3,10,"C4","none","superpopulation","facec"
116,"pooled_dr",0.608234140561337,0.0139324751871353,0.0110995852938577,TRUE,0.0546142991645664,5000,3,10,"C4","none","superpopulation","facec"
116,"tilted_aipw",0.584836975059266,0.0158578429366184,-0.0122975802082131,TRUE,0.0621616020565301,5000,3,10,"C4","none","superpopulation","facec"
116,"oracle_dr",0.611500111609951,0.0124322149864646,0.0143655563424718,TRUE,0.0487333872430595,5000,3,10,"C4","none","superpopulation","facec"
117,"one_round_crossfit",0.580038269782804,0.0104564373514044,-0.0170962854846758,TRUE,0.0409884812307042,5000,3,10,"C4","none","superpopulation","facec"
117,"two_round_crossfit",0.580054535132523,0.0104723042980331,-0.0170800201349562,TRUE,0.0410506785185778,5000,3,10,"C4","none","superpopulation","facec"
117,"target_only",0.587104115064783,0.0184638045924634,-0.0100304402026965,TRUE,0.072376784037627,5000,3,10,"C4","none","superpopulation","facec"
117,"sample_size",0.583540646669622,0.0134882246244153,-0.013593908597858,TRUE,0.0528728689584805,5000,3,10,"C4","none","superpopulation","facec"
117,"inverse_variance",0.583364220681475,0.0151367206702079,-0.0137703345860043,TRUE,0.0593348547153008,5000,3,10,"C4","none","superpopulation","facec"
117,"federated_dr",0.581537771816869,0.012689450848821,-0.0155967834506109,TRUE,0.0497417332945609,5000,3,10,"C4","none","superpopulation","facec"
117,"pooled_dr",0.582752000183759,0.013458761863471,-0.0143825550837204,TRUE,0.0527573770578089,5000,3,10,"C4","none","superpopulation","facec"
117,"tilted_aipw",0.56189334718736,0.0144174941419907,-0.0352412080801194,FALSE,0.0565155385312379,5000,3,10,"C4","none","superpopulation","facec"
117,"oracle_dr",0.58408098714664,0.012653386339243,-0.0130535681208397,TRUE,0.049600363014775,5000,3,10,"C4","none","superpopulation","facec"
118,"one_round_crossfit",0.574677328536355,0.0103534643350987,-0.0224572267311246,FALSE,0.0405848344240269,5000,3,10,"C4","none","superpopulation","facec"
118,"two_round_crossfit",0.576745147579599,0.0104189954611354,-0.0203894076878803,TRUE,0.0408417117178232,5000,3,10,"C4","none","superpopulation","facec"
118,"target_only",0.585058714347982,0.0180936265772993,-0.0120758409194973,TRUE,0.0709257128824465,5000,3,10,"C4","none","superpopulation","facec"
118,"sample_size",0.578836214463877,0.0138104738457043,-0.0182983408036027,TRUE,0.0541360626940257,5000,3,10,"C4","none","superpopulation","facec"
118,"inverse_variance",0.578874533512178,0.0153264773261778,-0.0182600217553017,TRUE,0.0600786871383565,5000,3,10,"C4","none","superpopulation","facec"
118,"federated_dr",0.577819629308456,0.0127342343844904,-0.0193149259590234,TRUE,0.0499172815285855,5000,3,10,"C4","none","superpopulation","facec"
118,"pooled_dr",0.581969187702941,0.0134973778586798,-0.0151653675645389,TRUE,0.0529087489774815,5000,3,10,"C4","none","superpopulation","facec"
118,"tilted_aipw",0.556207786440773,0.0146070593551679,-0.0409267688267071,FALSE,0.057258620512336,5000,3,10,"C4","none","superpopulation","facec"
118,"oracle_dr",0.588537411799063,0.012648846665862,-0.008597143468417,TRUE,0.0495825678221182,5000,3,10,"C4","none","superpopulation","facec"
119,"one_round_crossfit",0.591043597950889,0.0104417093895305,-0.00609095731659026,TRUE,0.0409307486810269,5000,3,10,"C4","none","superpopulation","facec"
119,"two_round_crossfit",0.59139815300978,0.0103853543580613,-0.00573640225769945,TRUE,0.0407098410169724,5000,3,10,"C4","none","superpopulation","facec"
119,"target_only",0.599917144960072,0.0178267905848252,0.00278258969259271,TRUE,0.0698797350123901,5000,3,10,"C4","none","superpopulation","facec"
119,"sample_size",0.605172716211203,0.0135860046990217,0.00803816094372378,TRUE,0.0532561598077488,5000,3,10,"C4","none","superpopulation","facec"
119,"inverse_variance",0.604954429813656,0.0151268136570728,0.00781987454617672,TRUE,0.0592960199374226,5000,3,10,"C4","none","superpopulation","facec"
119,"federated_dr",0.593780510917755,0.0126434287062006,-0.00335404434972508,TRUE,0.049561329810506,5000,3,10,"C4","none","superpopulation","facec"
119,"pooled_dr",0.594311843619896,0.0130863205297066,-0.00282271164758341,TRUE,0.0512974338567442,5000,3,10,"C4","none","superpopulation","facec"
119,"tilted_aipw",0.578741797589853,0.015619879146168,-0.0183927576776262,TRUE,0.061228801138715,5000,3,10,"C4","none","superpopulation","facec"
119,"oracle_dr",0.588704585464864,0.0127800897273561,-0.00842996980261512,TRUE,0.0500970311696165,5000,3,10,"C4","none","superpopulation","facec"
120,"one_round_crossfit",0.597332542998238,0.0105131101862661,0.000197987730758853,TRUE,0.0412106346611654,5000,3,10,"C4","none","superpopulation","facec"
120,"two_round_crossfit",0.598541956898033,0.0106229577134308,0.00140740163055308,TRUE,0.0416412290552328,5000,3,10,"C4","none","superpopulation","facec"
120,"target_only",0.601295810479529,0.0176455530578577,0.00416125521204902,TRUE,0.0691692969613835,5000,3,10,"C4","none","superpopulation","facec"
120,"sample_size",0.599820186933081,0.0130128412901347,0.00268563166560143,TRUE,0.0510094005303994,5000,3,10,"C4","none","superpopulation","facec"
120,"inverse_variance",0.59946248912491,0.0149146149074765,0.00232793385743013,TRUE,0.0584642161238762,5000,3,10,"C4","none","superpopulation","facec"
120,"federated_dr",0.59739549206129,0.0122763382785687,0.000260936793810118,TRUE,0.04812236177605,5000,3,10,"C4","none","superpopulation","facec"
120,"pooled_dr",0.59968975326907,0.0132802161759361,0.00255519800159054,TRUE,0.0520574908234819,5000,3,10,"C4","none","superpopulation","facec"
120,"tilted_aipw",0.583545691471395,0.0143517040610369,-0.0135888637960847,TRUE,0.0562576461528193,5000,3,10,"C4","none","superpopulation","facec"
120,"oracle_dr",0.602469203788048,0.0121990897747006,0.00533464852056842,TRUE,0.0478195532051682,5000,3,10,"C4","none","superpopulation","facec"
121,"one_round_crossfit",0.609472716026222,0.0104869861442557,0.0123381607587421,TRUE,0.0411082302982235,5000,3,10,"C4","none","superpopulation","facec"
121,"two_round_crossfit",0.611316820022336,0.0103523424597813,0.0141822647548564,TRUE,0.040580436753592,5000,3,10,"C4","none","superpopulation","facec"
121,"target_only",0.630362790762664,0.0182635146651687,0.0332282354951843,TRUE,0.0715916619496995,5000,3,10,"C4","none","superpopulation","facec"
121,"sample_size",0.625459987915059,0.0118755230785769,0.0283254326475797,FALSE,0.0465511950631701,5000,3,10,"C4","none","superpopulation","facec"
121,"inverse_variance",0.625207818317704,0.0139045083874846,0.0280732630502243,FALSE,0.0545046713244097,5000,3,10,"C4","none","superpopulation","facec"
121,"federated_dr",0.614353288940971,0.01238010340295,0.0172187336734909,TRUE,0.0485291135893275,5000,3,10,"C4","none","superpopulation","facec"
121,"pooled_dr",0.611022649223006,0.0127622630256085,0.0138880939555267,TRUE,0.0500271517828395,5000,3,10,"C4","none","superpopulation","facec"
121,"tilted_aipw",0.588303802579112,0.0148169882725636,-0.00883075268836775,TRUE,0.0580815267471539,5000,3,10,"C4","none","superpopulation","facec"
121,"oracle_dr",0.595597524640616,0.0126568864997364,-0.00153703062686361,TRUE,0.0496140833917893,5000,3,10,"C4","none","superpopulation","facec"
122,"one_round_crossfit",0.599429573607605,0.0103119618165385,0.00229501834012547,TRUE,0.0404221475407354,5000,3,10,"C4","none","superpopulation","facec"
122,"two_round_crossfit",0.599555903359616,0.0103448189631803,0.00242134809213612,TRUE,0.0405509451888406,5000,3,10,"C4","none","superpopulation","facec"
122,"target_only",0.583484357771909,0.0180523696061642,-0.0136501974955711,TRUE,0.0707639885273745,5000,3,10,"C4","none","superpopulation","facec"
122,"sample_size",0.610943904695296,0.0172392888995674,0.013809349427816,TRUE,0.0675767707244666,5000,3,10,"C4","none","superpopulation","facec"
122,"inverse_variance",0.611296869971295,0.0173097022320868,0.0141623147038155,TRUE,0.0678527859160054,5000,3,10,"C4","none","superpopulation","facec"
122,"federated_dr",0.601539272801256,0.013273122168147,0.0044047175337768,TRUE,0.0520296828239366,5000,3,10,"C4","none","superpopulation","facec"
122,"pooled_dr",0.608109214649191,0.0140921312401279,0.0109746593817109,TRUE,0.0552401393921249,5000,3,10,"C4","none","superpopulation","facec"
122,"tilted_aipw",0.565539682203819,0.0156394274140179,-0.0315948730636604,FALSE,0.0613054289406068,5000,3,10,"C4","none","superpopulation","facec"
122,"oracle_dr",0.623216647282217,0.0125019804507396,0.0260820920147375,FALSE,0.0490068628377469,5000,3,10,"C4","none","superpopulation","facec"
123,"one_round_crossfit",0.617613712179379,0.0102118240400982,0.0204791569118996,FALSE,0.0400296146701056,5000,3,10,"C4","none","superpopulation","facec"
123,"two_round_crossfit",0.617418884352051,0.0102004279031908,0.0202843290845717,FALSE,0.0399849426343026,5000,3,10,"C4","none","superpopulation","facec"
123,"target_only",0.606335924510793,0.0182191717742768,0.00920136924331338,TRUE,0.0714178410114625,5000,3,10,"C4","none","superpopulation","facec"
123,"sample_size",0.615580369573714,0.009594500647621,0.0184458143062347,TRUE,0.0376097514379667,5000,3,10,"C4","none","superpopulation","facec"
123,"inverse_variance",0.616479154991381,0.0118094448737214,0.0193445997239009,TRUE,0.0462921732598103,5000,3,10,"C4","none","superpopulation","facec"
123,"federated_dr",0.619010068348929,0.0122411575765062,0.0218755130814496,TRUE,0.0479844559580636,5000,3,10,"C4","none","superpopulation","facec"
123,"pooled_dr",0.618225446064736,0.0128115521647462,0.0210908907972567,TRUE,0.0502203616579173,5000,3,10,"C4","none","superpopulation","facec"
123,"tilted_aipw",0.605494133638452,0.0139126129643842,0.00835957837097223,TRUE,0.0545364406820759,5000,3,10,"C4","none","superpopulation","facec"
123,"oracle_dr",0.618392376219147,0.0125571041988703,0.0212578209516678,TRUE,0.0492229439598049,5000,3,10,"C4","none","superpopulation","facec"
124,"one_round_crossfit",0.58780824262825,0.0104842899892456,-0.00932631263922934,TRUE,0.0410976615647904,5000,3,10,"C4","none","superpopulation","facec"
124,"two_round_crossfit",0.587202706142765,0.0104317064941826,-0.00993184912471501,TRUE,0.0408915380517809,5000,3,10,"C4","none","superpopulation","facec"
124,"target_only",0.6065989666817,0.0181675430357308,0.00946441141422028,TRUE,0.0712154600752275,5000,3,10,"C4","none","superpopulation","facec"
124,"sample_size",0.594156823446318,0.00966391419162547,-0.00297773182116146,TRUE,0.0378818475305429,5000,3,10,"C4","none","superpopulation","facec"
124,"inverse_variance",0.594721398940566,0.0113264164347149,-0.00241315632691375,TRUE,0.0443987365718874,5000,3,10,"C4","none","superpopulation","facec"
124,"federated_dr",0.589354813625193,0.0126736631713271,-0.00777974164228645,TRUE,0.0496798467359856,5000,3,10,"C4","none","superpopulation","facec"
124,"pooled_dr",0.590284003353615,0.0134409580384725,-0.00685055191386452,TRUE,0.0526875873462402,5000,3,10,"C4","none","superpopulation","facec"
124,"tilted_aipw",0.561111207588764,0.015419368672465,-0.0360233476787154,FALSE,0.0604428145247531,5000,3,10,"C4","none","superpopulation","facec"
124,"oracle_dr",0.585387591986181,0.012654485521961,-0.0117469632812989,TRUE,0.0496046717318541,5000,3,10,"C4","none","superpopulation","facec"
125,"one_round_crossfit",0.591196263741093,0.0104480312064032,-0.00593829152638636,TRUE,0.0409555297478017,5000,3,10,"C4","none","superpopulation","facec"
125,"two_round_crossfit",0.592528681251186,0.0104398863485814,-0.0046058740162932,TRUE,0.0409236024918216,5000,3,10,"C4","none","superpopulation","facec"
125,"target_only",0.597683413322187,0.017940112636961,0.000548858054707391,TRUE,0.0703239492940708,5000,3,10,"C4","none","superpopulation","facec"
125,"sample_size",0.601045052726472,0.0155832716531802,0.00391049745899252,TRUE,0.0610853024030742,5000,3,10,"C4","none","superpopulation","facec"
125,"inverse_variance",0.600618902264444,0.0165099732205268,0.00348434699696454,TRUE,0.0647179057959066,5000,3,10,"C4","none","superpopulation","facec"
125,"federated_dr",0.593396603120272,0.0126548698780564,-0.00373795214720718,TRUE,0.0496061783800628,5000,3,10,"C4","none","superpopulation","facec"
125,"pooled_dr",0.593619677320014,0.0138566620771647,-0.00351487794746574,TRUE,0.0543171172343695,5000,3,10,"C4","none","superpopulation","facec"
125,"tilted_aipw",0.575955558401746,0.0146234750606323,-0.0211789968657332,TRUE,0.0573229688953178,5000,3,10,"C4","none","superpopulation","facec"
125,"oracle_dr",0.591585158391347,0.0123770129760062,-0.00554939687613265,TRUE,0.0485169993383141,5000,3,10,"C4","none","superpopulation","facec"
126,"one_round_crossfit",0.603042073823623,0.0105454176681139,0.0059075185561438,TRUE,0.0413372776628711,5000,3,10,"C4","none","superpopulation","facec"
126,"two_round_crossfit",0.602735937107276,0.0105401457529055,0.00560138183979664,TRUE,0.041316612134995,5000,3,10,"C4","none","superpopulation","facec"
126,"target_only",0.611700593530643,0.0176156212030864,0.0145660382631632,TRUE,0.0690519662466991,5000,3,10,"C4","none","superpopulation","facec"
126,"sample_size",0.609945434292757,0.0156983797375264,0.0128108790252773,TRUE,0.0615365178023701,5000,3,10,"C4","none","superpopulation","facec"
126,"inverse_variance",0.609451088659202,0.0167731376964139,0.0123165333917225,TRUE,0.0657494915854044,5000,3,10,"C4","none","superpopulation","facec"
126,"federated_dr",0.604129360835875,0.0130693059573019,0.00699480556839538,TRUE,0.0512307379584929,5000,3,10,"C4","none","superpopulation","facec"
126,"pooled_dr",0.602713013672316,0.0136877870620004,0.00557845840483651,TRUE,0.0536551393391484,5000,3,10,"C4","none","superpopulation","facec"
126,"tilted_aipw",0.591982372552106,0.0169138796727474,-0.00515218271537377,TRUE,0.066301189994858,5000,3,10,"C4","none","superpopulation","facec"
126,"oracle_dr",0.593421617744316,0.0123972211089265,-0.00371293752316315,TRUE,0.0485962137637515,5000,3,10,"C4","none","superpopulation","facec"
127,"one_round_crossfit",0.618552817069646,0.0103708335505935,0.021418261802166,FALSE,0.0406529204976458,5000,3,10,"C4","none","superpopulation","facec"
127,"two_round_crossfit",0.618224348382065,0.0102971792255804,0.0210897931145855,FALSE,0.0403642008489833,5000,3,10,"C4","none","superpopulation","facec"
127,"target_only",0.62426950339922,0.0184496314652954,0.0271349481317401,TRUE,0.0723212264000319,5000,3,10,"C4","none","superpopulation","facec"
127,"sample_size",0.621244755965693,0.0176394102091456,0.0241102006982138,TRUE,0.0691452174369072,5000,3,10,"C4","none","superpopulation","facec"
127,"inverse_variance",0.620329011522381,0.0179076892082084,0.0231944562549009,TRUE,0.0701968517888503,5000,3,10,"C4","none","superpopulation","facec"
127,"federated_dr",0.619438893824243,0.012530143620056,0.0223043385567633,TRUE,0.0491172604328483,5000,3,10,"C4","none","superpopulation","facec"
127,"pooled_dr",0.621069483587039,0.0131553008277646,0.0239349283195593,TRUE,0.0515678316564174,5000,3,10,"C4","none","superpopulation","facec"
127,"tilted_aipw",0.609740685519785,0.0154859667657755,0.0126061302523053,TRUE,0.0607038742534083,5000,3,10,"C4","none","superpopulation","facec"
127,"oracle_dr",0.616668577441876,0.0122658176843673,0.0195340221743968,TRUE,0.0480811218045889,5000,3,10,"C4","none","superpopulation","facec"
128,"one_round_crossfit",0.594663018658966,0.0105388317055393,-0.00247153660851351,TRUE,0.0413114611639716,5000,3,10,"C4","none","superpopulation","facec"
128,"two_round_crossfit",0.593718478071021,0.0105300448280338,-0.00341607719645876,TRUE,0.0412770172370769,5000,3,10,"C4","none","superpopulation","facec"
128,"target_only",0.564816929241055,0.018219830603752,-0.0323176260264249,TRUE,0.0714204235755489,5000,3,10,"C4","none","superpopulation","facec"
128,"sample_size",0.604418334613733,0.0208796692501289,0.00728377934625346,TRUE,0.081846799478722,5000,3,10,"C4","none","superpopulation","facec"
128,"inverse_variance",0.604950964152155,0.0208029130968735,0.00781640888467505,TRUE,0.0815459208867773,5000,3,10,"C4","none","superpopulation","facec"
128,"federated_dr",0.593068553944089,0.0126062995634913,-0.00406600132339063,TRUE,0.049415786245532,5000,3,10,"C4","none","superpopulation","facec"
128,"pooled_dr",0.59814662916581,0.013379183090969,0.00101207389833025,TRUE,0.0524454340017331,5000,3,10,"C4","none","superpopulation","facec"
128,"tilted_aipw",0.556880436032569,0.0158433490722472,-0.0402541192349102,FALSE,0.0621047871522009,5000,3,10,"C4","none","superpopulation","facec"
128,"oracle_dr",0.607414710340614,0.0124693216607868,0.0102801550731346,TRUE,0.0488788427335745,5000,3,10,"C4","none","superpopulation","facec"
129,"one_round_crossfit",0.604608304150332,0.0103217130257723,0.00747374888285213,TRUE,0.0404603715785434,5000,3,10,"C4","none","superpopulation","facec"
129,"two_round_crossfit",0.606436083358084,0.010387867420872,0.00930152809060436,TRUE,0.0407196920421722,5000,3,10,"C4","none","superpopulation","facec"
129,"target_only",0.596565417838072,0.0173808461355754,-0.000569137429407118,TRUE,0.0681316648931201,5000,3,10,"C4","none","superpopulation","facec"
129,"sample_size",0.611270648457592,0.0229075345604702,0.0141360931901123,TRUE,0.0897958854262564,5000,3,10,"C4","none","superpopulation","facec"
129,"inverse_variance",0.610142141395683,0.0228135990153701,0.0130075861282033,TRUE,0.0894276648557277,5000,3,10,"C4","none","superpopulation","facec"
129,"federated_dr",0.605564431106908,0.0123626692111283,0.00842987583942822,TRUE,0.0484607728131874,5000,3,10,"C4","none","superpopulation","facec"
129,"pooled_dr",0.605545982337329,0.0129628967395054,0.00841142706984976,TRUE,0.0508136214894843,5000,3,10,"C4","none","superpopulation","facec"
129,"tilted_aipw",0.589618455200664,0.0169503924506026,-0.00751610006681536,TRUE,0.0664443174540013,5000,3,10,"C4","none","superpopulation","facec"
129,"oracle_dr",0.607441344758194,0.0124334413052451,0.0103067894907147,TRUE,0.0487381943243461,5000,3,10,"C4","none","superpopulation","facec"
130,"one_round_crossfit",0.58861584002629,0.0104980760206852,-0.00851871524118952,TRUE,0.0411517018150129,5000,3,10,"C4","none","superpopulation","facec"
130,"two_round_crossfit",0.589031500920065,0.0105059469895267,-0.0081030543474151,TRUE,0.0411825554459186,5000,3,10,"C4","none","superpopulation","facec"
130,"target_only",0.592597657163663,0.0183183908583351,-0.00453689810381708,TRUE,0.0718067726741289,5000,3,10,"C4","none","superpopulation","facec"
130,"sample_size",0.596695433985438,0.0160025594951676,-0.000439121282041488,TRUE,0.0627288805419759,5000,3,10,"C4","none","superpopulation","facec"
130,"inverse_variance",0.596534091127091,0.0169684351356849,-0.000600464140388501,TRUE,0.0665150434798929,5000,3,10,"C4","none","superpopulation","facec"
130,"federated_dr",0.587995370838127,0.0125276605499217,-0.00913918442935291,TRUE,0.0491075269767793,5000,3,10,"C4","none","superpopulation","facec"
130,"pooled_dr",0.589888754809165,0.0132095250553667,-0.00724580045831502,TRUE,0.0517803867227964,5000,3,10,"C4","none","superpopulation","facec"
130,"tilted_aipw",0.573975152746766,0.0150395922136157,-0.0231594025207134,TRUE,0.0589541181617115,5000,3,10,"C4","none","superpopulation","facec"
130,"oracle_dr",0.59316184050673,0.0124134415485972,-0.00397271476074956,TRUE,0.0486597967188871,5000,3,10,"C4","none","superpopulation","facec"
131,"one_round_crossfit",0.614419133006108,0.0106511125993842,0.0172845777386287,TRUE,0.0417515941801476,5000,3,10,"C4","none","superpopulation","facec"
131,"two_round_crossfit",0.61266411265307,0.0104661643500028,0.0155295573855899,TRUE,0.0410266103645651,5000,3,10,"C4","none","superpopulation","facec"
131,"target_only",0.626150280287847,0.0185377893109402,0.0290157250203673,TRUE,0.0726667988048686,5000,3,10,"C4","none","superpopulation","facec"
131,"sample_size",0.619080089358767,0.00969542804810166,0.0219455340912871,FALSE,0.0380053795779574,5000,3,10,"C4","none","superpopulation","facec"
131,"inverse_variance",0.619579096184334,0.0126350266218983,0.0224445409168549,TRUE,0.0495283942452511,5000,3,10,"C4","none","superpopulation","facec"
131,"federated_dr",0.614817563311119,0.013161634535677,0.0176830080436398,TRUE,0.0515926593352112,5000,3,10,"C4","none","superpopulation","facec"
131,"pooled_dr",0.617743171782779,0.0135934610530229,0.0206086165152998,TRUE,0.0532853881783455,5000,3,10,"C4","none","superpopulation","facec"
131,"tilted_aipw",0.590685556805924,0.0158775686822243,-0.00644899846155522,TRUE,0.0622389255584412,5000,3,10,"C4","none","superpopulation","facec"
131,"oracle_dr",0.615692940105691,0.0123068562100754,0.0185583848382109,TRUE,0.048241989869322,5000,3,10,"C4","none","superpopulation","facec"
132,"one_round_crossfit",0.598399618879571,0.0104111042365252,0.00126506361209133,TRUE,0.0408107786857637,5000,3,10,"C4","none","superpopulation","facec"
132,"two_round_crossfit",0.599086552766013,0.0103777255635502,0.00195199749853325,TRUE,0.0406799366919979,5000,3,10,"C4","none","superpopulation","facec"
132,"target_only",0.589479618279741,0.0176394192927616,-0.00765493698773845,TRUE,0.0691452530440275,5000,3,10,"C4","none","superpopulation","facec"
132,"sample_size",0.605037132597171,0.0127509127284256,0.00790257732969102,TRUE,0.0499826594354551,5000,3,10,"C4","none","superpopulation","facec"
132,"inverse_variance",0.605283633022363,0.0145952244077639,0.0081490777548836,TRUE,0.0572122283709944,5000,3,10,"C4","none","superpopulation","facec"
132,"federated_dr",0.601972366547534,0.0120890925457041,0.00483781128005467,TRUE,0.0473883719907033,5000,3,10,"C4","none","superpopulation","facec"
132,"pooled_dr",0.601838454927587,0.012857932662475,0.00470389966010765,TRUE,0.0504021698681842,5000,3,10,"C4","none","superpopulation","facec"
132,"tilted_aipw",0.585405871767677,0.0137531420494761,-0.0117286834998026,TRUE,0.0539113261824731,5000,3,10,"C4","none","superpopulation","facec"
132,"oracle_dr",0.602819737690437,0.0126610150554074,0.00568518242295757,TRUE,0.0496302670326358,5000,3,10,"C4","none","superpopulation","facec"
133,"one_round_crossfit",0.610272348858175,0.0105023830313222,0.0131377935906959,TRUE,0.0411685849864725,5000,3,10,"C4","none","superpopulation","facec"
133,"two_round_crossfit",0.610480226519443,0.0106189809404546,0.0133456712519637,TRUE,0.0416256403916166,5000,3,10,"C4","none","superpopulation","facec"
133,"target_only",0.602298526468839,0.0184763673976998,0.00516397120135959,TRUE,0.0724260293292434,5000,3,10,"C4","none","superpopulation","facec"
133,"sample_size",0.621279126405918,0.0199057799873798,0.0241445711384387,TRUE,0.0780292237188851,5000,3,10,"C4","none","superpopulation","facec"
133,"inverse_variance",0.619276115099355,0.0198160543446528,0.0221415598318757,TRUE,0.0776775056624162,5000,3,10,"C4","none","superpopulation","facec"
133,"federated_dr",0.61082678355828,0.0124391136901324,0.0136922282908,TRUE,0.0487604296645174,5000,3,10,"C4","none","superpopulation","facec"
133,"pooled_dr",0.612731130511186,0.0127119557778874,0.0155965752437059,TRUE,0.0498299509954503,5000,3,10,"C4","none","superpopulation","facec"
133,"tilted_aipw",0.589520688597282,0.0152267911743867,-0.0076138666701977,TRUE,0.0596879246038204,5000,3,10,"C4","none","superpopulation","facec"
133,"oracle_dr",0.608387046276449,0.0123468391012129,0.011252491008969,TRUE,0.0483987199225764,5000,3,10,"C4","none","superpopulation","facec"
134,"one_round_crossfit",0.597324096112949,0.0105582115413259,0.000189540845469072,TRUE,0.0413874287243077,5000,3,10,"C4","none","superpopulation","facec"
134,"two_round_crossfit",0.595993305875022,0.0106223784795239,-0.00114124939245785,TRUE,0.0416389585000403,5000,3,10,"C4","none","superpopulation","facec"
134,"target_only",0.621486668392574,0.0178816001243435,0.0243521131250944,TRUE,0.0700945844593206,5000,3,10,"C4","none","superpopulation","facec"
134,"sample_size",0.604354374808301,0.0182732390405015,0.00721981954082163,TRUE,0.0716297808005482,5000,3,10,"C4","none","superpopulation","facec"
134,"inverse_variance",0.602914933964523,0.0186444836525402,0.00578037869704384,TRUE,0.073085032938649,5000,3,10,"C4","none","superpopulation","facec"
134,"federated_dr",0.598375212805007,0.0127462832102937,0.00124065753752778,TRUE,0.0499645120578462,5000,3,10,"C4","none","superpopulation","facec"
134,"pooled_dr",0.595616828106546,0.0133540924636402,-0.00151772716093324,TRUE,0.0523470805499051,5000,3,10,"C4","none","superpopulation","facec"
134,"tilted_aipw",0.578686019266659,0.0155088347080742,-0.0184485360008207,TRUE,0.0607935149400205,5000,3,10,"C4","none","superpopulation","facec"
134,"oracle_dr",0.583641382284954,0.0125006682491315,-0.0134931729825254,TRUE,0.049001719101962,5000,3,10,"C4","none","superpopulation","facec"
135,"one_round_crossfit",0.611949555843847,0.0106132847480869,0.0148150005763676,TRUE,0.0416033117278372,5000,3,10,"C4","none","superpopulation","facec"
135,"two_round_crossfit",0.612964678206542,0.0105389911738683,0.0158301229390624,TRUE,0.0413120862683347,5000,3,10,"C4","none","superpopulation","facec"
135,"target_only",0.620470627030727,0.0180429858659225,0.0233360717632476,TRUE,0.0707272049415466,5000,3,10,"C4","none","superpopulation","facec"
135,"sample_size",0.626079327362596,0.00946635933832519,0.0289447720951164,FALSE,0.0371074467356636,5000,3,10,"C4","none","superpopulation","facec"
135,"inverse_variance",0.626376150444756,0.0107985282682298,0.0292415951772763,FALSE,0.0423294529835363,5000,3,10,"C4","none","superpopulation","facec"
135,"federated_dr",0.612444045347126,0.012412313104487,0.0153094900796461,TRUE,0.0486553732992581,5000,3,10,"C4","none","superpopulation","facec"
135,"pooled_dr",0.613427851517222,0.0131083364013505,0.0162932962497426,TRUE,0.0513837344877648,5000,3,10,"C4","none","superpopulation","facec"
135,"tilted_aipw",0.594226251319363,0.0143329672851469,-0.0029083039481167,TRUE,0.0561841993409573,5000,3,10,"C4","none","superpopulation","facec"
135,"oracle_dr",0.603250913955619,0.0122981415122502,0.00611635868813953,TRUE,0.0482078288815746,5000,3,10,"C4","none","superpopulation","facec"
136,"one_round_crossfit",0.59601593195522,0.0103163426586667,-0.00111862331225998,TRUE,0.040439320126322,5000,3,10,"C4","none","superpopulation","facec"
136,"two_round_crossfit",0.596585148910909,0.0102738996578364,-0.000549406356570414,TRUE,0.0402729466202756,5000,3,10,"C4","none","superpopulation","facec"
136,"target_only",0.599644608047499,0.0183643873741425,0.00251005278001892,TRUE,0.0719870757029226,5000,3,10,"C4","none","superpopulation","facec"
136,"sample_size",0.600714948554682,0.0183241719397006,0.00358039328720283,TRUE,0.0718294340966654,5000,3,10,"C4","none","superpopulation","facec"
136,"inverse_variance",0.599177954321806,0.0183053555400085,0.00204339905432649,TRUE,0.0717556751652348,5000,3,10,"C4","none","superpopulation","facec"
136,"federated_dr",0.59903571610795,0.0121884132235907,0.00190116084046998,TRUE,0.0477777018938592,5000,3,10,"C4","none","superpopulation","facec"
136,"pooled_dr",0.600658179606825,0.012473615419045,0.0035236243393455,TRUE,0.0488956739566633,5000,3,10,"C4","none","superpopulation","facec"
136,"tilted_aipw",0.581349675201996,0.0143510500363695,-0.0157848800654837,TRUE,0.0562550824232328,5000,3,10,"C4","none","superpopulation","facec"
136,"oracle_dr",0.597710096459779,0.0128455998018649,0.000575541192298967,TRUE,0.0503538259429404,5000,3,10,"C4","none","superpopulation","facec"
137,"one_round_crossfit",0.599227647697309,0.0103873129070568,0.00209309242982891,TRUE,0.0407175183879589,5000,3,10,"C4","none","superpopulation","facec"
137,"two_round_crossfit",0.599513194814882,0.0103809776567063,0.00237863954740225,TRUE,0.040692684662919,5000,3,10,"C4","none","superpopulation","facec"
137,"target_only",0.603400745060218,0.0179564960814145,0.00626618979273885,TRUE,0.070388171216214,5000,3,10,"C4","none","superpopulation","facec"
137,"sample_size",0.605305245023723,0.0137080661678425,0.00817068975624369,TRUE,0.0537346319733265,5000,3,10,"C4","none","superpopulation","facec"
137,"inverse_variance",0.604925277417065,0.01525287150232,0.00779072214958565,TRUE,0.0597901576107289,5000,3,10,"C4","none","superpopulation","facec"
137,"federated_dr",0.601918955648165,0.0126325555347525,0.00478440038068584,TRUE,0.0495187077616341,5000,3,10,"C4","none","superpopulation","facec"
137,"pooled_dr",0.597962188928838,0.0135790853289541,0.000827633661358629,TRUE,0.0532290363754926,5000,3,10,"C4","none","superpopulation","facec"
137,"tilted_aipw",0.586262569427517,0.014634047048969,-0.0108719858399625,TRUE,0.0573644103280877,5000,3,10,"C4","none","superpopulation","facec"
137,"oracle_dr",0.598627574198618,0.0124162774476799,0.00149301893113818,TRUE,0.0486709132390191,5000,3,10,"C4","none","superpopulation","facec"
138,"one_round_crossfit",0.598665772428529,0.0102596273565937,0.00153121716104898,TRUE,0.0402170002274511,5000,3,10,"C4","none","superpopulation","facec"
138,"two_round_crossfit",0.598539381772407,0.0102881877209999,0.00140482650492746,TRUE,0.040328954798694,5000,3,10,"C4","none","superpopulation","facec"
138,"target_only",0.605508346966918,0.0172956087009482,0.00837379169943808,TRUE,0.0677975402891122,5000,3,10,"C4","none","superpopulation","facec"
138,"sample_size",0.604664452266435,0.00960658175657279,0.00752989699895557,TRUE,0.0376571085148445,5000,3,10,"C4","none","superpopulation","facec"
138,"inverse_variance",0.605051691968051,0.0101201803016726,0.00791713670057181,TRUE,0.0396703778166598,5000,3,10,"C4","none","superpopulation","facec"
138,"federated_dr",0.598264284806403,0.0123747815802411,0.0011297295389231,TRUE,0.0485082524276443,5000,3,10,"C4","none","superpopulation","facec"
138,"pooled_dr",0.596098955013815,0.0134831959685897,-0.00103560025366456,TRUE,0.0528531569898631,5000,3,10,"C4","none","superpopulation","facec"
138,"tilted_aipw",0.586314329402174,0.014281310816715,-0.0108202258653056,TRUE,0.0559817097055673,5000,3,10,"C4","none","superpopulation","facec"
138,"oracle_dr",0.593125852241957,0.012576171557998,-0.00400870302552248,TRUE,0.0492976866341461,5000,3,10,"C4","none","superpopulation","facec"
139,"one_round_crossfit",0.584564430400655,0.0104421054096785,-0.0125701248668243,TRUE,0.0409323010514815,5000,3,10,"C4","none","superpopulation","facec"
139,"two_round_crossfit",0.585043541444039,0.0105000766639368,-0.0120910138234407,TRUE,0.0411595441924513,5000,3,10,"C4","none","superpopulation","facec"
139,"target_only",0.570028384426968,0.0184792655846477,-0.0271061708405118,TRUE,0.0724373900133197,5000,3,10,"C4","none","superpopulation","facec"
139,"sample_size",0.595233757668156,0.0150891170716316,-0.00190079759932404,TRUE,0.0591482520378128,5000,3,10,"C4","none","superpopulation","facec"
139,"inverse_variance",0.595243859044274,0.0160716533350668,-0.0018906962232057,TRUE,0.0629997234174877,5000,3,10,"C4","none","superpopulation","facec"
139,"federated_dr",0.58375478156806,0.0129282605650424,-0.0133797736994195,TRUE,0.050677850180465,5000,3,10,"C4","none","superpopulation","facec"
139,"pooled_dr",0.580822002405834,0.0133491543087592,-0.0163125528616457,TRUE,0.0523277233384716,5000,3,10,"C4","none","superpopulation","facec"
139,"tilted_aipw",0.564980748713061,0.0153436001415036,-0.0321538065544182,FALSE,0.0601458073410617,5000,3,10,"C4","none","superpopulation","facec"
139,"oracle_dr",0.580547439081825,0.0127066073588451,-0.016587116185655,TRUE,0.0498089855780559,5000,3,10,"C4","none","superpopulation","facec"
140,"one_round_crossfit",0.581000929929884,0.010837358449398,-0.0161336253375959,TRUE,0.0424816644967418,5000,3,10,"C4","none","superpopulation","facec"
140,"two_round_crossfit",0.583068882783954,0.010528675598065,-0.0140656724835259,TRUE,0.0412716499542261,5000,3,10,"C4","none","superpopulation","facec"
140,"target_only",0.563937426737168,0.0181441345520397,-0.0331971285303119,TRUE,0.0711237005052929,5000,3,10,"C4","none","superpopulation","facec"
140,"sample_size",0.600455152306672,0.0184361293382033,0.00332059703919274,TRUE,0.0722682990344012,5000,3,10,"C4","none","superpopulation","facec"
140,"inverse_variance",0.601104310790325,0.0183754551452059,0.00396975552284562,TRUE,0.0720304605682696,5000,3,10,"C4","none","superpopulation","facec"
140,"federated_dr",0.583673981053897,0.0124850193198846,-0.0134605742135825,TRUE,0.0489403764265213,5000,3,10,"C4","none","superpopulation","facec"
140,"pooled_dr",0.580763723183877,0.0128880176708884,-0.016370832083603,TRUE,0.0505201009341141,5000,3,10,"C4","none","superpopulation","facec"
140,"tilted_aipw",0.573528783010045,0.0217752857492425,-0.0236057722574351,TRUE,0.0853575516431673,5000,3,10,"C4","none","superpopulation","facec"
140,"oracle_dr",0.585519588519012,0.0126436272578484,-0.0116149667484673,TRUE,0.0495621081186637,5000,3,10,"C4","none","superpopulation","facec"
141,"one_round_crossfit",0.591043301875521,0.0103336154746924,-0.00609125339195882,TRUE,0.0405070283209656,5000,3,10,"C4","none","superpopulation","facec"
141,"two_round_crossfit",0.590873603858778,0.0103300306113298,-0.00626095140870153,TRUE,0.0404929759148054,5000,3,10,"C4","none","superpopulation","facec"
141,"target_only",0.582365085947157,0.0178649872894366,-0.0147694693203227,TRUE,0.0700294633431231,5000,3,10,"C4","none","superpopulation","facec"
141,"sample_size",0.596017604463512,0.0158540544529832,-0.00111695080396768,TRUE,0.0621467514735676,5000,3,10,"C4","none","superpopulation","facec"
141,"inverse_variance",0.595532746111731,0.016665646314213,-0.00160180915574837,TRUE,0.0653281331098803,5000,3,10,"C4","none","superpopulation","facec"
141,"federated_dr",0.588518482980861,0.0119192310505898,-0.00861607228661843,TRUE,0.046722527165135,5000,3,10,"C4","none","superpopulation","facec"
141,"pooled_dr",0.588216710022942,0.012686479173242,-0.00891784524453731,TRUE,0.0497300845403437,5000,3,10,"C4","none","superpopulation","facec"
141,"tilted_aipw",0.571677128578511,0.0138738140534913,-0.0254574266889686,TRUE,0.0543843517460973,5000,3,10,"C4","none","superpopulation","facec"
141,"oracle_dr",0.595259639753466,0.012692853671117,-0.00187491551401409,TRUE,0.0497550721128526,5000,3,10,"C4","none","superpopulation","facec"
142,"one_round_crossfit",0.584233907228698,0.0104467621822359,-0.0129006480387814,TRUE,0.0409505552644749,5000,3,10,"C4","none","superpopulation","facec"
142,"two_round_crossfit",0.584935947457173,0.0104001487279688,-0.0121986078103065,TRUE,0.0407678338813575,5000,3,10,"C4","none","superpopulation","facec"
142,"target_only",0.592061035839659,0.0181598402573422,-0.00507351942782042,TRUE,0.0711852657387826,5000,3,10,"C4","none","superpopulation","facec"
142,"sample_size",0.591445399244324,0.0138437686005133,-0.00568915602315601,TRUE,0.054266575734625,5000,3,10,"C4","none","superpopulation","facec"
142,"inverse_variance",0.591468014183704,0.0152837976359356,-0.00566654108377573,TRUE,0.0599113858268643,5000,3,10,"C4","none","superpopulation","facec"
142,"federated_dr",0.588868743535805,0.0124013069310984,-0.00826581173167418,TRUE,0.0486122298923597,5000,3,10,"C4","none","superpopulation","facec"
142,"pooled_dr",0.581247360911755,0.0132576134069908,-0.0158871943557251,TRUE,0.0519688895973145,5000,3,10,"C4","none","superpopulation","facec"
142,"tilted_aipw",0.574856548100403,0.0147666327491544,-0.0222780071670767,TRUE,0.0578841367225444,5000,3,10,"C4","none","superpopulation","facec"
142,"oracle_dr",0.585549811547864,0.0126992924696904,-0.0115847437196157,TRUE,0.0497803117394677,5000,3,10,"C4","none","superpopulation","facec"
143,"one_round_crossfit",0.611482724331703,0.0102734868238789,0.0143481690642231,TRUE,0.0402713283408989,5000,3,10,"C4","none","superpopulation","facec"
143,"two_round_crossfit",0.609845835714822,0.010381152801129,0.012711280447342,TRUE,0.0406933712164401,5000,3,10,"C4","none","superpopulation","facec"
143,"target_only",0.612571888992491,0.0183468384560343,0.0154373337250117,TRUE,0.0719182852080034,5000,3,10,"C4","none","superpopulation","facec"
143,"sample_size",0.613501426678363,0.0160219830419705,0.016366871410883,TRUE,0.0628050194463474,5000,3,10,"C4","none","superpopulation","facec"
143,"inverse_variance",0.612814229125326,0.0168542091954457,0.0156796738578465,TRUE,0.0660672860219544,5000,3,10,"C4","none","superpopulation","facec"
143,"federated_dr",0.610122049113977,0.0122267032798333,0.0129874938464973,TRUE,0.0479277961562621,5000,3,10,"C4","none","superpopulation","facec"
143,"pooled_dr",0.61013917501034,0.0126269609947494,0.0130046197428599,TRUE,0.0494967775678017,5000,3,10,"C4","none","superpopulation","facec"
143,"tilted_aipw",0.592570698164114,0.0145730927222856,-0.00456385710336549,TRUE,0.0571254737580851,5000,3,10,"C4","none","superpopulation","facec"
143,"oracle_dr",0.605959108942904,0.0125208256687043,0.0088245536754239,TRUE,0.04908073473473,5000,3,10,"C4","none","superpopulation","facec"
144,"one_round_crossfit",0.596853103335476,0.0105351525356026,-0.000281451932003129,TRUE,0.0412970390828338,5000,3,10,"C4","none","superpopulation","facec"
144,"two_round_crossfit",0.594884651658442,0.0106435457759109,-0.00224990360903776,TRUE,0.0417219327771778,5000,3,10,"C4","none","superpopulation","facec"
144,"target_only",0.588249157644481,0.0180407907680937,-0.008885397622999,TRUE,0.0707186003161726,5000,3,10,"C4","none","superpopulation","facec"
144,"sample_size",0.600906264497926,0.0111453422248105,0.00377170923044623,TRUE,0.0436889387120043,5000,3,10,"C4","none","superpopulation","facec"
144,"inverse_variance",0.601234798314094,0.0136487557459643,0.00410024304661472,TRUE,0.0535021393917485,5000,3,10,"C4","none","superpopulation","facec"
144,"federated_dr",0.597780867138909,0.0124607611788991,0.000646311871429273,TRUE,0.0488452862611941,5000,3,10,"C4","none","superpopulation","facec"
144,"pooled_dr",0.597167022883976,0.0128946693012316,3.24676164963345e-05,TRUE,0.0505461748459366,5000,3,10,"C4","none","superpopulation","facec"
144,"tilted_aipw",0.582237850755741,0.0161344572947255,-0.0148967045117391,TRUE,0.0632459104155232,5000,3,10,"C4","none","superpopulation","facec"
144,"oracle_dr",0.598759807096987,0.0127428916430639,0.00162525182950746,TRUE,0.0499512173586032,5000,3,10,"C4","none","superpopulation","facec"
145,"one_round_crossfit",0.59462123469312,0.0102687603880809,-0.00251332057435927,TRUE,0.0402528010530201,5000,3,10,"C4","none","superpopulation","facec"
145,"two_round_crossfit",0.594877306294189,0.0102390287249061,-0.00225724897329083,TRUE,0.040136255074974,5000,3,10,"C4","none","superpopulation","facec"
145,"target_only",0.584435694026538,0.0187035666167265,-0.0126988612409411,TRUE,0.0733166339024593,5000,3,10,"C4","none","superpopulation","facec"
145,"sample_size",0.605732880633841,0.0107638307834803,0.00859832536636185,TRUE,0.0421934413426097,5000,3,10,"C4","none","superpopulation","facec"
145,"inverse_variance",0.606745695142055,0.0132651722122383,0.00961113987457496,TRUE,0.0519985195694173,5000,3,10,"C4","none","superpopulation","facec"
145,"federated_dr",0.597634669927686,0.0128482080404298,0.00050011466020683,TRUE,0.0503640500502409,5000,3,10,"C4","none","superpopulation","facec"
145,"pooled_dr",0.600801286482848,0.0132324371120929,0.00366673121536809,TRUE,0.0518702003347866,5000,3,10,"C4","none","superpopulation","facec"
145,"tilted_aipw",0.568871135255091,0.0149316726976441,-0.028263420012389,TRUE,0.0585310814326447,5000,3,10,"C4","none","superpopulation","facec"
145,"oracle_dr",0.603233868523879,0.0126877389137633,0.00609931325639967,TRUE,0.0497350226324467,5000,3,10,"C4","none","superpopulation","facec"
146,"one_round_crossfit",0.597444863606174,0.0104552478423814,0.000310308338694831,TRUE,0.0409838184410154,5000,3,10,"C4","none","superpopulation","facec"
146,"two_round_crossfit",0.596934175825465,0.0104966366058961,-0.000200379442014786,TRUE,0.0411460594127222,5000,3,10,"C4","none","superpopulation","facec"
146,"target_only",0.586738030173016,0.0191345142774449,-0.010396525094464,TRUE,0.0750059176909188,5000,3,10,"C4","none","superpopulation","facec"
146,"sample_size",0.603131428731081,0.0186787994922864,0.00599687346360134,TRUE,0.0732195485586529,5000,3,10,"C4","none","superpopulation","facec"
146,"inverse_variance",0.602835069498516,0.018730388954665,0.00570051423103635,TRUE,0.0734217755351405,5000,3,10,"C4","none","superpopulation","facec"
146,"federated_dr",0.599593443046149,0.0127537100410567,0.00245888777866954,TRUE,0.0499936246994761,5000,3,10,"C4","none","superpopulation","facec"
146,"pooled_dr",0.596950261789187,0.0132102736908218,-0.000184293478292297,TRUE,0.0517833213198553,5000,3,10,"C4","none","superpopulation","facec"
146,"tilted_aipw",0.584009596380378,0.0151663236061005,-0.013124958887102,TRUE,0.0594508960916733,5000,3,10,"C4","none","superpopulation","facec"
146,"oracle_dr",0.599045474116487,0.0125264150111719,0.0019109188490074,TRUE,0.0491026445545977,5000,3,10,"C4","none","superpopulation","facec"
147,"one_round_crossfit",0.590544473448076,0.0106728415205307,-0.00659008181940335,TRUE,0.0418367699858877,5000,3,10,"C4","none","superpopulation","facec"
147,"two_round_crossfit",0.591707685025772,0.0107163514776299,-0.00542687024170718,TRUE,0.0420073258836544,5000,3,10,"C4","none","superpopulation","facec"
147,"target_only",0.563683525094324,0.0185303648164888,-0.033451030173156,TRUE,0.0726376953214123,5000,3,10,"C4","none","superpopulation","facec"
147,"sample_size",0.601065623090148,0.0230323710230447,0.0039310678226685,TRUE,0.0902852353674632,5000,3,10,"C4","none","superpopulation","facec"
147,"inverse_variance",0.600775725647363,0.0229340302759497,0.00364117037988376,TRUE,0.0898997467224254,5000,3,10,"C4","none","superpopulation","facec"
147,"federated_dr",0.591164332066284,0.012276178347874,-0.00597022320119556,TRUE,0.0481217348592471,5000,3,10,"C4","none","superpopulation","facec"
147,"pooled_dr",0.592530581740866,0.0127351189476046,-0.00460397352661401,TRUE,0.0499207489522773,5000,3,10,"C4","none","superpopulation","facec"
147,"tilted_aipw",0.579037383065225,0.0149551265253673,-0.0180971722022543,TRUE,0.0586230187479191,5000,3,10,"C4","none","superpopulation","facec"
147,"oracle_dr",0.597145304261184,0.0124631667250432,1.07489937044569e-05,TRUE,0.0488547158288053,5000,3,10,"C4","none","superpopulation","facec"
148,"one_round_crossfit",0.58912601652956,0.0105863021362224,-0.00800853873792007,TRUE,0.0414975418329107,5000,3,10,"C4","none","superpopulation","facec"
148,"two_round_crossfit",0.589242840958781,0.0105346529074916,-0.00789171430869884,TRUE,0.0412950805766272,5000,3,10,"C4","none","superpopulation","facec"
148,"target_only",0.597370273294174,0.0187721344305379,0.000235718026694309,TRUE,0.0735854147935973,5000,3,10,"C4","none","superpopulation","facec"
148,"sample_size",0.60136408967661,0.0140701970273067,0.00422953440913088,TRUE,0.0551541588578075,5000,3,10,"C4","none","superpopulation","facec"
148,"inverse_variance",0.601040303875924,0.0155995553253815,0.0039057486084445,TRUE,0.0611491332251755,5000,3,10,"C4","none","superpopulation","facec"
148,"federated_dr",0.589570057012939,0.0130433896454005,-0.00756449825454031,TRUE,0.051129147882615,5000,3,10,"C4","none","superpopulation","facec"
148,"pooled_dr",0.592322287223331,0.0134191855940971,-0.00481226804414847,TRUE,0.0526022409325779,5000,3,10,"C4","none","superpopulation","facec"
148,"tilted_aipw",0.567826929542813,0.0165332818396516,-0.0293076257246662,TRUE,0.0648092739039348,5000,3,10,"C4","none","superpopulation","facec"
148,"oracle_dr",0.588762044140944,0.0124332501564486,-0.00837251112653581,TRUE,0.0487374450348323,5000,3,10,"C4","none","superpopulation","facec"
149,"one_round_crossfit",0.596654489398129,0.0105479328028629,-0.000480065869350788,TRUE,0.0413471368099199,5000,3,10,"C4","none","superpopulation","facec"
149,"two_round_crossfit",0.595607488088567,0.010527091405975,-0.00152706717891282,TRUE,0.0412654400353445,5000,3,10,"C4","none","superpopulation","facec"
149,"target_only",0.615555441503522,0.0182924195847797,0.0184208862360428,TRUE,0.0717049671525269,5000,3,10,"C4","none","superpopulation","facec"
149,"sample_size",0.605399803772723,0.013042498279705,0.00826524850524313,TRUE,0.0511256537932949,5000,3,10,"C4","none","superpopulation","facec"
149,"inverse_variance",0.605491818606441,0.0147781360146016,0.00835726333896103,TRUE,0.0579292286945068,5000,3,10,"C4","none","superpopulation","facec"
149,"federated_dr",0.59879080590523,0.0130620977564292,0.00165625063775077,TRUE,0.0512024823302855,5000,3,10,"C4","none","superpopulation","facec"
149,"pooled_dr",0.601364538057499,0.0134771131981665,0.00422998279001918,TRUE,0.0528293129679513,5000,3,10,"C4","none","superpopulation","facec"
149,"tilted_aipw",0.563427857162852,0.0159762569831915,-0.0337066981046275,FALSE,0.0626257765896239,5000,3,10,"C4","none","superpopulation","facec"
149,"oracle_dr",0.596109386581902,0.0126800008298597,-0.00102516868557778,TRUE,0.0497046899009259,5000,3,10,"C4","none","superpopulation","facec"
150,"one_round_crossfit",0.589258821196176,0.0104831720111628,-0.00787573407130404,TRUE,0.0410932791712348,5000,3,10,"C4","none","superpopulation","facec"
150,"two_round_crossfit",0.587438403515475,0.0105510354823891,-0.00969615175200411,TRUE,0.0413592990901739,5000,3,10,"C4","none","superpopulation","facec"
150,"target_only",0.578180087397904,0.018500444460498,-0.0189544678695753,TRUE,0.0725204096811194,5000,3,10,"C4","none","superpopulation","facec"
150,"sample_size",0.598869627244659,0.0205523369969617,0.00173507197717915,TRUE,0.0805636806243502,5000,3,10,"C4","none","superpopulation","facec"
150,"inverse_variance",0.597820189730559,0.0204831688793806,0.000685634463079232,TRUE,0.0802925465856754,5000,3,10,"C4","none","superpopulation","facec"
150,"federated_dr",0.592702874102691,0.0123415389025333,-0.00443168116478831,TRUE,0.0483779435255303,5000,3,10,"C4","none","superpopulation","facec"
150,"pooled_dr",0.589676206793536,0.0129705371741229,-0.007458348473944,TRUE,0.0508435714428377,5000,3,10,"C4","none","superpopulation","facec"
150,"tilted_aipw",0.581593126451901,0.0148737506368379,-0.015541428815579,TRUE,0.058304031126464,5000,3,10,"C4","none","superpopulation","facec"
150,"oracle_dr",0.590557927374855,0.0126855385729886,-0.0065766278926247,TRUE,0.0497263974551025,5000,3,10,"C4","none","superpopulation","facec"
151,"one_round_crossfit",0.611634598871141,0.0104773769253475,0.0145000436036616,TRUE,0.0410705628522643,5000,3,10,"C4","none","superpopulation","facec"
151,"two_round_crossfit",0.612560377836269,0.0104559392032125,0.0154258225687892,TRUE,0.0409865285256739,5000,3,10,"C4","none","superpopulation","facec"
151,"target_only",0.629550847081238,0.0178212923165687,0.0324162918137584,TRUE,0.0698581821968702,5000,3,10,"C4","none","superpopulation","facec"
151,"sample_size",0.610088354764265,0.0167547586927981,0.0129537994967855,TRUE,0.0656774472150874,5000,3,10,"C4","none","superpopulation","facec"
151,"inverse_variance",0.608575841726686,0.0174526167904506,0.0114412864592063,TRUE,0.0684130006905244,5000,3,10,"C4","none","superpopulation","facec"
151,"federated_dr",0.613863556360613,0.0128557855177712,0.0167290010931338,TRUE,0.0503937532156062,5000,3,10,"C4","none","superpopulation","facec"
151,"pooled_dr",0.61424291106964,0.0137951144378628,0.0171083558021609,TRUE,0.0540758549216391,5000,3,10,"C4","none","superpopulation","facec"
151,"tilted_aipw",0.592066441755051,0.0156782103690088,-0.00506811351242908,TRUE,0.0614574553305993,5000,3,10,"C4","none","superpopulation","facec"
151,"oracle_dr",0.605369547095114,0.0123183159591752,0.0082349918276341,TRUE,0.0482869112603368,5000,3,10,"C4","none","superpopulation","facec"
152,"one_round_crossfit",0.612108764053304,0.010625193371579,0.0149742087858247,TRUE,0.0416499926741372,5000,3,10,"C4","none","superpopulation","facec"
152,"two_round_crossfit",0.611858124653942,0.0106398286866717,0.0147235693864619,TRUE,0.0417073620551054,5000,3,10,"C4","none","superpopulation","facec"
152,"target_only",0.600812915226,0.0187024736238217,0.00367835995852073,TRUE,0.0733123494490018,5000,3,10,"C4","none","superpopulation","facec"
152,"sample_size",0.621110793031135,0.00953654042470852,0.0239762377636558,FALSE,0.037382551539078,5000,3,10,"C4","none","superpopulation","facec"
152,"inverse_variance",0.621529052517207,0.0115510152473332,0.0243944972497276,FALSE,0.045279147739292,5000,3,10,"C4","none","superpopulation","facec"
152,"federated_dr",0.61211605369805,0.0128385299657126,0.0149814984305706,TRUE,0.0503261126944701,5000,3,10,"C4","none","superpopulation","facec"
152,"pooled_dr",0.614505054151118,0.0133261461657788,0.0173704988836383,TRUE,0.052237533075286,5000,3,10,"C4","none","superpopulation","facec"
152,"tilted_aipw",0.59304938652663,0.0147144211172862,-0.00408516874084985,TRUE,0.0576794708864732,5000,3,10,"C4","none","superpopulation","facec"
152,"oracle_dr",0.611083175914635,0.0126518493841548,0.0139486206471557,TRUE,0.0495943382615374,5000,3,10,"C4","none","superpopulation","facec"
153,"one_round_crossfit",0.612450105712121,0.010454208870978,0.0153155504446414,TRUE,0.0409797457479519,5000,3,10,"C4","none","superpopulation","facec"
153,"two_round_crossfit",0.612781119649064,0.0104141988031519,0.0156465643815846,TRUE,0.0408229091640355,5000,3,10,"C4","none","superpopulation","facec"
153,"target_only",0.601722050116592,0.0181370603535142,0.00458749484911192,TRUE,0.071095970156634,5000,3,10,"C4","none","superpopulation","facec"
153,"sample_size",0.614812243074848,0.0221259480083869,0.0176776878073686,TRUE,0.086732122440488,5000,3,10,"C4","none","superpopulation","facec"
153,"inverse_variance",0.613331370295144,0.0220433572559497,0.0161968150276643,TRUE,0.0864083726400222,5000,3,10,"C4","none","superpopulation","facec"
153,"federated_dr",0.613966464561462,0.012297803817732,0.016831909293982,TRUE,0.048206505143388,5000,3,10,"C4","none","superpopulation","facec"
153,"pooled_dr",0.612277851684386,0.0127426879353511,0.015143296416906,TRUE,0.0499504188390423,5000,3,10,"C4","none","superpopulation","facec"
153,"tilted_aipw",0.604143526683193,0.0154850758206339,0.00700897141571377,TRUE,0.060700381812629,5000,3,10,"C4","none","superpopulation","facec"
153,"oracle_dr",0.602865017087009,0.0125541659373702,0.00573046181952908,TRUE,0.0492114261863703,5000,3,10,"C4","none","superpopulation","facec"
154,"one_round_crossfit",0.599760773170035,0.0103593847140154,0.00262621790255579,TRUE,0.0406080418829298,5000,3,10,"C4","none","superpopulation","facec"
154,"two_round_crossfit",0.600739210791789,0.010302304168779,0.00360465552430933,TRUE,0.0403842902571676,5000,3,10,"C4","none","superpopulation","facec"
154,"target_only",0.591696784380412,0.018199005845247,-0.00543777088706776,TRUE,0.0713387920222361,5000,3,10,"C4","none","superpopulation","facec"
154,"sample_size",0.614004971304592,0.0121299660186746,0.0168704160371123,TRUE,0.0475485930605939,5000,3,10,"C4","none","superpopulation","facec"
154,"inverse_variance",0.614128989627206,0.0142416691452338,0.0169944343597264,TRUE,0.0558263172087872,5000,3,10,"C4","none","superpopulation","facec"
154,"federated_dr",0.600308400966109,0.0129151498109183,0.00317384569862988,TRUE,0.0506264569686783,5000,3,10,"C4","none","superpopulation","facec"
154,"pooled_dr",0.599949422029606,0.0132916971454247,0.0028148667621265,TRUE,0.0521024953968925,5000,3,10,"C4","none","superpopulation","facec"
154,"tilted_aipw",0.58729258458323,0.015711843675745,-0.00984197068424986,TRUE,0.061589295470367,5000,3,10,"C4","none","superpopulation","facec"
154,"oracle_dr",0.600356146413004,0.0125335066838852,0.00322159114552445,TRUE,0.0491304434008142,5000,3,10,"C4","none","superpopulation","facec"
155,"one_round_crossfit",0.61026930013278,0.010371364066993,0.0131347448653004,TRUE,0.0406550000837185,5000,3,10,"C4","none","superpopulation","facec"
155,"two_round_crossfit",0.608911365022372,0.0103240194054332,0.011776809754892,TRUE,0.0404694124206835,5000,3,10,"C4","none","superpopulation","facec"
155,"target_only",0.632481558310497,0.0181375026051051,0.0353470030430173,TRUE,0.0710977037510145,5000,3,10,"C4","none","superpopulation","facec"
155,"sample_size",0.617140141316705,0.0137276248499401,0.0200055860492254,TRUE,0.0538113005983194,5000,3,10,"C4","none","superpopulation","facec"
155,"inverse_variance",0.61629311225243,0.0152101922636749,0.0191585569849502,TRUE,0.0596228580694651,5000,3,10,"C4","none","superpopulation","facec"
155,"federated_dr",0.613214875971098,0.012557520908979,0.0160803207036181,TRUE,0.049224577433415,5000,3,10,"C4","none","superpopulation","facec"
155,"pooled_dr",0.615221278792498,0.0133968569611239,0.0180867235250185,TRUE,0.0525147142996749,5000,3,10,"C4","none","superpopulation","facec"
155,"tilted_aipw",0.601334108633989,0.0146464191505163,0.00419955336650968,TRUE,0.0574129080749792,5000,3,10,"C4","none","superpopulation","facec"
155,"oracle_dr",0.605012734380443,0.0120934325793593,0.00787817911296373,TRUE,0.0474053846100153,5000,3,10,"C4","none","superpopulation","facec"
156,"one_round_crossfit",0.613747131146133,0.010422822727606,0.0166125758786531,TRUE,0.0408567143267067,5000,3,10,"C4","none","superpopulation","facec"
156,"two_round_crossfit",0.612677813564394,0.0105582596643354,0.0155432582969144,TRUE,0.0413876173630388,5000,3,10,"C4","none","superpopulation","facec"
156,"target_only",0.619337663327053,0.018352045895021,0.0222031080595733,TRUE,0.0719386979937346,5000,3,10,"C4","none","superpopulation","facec"
156,"sample_size",0.625591233474581,0.0151269675123951,0.0284566782071016,TRUE,0.0592966230392038,5000,3,10,"C4","none","superpopulation","facec"
156,"inverse_variance",0.624948974180372,0.0162127384507493,0.0278144189128922,TRUE,0.0635527669084728,5000,3,10,"C4","none","superpopulation","facec"
156,"federated_dr",0.616449737868229,0.0122849102451654,0.0193151826007489,TRUE,0.0481559632676627,5000,3,10,"C4","none","superpopulation","facec"
156,"pooled_dr",0.611518635179999,0.0121022651401936,0.0143840799125194,TRUE,0.0474400076122679,5000,3,10,"C4","none","superpopulation","facec"
156,"tilted_aipw",0.615448912967963,0.0190120907065582,0.0183143577004837,TRUE,0.0745260261113254,5000,3,10,"C4","none","superpopulation","facec"
156,"oracle_dr",0.60030108005544,0.0126169816325835,0.00316652478796087,TRUE,0.0494576591869342,5000,3,10,"C4","none","superpopulation","facec"
157,"one_round_crossfit",0.605946169880655,0.0105365300547728,0.00881161461317514,TRUE,0.0413024388587568,5000,3,10,"C4","none","superpopulation","facec"
157,"two_round_crossfit",0.602887310021499,0.0106419877784899,0.00575275475401926,TRUE,0.0417158255395114,5000,3,10,"C4","none","superpopulation","facec"
157,"target_only",0.58348118129988,0.0184838315699078,-0.0136533739675994,TRUE,0.0724552883466474,5000,3,10,"C4","none","superpopulation","facec"
157,"sample_size",0.614817312872532,0.0216315160256661,0.0176827576050522,TRUE,0.0847939846826129,5000,3,10,"C4","none","superpopulation","facec"
157,"inverse_variance",0.614217031706601,0.0215470699573272,0.0170824764391218,TRUE,0.0844629621774526,5000,3,10,"C4","none","superpopulation","facec"
157,"federated_dr",0.609553044555264,0.0125919225444732,0.0124184892877844,TRUE,0.0493594293665709,5000,3,10,"C4","none","superpopulation","facec"
157,"pooled_dr",0.607475513458872,0.0134006401918445,0.0103409581913921,TRUE,0.0525295442915901,5000,3,10,"C4","none","superpopulation","facec"
157,"tilted_aipw",0.580337394964521,0.0156662502170273,-0.0167971603029584,TRUE,0.0614105723963325,5000,3,10,"C4","none","superpopulation","facec"
157,"oracle_dr",0.609475958552427,0.0124875066880557,0.0123414032849475,TRUE,0.0489501267305845,5000,3,10,"C4","none","superpopulation","facec"
158,"one_round_crossfit",0.594260335532124,0.0105476072586126,-0.00287421973535529,TRUE,0.041345860699908,5000,3,10,"C4","none","superpopulation","facec"
158,"two_round_crossfit",0.593304710339512,0.0105396320276295,-0.00382984492796712,TRUE,0.0413145983689174,5000,3,10,"C4","none","superpopulation","facec"
158,"target_only",0.601419737265504,0.0182165270267843,0.00428518199802408,TRUE,0.0714074737917956,5000,3,10,"C4","none","superpopulation","facec"
158,"sample_size",0.602435526639034,0.0256395479225381,0.00530097137155394,TRUE,0.100505181016127,5000,3,10,"C4","none","superpopulation","facec"
158,"inverse_variance",0.599791587773546,0.0255195903958668,0.00265703250606619,TRUE,0.100034956152226,5000,3,10,"C4","none","superpopulation","facec"
158,"federated_dr",0.596710380998425,0.0126601082007167,-0.000424174269054944,TRUE,0.0496267122275698,5000,3,10,"C4","none","superpopulation","facec"
158,"pooled_dr",0.597946236519914,0.0132634781093427,0.00081168125243436,TRUE,0.0519918788080942,5000,3,10,"C4","none","superpopulation","facec"
158,"tilted_aipw",0.575210395724931,0.0153457343402721,-0.0219241595425483,TRUE,0.0601541732465058,5000,3,10,"C4","none","superpopulation","facec"
158,"oracle_dr",0.597389792382676,0.0126332817669234,0.000255237115196261,TRUE,0.0495215545394327,5000,3,10,"C4","none","superpopulation","facec"
159,"one_round_crossfit",0.596935107044324,0.0106590259263487,-0.000199448223155985,TRUE,0.0417826138518442,5000,3,10,"C4","none","superpopulation","facec"
159,"two_round_crossfit",0.598189228347943,0.0105363886210647,0.00105467308046348,TRUE,0.0413018844488091,5000,3,10,"C4","none","superpopulation","facec"
159,"target_only",0.595450254925892,0.0183822054012627,-0.00168430034158784,TRUE,0.0720569210857849,5000,3,10,"C4","none","superpopulation","facec"
159,"sample_size",0.604643837958547,0.0184769277073838,0.00750928269106721,TRUE,0.0724282257028448,5000,3,10,"C4","none","superpopulation","facec"
159,"inverse_variance",0.604202158833448,0.0188475231253033,0.00706760356596836,TRUE,0.0738809330467605,5000,3,10,"C4","none","superpopulation","facec"
159,"federated_dr",0.59753725806954,0.0124841839701419,0.000402702802060007,TRUE,0.048937101915701,5000,3,10,"C4","none","superpopulation","facec"
159,"pooled_dr",0.599461780194286,0.0129730398719707,0.00232722492680648,TRUE,0.0508533818381294,5000,3,10,"C4","none","superpopulation","facec"
159,"tilted_aipw",0.578997322122875,0.0163198077084508,-0.018137233144605,TRUE,0.0639724706863654,5000,3,10,"C4","none","superpopulation","facec"
159,"oracle_dr",0.60288456422637,0.0123780121577379,0.00575000895889022,TRUE,0.0485209160587305,5000,3,10,"C4","none","superpopulation","facec"
160,"one_round_crossfit",0.5830828100385,0.0105282082037516,-0.0140517452289793,TRUE,0.0412698178021846,5000,3,10,"C4","none","superpopulation","facec"
160,"two_round_crossfit",0.582922678783142,0.0105446219874428,-0.014211876484338,TRUE,0.0413341586519542,5000,3,10,"C4","none","superpopulation","facec"
160,"target_only",0.567646376540178,0.0183052559038789,-0.0294881787273018,TRUE,0.0717552845987837,5000,3,10,"C4","none","superpopulation","facec"
160,"sample_size",0.595105173104073,0.0136527358906174,-0.00202938216340631,TRUE,0.0535177412720949,5000,3,10,"C4","none","superpopulation","facec"
160,"inverse_variance",0.595182995068647,0.0152420190841056,-0.00195156019883247,TRUE,0.0597476169130382,5000,3,10,"C4","none","superpopulation","facec"
160,"federated_dr",0.58725680151045,0.0125664028480472,-0.00987775375702948,TRUE,0.0492593939947881,5000,3,10,"C4","none","superpopulation","facec"
160,"pooled_dr",0.587511290489299,0.0128994850479507,-0.00962326477818021,TRUE,0.0505650522261927,5000,3,10,"C4","none","superpopulation","facec"
160,"tilted_aipw",0.569829515338042,0.0173160848739326,-0.0273050399294371,TRUE,0.0678778054122935,5000,3,10,"C4","none","superpopulation","facec"
160,"oracle_dr",0.595470920057144,0.0127630168289672,-0.00166363521033519,TRUE,0.0500301066377085,5000,3,10,"C4","none","superpopulation","facec"
161,"one_round_crossfit",0.606555541822646,0.0103350766066988,0.0094209865551661,TRUE,0.0405127558531841,5000,3,10,"C4","none","superpopulation","facec"
161,"two_round_crossfit",0.604529437357173,0.0104263357115585,0.00739488208969352,TRUE,0.0408704849707568,5000,3,10,"C4","none","superpopulation","facec"
161,"target_only",0.59141025149133,0.017994400431119,-0.00572430377614952,TRUE,0.0705367535367705,5000,3,10,"C4","none","superpopulation","facec"
161,"sample_size",0.608850712426075,0.0234790015672603,0.0117161571585955,TRUE,0.0920359949295793,5000,3,10,"C4","none","superpopulation","facec"
161,"inverse_variance",0.607180935003904,0.0233675376052535,0.0100463797364249,TRUE,0.0915990642273643,5000,3,10,"C4","none","superpopulation","facec"
161,"federated_dr",0.604114855950449,0.0123286432696439,0.00698030068296895,TRUE,0.0483273935734885,5000,3,10,"C4","none","superpopulation","facec"
161,"pooled_dr",0.605011080439018,0.012797705300643,0.00787652517153825,TRUE,0.050166082948035,5000,3,10,"C4","none","superpopulation","facec"
161,"tilted_aipw",0.588437350167494,0.0186500888944538,-0.00869720509998517,TRUE,0.0731070050831997,5000,3,10,"C4","none","superpopulation","facec"
161,"oracle_dr",0.607414869078235,0.0123497533731151,0.0102803138107551,TRUE,0.0484101436585154,5000,3,10,"C4","none","superpopulation","facec"
162,"one_round_crossfit",0.586463988685813,0.0106159072153641,-0.010670566581667,TRUE,0.041613591610665,5000,3,10,"C4","none","superpopulation","facec"
162,"two_round_crossfit",0.585920654890762,0.010468046648297,-0.0112139003767173,TRUE,0.0410339888382945,5000,3,10,"C4","none","superpopulation","facec"
162,"target_only",0.613950215232608,0.0178976770346206,0.0168156599651282,TRUE,0.0701576047895722,5000,3,10,"C4","none","superpopulation","facec"
162,"sample_size",0.592249514849363,0.0126980078075964,-0.0048850404181171,TRUE,0.0497752759565948,5000,3,10,"C4","none","superpopulation","facec"
162,"inverse_variance",0.592167429181284,0.0146261502561511,-0.00496712608619532,TRUE,0.0573334554690548,5000,3,10,"C4","none","superpopulation","facec"
162,"federated_dr",0.589318140248652,0.0130383834738284,-0.0078164150188279,TRUE,0.0511095240506518,5000,3,10,"C4","none","superpopulation","facec"
162,"pooled_dr",0.593351679524133,0.0139137452346249,-0.00378287574334613,TRUE,0.0545408790998614,5000,3,10,"C4","none","superpopulation","facec"
162,"tilted_aipw",0.564012438171617,0.0158967839831268,-0.0331221170958627,FALSE,0.0623142481538836,5000,3,10,"C4","none","superpopulation","facec"
162,"oracle_dr",0.593604777998598,0.0124460740657146,-0.00352977726888148,TRUE,0.0487877138354373,5000,3,10,"C4","none","superpopulation","facec"
163,"one_round_crossfit",0.615072482590575,0.0105035111231443,0.0179379273230957,TRUE,0.0411730070251572,5000,3,10,"C4","none","superpopulation","facec"
163,"two_round_crossfit",0.615546081476808,0.0104769272681745,0.0184115262093287,TRUE,0.0410688002285351,5000,3,10,"C4","none","superpopulation","facec"
163,"target_only",0.618039202654785,0.0174540247100222,0.0209046473873054,TRUE,0.0684185196338314,5000,3,10,"C4","none","superpopulation","facec"
163,"sample_size",0.62353242290622,0.0129573635364261,0.0263978676387403,FALSE,0.0507919317319756,5000,3,10,"C4","none","superpopulation","facec"
163,"inverse_variance",0.623417861465459,0.014661511271675,0.0262833061979791,TRUE,0.0574720681028222,5000,3,10,"C4","none","superpopulation","facec"
163,"federated_dr",0.617251056171732,0.0123171778772936,0.0201165009042524,TRUE,0.0482824500613379,5000,3,10,"C4","none","superpopulation","facec"
163,"pooled_dr",0.61344006894182,0.0134606700000949,0.0163055136743406,TRUE,0.0527648568159294,5000,3,10,"C4","none","superpopulation","facec"
163,"tilted_aipw",0.602894705675131,0.0147581330377617,0.00576015040765121,TRUE,0.0578508184661275,5000,3,10,"C4","none","superpopulation","facec"
163,"oracle_dr",0.605136147772067,0.0125348026061695,0.00800159250458732,TRUE,0.0491355233228221,5000,3,10,"C4","none","superpopulation","facec"
164,"one_round_crossfit",0.593269375019977,0.0104029659499743,-0.0038651802475026,TRUE,0.0407788771886921,5000,3,10,"C4","none","superpopulation","facec"
164,"two_round_crossfit",0.593076537489386,0.0104125605840096,-0.00405801777809334,TRUE,0.0408164874630004,5000,3,10,"C4","none","superpopulation","facec"
164,"target_only",0.600730557699395,0.017832910452996,0.00359600243191571,TRUE,0.0699037244548002,5000,3,10,"C4","none","superpopulation","facec"
164,"sample_size",0.597844631973685,0.00955987094676926,0.000710076706204932,TRUE,0.0374740055050371,5000,3,10,"C4","none","superpopulation","facec"
164,"inverse_variance",0.59836894715441,0.0107929988657232,0.0012343918869302,TRUE,0.0423077781239984,5000,3,10,"C4","none","superpopulation","facec"
164,"federated_dr",0.593959660654859,0.0123554481729663,-0.00317489461262066,TRUE,0.0484324668637304,5000,3,10,"C4","none","superpopulation","facec"
164,"pooled_dr",0.593072214798162,0.0129889558458411,-0.00406234046931797,TRUE,0.0509157713092592,5000,3,10,"C4","none","superpopulation","facec"
164,"tilted_aipw",0.574771693182599,0.0145060083065458,-0.022362862084881,TRUE,0.0568625076805371,5000,3,10,"C4","none","superpopulation","facec"
164,"oracle_dr",0.596273439191401,0.0126279856459607,-0.000861116076078972,TRUE,0.0495007941267436,5000,3,10,"C4","none","superpopulation","facec"
165,"one_round_crossfit",0.603375352511192,0.0104185703355948,0.00624079724371274,TRUE,0.0408400452563265,5000,3,10,"C4","none","superpopulation","facec"
165,"two_round_crossfit",0.603315369393811,0.0104228607373056,0.00618081412633131,TRUE,0.0408568633219912,5000,3,10,"C4","none","superpopulation","facec"
165,"target_only",0.606350757026195,0.0176518175889304,0.00921620175871507,TRUE,0.0691938534719487,5000,3,10,"C4","none","superpopulation","facec"
165,"sample_size",0.610551294235018,0.0145461195307534,0.0134167389675384,TRUE,0.0570197407901827,5000,3,10,"C4","none","superpopulation","facec"
165,"inverse_variance",0.610198529456912,0.0157521375482427,0.0130639741894327,TRUE,0.0617472445481535,5000,3,10,"C4","none","superpopulation","facec"
165,"federated_dr",0.606171642821503,0.0124470985275798,0.00903708755402299,TRUE,0.0487917296521558,5000,3,10,"C4","none","superpopulation","facec"
165,"pooled_dr",0.601860977023442,0.0134415477550803,0.00472642175596272,TRUE,0.0526898989928652,5000,3,10,"C4","none","superpopulation","facec"
165,"tilted_aipw",0.590572585694964,0.015047302155477,-0.00656196957251565,TRUE,0.0589843405784536,5000,3,10,"C4","none","superpopulation","facec"
165,"oracle_dr",0.597083655690182,0.0124706580264346,-5.08995772978693e-05,TRUE,0.0488840811906543,5000,3,10,"C4","none","superpopulation","facec"
166,"one_round_crossfit",0.603857867930771,0.0105510396066877,0.00672331266329096,TRUE,0.0413593152571272,5000,3,10,"C4","none","superpopulation","facec"
166,"two_round_crossfit",0.608834227754344,0.0103152744867988,0.0116996724868643,TRUE,0.0404351329695409,5000,3,10,"C4","none","superpopulation","facec"
166,"target_only",0.608775099625948,0.0185517968831311,0.0116405443584687,TRUE,0.0727217074788788,5000,3,10,"C4","none","superpopulation","facec"
166,"sample_size",0.609095008582219,0.0115571120578096,0.0119604533147396,TRUE,0.0453030467972009,5000,3,10,"C4","none","superpopulation","facec"
166,"inverse_variance",0.609250504470289,0.0140590977428434,0.012115949202809,TRUE,0.0551106504622028,5000,3,10,"C4","none","superpopulation","facec"
166,"federated_dr",0.608175448297212,0.0124029787793136,0.0110408930297328,TRUE,0.0486187834169385,5000,3,10,"C4","none","superpopulation","facec"
166,"pooled_dr",0.607837664226326,0.01285707831206,0.0107031089588467,TRUE,0.0503988208760975,5000,3,10,"C4","none","superpopulation","facec"
166,"tilted_aipw",0.595899140646893,0.0156292363734907,-0.00123541462058685,TRUE,0.0612654807958104,5000,3,10,"C4","none","superpopulation","facec"
166,"oracle_dr",0.602693207834441,0.0125478591137852,0.00555865256696131,TRUE,0.0491867038922034,5000,3,10,"C4","none","superpopulation","facec"
167,"one_round_crossfit",0.602845959426511,0.0105179348830132,0.00571140415903171,TRUE,0.0412295471248869,5000,3,10,"C4","none","superpopulation","facec"
167,"two_round_crossfit",0.602320937303195,0.0106304338152143,0.00518638203571542,TRUE,0.0416705348357134,5000,3,10,"C4","none","superpopulation","facec"
167,"target_only",0.60463492917233,0.017647800649156,0.00750037390485003,TRUE,0.0691781073573765,5000,3,10,"C4","none","superpopulation","facec"
167,"sample_size",0.613561980725652,0.0172780917497312,0.0164274254581728,TRUE,0.0677288751021035,5000,3,10,"C4","none","superpopulation","facec"
167,"inverse_variance",0.612905084488613,0.0177748495917912,0.0157705292211332,TRUE,0.0696761300610544,5000,3,10,"C4","none","superpopulation","facec"
167,"federated_dr",0.602942227157124,0.0125020984813089,0.00580767188964404,TRUE,0.0490073255090766,5000,3,10,"C4","none","superpopulation","facec"
167,"pooled_dr",0.599486070403961,0.0129945989086225,0.00235151513648157,TRUE,0.0509378917088872,5000,3,10,"C4","none","superpopulation","facec"
167,"tilted_aipw",0.60045282686328,0.0167539008067294,0.00331827159580056,TRUE,0.0656740843634924,5000,3,10,"C4","none","superpopulation","facec"
167,"oracle_dr",0.591094602122121,0.0125219370717456,-0.00603995314535877,TRUE,0.0490850913545966,5000,3,10,"C4","none","superpopulation","facec"
168,"one_round_crossfit",0.585842210033061,0.010707757859792,-0.0112923452344188,TRUE,0.0419736395207362,5000,3,10,"C4","none","superpopulation","facec"
168,"two_round_crossfit",0.585853145395614,0.0106071520264359,-0.011281409871866,TRUE,0.0415792719007109,5000,3,10,"C4","none","superpopulation","facec"
168,"target_only",0.59032545136678,0.0183445166638799,-0.0068091039007,TRUE,0.071909183949999,5000,3,10,"C4","none","superpopulation","facec"
168,"sample_size",0.600980893177609,0.0212956124629535,0.00384633791012956,TRUE,0.0834772669122223,5000,3,10,"C4","none","superpopulation","facec"
168,"inverse_variance",0.600058100374248,0.0211798808683925,0.00292354510676862,TRUE,0.0830236073977966,5000,3,10,"C4","none","superpopulation","facec"
168,"federated_dr",0.588822477626775,0.0128185871411972,-0.00831207764070496,TRUE,0.0502479382588694,5000,3,10,"C4","none","superpopulation","facec"
168,"pooled_dr",0.586667069242953,0.0138320013129926,-0.0104674860245263,TRUE,0.0542204488151525,5000,3,10,"C4","none","superpopulation","facec"
168,"tilted_aipw",0.567266901151437,0.0161424604171762,-0.0298676541160424,TRUE,0.0632772820790577,5000,3,10,"C4","none","superpopulation","facec"
168,"oracle_dr",0.584129425106841,0.0122685956950033,-0.0130051301606391,TRUE,0.0480920114061794,5000,3,10,"C4","none","superpopulation","facec"
169,"one_round_crossfit",0.60789739567355,0.0103146722524405,0.0107628404060708,TRUE,0.0404327722542361,5000,3,10,"C4","none","superpopulation","facec"
169,"two_round_crossfit",0.607915839405166,0.0103514057183108,0.0107812841376861,TRUE,0.0405767647945026,5000,3,10,"C4","none","superpopulation","facec"
169,"target_only",0.597955554009579,0.0186964042109533,0.000820998742099399,TRUE,0.0732885577877429,5000,3,10,"C4","none","superpopulation","facec"
169,"sample_size",0.607508810231893,0.0135846281372698,0.0103742549644131,TRUE,0.0532507637848363,5000,3,10,"C4","none","superpopulation","facec"
169,"inverse_variance",0.606970429403276,0.0152777475145789,0.00983587413579634,TRUE,0.0598876697869419,5000,3,10,"C4","none","superpopulation","facec"
169,"federated_dr",0.607392639889105,0.0123157056160328,0.0102580846216257,TRUE,0.0482766789032441,5000,3,10,"C4","none","superpopulation","facec"
169,"pooled_dr",0.605167232023447,0.0128148780204509,0.00803267675596742,TRUE,0.0502333987727155,5000,3,10,"C4","none","superpopulation","facec"
169,"tilted_aipw",0.596711930997907,0.0145215507920801,-0.000422624269572958,TRUE,0.056923433104292,5000,3,10,"C4","none","superpopulation","facec"
169,"oracle_dr",0.602034938038574,0.0125484873022879,0.00490038277109428,TRUE,0.0491891663458848,5000,3,10,"C4","none","superpopulation","facec"
170,"one_round_crossfit",0.612049844099837,0.0102237313312248,0.014915288832357,TRUE,0.0400762903936287,5000,3,10,"C4","none","superpopulation","facec"
170,"two_round_crossfit",0.612148466787224,0.0102741492287306,0.0150139115197442,TRUE,0.0402739249202038,5000,3,10,"C4","none","superpopulation","facec"
170,"target_only",0.597184697878383,0.0188645009309673,5.01426109031922e-05,TRUE,0.0739474848220365,5000,3,10,"C4","none","superpopulation","facec"
170,"sample_size",0.616319719421582,0.0142087408965204,0.019185164154102,TRUE,0.0556972408456826,5000,3,10,"C4","none","superpopulation","facec"
170,"inverse_variance",0.617016309190834,0.0156044228615344,0.019881753923354,TRUE,0.0611682136162817,5000,3,10,"C4","none","superpopulation","facec"
170,"federated_dr",0.615582780069721,0.0122832695444903,0.0184482248022411,TRUE,0.0481495318391973,5000,3,10,"C4","none","superpopulation","facec"
170,"pooled_dr",0.614346941641135,0.0126869209174132,0.0172123863736554,TRUE,0.0497318161456755,5000,3,10,"C4","none","superpopulation","facec"
170,"tilted_aipw",0.598648013676624,0.0144432016532892,0.0015134584091443,TRUE,0.0566163101237924,5000,3,10,"C4","none","superpopulation","facec"
170,"oracle_dr",0.609809073642941,0.0126530802547923,0.0126745183754615,TRUE,0.0495991631857757,5000,3,10,"C4","none","superpopulation","facec"
171,"one_round_crossfit",0.564589701305612,0.010395913450853,-0.0325448539618676,FALSE,0.0407512319001349,5000,3,10,"C4","none","superpopulation","facec"
171,"two_round_crossfit",0.564236756265752,0.0105637212801414,-0.0328977990017278,FALSE,0.0414090265035931,5000,3,10,"C4","none","superpopulation","facec"
171,"target_only",0.574801989763774,0.0185371321486328,-0.0223325655037059,TRUE,0.0726642227759597,5000,3,10,"C4","none","superpopulation","facec"
171,"sample_size",0.574967207245165,0.0139165198560984,-0.0221673480223146,TRUE,0.0545517554161787,5000,3,10,"C4","none","superpopulation","facec"
171,"inverse_variance",0.574273040924472,0.015420195231784,-0.0228615143430078,TRUE,0.0604460545777461,5000,3,10,"C4","none","superpopulation","facec"
171,"federated_dr",0.566290452929982,0.0125471885846887,-0.0308441023374977,FALSE,0.0491840754664437,5000,3,10,"C4","none","superpopulation","facec"
171,"pooled_dr",0.568398646122657,0.0131267764434252,-0.0287359091448225,FALSE,0.0514560181244443,5000,3,10,"C4","none","superpopulation","facec"
171,"tilted_aipw",0.541686401478977,0.0148853959034397,-0.0554481537885023,FALSE,0.0583496797327236,5000,3,10,"C4","none","superpopulation","facec"
171,"oracle_dr",0.573042721636112,0.0125589621513017,-0.0240918336313676,TRUE,0.049230226999506,5000,3,10,"C4","none","superpopulation","facec"
172,"one_round_crossfit",0.608714078922465,0.0103576849727548,0.0115795236549858,TRUE,0.0406013790196225,5000,3,10,"C4","none","superpopulation","facec"
172,"two_round_crossfit",0.608653115067243,0.0103677790579892,0.0115185597997635,TRUE,0.0406409471066549,5000,3,10,"C4","none","superpopulation","facec"
172,"target_only",0.626096090158756,0.0183185575209011,0.0289615348912762,TRUE,0.0718074259793828,5000,3,10,"C4","none","superpopulation","facec"
172,"sample_size",0.611450234322699,0.0096585650060731,0.0143156790552198,TRUE,0.0378608791084842,5000,3,10,"C4","none","superpopulation","facec"
172,"inverse_variance",0.611476515069044,0.0116541540111233,0.0143419598015641,TRUE,0.0456834442641696,5000,3,10,"C4","none","superpopulation","facec"
172,"federated_dr",0.611930288685069,0.0127205102898034,0.0147957334175891,TRUE,0.0498634840659717,5000,3,10,"C4","none","superpopulation","facec"
172,"pooled_dr",0.614247405300487,0.01313629234915,0.0171128500330079,TRUE,0.051493319789446,5000,3,10,"C4","none","superpopulation","facec"
172,"tilted_aipw",0.593825084901915,0.0146531230979226,-0.00330947036556462,TRUE,0.0574391870659203,5000,3,10,"C4","none","superpopulation","facec"
172,"oracle_dr",0.607902356023473,0.0124023591934609,0.0107678007559933,TRUE,0.0486163546850251,5000,3,10,"C4","none","superpopulation","facec"
173,"one_round_crossfit",0.601401549930899,0.0106426997374408,0.00426699466341929,TRUE,0.0417186163673158,5000,3,10,"C4","none","superpopulation","facec"
173,"two_round_crossfit",0.603249151038732,0.0106444217589678,0.00611459577125251,TRUE,0.0417253665676627,5000,3,10,"C4","none","superpopulation","facec"
173,"target_only",0.627416774537117,0.0184704554808407,0.0302822192696373,TRUE,0.0724028550409965,5000,3,10,"C4","none","superpopulation","facec"
173,"sample_size",0.608390981165486,0.0217434964244167,0.0112564258980064,TRUE,0.0852329397796643,5000,3,10,"C4","none","superpopulation","facec"
173,"inverse_variance",0.606157810140679,0.021702907585577,0.00902325487319899,TRUE,0.0850738344550643,5000,3,10,"C4","none","superpopulation","facec"
173,"federated_dr",0.602907038599548,0.0128073677017273,0.00577248333206881,TRUE,0.0502039588642942,5000,3,10,"C4","none","superpopulation","facec"
173,"pooled_dr",0.605620844581915,0.0130258070536743,0.00848628931443574,TRUE,0.0510602253895389,5000,3,10,"C4","none","superpopulation","facec"
173,"tilted_aipw",0.577448383143343,0.0161295241759313,-0.019686172124137,TRUE,0.0632265729451869,5000,3,10,"C4","none","superpopulation","facec"
173,"oracle_dr",0.590948836660539,0.0125466741995052,-0.00618571860694017,TRUE,0.0491820591135761,5000,3,10,"C4","none","superpopulation","facec"
174,"one_round_crossfit",0.602927200490215,0.010314536838096,0.0057926452227357,TRUE,0.0404322414397598,5000,3,10,"C4","none","superpopulation","facec"
174,"two_round_crossfit",0.602487894164277,0.010383431249843,0.00535333889679779,TRUE,0.04070230257128,5000,3,10,"C4","none","superpopulation","facec"
174,"target_only",0.578230322477255,0.0182976740676298,-0.0189042327902242,TRUE,0.0717255643468138,5000,3,10,"C4","none","superpopulation","facec"
174,"sample_size",0.604169408137995,0.0188796474587083,0.00703485287051553,TRUE,0.0740068581197628,5000,3,10,"C4","none","superpopulation","facec"
174,"inverse_variance",0.603915322619715,0.0188309552468803,0.00678076735223565,TRUE,0.0738159881567417,5000,3,10,"C4","none","superpopulation","facec"
174,"federated_dr",0.606693439490574,0.0123944434812293,0.00955888422309426,TRUE,0.0485853256632534,5000,3,10,"C4","none","superpopulation","facec"
174,"pooled_dr",0.60418342291015,0.0132379857098138,0.00704886764267054,TRUE,0.0518919504381821,5000,3,10,"C4","none","superpopulation","facec"
174,"tilted_aipw",0.587383712558413,0.0145892773409226,-0.00975084270906645,TRUE,0.0571889162973491,5000,3,10,"C4","none","superpopulation","facec"
174,"oracle_dr",0.602297467210043,0.0127929691364414,0.0051629119425638,TRUE,0.0501475175255151,5000,3,10,"C4","none","superpopulation","facec"
175,"one_round_crossfit",0.597082568181312,0.0104804563585588,-5.19870861676042e-05,TRUE,0.0410826340086381,5000,3,10,"C4","none","superpopulation","facec"
175,"two_round_crossfit",0.595968387049843,0.0105085236838581,-0.00116616821763627,TRUE,0.0411926559020963,5000,3,10,"C4","none","superpopulation","facec"
175,"target_only",0.604638802886588,0.0181165607762552,0.00750424761910817,TRUE,0.0710156132903823,5000,3,10,"C4","none","superpopulation","facec"
175,"sample_size",0.607048387204451,0.0169065586644668,0.00991383193697137,TRUE,0.0662724921697369,5000,3,10,"C4","none","superpopulation","facec"
175,"inverse_variance",0.605521277461077,0.0175950620871897,0.0083867221935976,TRUE,0.0689713759932757,5000,3,10,"C4","none","superpopulation","facec"
175,"federated_dr",0.599491429171012,0.0126105188996884,0.00235687390353267,TRUE,0.049432325739502,5000,3,10,"C4","none","superpopulation","facec"
175,"pooled_dr",0.596577437820022,0.0129474179979803,-0.000557117447457456,TRUE,0.0507529459376541,5000,3,10,"C4","none","superpopulation","facec"
175,"tilted_aipw",0.599298190614627,0.0181004328558095,0.0021636353471477,TRUE,0.0709523930039444,5000,3,10,"C4","none","superpopulation","facec"
175,"oracle_dr",0.595354762327429,0.0125201564512132,-0.00177979294005015,TRUE,0.0490781114503693,5000,3,10,"C4","none","superpopulation","facec"
176,"one_round_crossfit",0.58143670751716,0.0106174591547253,-0.0156978477503197,TRUE,0.0416196751011733,5000,3,10,"C4","none","superpopulation","facec"
176,"two_round_crossfit",0.580410736616099,0.0106994326966687,-0.0167238186513806,TRUE,0.0419410054809619,5000,3,10,"C4","none","superpopulation","facec"
176,"target_only",0.583268722115168,0.0180996990592353,-0.0138658331523115,TRUE,0.0709495165742293,5000,3,10,"C4","none","superpopulation","facec"
176,"sample_size",0.594929452333726,0.0118623117685155,-0.00220510293375376,TRUE,0.0464994076793521,5000,3,10,"C4","none","superpopulation","facec"
176,"inverse_variance",0.594714695695489,0.0142289448258322,-0.00241985957199042,TRUE,0.0557764387932773,5000,3,10,"C4","none","superpopulation","facec"
176,"federated_dr",0.581301418676872,0.0125575760638206,-0.0158331365906078,TRUE,0.0492247936364212,5000,3,10,"C4","none","superpopulation","facec"
176,"pooled_dr",0.577283155965784,0.0133946738869376,-0.0198513993016958,TRUE,0.0525061568061136,5000,3,10,"C4","none","superpopulation","facec"
176,"tilted_aipw",0.554376193317261,0.0160418892600144,-0.0427583619502188,FALSE,0.0628830503872162,5000,3,10,"C4","none","superpopulation","facec"
176,"oracle_dr",0.575063605111938,0.0125631802068041,-0.0220709501555419,TRUE,0.0492467614732448,5000,3,10,"C4","none","superpopulation","facec"
177,"one_round_crossfit",0.592545674719643,0.0102658119618742,-0.00458888054783646,TRUE,0.0402412434346677,5000,3,10,"C4","none","superpopulation","facec"
177,"two_round_crossfit",0.591014543972464,0.010388421113553,-0.0061200112950156,TRUE,0.0407218624775987,5000,3,10,"C4","none","superpopulation","facec"
177,"target_only",0.614423636755236,0.0180639448326475,0.0172890814877562,TRUE,0.070809362581415,5000,3,10,"C4","none","superpopulation","facec"
177,"sample_size",0.600176457589274,0.00954407139200898,0.00304190232179469,TRUE,0.0374120723884332,5000,3,10,"C4","none","superpopulation","facec"
177,"inverse_variance",0.600296001193731,0.0110338612600389,0.00316144592625101,TRUE,0.043251941360176,5000,3,10,"C4","none","superpopulation","facec"
177,"federated_dr",0.591724299861343,0.0125949319670145,-0.00541025540613638,TRUE,0.0493712260861614,5000,3,10,"C4","none","superpopulation","facec"
177,"pooled_dr",0.595654012511297,0.0131721054571019,-0.00148054275618226,TRUE,0.0516337045929665,5000,3,10,"C4","none","superpopulation","facec"
177,"tilted_aipw",0.576983171224633,0.0143645351008757,-0.0201513840428468,TRUE,0.0563079429047557,5000,3,10,"C4","none","superpopulation","facec"
177,"oracle_dr",0.597171982900518,0.012461893707933,3.74276330383783e-05,TRUE,0.0488497256934299,5000,3,10,"C4","none","superpopulation","facec"
178,"one_round_crossfit",0.582520723609453,0.010496590958171,-0.0146138316580268,TRUE,0.0411458804769278,5000,3,10,"C4","none","superpopulation","facec"
178,"two_round_crossfit",0.582044556174209,0.0104836616046279,-0.0150899990932702,TRUE,0.0410951983423522,5000,3,10,"C4","none","superpopulation","facec"
178,"target_only",0.5449552964432,0.0185640994308187,-0.0521792588242801,FALSE,0.0727699325796503,5000,3,10,"C4","none","superpopulation","facec"
178,"sample_size",0.595017982150762,0.0232638255599129,-0.00211657311671809,TRUE,0.0911925204801034,5000,3,10,"C4","none","superpopulation","facec"
178,"inverse_variance",0.596355278582849,0.0231937055982472,-0.000779276684630847,TRUE,0.090917655281179,5000,3,10,"C4","none","superpopulation","facec"
178,"federated_dr",0.584778876195186,0.0128253439289561,-0.0123556790722937,TRUE,0.0502744243801869,5000,3,10,"C4","none","superpopulation","facec"
178,"pooled_dr",0.584702112243875,0.0134057256124337,-0.0124324430236047,TRUE,0.0525494787739924,5000,3,10,"C4","none","superpopulation","facec"
178,"tilted_aipw",0.558184790609088,0.0150901923676193,-0.0389497646583917,FALSE,0.0591524671206298,5000,3,10,"C4","none","superpopulation","facec"
178,"oracle_dr",0.591681982576618,0.0128256874106319,-0.00545257269086175,TRUE,0.0502757708036146,5000,3,10,"C4","none","superpopulation","facec"
179,"one_round_crossfit",0.589986682195705,0.0105886274175469,-0.007147873071775,TRUE,0.0415066567682103,5000,3,10,"C4","none","superpopulation","facec"
179,"two_round_crossfit",0.590212262382541,0.0106195700951509,-0.00692229288493862,TRUE,0.0416279498355887,5000,3,10,"C4","none","superpopulation","facec"
179,"target_only",0.592996151036482,0.0177748711310972,-0.00413840423099732,TRUE,0.0696762144935825,5000,3,10,"C4","none","superpopulation","facec"
179,"sample_size",0.60267991318911,0.0251533632081078,0.00554535792163002,TRUE,0.0985993719558924,5000,3,10,"C4","none","superpopulation","facec"
179,"inverse_variance",0.600568305933337,0.0250439705477397,0.00343375066585772,TRUE,0.0981705606069032,5000,3,10,"C4","none","superpopulation","facec"
179,"federated_dr",0.596034118325748,0.0122552332698429,-0.00110043694173123,TRUE,0.0480396316620582,5000,3,10,"C4","none","superpopulation","facec"
179,"pooled_dr",0.592099747091551,0.0130556008471739,-0.00503480817592883,TRUE,0.051177014913983,5000,3,10,"C4","none","superpopulation","facec"
179,"tilted_aipw",0.583090251516612,0.015252861762826,-0.0140443037508677,TRUE,0.059790119432614,5000,3,10,"C4","none","superpopulation","facec"
179,"oracle_dr",0.591817545963198,0.0124358649742695,-0.00531700930428114,TRUE,0.0487476949323427,5000,3,10,"C4","none","superpopulation","facec"
180,"one_round_crossfit",0.59657681332582,0.0104277812875319,-0.000557741941659584,TRUE,0.0408761515244462,5000,3,10,"C4","none","superpopulation","facec"
180,"two_round_crossfit",0.595063264975116,0.0103590114462038,-0.00207129029236319,TRUE,0.0406065786999954,5000,3,10,"C4","none","superpopulation","facec"
180,"target_only",0.58168223774309,0.01836733537256,-0.0154523175243892,TRUE,0.0719986316443724,5000,3,10,"C4","none","superpopulation","facec"
180,"sample_size",0.597633131342803,0.0097187429626759,0.000498576075323109,TRUE,0.0380967723636938,5000,3,10,"C4","none","superpopulation","facec"
180,"inverse_variance",0.597929124020535,0.0128205983623568,0.000794568753055724,TRUE,0.050255822100945,5000,3,10,"C4","none","superpopulation","facec"
180,"federated_dr",0.596369746448866,0.0125880432216319,-0.000764808818613849,TRUE,0.0493442227004641,5000,3,10,"C4","none","superpopulation","facec"
180,"pooled_dr",0.594563860712474,0.0131057090347751,-0.00257069455500547,TRUE,0.0513734354000408,5000,3,10,"C4","none","superpopulation","facec"
180,"tilted_aipw",0.581997311192732,0.0152982119334466,-0.0151372440747476,TRUE,0.0599678888348323,5000,3,10,"C4","none","superpopulation","facec"
180,"oracle_dr",0.59680620556321,0.0127472835647086,-0.000328349704269759,TRUE,0.0499684333750963,5000,3,10,"C4","none","superpopulation","facec"
181,"one_round_crossfit",0.599988487491627,0.0105158490452475,0.00285393222414732,TRUE,0.0412213707910902,5000,3,10,"C4","none","superpopulation","facec"
181,"two_round_crossfit",0.598250554668569,0.0107533752764259,0.00111599940108953,TRUE,0.0421524565080764,5000,3,10,"C4","none","superpopulation","facec"
181,"target_only",0.603143902368473,0.0184096340513792,0.00600934710099299,TRUE,0.072164439418531,5000,3,10,"C4","none","superpopulation","facec"
181,"sample_size",0.608660256330384,0.0148027358568621,0.0115257010629048,TRUE,0.0580256583042187,5000,3,10,"C4","none","superpopulation","facec"
181,"inverse_variance",0.608809996351613,0.0161091779365163,0.0116754410841333,TRUE,0.0631468171522385,5000,3,10,"C4","none","superpopulation","facec"
181,"federated_dr",0.597774398773859,0.0121959387810508,0.000639843506379245,TRUE,0.0478072015370299,5000,3,10,"C4","none","superpopulation","facec"
181,"pooled_dr",0.595971786624225,0.0128467136772276,-0.00116276864325449,TRUE,0.0503581922541285,5000,3,10,"C4","none","superpopulation","facec"
181,"tilted_aipw",0.580641869792157,0.0151939722950561,-0.0164926854753227,TRUE,0.0595592769608186,5000,3,10,"C4","none","superpopulation","facec"
181,"oracle_dr",0.582763270483026,0.0125974667015137,-0.0143712847844533,TRUE,0.0493811620628191,5000,3,10,"C4","none","superpopulation","facec"
182,"one_round_crossfit",0.599448930466332,0.0108192126136631,0.00231437519885191,TRUE,0.0424105341277223,5000,3,10,"C4","none","superpopulation","facec"
182,"two_round_crossfit",0.598396315753162,0.010778870106387,0.00126176048568283,TRUE,0.0422523944051079,5000,3,10,"C4","none","superpopulation","facec"
182,"target_only",0.585623671436231,0.0185677663123954,-0.0115108838312489,TRUE,0.0727843064913023,5000,3,10,"C4","none","superpopulation","facec"
182,"sample_size",0.60370291853326,0.0107120029250186,0.00656836326578081,TRUE,0.0419902798706484,5000,3,10,"C4","none","superpopulation","facec"
182,"inverse_variance",0.60463833676198,0.0133643431823412,0.00750378149450071,TRUE,0.0523872626288444,5000,3,10,"C4","none","superpopulation","facec"
182,"federated_dr",0.598580217509648,0.012911754311595,0.0014456622421688,TRUE,0.0506131468559121,5000,3,10,"C4","none","superpopulation","facec"
182,"pooled_dr",0.59751080623547,0.0133852084099748,0.00037625096799021,TRUE,0.0524690528182266,5000,3,10,"C4","none","superpopulation","facec"
182,"tilted_aipw",0.583994026829923,0.014885531383669,-0.0131405284375565,TRUE,0.0583502108054639,5000,3,10,"C4","none","superpopulation","facec"
182,"oracle_dr",0.601503384021759,0.0122966800658496,0.00436882875427957,TRUE,0.0482021001169537,5000,3,10,"C4","none","superpopulation","facec"
183,"one_round_crossfit",0.603243712579053,0.0105486521910382,0.00610915731157358,TRUE,0.0413499567597488,5000,3,10,"C4","none","superpopulation","facec"
183,"two_round_crossfit",0.60250116984007,0.0105002536002146,0.00536661457259058,TRUE,0.0411602377699154,5000,3,10,"C4","none","superpopulation","facec"
183,"target_only",0.598720603565453,0.0177694357072154,0.00158604829797349,TRUE,0.0696549080234845,5000,3,10,"C4","none","superpopulation","facec"
183,"sample_size",0.606863466865501,0.0255355279009297,0.00972891159802103,TRUE,0.10009743002408,5000,3,10,"C4","none","superpopulation","facec"
183,"inverse_variance",0.60498286598558,0.0254366118310234,0.00784831071810077,TRUE,0.0997096861550626,5000,3,10,"C4","none","superpopulation","facec"
183,"federated_dr",0.604320794904569,0.0124735973034512,0.00718623963708942,TRUE,0.0488956029448404,5000,3,10,"C4","none","superpopulation","facec"
183,"pooled_dr",0.601471361600066,0.0131884815957714,0.00433680633258615,TRUE,0.0516978978769627,5000,3,10,"C4","none","superpopulation","facec"
183,"tilted_aipw",0.594129519227789,0.0169197328341898,-0.00300503603969027,TRUE,0.0663241339661038,5000,3,10,"C4","none","superpopulation","facec"
183,"oracle_dr",0.59786153827903,0.0125284460252992,0.000726983011550497,TRUE,0.0491106059836808,5000,3,10,"C4","none","superpopulation","facec"
184,"one_round_crossfit",0.595218751213544,0.0102908427919618,-0.00191580405393565,TRUE,0.0403393624856174,5000,3,10,"C4","none","superpopulation","facec"
184,"two_round_crossfit",0.595722035340396,0.0103062844610409,-0.00141251992708313,TRUE,0.04039989271613,5000,3,10,"C4","none","superpopulation","facec"
184,"target_only",0.591141105521574,0.0183568448492392,-0.00599344974590543,TRUE,0.0719575095485967,5000,3,10,"C4","none","superpopulation","facec"
184,"sample_size",0.603314849938909,0.00960145539941278,0.006180294671429,TRUE,0.0376370135640334,5000,3,10,"C4","none","superpopulation","facec"
184,"inverse_variance",0.604278438040787,0.0120477074884103,0.00714388277330746,TRUE,0.0472261455471152,5000,3,10,"C4","none","superpopulation","facec"
184,"federated_dr",0.597051587400004,0.0125550194500013,-8.29678674756362e-05,TRUE,0.0492147718944049,5000,3,10,"C4","none","superpopulation","facec"
184,"pooled_dr",0.600405761931999,0.0134740067377457,0.00327120666451908,TRUE,0.0528171358668634,5000,3,10,"C4","none","superpopulation","facec"
184,"tilted_aipw",0.577094528551493,0.0147004323420985,-0.0200400267159864,TRUE,0.0576246358953616,5000,3,10,"C4","none","superpopulation","facec"
184,"oracle_dr",0.607550914553711,0.0123674930291777,0.0104163592862319,TRUE,0.0484796818324769,5000,3,10,"C4","none","superpopulation","facec"
185,"one_round_crossfit",0.604273057158349,0.0106093718801786,0.00713850189086951,TRUE,0.041587973567484,5000,3,10,"C4","none","superpopulation","facec"
185,"two_round_crossfit",0.604047481364796,0.0105938628947495,0.00691292609731631,TRUE,0.0415271794617287,5000,3,10,"C4","none","superpopulation","facec"
185,"target_only",0.60473600523304,0.0176671346974647,0.00760144996556089,TRUE,0.0692538954340975,5000,3,10,"C4","none","superpopulation","facec"
185,"sample_size",0.61493890937016,0.0176068816970755,0.0178043541026801,TRUE,0.0690177080126511,5000,3,10,"C4","none","superpopulation","facec"
185,"inverse_variance",0.61373855443762,0.0179521015878588,0.0166039991701401,TRUE,0.070370945118015,5000,3,10,"C4","none","superpopulation","facec"
185,"federated_dr",0.606713540435106,0.0116840024155848,0.00957898516762601,TRUE,0.0458004478596505,5000,3,10,"C4","none","superpopulation","facec"
185,"pooled_dr",0.606412726036027,0.0118690046409311,0.00927817076854753,TRUE,0.0465256432571273,5000,3,10,"C4","none","superpopulation","facec"
185,"tilted_aipw",0.591829266095473,0.0162835237723307,-0.00530528917200612,TRUE,0.0638302402703401,5000,3,10,"C4","none","superpopulation","facec"
185,"oracle_dr",0.59693757550483,0.012840131635414,-0.000196979762649874,TRUE,0.0503323911243299,5000,3,10,"C4","none","superpopulation","facec"
186,"one_round_crossfit",0.60242873304904,0.0104271788957428,0.00529417778156038,TRUE,0.0408737901920242,5000,3,10,"C4","none","superpopulation","facec"
186,"two_round_crossfit",0.602912858867048,0.0103655577887232,0.0057783035995681,TRUE,0.0406322398911321,5000,3,10,"C4","none","superpopulation","facec"
186,"target_only",0.612131383109432,0.0182146949008406,0.0149968278419524,TRUE,0.071400291990066,5000,3,10,"C4","none","superpopulation","facec"
186,"sample_size",0.606849803184589,0.0096127155106827,0.00971524791710932,TRUE,0.0376811523891354,5000,3,10,"C4","none","superpopulation","facec"
186,"inverse_variance",0.606906114919093,0.0118114441027847,0.00977155965161325,TRUE,0.0463000100937321,5000,3,10,"C4","none","superpopulation","facec"
186,"federated_dr",0.600948033048015,0.012127144739591,0.00381347778053587,TRUE,0.0475375338498056,5000,3,10,"C4","none","superpopulation","facec"
186,"pooled_dr",0.60084480077698,0.0125972202099592,0.0037102455095005,TRUE,0.0493801958336801,5000,3,10,"C4","none","superpopulation","facec"
186,"tilted_aipw",0.587267468396326,0.0141014197011315,-0.00986708687115367,TRUE,0.0552765494902028,5000,3,10,"C4","none","superpopulation","facec"
186,"oracle_dr",0.597893607615475,0.0126473240293211,0.000759052347995559,TRUE,0.0495765991965549,5000,3,10,"C4","none","superpopulation","facec"
187,"one_round_crossfit",0.593674877823099,0.0102694750838393,-0.00345967744438069,TRUE,0.0402556026089127,5000,3,10,"C4","none","superpopulation","facec"
187,"two_round_crossfit",0.592562912911956,0.010301588334574,-0.00457164235552354,TRUE,0.0403814842386461,5000,3,10,"C4","none","superpopulation","facec"
187,"target_only",0.556085998495415,0.0181381817782498,-0.0410485567720644,FALSE,0.0711003660608203,5000,3,10,"C4","none","superpopulation","facec"
187,"sample_size",0.599288239837459,0.0226239899877369,0.00215368456997944,TRUE,0.0886844111251182,5000,3,10,"C4","none","superpopulation","facec"
187,"inverse_variance",0.599758648775112,0.0225234479713499,0.00262409350763204,TRUE,0.0882902936630152,5000,3,10,"C4","none","superpopulation","facec"
187,"federated_dr",0.596742705151693,0.0123647344707374,-0.00039185011578613,TRUE,0.0484688684820924,5000,3,10,"C4","none","superpopulation","facec"
187,"pooled_dr",0.592606666209603,0.0128693073074665,-0.00452788905787671,TRUE,0.0504467576572249,5000,3,10,"C4","none","superpopulation","facec"
187,"tilted_aipw",0.598281759159296,0.0140662018463824,0.00114720389181666,TRUE,0.0551384980363605,5000,3,10,"C4","none","superpopulation","facec"
187,"oracle_dr",0.602708132802104,0.0127475252013552,0.00557357753462417,TRUE,0.0499693805733457,5000,3,10,"C4","none","superpopulation","facec"
188,"one_round_crossfit",0.600061390656988,0.0104333685127773,0.00292683538950811,TRUE,0.0408980530449556,5000,3,10,"C4","none","superpopulation","facec"
188,"two_round_crossfit",0.600507874295568,0.010464698808,0.00337331902808846,TRUE,0.0410208655454785,5000,3,10,"C4","none","superpopulation","facec"
188,"target_only",0.611178441425863,0.0181208941766064,0.0140438861583836,TRUE,0.0710325999076205,5000,3,10,"C4","none","superpopulation","facec"
188,"sample_size",0.600043551518111,0.0134977329263817,0.00290899625063157,TRUE,0.0529101408172972,5000,3,10,"C4","none","superpopulation","facec"
188,"inverse_variance",0.600090588543423,0.0151659901293769,0.00295603327594374,TRUE,0.0594495888869373,5000,3,10,"C4","none","superpopulation","facec"
188,"federated_dr",0.599912831572285,0.0128772867098747,0.00277827630480543,TRUE,0.0504780363399013,5000,3,10,"C4","none","superpopulation","facec"
188,"pooled_dr",0.603314375109848,0.013530699734149,0.00617981984236882,TRUE,0.0530393683291155,5000,3,10,"C4","none","superpopulation","facec"
188,"tilted_aipw",0.580833878083721,0.0155137140435928,-0.0163006771837589,TRUE,0.0608126415837904,5000,3,10,"C4","none","superpopulation","facec"
188,"oracle_dr",0.601778565164154,0.0124753362555257,0.00464400989667402,TRUE,0.0489024195117143,5000,3,10,"C4","none","superpopulation","facec"
189,"one_round_crossfit",0.614052678206059,0.0102712289183329,0.0169181229385799,TRUE,0.0402624775137976,5000,3,10,"C4","none","superpopulation","facec"
189,"two_round_crossfit",0.614071117704422,0.0102497670414674,0.0169365624369426,TRUE,0.0401783485024034,5000,3,10,"C4","none","superpopulation","facec"
189,"target_only",0.616504033461119,0.0177030536260494,0.019369478193639,TRUE,0.069394695046876,5000,3,10,"C4","none","superpopulation","facec"
189,"sample_size",0.616094627367096,0.00978280604473015,0.0189600720996159,TRUE,0.0383478950308236,5000,3,10,"C4","none","superpopulation","facec"
189,"inverse_variance",0.616076729161701,0.0127593445668476,0.0189421738942217,TRUE,0.0500157116347162,5000,3,10,"C4","none","superpopulation","facec"
189,"federated_dr",0.613073946379004,0.0122316937291634,0.0159393911115244,TRUE,0.0479473583581693,5000,3,10,"C4","none","superpopulation","facec"
189,"pooled_dr",0.612454164354071,0.0130189305433253,0.0153196090865912,TRUE,0.0510332699642921,5000,3,10,"C4","none","superpopulation","facec"
189,"tilted_aipw",0.601699470225302,0.0147984495799145,0.00456491495782241,TRUE,0.0580088564073287,5000,3,10,"C4","none","superpopulation","facec"
189,"oracle_dr",0.605578435719396,0.0125727601035846,0.00844388045191602,TRUE,0.0492843139785757,5000,3,10,"C4","none","superpopulation","facec"
190,"one_round_crossfit",0.587038920512402,0.0104742414131725,-0.0100956347550778,TRUE,0.041058271870392,5000,3,10,"C4","none","superpopulation","facec"
190,"two_round_crossfit",0.587294819644563,0.0105294288107886,-0.00983973562291629,TRUE,0.041274602493848,5000,3,10,"C4","none","superpopulation","facec"
190,"target_only",0.563143094585733,0.0186174599485095,-0.0339914606817471,TRUE,0.0729791019653909,5000,3,10,"C4","none","superpopulation","facec"
190,"sample_size",0.595974249815247,0.0147567773586996,-0.00116030545223245,TRUE,0.0578455043018546,5000,3,10,"C4","none","superpopulation","facec"
190,"inverse_variance",0.596817340417453,0.0160437482404757,-0.000317214850026781,TRUE,0.0628903374567205,5000,3,10,"C4","none","superpopulation","facec"
190,"federated_dr",0.59073093067651,0.0125506955860785,-0.00640362459096955,TRUE,0.0491978226592793,5000,3,10,"C4","none","superpopulation","facec"
190,"pooled_dr",0.592462107407031,0.0130522070132505,-0.00467244786044829,TRUE,0.0511637113294641,5000,3,10,"C4","none","superpopulation","facec"
190,"tilted_aipw",0.574792178273228,0.0151931036246039,-0.0223423769942512,TRUE,0.0595558718352172,5000,3,10,"C4","none","superpopulation","facec"
190,"oracle_dr",0.59716245739674,0.0125320602177316,2.79021292599602e-05,TRUE,0.0491247733576823,5000,3,10,"C4","none","superpopulation","facec"
191,"one_round_crossfit",0.589569755208889,0.01040662978655,-0.00756480005859084,TRUE,0.0407932391641597,5000,3,10,"C4","none","superpopulation","facec"
191,"two_round_crossfit",0.589717255812541,0.0103815564520495,-0.00741729945493852,TRUE,0.0406949534989729,5000,3,10,"C4","none","superpopulation","facec"
191,"target_only",0.597679789687541,0.018233283708003,0.000545234420061047,TRUE,0.0714731587751738,5000,3,10,"C4","none","superpopulation","facec"
191,"sample_size",0.596220750123135,0.0128096843590608,-0.000913805144345026,TRUE,0.0502130399941705,5000,3,10,"C4","none","superpopulation","facec"
191,"inverse_variance",0.59625155732538,0.0146215318303595,-0.000882997942099117,TRUE,0.0573153515726212,5000,3,10,"C4","none","superpopulation","facec"
191,"federated_dr",0.591121238925596,0.0126276802337484,-0.00601331634188318,TRUE,0.0494995969328704,5000,3,10,"C4","none","superpopulation","facec"
191,"pooled_dr",0.591174592417173,0.0135178780246282,-0.00595996285030709,TRUE,0.0529891081513534,5000,3,10,"C4","none","superpopulation","facec"
191,"tilted_aipw",0.575154028387553,0.014469049037474,-0.0219805268799267,TRUE,0.0567176300079859,5000,3,10,"C4","none","superpopulation","facec"
191,"oracle_dr",0.590511331750768,0.012584132131799,-0.00662322351671119,TRUE,0.0493288915100385,5000,3,10,"C4","none","superpopulation","facec"
192,"one_round_crossfit",0.588805627195268,0.0104688585845456,-0.00832892807221175,TRUE,0.0410371715699049,5000,3,10,"C4","none","superpopulation","facec"
192,"two_round_crossfit",0.589959593215578,0.0103830642773764,-0.00717496205190182,TRUE,0.0407008640656441,5000,3,10,"C4","none","superpopulation","facec"
192,"target_only",0.572246784291006,0.0184948775459317,-0.0248877709764738,TRUE,0.0724985877770095,5000,3,10,"C4","none","superpopulation","facec"
192,"sample_size",0.605123207417718,0.0150136446729201,0.00798865215023792,TRUE,0.0588524056712099,5000,3,10,"C4","none","superpopulation","facec"
192,"inverse_variance",0.605648786904114,0.0162002282648591,0.00851423163663401,TRUE,0.0635037278809032,5000,3,10,"C4","none","superpopulation","facec"
192,"federated_dr",0.589430678631771,0.0131052030381477,-0.00770387663570871,TRUE,0.0513714519297088,5000,3,10,"C4","none","superpopulation","facec"
192,"pooled_dr",0.589022009751583,0.0136333345721322,-0.00811254551589702,TRUE,0.0534416895011276,5000,3,10,"C4","none","superpopulation","facec"
192,"tilted_aipw",0.570003424134847,0.0153638074890976,-0.0271311311326323,TRUE,0.0602250186880764,5000,3,10,"C4","none","superpopulation","facec"
192,"oracle_dr",0.590421257696982,0.0126637139577056,-0.00671329757049788,TRUE,0.04964084653524,5000,3,10,"C4","none","superpopulation","facec"
193,"one_round_crossfit",0.591391651453659,0.0105065343321119,-0.00574290381382103,TRUE,0.0411848577865459,5000,3,10,"C4","none","superpopulation","facec"
193,"two_round_crossfit",0.593288201122822,0.0104361659525525,-0.00384635414465762,TRUE,0.0409090188073722,5000,3,10,"C4","none","superpopulation","facec"
193,"target_only",0.607758832288578,0.0180285811783262,0.0106242770210986,TRUE,0.0706707396037523,5000,3,10,"C4","none","superpopulation","facec"
193,"sample_size",0.606485768291598,0.00956272372888565,0.00935121302411845,TRUE,0.037485188205445,5000,3,10,"C4","none","superpopulation","facec"
193,"inverse_variance",0.607421651722178,0.0123903171203761,0.0102870964546988,TRUE,0.0485691506259343,5000,3,10,"C4","none","superpopulation","facec"
193,"federated_dr",0.594162559413852,0.0121793004221308,-0.00297199585362762,TRUE,0.0477419803685395,5000,3,10,"C4","none","superpopulation","facec"
193,"pooled_dr",0.593684030003959,0.0128355894238342,-0.00345052526352052,TRUE,0.0503145859821164,5000,3,10,"C4","none","superpopulation","facec"
193,"tilted_aipw",0.577882733708457,0.014568238618272,-0.0192518215590222,TRUE,0.0571064460199973,5000,3,10,"C4","none","superpopulation","facec"
193,"oracle_dr",0.590521157618938,0.0125572133246203,-0.00661339764854174,TRUE,0.0492233717248847,5000,3,10,"C4","none","superpopulation","facec"
194,"one_round_crossfit",0.610891197806908,0.0103223229211495,0.0137566425394281,TRUE,0.0404627623244904,5000,3,10,"C4","none","superpopulation","facec"
194,"two_round_crossfit",0.609950892655339,0.0103022280568973,0.0128163373878595,TRUE,0.0403839919040734,5000,3,10,"C4","none","superpopulation","facec"
194,"target_only",0.594288405882991,0.0188056028453408,-0.00284614938448846,TRUE,0.0737166085688639,5000,3,10,"C4","none","superpopulation","facec"
194,"sample_size",0.617773823894961,0.01914728224906,0.0206392686274817,TRUE,0.0750559672199613,5000,3,10,"C4","none","superpopulation","facec"
194,"inverse_variance",0.617217812968243,0.0190976223641112,0.020083257700763,TRUE,0.0748613040480093,5000,3,10,"C4","none","superpopulation","facec"
194,"federated_dr",0.614868409479712,0.0128594413849165,0.0177338542122327,TRUE,0.0504080839514804,5000,3,10,"C4","none","superpopulation","facec"
194,"pooled_dr",0.616502205658087,0.0132865964113111,0.0193676503906078,TRUE,0.0520825008865777,5000,3,10,"C4","none","superpopulation","facec"
194,"tilted_aipw",0.606248272009811,0.0147099262573201,0.00911371674233141,TRUE,0.0576618513591749,5000,3,10,"C4","none","superpopulation","facec"
194,"oracle_dr",0.613305654980905,0.0122905804870059,0.0161710997134257,TRUE,0.0481781902072447,5000,3,10,"C4","none","superpopulation","facec"
195,"one_round_crossfit",0.599437579199436,0.0105135986354107,0.00230302393195625,TRUE,0.0412125493466289,5000,3,10,"C4","none","superpopulation","facec"
195,"two_round_crossfit",0.60222147167515,0.0104980389606282,0.00508691640767089,TRUE,0.0411515565422593,5000,3,10,"C4","none","superpopulation","facec"
195,"target_only",0.591869289571817,0.0184691664400613,-0.00526526569566299,TRUE,0.0723978020939917,5000,3,10,"C4","none","superpopulation","facec"
195,"sample_size",0.60040306643487,0.0180042801354597,0.00326851116739035,TRUE,0.0705754812661421,5000,3,10,"C4","none","superpopulation","facec"
195,"inverse_variance",0.599548464905118,0.0184536782230109,0.0024139096376381,TRUE,0.0723370893987851,5000,3,10,"C4","none","superpopulation","facec"
195,"federated_dr",0.603367559232473,0.0128502436937709,0.00623300396499327,TRUE,0.0503720296647077,5000,3,10,"C4","none","superpopulation","facec"
195,"pooled_dr",0.603221709654513,0.0133765389353235,0.00608715438703322,TRUE,0.0524350691020639,5000,3,10,"C4","none","superpopulation","facec"
195,"tilted_aipw",0.584223764253615,0.0157597433999014,-0.0129107910138648,TRUE,0.0617770589387989,5000,3,10,"C4","none","superpopulation","facec"
195,"oracle_dr",0.60444774139173,0.0124241760694795,0.00731318612425014,TRUE,0.0487018752675283,5000,3,10,"C4","none","superpopulation","facec"
196,"one_round_crossfit",0.59887770604869,0.0106282084463193,0.00174315078121023,TRUE,0.0416618115499405,5000,3,10,"C4","none","superpopulation","facec"
196,"two_round_crossfit",0.596913812732439,0.0106058689242661,-0.000220742535041007,TRUE,0.0415742422326282,5000,3,10,"C4","none","superpopulation","facec"
196,"target_only",0.592139873893477,0.0185544219269673,-0.00499468137400272,TRUE,0.0727319974616325,5000,3,10,"C4","none","superpopulation","facec"
196,"sample_size",0.607868520525522,0.0168673650333159,0.0107339652580425,TRUE,0.0661188559587789,5000,3,10,"C4","none","superpopulation","facec"
196,"inverse_variance",0.607472553980985,0.0175207446018223,0.0103379987135057,TRUE,0.0686800568037924,5000,3,10,"C4","none","superpopulation","facec"
196,"federated_dr",0.596506086371319,0.0130188550318962,-0.000628468896160417,TRUE,0.0510329739649291,5000,3,10,"C4","none","superpopulation","facec"
196,"pooled_dr",0.596015009784234,0.0133580672516914,-0.00111954548324511,TRUE,0.0523626614327581,5000,3,10,"C4","none","superpopulation","facec"
196,"tilted_aipw",0.578859494415879,0.0155089769279495,-0.0182750608516009,TRUE,0.0607940724316876,5000,3,10,"C4","none","superpopulation","facec"
196,"oracle_dr",0.591778403369626,0.012480113206458,-0.00535615189785354,TRUE,0.0489211448152806,5000,3,10,"C4","none","superpopulation","facec"
197,"one_round_crossfit",0.599851849189583,0.0106481827401558,0.00271729392210351,TRUE,0.041740109343013,5000,3,10,"C4","none","superpopulation","facec"
197,"two_round_crossfit",0.59896410306808,0.0107122133528895,0.00182954780060007,TRUE,0.041991104732745,5000,3,10,"C4","none","superpopulation","facec"
197,"target_only",0.584142206726617,0.0179488117953587,-0.012992348540863,TRUE,0.0703580493683817,5000,3,10,"C4","none","superpopulation","facec"
197,"sample_size",0.609572673139721,0.012324682782367,0.012438117872241,TRUE,0.0483118687486406,5000,3,10,"C4","none","superpopulation","facec"
197,"inverse_variance",0.608967416562113,0.0144409709725538,0.0118328612946337,TRUE,0.0566075660159875,5000,3,10,"C4","none","superpopulation","facec"
197,"federated_dr",0.602048115397313,0.0135447942386586,0.00491356012983291,TRUE,0.0530946177715528,5000,3,10,"C4","none","superpopulation","facec"
197,"pooled_dr",0.59483206869861,0.0140333177685787,-0.00230248656886956,TRUE,0.0550095948200404,5000,3,10,"C4","none","superpopulation","facec"
197,"tilted_aipw",0.592667079719727,0.023537050770176,-0.00446747554775306,TRUE,0.0922635436236712,5000,3,10,"C4","none","superpopulation","facec"
197,"oracle_dr",0.592459023938781,0.0126566218474612,-0.00467553132869825,TRUE,0.0496130459739335,5000,3,10,"C4","none","superpopulation","facec"
198,"one_round_crossfit",0.600681327254898,0.0105262804184242,0.00354677198741871,TRUE,0.0412622610225613,5000,3,10,"C4","none","superpopulation","facec"
198,"two_round_crossfit",0.601440334508141,0.01053223361199,0.00430577924066133,TRUE,0.0412855971125254,5000,3,10,"C4","none","superpopulation","facec"
198,"target_only",0.591889969707599,0.0179296071642038,-0.00524458555988017,TRUE,0.0702827685975815,5000,3,10,"C4","none","superpopulation","facec"
198,"sample_size",0.61383403175481,0.027694495325503,0.0166994764873308,TRUE,0.108560426815997,5000,3,10,"C4","none","superpopulation","facec"
198,"inverse_variance",0.611673314391048,0.0275632808737663,0.0145387591235681,TRUE,0.108046075616687,5000,3,10,"C4","none","superpopulation","facec"
198,"federated_dr",0.601767036701796,0.0123828062414238,0.00463248143431616,TRUE,0.0485397085214567,5000,3,10,"C4","none","superpopulation","facec"
198,"pooled_dr",0.60244277772063,0.0129571215687776,0.00530822245315077,TRUE,0.0507909832362226,5000,3,10,"C4","none","superpopulation","facec"
198,"tilted_aipw",0.583952567589434,0.0157626226430116,-0.0131819876780451,TRUE,0.0617883453643966,5000,3,10,"C4","none","superpopulation","facec"
198,"oracle_dr",0.602713239020196,0.0124309879007096,0.00557868375271642,TRUE,0.0487285771552879,5000,3,10,"C4","none","superpopulation","facec"
199,"one_round_crossfit",0.603672126060593,0.0104644984166351,0.00653757079311379,TRUE,0.0410200800257623,5000,3,10,"C4","none","superpopulation","facec"
199,"two_round_crossfit",0.600828140937901,0.01059332518944,0.00369358567042177,TRUE,0.0415250716956468,5000,3,10,"C4","none","superpopulation","facec"
199,"target_only",0.608196422152931,0.0185091477090137,0.0110618668854519,TRUE,0.0725545257883977,5000,3,10,"C4","none","superpopulation","facec"
199,"sample_size",0.608248805115403,0.00958071289758626,0.0111142498479231,TRUE,0.0375557044509749,5000,3,10,"C4","none","superpopulation","facec"
199,"inverse_variance",0.608587578918052,0.0106815856477069,0.011453023650572,TRUE,0.0418710463345708,5000,3,10,"C4","none","superpopulation","facec"
199,"federated_dr",0.602236519035886,0.0129666502969612,0.00510196376840621,TRUE,0.050828335164339,5000,3,10,"C4","none","superpopulation","facec"
199,"pooled_dr",0.600448211892191,0.0130328235609046,0.00331365662471117,TRUE,0.0510877295924763,5000,3,10,"C4","none","superpopulation","facec"
199,"tilted_aipw",0.589974700355338,0.0176203576507669,-0.00715985491214155,TRUE,0.069070532780436,5000,3,10,"C4","none","superpopulation","facec"
199,"oracle_dr",0.594009371803291,0.0125608116369578,-0.00312518346418855,TRUE,0.0492374768500579,5000,3,10,"C4","none","superpopulation","facec"
200,"one_round_crossfit",0.592092350588585,0.0105167298341723,-0.00504220467889416,TRUE,0.041224823420231,5000,3,10,"C4","none","superpopulation","facec"
200,"two_round_crossfit",0.591932423306119,0.0105959780120744,-0.00520213196136021,TRUE,0.0415354705692881,5000,3,10,"C4","none","superpopulation","facec"
200,"target_only",0.59993511650782,0.0183202344739358,0.00280056124034023,TRUE,0.0718139995144866,5000,3,10,"C4","none","superpopulation","facec"
200,"sample_size",0.602720615802579,0.0215990365345793,0.00558606053509969,TRUE,0.0846666674170804,5000,3,10,"C4","none","superpopulation","facec"
200,"inverse_variance",0.601321834201429,0.0215440716675694,0.00418727893394977,TRUE,0.0844512090975718,5000,3,10,"C4","none","superpopulation","facec"
200,"federated_dr",0.591277190381777,0.0130855505416369,-0.00585736488570288,TRUE,0.0512944155589738,5000,3,10,"C4","none","superpopulation","facec"
200,"pooled_dr",0.593615089719756,0.0136762330312691,-0.0035194655477232,TRUE,0.0536098483709289,5000,3,10,"C4","none","superpopulation","facec"
200,"tilted_aipw",0.576638358848284,0.0162581196582488,-0.020496196419196,TRUE,0.0637306579730206,5000,3,10,"C4","none","superpopulation","facec"
200,"oracle_dr",0.593200895992649,0.0124663782117576,-0.00393365927483091,TRUE,0.0488673046253996,5000,3,10,"C4","none","superpopulation","facec"
