"sim_id","method","estimate","se","bias","coverage","ci_width","n_total","K","p","config","heterogeneity_type","estimand_type","dgp_type"
1,"one_round_crossfit",0.586784490123871,0.0101859326004278,-0.00580738777955014,TRUE,0.0399281220915817,5000,3,10,"C3","none","superpopulation","facec"
1,"two_round_crossfit",0.585945275770137,0.01017113458136,-0.00664660213328405,TRUE,0.0398701149227509,5000,3,10,"C3","none","superpopulation","facec"
1,"target_only",0.564649197284029,0.0189099697343471,-0.0279426806193918,TRUE,0.0741257192561253,5000,3,10,"C3","none","superpopulation","facec"
1,"sample_size",0.584501048294868,0.013704262656681,-0.00809082960855279,TRUE,0.053719722483544,5000,3,10,"C3","none","superpopulation","facec"
1,"inverse_variance",0.585439396089575,0.0152380308044649,-0.00715248181384642,TRUE,0.0597319831441263,5000,3,10,"C3","none","superpopulation","facec"
1,"federated_dr",0.586606813962119,0.00957177481262028,-0.00598506394130216,TRUE,0.0375206678017268,5000,3,10,"C3","none","superpopulation","facec"
1,"pooled_dr",0.584520245114061,0.00962573093314777,-0.00807163278935996,TRUE,0.0377321719076855,5000,3,10,"C3","none","superpopulation","facec"
1,"tilted_aipw",0.592387854926988,0.00972409777779074,-0.000204022976432738,TRUE,0.0381177628532317,5000,3,10,"C3","none","superpopulation","facec"
1,"oracle_dr",0.591770071867304,0.0126321961384242,-0.000821806036116923,TRUE,0.0495172989539148,5000,3,10,"C3","none","superpopulation","facec"
2,"one_round_crossfit",0.606627067513996,0.0104236831786164,0.0140351896105745,TRUE,0.0408600872326883,5000,3,10,"C3","none","superpopulation","facec"
2,"two_round_crossfit",0.6083604507881,0.0103435008599664,0.0157685728846791,TRUE,0.0405457783191863,5000,3,10,"C3","none","superpopulation","facec"
2,"target_only",0.602264225246,0.018289424204845,0.00967234734257894,TRUE,0.0716932254789426,5000,3,10,"C3","none","superpopulation","facec"
2,"sample_size",0.613478740843511,0.0140502461361791,0.0208868629400898,TRUE,0.055075952801668,5000,3,10,"C3","none","superpopulation","facec"
2,"inverse_variance",0.613608367127398,0.0154346910107735,0.0210164892239766,TRUE,0.0605028769872404,5000,3,10,"C3","none","superpopulation","facec"
2,"federated_dr",0.613161407020425,0.00956449597050885,0.020569529117004,FALSE,0.0374921352649515,5000,3,10,"C3","none","superpopulation","facec"
2,"pooled_dr",0.610294879134953,0.00948212334768297,0.017703001231532,TRUE,0.03716924051685,5000,3,10,"C3","none","superpopulation","facec"
2,"tilted_aipw",0.617711195532896,0.00970403755649694,0.0251193176294746,FALSE,0.0380391282307162,5000,3,10,"C3","none","superpopulation","facec"
2,"oracle_dr",0.609977536864065,0.0124906330894968,0.0173856589606434,TRUE,0.0489623819990361,5000,3,10,"C3","none","superpopulation","facec"
3,"one_round_crossfit",0.579807773616594,0.010090087484641,-0.0127841042868269,TRUE,0.0395524161415095,5000,3,10,"C3","none","superpopulation","facec"
3,"two_round_crossfit",0.581719220191066,0.0102089009315488,-0.0108726577123553,TRUE,0.040018156295146,5000,3,10,"C3","none","superpopulation","facec"
3,"target_only",0.575319551546377,0.0179554695012657,-0.0172723263570445,TRUE,0.0703841470959763,5000,3,10,"C3","none","superpopulation","facec"
3,"sample_size",0.588560282909688,0.0165198532662171,-0.00403159499373318,TRUE,0.0647566348633437,5000,3,10,"C3","none","superpopulation","facec"
3,"inverse_variance",0.588770712493997,0.0173752107931364,-0.00382116540942457,TRUE,0.068109574756678,5000,3,10,"C3","none","superpopulation","facec"
3,"federated_dr",0.589186570383696,0.00952561127761915,-0.00340530751972479,TRUE,0.0373397100697241,5000,3,10,"C3","none","superpopulation","facec"
3,"pooled_dr",0.586873461126765,0.00944191497912748,-0.0057184167766563,TRUE,0.0370116266083582,5000,3,10,"C3","none","superpopulation","facec"
3,"tilted_aipw",0.595962102497653,0.0098316729357316,0.00337022459423142,TRUE,0.0385394497236222,5000,3,10,"C3","none","superpopulation","facec"
3,"oracle_dr",0.583057869313231,0.0128520724655319,-0.00953400859019005,TRUE,0.0503791983182826,5000,3,10,"C3","none","superpopulation","facec"
4,"one_round_crossfit",0.581998161402784,0.0107210392302081,-0.0105937165006375,TRUE,0.0420257015360979,5000,3,10,"C3","none","superpopulation","facec"
4,"two_round_crossfit",0.580967981581786,0.0107335652924124,-0.011623896321635,TRUE,0.0420748027976747,5000,3,10,"C3","none","superpopulation","facec"
4,"target_only",0.573358201736109,0.0184243729622014,-0.0192336761673121,TRUE,0.0722222148872966,5000,3,10,"C3","none","superpopulation","facec"
4,"sample_size",0.591840223239937,0.0105400977658348,-0.00075165466348448,TRUE,0.0413164240291346,5000,3,10,"C3","none","superpopulation","facec"
4,"inverse_variance",0.593058329293531,0.0134918740457749,0.000466451390109812,TRUE,0.0528871744273389,5000,3,10,"C3","none","superpopulation","facec"
4,"federated_dr",0.591589228177897,0.00958473311985021,-0.00100264972552411,TRUE,0.0375714634326694,5000,3,10,"C3","none","superpopulation","facec"
4,"pooled_dr",0.588604450464925,0.00956849760013532,-0.00398742743849612,TRUE,0.0375078213648463,5000,3,10,"C3","none","superpopulation","facec"
4,"tilted_aipw",0.594782607425713,0.00989420443505427,0.00219072952229171,TRUE,0.0387845686967656,5000,3,10,"C3","none","superpopulation","facec"
4,"oracle_dr",0.589101723272627,0.012774870894982,-0.00349015463079438,TRUE,0.0500765737226272,5000,3,10,"C3","none","superpopulation","facec"
5,"one_round_crossfit",0.589155121679464,0.0104964747966369,-0.00343675622395756,TRUE,0.0411454251320813,5000,3,10,"C3","none","superpopulation","facec"
5,"two_round_crossfit",0.588789549947025,0.0104534920722278,-0.00380232795639635,TRUE,0.0409769359484828,5000,3,10,"C3","none","superpopulation","facec"
5,"target_only",0.579633801197043,0.0177852189042558,-0.0129580767063784,TRUE,0.0697167770190048,5000,3,10,"C3","none","superpopulation","facec"
5,"sample_size",0.594726827333128,0.0096115259686566,0.00213494942970671,TRUE,0.0376764894700767,5000,3,10,"C3","none","superpopulation","facec"
5,"inverse_variance",0.59529850273993,0.0120689691094872,0.00270662483650841,TRUE,0.0473094895702428,5000,3,10,"C3","none","superpopulation","facec"
5,"federated_dr",0.594682364653356,0.00952887160281674,0.00209048674993528,TRUE,0.0373524903096545,5000,3,10,"C3","none","superpopulation","facec"
5,"pooled_dr",0.593291581365302,0.00948956173919517,0.000699703461880641,TRUE,0.0371983984757835,5000,3,10,"C3","none","superpopulation","facec"
5,"tilted_aipw",0.602586505083562,0.0105131310402321,0.00999462718014099,TRUE,0.0412107164072102,5000,3,10,"C3","none","superpopulation","facec"
5,"oracle_dr",0.591275715968484,0.0126547058935097,-0.00131616193493678,TRUE,0.0496055355724516,5000,3,10,"C3","none","superpopulation","facec"
6,"one_round_crossfit",0.588480714797693,0.0103004827697424,-0.00411116310572834,TRUE,0.040377150504141,5000,3,10,"C3","none","superpopulation","facec"
6,"two_round_crossfit",0.588018613046686,0.0103376751863029,-0.0045732648567347,TRUE,0.0405229420980542,5000,3,10,"C3","none","superpopulation","facec"
6,"target_only",0.595540449477327,0.017868911544048,0.00294857157390627,TRUE,0.0700448461385323,5000,3,10,"C3","none","superpopulation","facec"
6,"sample_size",0.595362165682835,0.0094710962568662,0.00277028777941335,TRUE,0.0371260151151398,5000,3,10,"C3","none","superpopulation","facec"
6,"inverse_variance",0.596517079445642,0.0123100237522933,0.00392520154222087,TRUE,0.0482544064066548,5000,3,10,"C3","none","superpopulation","facec"
6,"federated_dr",0.595169612031078,0.00944580753043909,0.00257773412765716,TRUE,0.0370268851291158,5000,3,10,"C3","none","superpopulation","facec"
6,"pooled_dr",0.59240687705787,0.00951264788305365,-0.000185000845551619,TRUE,0.0372888944967926,5000,3,10,"C3","none","superpopulation","facec"
6,"tilted_aipw",0.599929637511231,0.00932550951507217,0.00733775960780991,TRUE,0.0365553255740541,5000,3,10,"C3","none","superpopulation","facec"
6,"oracle_dr",0.583152861810966,0.0127064586718469,-0.00943901609245512,TRUE,0.0498084027357333,5000,3,10,"C3","none","superpopulation","facec"
7,"one_round_crossfit",0.595323237892856,0.0101888810122301,0.00273135998943497,TRUE,0.0399396796534701,5000,3,10,"C3","none","superpopulation","facec"
7,"two_round_crossfit",0.597552721867083,0.0102875317462973,0.00496084396366214,TRUE,0.0403263834251102,5000,3,10,"C3","none","superpopulation","facec"
7,"target_only",0.5857708993175,0.0184661413694979,-0.00682097858592134,TRUE,0.0723859440352821,5000,3,10,"C3","none","superpopulation","facec"
7,"sample_size",0.596776899794271,0.00962624141829559,0.00418502189084935,TRUE,0.0377341729726943,5000,3,10,"C3","none","superpopulation","facec"
7,"inverse_variance",0.597114568684027,0.010428751717219,0.00452269078060619,TRUE,0.0408799555389192,5000,3,10,"C3","none","superpopulation","facec"
7,"federated_dr",0.59552594148567,0.00952096304149689,0.00293406358224901,TRUE,0.0373214893189417,5000,3,10,"C3","none","superpopulation","facec"
7,"pooled_dr",0.593515605608639,0.00951671747026402,0.000923727705218313,TRUE,0.0373048469855213,5000,3,10,"C3","none","superpopulation","facec"
7,"tilted_aipw",0.603690954623186,0.00940475508907003,0.0110990767197647,TRUE,0.0368659625159942,5000,3,10,"C3","none","superpopulation","facec"
7,"oracle_dr",0.590858425703173,0.012865481438221,-0.00173345220024812,TRUE,0.0504317605253637,5000,3,10,"C3","none","superpopulation","facec"
8,"one_round_crossfit",0.588309854326607,0.0102148700347186,-0.00428202357681462,TRUE,0.0400415547496116,5000,3,10,"C3","none","superpopulation","facec"
8,"two_round_crossfit",0.588138634211757,0.0102599200134634,-0.00445324369166433,TRUE,0.0402181474212999,5000,3,10,"C3","none","superpopulation","facec"
8,"target_only",0.591907968307115,0.018779552319577,-0.000683909596306043,TRUE,0.0736144923843132,5000,3,10,"C3","none","superpopulation","facec"
8,"sample_size",0.597388183434,0.00960009047759243,0.00479630553057919,TRUE,0.0376316631688141,5000,3,10,"C3","none","superpopulation","facec"
8,"inverse_variance",0.597849338916877,0.0101621369239304,0.00525746101345614,TRUE,0.0398348447537364,5000,3,10,"C3","none","superpopulation","facec"
8,"federated_dr",0.595171325299554,0.0095088144009537,0.00257944739613292,TRUE,0.0372738675230901,5000,3,10,"C3","none","superpopulation","facec"
8,"pooled_dr",0.594388028267512,0.00943466513727414,0.00179615036409075,TRUE,0.0369832077505059,5000,3,10,"C3","none","superpopulation","facec"
8,"tilted_aipw",0.597806897291197,0.00972984612149078,0.0052150193877758,TRUE,0.0381402959464774,5000,3,10,"C3","none","superpopulation","facec"
8,"oracle_dr",0.589302028960551,0.0126108319396624,-0.00328984894286977,TRUE,0.0494335528336514,5000,3,10,"C3","none","superpopulation","facec"
9,"one_round_crossfit",0.574550780451738,0.0104404951395993,-0.0180410974516834,TRUE,0.0409259889087601,5000,3,10,"C3","none","superpopulation","facec"
9,"two_round_crossfit",0.5743358312498,0.0103959460833939,-0.0182560466536216,TRUE,0.0407513598173446,5000,3,10,"C3","none","superpopulation","facec"
9,"target_only",0.574680839587218,0.0182957588967443,-0.0179110383162027,TRUE,0.0717180570148943,5000,3,10,"C3","none","superpopulation","facec"
9,"sample_size",0.580878029257657,0.00966698201203542,-0.0117138486457639,TRUE,0.037893873165572,5000,3,10,"C3","none","superpopulation","facec"
9,"inverse_variance",0.580712742716682,0.0100832556892541,-0.0118791351867388,TRUE,0.0395256359956933,5000,3,10,"C3","none","superpopulation","facec"
9,"federated_dr",0.57676707207875,0.00970545128780238,-0.0158248058246713,TRUE,0.0380446699556012,5000,3,10,"C3","none","superpopulation","facec"
9,"pooled_dr",0.577988932403241,0.00985979280552681,-0.0146029455001805,TRUE,0.0386496775877194,5000,3,10,"C3","none","superpopulation","facec"
9,"tilted_aipw",0.581396097917072,0.00981164023882865,-0.0111957799863495,TRUE,0.0384609229947361,5000,3,10,"C3","none","superpopulation","facec"
9,"oracle_dr",0.578066290640165,0.012712518148693,-0.0145255872632566,TRUE,0.0498321554484999,5000,3,10,"C3","none","superpopulation","facec"
10,"one_round_crossfit",0.608449735061331,0.010103161326167,0.0158578571579102,TRUE,0.0396036646585705,5000,3,10,"C3","none","superpopulation","facec"
10,"two_round_crossfit",0.607560942137036,0.0101410905906008,0.0149690642336152,TRUE,0.0397523446430712,5000,3,10,"C3","none","superpopulation","facec"
10,"target_only",0.596798193943364,0.0177888387096417,0.00420631603994304,TRUE,0.0697309663953796,5000,3,10,"C3","none","superpopulation","facec"
10,"sample_size",0.612072333207503,0.00959963107125232,0.0194804553040818,FALSE,0.0376298623290523,5000,3,10,"C3","none","superpopulation","facec"
10,"inverse_variance",0.61210199962539,0.0109602565173317,0.0195101217219692,TRUE,0.042963416070581,5000,3,10,"C3","none","superpopulation","facec"
10,"federated_dr",0.613083482716384,0.00958126934094492,0.020491604812963,FALSE,0.0375578856688596,5000,3,10,"C3","none","superpopulation","facec"
10,"pooled_dr",0.612189521263451,0.00962850964843737,0.0195976433600296,FALSE,0.0377430642714673,5000,3,10,"C3","none","superpopulation","facec"
10,"tilted_aipw",0.620175038934943,0.00968234641625326,0.0275831610315214,FALSE,0.0379541005233937,5000,3,10,"C3","none","superpopulation","facec"
10,"oracle_dr",0.607697929591036,0.0124794993537267,0.0151060516876147,TRUE,0.0489187385567902,5000,3,10,"C3","none","superpopulation","facec"
11,"one_round_crossfit",0.596172183439121,0.0103445178648705,0.00358030553570032,TRUE,0.0405497649051545,5000,3,10,"C3","none","superpopulation","facec"
11,"two_round_crossfit",0.595834581673105,0.0102861868663251,0.00324270376968405,TRUE,0.0403211115924922,5000,3,10,"C3","none","superpopulation","facec"
11,"target_only",0.617402252756387,0.0185969912403971,0.0248103748529659,TRUE,0.0728988661039702,5000,3,10,"C3","none","superpopulation","facec"
11,"sample_size",0.598331165620726,0.0109901416990602,0.00573928771730503,TRUE,0.0430805638302996,5000,3,10,"C3","none","superpopulation","facec"
11,"inverse_variance",0.597944679265673,0.0133597500512884,0.00535280136225214,TRUE,0.0523692578859649,5000,3,10,"C3","none","superpopulation","facec"
11,"federated_dr",0.598098445806116,0.00960803394922169,0.00550656790269533,TRUE,0.0376628010054252,5000,3,10,"C3","none","superpopulation","facec"
11,"pooled_dr",0.597055862039926,0.00966431983620372,0.00446398413650451,TRUE,0.0378834376280706,5000,3,10,"C3","none","superpopulation","facec"
11,"tilted_aipw",0.603385095229574,0.00998857190336335,0.0107932173261525,TRUE,0.0391544823751617,5000,3,10,"C3","none","superpopulation","facec"
11,"oracle_dr",0.590929342000795,0.0125241681095008,-0.00166253590262655,TRUE,0.0490938368618936,5000,3,10,"C3","none","superpopulation","facec"
12,"one_round_crossfit",0.578665462489205,0.0103659586546235,-0.0139264154142164,TRUE,0.0406338112565869,5000,3,10,"C3","none","superpopulation","facec"
12,"two_round_crossfit",0.579764300169754,0.0105487626134575,-0.0128275777336669,TRUE,0.0413503896076788,5000,3,10,"C3","none","superpopulation","facec"
12,"target_only",0.575088966968458,0.0183529412857614,-0.017502910934963,TRUE,0.0719422078609413,5000,3,10,"C3","none","superpopulation","facec"
12,"sample_size",0.583972050125319,0.0097763655476796,-0.00861982777810211,TRUE,0.0383226487463004,5000,3,10,"C3","none","superpopulation","facec"
12,"inverse_variance",0.584342705050291,0.0108471794622405,-0.00824917285312976,TRUE,0.0425201621596678,5000,3,10,"C3","none","superpopulation","facec"
12,"federated_dr",0.583886303077748,0.00974310843915771,-0.00870557482567269,TRUE,0.0381922832764348,5000,3,10,"C3","none","superpopulation","facec"
12,"pooled_dr",0.582892619743112,0.00971656566648676,-0.00969925816030892,TRUE,0.0380882375194649,5000,3,10,"C3","none","superpopulation","facec"
12,"tilted_aipw",0.586643064476938,0.01023592297832,-0.00594881342648312,TRUE,0.0401240807720662,5000,3,10,"C3","none","superpopulation","facec"
12,"oracle_dr",0.588763022043953,0.0126878598548743,-0.00382885585946768,TRUE,0.0497354967128905,5000,3,10,"C3","none","superpopulation","facec"
13,"one_round_crossfit",0.610984077603392,0.0103011987267135,0.0183921996999711,TRUE,0.0403799570038965,5000,3,10,"C3","none","superpopulation","facec"
13,"two_round_crossfit",0.610953479217929,0.0102484778831221,0.0183616013145081,TRUE,0.0401732950945493,5000,3,10,"C3","none","superpopulation","facec"
13,"target_only",0.606722674222006,0.0185323661916004,0.0141307963185852,TRUE,0.0726455405676889,5000,3,10,"C3","none","superpopulation","facec"
13,"sample_size",0.61680419516109,0.0111960464072146,0.0242123172576689,FALSE,0.0438876954547591,5000,3,10,"C3","none","superpopulation","facec"
13,"inverse_variance",0.617540998963067,0.0138133560957044,0.0249491210596454,TRUE,0.0541473609064149,5000,3,10,"C3","none","superpopulation","facec"
13,"federated_dr",0.619750763064634,0.00957624502361047,0.027158885161213,FALSE,0.0375381907068149,5000,3,10,"C3","none","superpopulation","facec"
13,"pooled_dr",0.618122441733328,0.00954858743718953,0.0255305638299065,FALSE,0.0374297749602461,5000,3,10,"C3","none","superpopulation","facec"
13,"tilted_aipw",0.621518753095639,0.00942356443676452,0.0289268751922181,FALSE,0.0369396938041018,5000,3,10,"C3","none","superpopulation","facec"
13,"oracle_dr",0.603056331159564,0.0124351598374488,0.0104644532561424,TRUE,0.0487449308467971,5000,3,10,"C3","none","superpopulation","facec"
14,"one_round_crossfit",0.604397748765491,0.010259250840778,0.0118058708620694,TRUE,0.0402155243125744,5000,3,10,"C3","none","superpopulation","facec"
14,"two_round_crossfit",0.603866474525057,0.0103658858638978,0.0112745966216362,TRUE,0.0406335259221851,5000,3,10,"C3","none","superpopulation","facec"
14,"target_only",0.5870534225744,0.0180738694089763,-0.00553845532902086,TRUE,0.0708482662057477,5000,3,10,"C3","none","superpopulation","facec"
14,"sample_size",0.607245777797373,0.00957426008224535,0.0146538998939522,TRUE,0.0375304098796407,5000,3,10,"C3","none","superpopulation","facec"
14,"inverse_variance",0.607620243354598,0.011947772421485,0.0150283654511769,TRUE,0.046834407283183,5000,3,10,"C3","none","superpopulation","facec"
14,"federated_dr",0.605025761323991,0.00959680112377171,0.0124338834205699,TRUE,0.0376187691387722,5000,3,10,"C3","none","superpopulation","facec"
14,"pooled_dr",0.603777576368964,0.00948359839859289,0.0111856984655433,TRUE,0.0371750226101677,5000,3,10,"C3","none","superpopulation","facec"
14,"tilted_aipw",0.61196641729056,0.00953064885918318,0.0193745393871392,FALSE,0.0373594570265936,5000,3,10,"C3","none","superpopulation","facec"
14,"oracle_dr",0.606984996588124,0.0125448452335212,0.0143931186847033,TRUE,0.049174889698661,5000,3,10,"C3","none","superpopulation","facec"
15,"one_round_crossfit",0.603101926767214,0.0104079737634529,0.0105100488637927,TRUE,0.0407985074568111,5000,3,10,"C3","none","superpopulation","facec"
15,"two_round_crossfit",0.603438948912635,0.0103506454310999,0.0108470710092136,TRUE,0.0405737845234,5000,3,10,"C3","none","superpopulation","facec"
15,"target_only",0.617911280502059,0.018672909634953,0.0253194025986382,TRUE,0.0731964607421576,5000,3,10,"C3","none","superpopulation","facec"
15,"sample_size",0.611283540446707,0.00973263364656181,0.0186916625432858,TRUE,0.0381512228439678,5000,3,10,"C3","none","superpopulation","facec"
15,"inverse_variance",0.611628131833357,0.0100936732076071,0.0190362539299354,TRUE,0.0395664719172537,5000,3,10,"C3","none","superpopulation","facec"
15,"federated_dr",0.610704591189666,0.00975831870228359,0.018112713286245,TRUE,0.0382519064122788,5000,3,10,"C3","none","superpopulation","facec"
15,"pooled_dr",0.610356741553253,0.00978168098571477,0.0177648636498323,TRUE,0.0383434848805224,5000,3,10,"C3","none","superpopulation","facec"
15,"tilted_aipw",0.614143530723405,0.00980049893964467,0.0215516528199834,FALSE,0.0384172499044531,5000,3,10,"C3","none","superpopulation","facec"
15,"oracle_dr",0.597371214575886,0.0124349800509573,0.00477933667246455,TRUE,0.0487442260967006,5000,3,10,"C3","none","superpopulation","facec"
16,"one_round_crossfit",0.611826675903313,0.0103237822563967,0.0192347979998919,TRUE,0.0404684828135422,5000,3,10,"C3","none","superpopulation","facec"
16,"two_round_crossfit",0.611433672295058,0.0102973852320442,0.0188417943916372,TRUE,0.0403650083794826,5000,3,10,"C3","none","superpopulation","facec"
16,"target_only",0.616265009969141,0.0183743775233974,0.0236731320657202,TRUE,0.0720262363684026,5000,3,10,"C3","none","superpopulation","facec"
16,"sample_size",0.621532779203253,0.00958427972964531,0.0289409012998323,FALSE,0.0375696861757242,5000,3,10,"C3","none","superpopulation","facec"
16,"inverse_variance",0.621704436069985,0.00982415136066144,0.0291125581665639,FALSE,0.0385099656911332,5000,3,10,"C3","none","superpopulation","facec"
16,"federated_dr",0.618802358720898,0.00958118397135716,0.0262104808174772,FALSE,0.0375575510262249,5000,3,10,"C3","none","superpopulation","facec"
16,"pooled_dr",0.62002296245255,0.00950595346717703,0.0274310845491283,FALSE,0.0372626528687612,5000,3,10,"C3","none","superpopulation","facec"
16,"tilted_aipw",0.624082114211722,0.00971541346884289,0.0314902363083009,FALSE,0.0380837209876947,5000,3,10,"C3","none","superpopulation","facec"
16,"oracle_dr",0.607944527742632,0.0124459528028638,0.0153526498392108,TRUE,0.0487872384937968,5000,3,10,"C3","none","superpopulation","facec"
17,"one_round_crossfit",0.59779789993019,0.010238217569094,0.00520602202676923,TRUE,0.0401330754026188,5000,3,10,"C3","none","superpopulation","facec"
17,"two_round_crossfit",0.598405085130787,0.010283551817335,0.00581320722736622,TRUE,0.040310782390256,5000,3,10,"C3","none","superpopulation","facec"
17,"target_only",0.58606918768303,0.0186664304688267,-0.00652269022039142,TRUE,0.073171062877643,5000,3,10,"C3","none","superpopulation","facec"
17,"sample_size",0.602174701242978,0.00953695287496577,0.00958282333955651,TRUE,0.0373841683143772,5000,3,10,"C3","none","superpopulation","facec"
17,"inverse_variance",0.602208118982831,0.011369830415002,0.00961624107940962,TRUE,0.0445689162474641,5000,3,10,"C3","none","superpopulation","facec"
17,"federated_dr",0.59940717352018,0.00949438091738347,0.00681529561675853,TRUE,0.0372172893071518,5000,3,10,"C3","none","superpopulation","facec"
17,"pooled_dr",0.598770683997678,0.00943394150674133,0.00617880609425636,TRUE,0.0369803711709411,5000,3,10,"C3","none","superpopulation","facec"
17,"tilted_aipw",0.608576710789456,0.00960530067845558,0.0159848328860351,TRUE,0.0376520867809023,5000,3,10,"C3","none","superpopulation","facec"
17,"oracle_dr",0.599878230657631,0.0125927201381483,0.00728635275420964,TRUE,0.049362555876326,5000,3,10,"C3","none","superpopulation","facec"
18,"one_round_crossfit",0.58856514280744,0.0105672858342063,-0.00402673509598162,TRUE,0.0414229992987691,5000,3,10,"C3","none","superpopulation","facec"
18,"two_round_crossfit",0.590871254042898,0.0102822575830812,-0.00172062386052274,TRUE,0.0403057090852059,5000,3,10,"C3","none","superpopulation","facec"
18,"target_only",0.580592045980155,0.0188926336230822,-0.0119998319232663,TRUE,0.0740577629487031,5000,3,10,"C3","none","superpopulation","facec"
18,"sample_size",0.598589265965897,0.0104552366188021,0.00599738806247552,TRUE,0.0409837744453929,5000,3,10,"C3","none","superpopulation","facec"
18,"inverse_variance",0.600132964529087,0.0136011831420459,0.00754108662566577,TRUE,0.0533156582110865,5000,3,10,"C3","none","superpopulation","facec"
18,"federated_dr",0.600107487056319,0.00944238669314599,0.00751560915289817,TRUE,0.0370134756933327,5000,3,10,"C3","none","superpopulation","facec"
18,"pooled_dr",0.59521405542074,0.00953995364033233,0.00262217751731886,TRUE,0.0373959310984664,5000,3,10,"C3","none","superpopulation","facec"
18,"tilted_aipw",0.605263289752445,0.00995828614132074,0.0126714118490243,TRUE,0.0390357643694659,5000,3,10,"C3","none","superpopulation","facec"
18,"oracle_dr",0.584533756397557,0.0124968215325495,-0.00805812150586438,TRUE,0.0489866402500434,5000,3,10,"C3","none","superpopulation","facec"
19,"one_round_crossfit",0.576229037446546,0.0104076490332876,-0.0163628404568747,TRUE,0.0407972345379537,5000,3,10,"C3","none","superpopulation","facec"
19,"two_round_crossfit",0.575803686348191,0.0103813364273579,-0.0167881915552298,TRUE,0.0406940910180302,5000,3,10,"C3","none","superpopulation","facec"
19,"target_only",0.559772781751591,0.0188282928377826,-0.0328190961518299,TRUE,0.0738055517048548,5000,3,10,"C3","none","superpopulation","facec"
19,"sample_size",0.582368184761657,0.0125190089511027,-0.0102236931417641,TRUE,0.0490736133325915,5000,3,10,"C3","none","superpopulation","facec"
19,"inverse_variance",0.583484290687875,0.0146347212897965,-0.00910758721554628,TRUE,0.0573670533035655,5000,3,10,"C3","none","superpopulation","facec"
19,"federated_dr",0.585289593216295,0.00967610132538054,-0.00730228468712635,TRUE,0.0379296202170123,5000,3,10,"C3","none","superpopulation","facec"
19,"pooled_dr",0.581878556406946,0.00957225144030193,-0.0107133214964751,TRUE,0.0375225361479068,5000,3,10,"C3","none","superpopulation","facec"
19,"tilted_aipw",0.591892791656187,0.00980817834054985,-0.000699086247233804,TRUE,0.038447352602847,5000,3,10,"C3","none","superpopulation","facec"
19,"oracle_dr",0.58293736366828,0.0127096177966498,-0.00965451423514097,TRUE,0.0498207862774058,5000,3,10,"C3","none","superpopulation","facec"
20,"one_round_crossfit",0.570967715423882,0.0102838544839984,-0.021624162479539,FALSE,0.0403119688217752,5000,3,10,"C3","none","superpopulation","facec"
20,"two_round_crossfit",0.571964185546913,0.0102552645465183,-0.0206276923565079,FALSE,0.0401998983262126,5000,3,10,"C3","none","superpopulation","facec"
20,"target_only",0.577407017846119,0.01836385912318,-0.0151848600573018,TRUE,0.0719850049972002,5000,3,10,"C3","none","superpopulation","facec"
20,"sample_size",0.582249856347268,0.00985197726901134,-0.0103420215561534,TRUE,0.0386190412475389,5000,3,10,"C3","none","superpopulation","facec"
20,"inverse_variance",0.58362128670489,0.0130116424381079,-0.00897059119853094,TRUE,0.0510047011168089,5000,3,10,"C3","none","superpopulation","facec"
20,"federated_dr",0.580824726552858,0.00953167993119621,-0.0117671513505636,TRUE,0.0373634987546156,5000,3,10,"C3","none","superpopulation","facec"
20,"pooled_dr",0.57630973877135,0.0094640815713042,-0.0162821391320712,TRUE,0.037098518053011,5000,3,10,"C3","none","superpopulation","facec"
20,"tilted_aipw",0.583872305051521,0.00969861381133646,-0.00871957285189973,TRUE,0.0380178675403644,5000,3,10,"C3","none","superpopulation","facec"
20,"oracle_dr",0.567305171292324,0.0126112722719417,-0.0252867066110973,FALSE,0.0494352789044687,5000,3,10,"C3","none","superpopulation","facec"
21,"one_round_crossfit",0.57677342405538,0.010252847735891,-0.0158184538480414,TRUE,0.0401904246026388,5000,3,10,"C3","none","superpopulation","facec"
21,"two_round_crossfit",0.576645533498709,0.0103362028577385,-0.0159463444047118,TRUE,0.0405171706761347,5000,3,10,"C3","none","superpopulation","facec"
21,"target_only",0.5731731458289,0.0191401810862082,-0.0194187320745208,TRUE,0.0750281311730856,5000,3,10,"C3","none","superpopulation","facec"
21,"sample_size",0.582216000355673,0.00955924693826321,-0.010375877547748,TRUE,0.0374715594366413,5000,3,10,"C3","none","superpopulation","facec"
21,"inverse_variance",0.583790550124551,0.0119512140293822,-0.00880132777886988,TRUE,0.0468478981382379,5000,3,10,"C3","none","superpopulation","facec"
21,"federated_dr",0.585006021672624,0.00943036084891015,-0.00758585623079722,TRUE,0.036966335250161,5000,3,10,"C3","none","superpopulation","facec"
21,"pooled_dr",0.580727879344082,0.00933463970756288,-0.0118639985593392,TRUE,0.0365911152709615,5000,3,10,"C3","none","superpopulation","facec"
21,"tilted_aipw",0.591565038106071,0.00960235468631329,-0.00102683979735008,TRUE,0.0376405387039069,5000,3,10,"C3","none","superpopulation","facec"
21,"oracle_dr",0.576005123670143,0.0128519675754646,-0.016586754233278,TRUE,0.0503787871567745,5000,3,10,"C3","none","superpopulation","facec"
22,"one_round_crossfit",0.589102822483683,0.010300187445922,-0.00348905541973832,TRUE,0.0403759928560374,5000,3,10,"C3","none","superpopulation","facec"
22,"two_round_crossfit",0.589051437373195,0.0103087653835987,-0.00354044053022584,TRUE,0.0404096177538535,5000,3,10,"C3","none","superpopulation","facec"
22,"target_only",0.588298633440104,0.0185329096959945,-0.00429324446331747,TRUE,0.0726476710657646,5000,3,10,"C3","none","superpopulation","facec"
22,"sample_size",0.596766872180832,0.0109882429930234,0.00417499427741075,TRUE,0.0430731210394009,5000,3,10,"C3","none","superpopulation","facec"
22,"inverse_variance",0.597584587173827,0.0134555998819484,0.00499270927040585,TRUE,0.0527449823180004,5000,3,10,"C3","none","superpopulation","facec"
22,"federated_dr",0.595341212174071,0.00966750178389709,0.00274933427064961,TRUE,0.0378959106338301,5000,3,10,"C3","none","superpopulation","facec"
22,"pooled_dr",0.592543540871431,0.0095737583568162,-4.83370319898091e-05,TRUE,0.0375284431520984,5000,3,10,"C3","none","superpopulation","facec"
22,"tilted_aipw",0.597373722069637,0.00978170015621933,0.00478184416621608,TRUE,0.0383435600275195,5000,3,10,"C3","none","superpopulation","facec"
22,"oracle_dr",0.586430020073917,0.0125786769591796,-0.00616185782950451,TRUE,0.0493075076263116,5000,3,10,"C3","none","superpopulation","facec"
23,"one_round_crossfit",0.570640757701672,0.0104628671301291,-0.0219511202017491,FALSE,0.0410136855001619,5000,3,10,"C3","none","superpopulation","facec"
23,"two_round_crossfit",0.569424899891008,0.0105592612408509,-0.0231669780124134,FALSE,0.041391543470835,5000,3,10,"C3","none","superpopulation","facec"
23,"target_only",0.589632569355467,0.0181587940361856,-0.00295930854795423,TRUE,0.0711811646272089,5000,3,10,"C3","none","superpopulation","facec"
23,"sample_size",0.576736117015984,0.0123673269184789,-0.0158557608874372,TRUE,0.048479030690503,5000,3,10,"C3","none","superpopulation","facec"
23,"inverse_variance",0.57651053798776,0.0141977204850782,-0.0160813399156613,TRUE,0.0556540416266396,5000,3,10,"C3","none","superpopulation","facec"
23,"federated_dr",0.570709736645027,0.0097630007984936,-0.021882141258394,FALSE,0.0382702598921665,5000,3,10,"C3","none","superpopulation","facec"
23,"pooled_dr",0.57122448263618,0.009693724942231,-0.0213673952672416,FALSE,0.0379987035256208,5000,3,10,"C3","none","superpopulation","facec"
23,"tilted_aipw",0.576085135992635,0.0101032434725196,-0.016506741910786,TRUE,0.0396039866663556,5000,3,10,"C3","none","superpopulation","facec"
23,"oracle_dr",0.56987330906781,0.0124191931918773,-0.0227185688356109,TRUE,0.0486823427462491,5000,3,10,"C3","none","superpopulation","facec"
24,"one_round_crossfit",0.608688748775763,0.0100750153002224,0.016096870872342,TRUE,0.0394933342642516,5000,3,10,"C3","none","superpopulation","facec"
24,"two_round_crossfit",0.608252376108411,0.0101352158958998,0.0156604982049896,TRUE,0.0397293162630028,5000,3,10,"C3","none","superpopulation","facec"
24,"target_only",0.642481083485636,0.0179983940647982,0.0498892055822152,FALSE,0.0705524082931277,5000,3,10,"C3","none","superpopulation","facec"
24,"sample_size",0.610952071237596,0.0146231964403944,0.0183601933341747,TRUE,0.0573218767240549,5000,3,10,"C3","none","superpopulation","facec"
24,"inverse_variance",0.610312520117637,0.015833784510055,0.0177206422142155,TRUE,0.062067294757352,5000,3,10,"C3","none","superpopulation","facec"
24,"federated_dr",0.611270556404025,0.00945023260602657,0.0186786785006035,FALSE,0.0370442311066763,5000,3,10,"C3","none","superpopulation","facec"
24,"pooled_dr",0.608913099106668,0.00935867352961734,0.0163212212032472,TRUE,0.0366853261222366,5000,3,10,"C3","none","superpopulation","facec"
24,"tilted_aipw",0.615195575704821,0.00967168867229763,0.0226036978014003,FALSE,0.0379123229347746,5000,3,10,"C3","none","superpopulation","facec"
24,"oracle_dr",0.589628899440523,0.0126462205874603,-0.00296297846289773,TRUE,0.0495722737839424,5000,3,10,"C3","none","superpopulation","facec"
25,"one_round_crossfit",0.589241343242394,0.0104807635560101,-0.00335053466102675,TRUE,0.0410838382005196,5000,3,10,"C3","none","superpopulation","facec"
25,"two_round_crossfit",0.590213831541733,0.0103986142288628,-0.00237804636168848,TRUE,0.0407618187553938,5000,3,10,"C3","none","superpopulation","facec"
25,"target_only",0.600406143790103,0.0186281629708744,0.00781426588668199,TRUE,0.073021057042113,5000,3,10,"C3","none","superpopulation","facec"
25,"sample_size",0.600173568449836,0.0105867335957615,0.00758169054641467,TRUE,0.0414992331232256,5000,3,10,"C3","none","superpopulation","facec"
25,"inverse_variance",0.601351113481917,0.0134365959622401,0.00875923557849578,TRUE,0.0526704883216138,5000,3,10,"C3","none","superpopulation","facec"
25,"federated_dr",0.599169126580621,0.00968342269440096,0.00657724867719967,TRUE,0.0379583194562074,5000,3,10,"C3","none","superpopulation","facec"
25,"pooled_dr",0.597389381424058,0.00943053824195073,0.00479750352063679,TRUE,0.0369670306181022,5000,3,10,"C3","none","superpopulation","facec"
25,"tilted_aipw",0.600033327549333,0.00974321380030856,0.00744144964591209,TRUE,0.0381926962845569,5000,3,10,"C3","none","superpopulation","facec"
25,"oracle_dr",0.585242215575086,0.0126508596570494,-0.00734966232833523,TRUE,0.0495904586025753,5000,3,10,"C3","none","superpopulation","facec"
26,"one_round_crossfit",0.592120702224185,0.0105210927754412,-0.000471175679236158,TRUE,0.0412419258357384,5000,3,10,"C3","none","superpopulation","facec"
26,"two_round_crossfit",0.593209608975201,0.0104319799396898,0.000617731071779981,TRUE,0.0408926099384725,5000,3,10,"C3","none","superpopulation","facec"
26,"target_only",0.585977471838568,0.0184214916397122,-0.00661440606485286,TRUE,0.0722109203106831,5000,3,10,"C3","none","superpopulation","facec"
26,"sample_size",0.599457703371703,0.00993513068607427,0.00686582546828185,TRUE,0.0389449966528086,5000,3,10,"C3","none","superpopulation","facec"
26,"inverse_variance",0.600768480767757,0.0131159678532499,0.0081766028643363,TRUE,0.0514136492295101,5000,3,10,"C3","none","superpopulation","facec"
26,"federated_dr",0.600543845658817,0.00975166371027168,0.00795196775539608,TRUE,0.0382258193229574,5000,3,10,"C3","none","superpopulation","facec"
26,"pooled_dr",0.599392243983998,0.00969180492890639,0.00680036608057732,TRUE,0.0379911772116885,5000,3,10,"C3","none","superpopulation","facec"
26,"tilted_aipw",0.604448064440897,0.00984653418246102,0.0118561865374759,TRUE,0.0385977047403323,5000,3,10,"C3","none","superpopulation","facec"
26,"oracle_dr",0.597552127902255,0.0126547468279436,0.00496024999883371,TRUE,0.049605696032484,5000,3,10,"C3","none","superpopulation","facec"
27,"one_round_crossfit",0.576102688879655,0.010357875754647,-0.0164891890237662,TRUE,0.0406021268708974,5000,3,10,"C3","none","superpopulation","facec"
27,"two_round_crossfit",0.576035618237025,0.0103744924016116,-0.0165562596663964,TRUE,0.0406672629300866,5000,3,10,"C3","none","superpopulation","facec"
27,"target_only",0.586628816887045,0.0186449755900185,-0.00596306101637589,TRUE,0.0730869612981293,5000,3,10,"C3","none","superpopulation","facec"
27,"sample_size",0.579847971361739,0.00959726117243901,-0.0127439065416817,TRUE,0.0376205724964103,5000,3,10,"C3","none","superpopulation","facec"
27,"inverse_variance",0.580302012232248,0.0110085243261279,-0.0122898656711736,TRUE,0.0431526224042873,5000,3,10,"C3","none","superpopulation","facec"
27,"federated_dr",0.579039505529078,0.00955611818790336,-0.0135523723743434,TRUE,0.0374592949605974,5000,3,10,"C3","none","superpopulation","facec"
27,"pooled_dr",0.578362245525983,0.009534195315256,-0.0142296323774384,TRUE,0.0373733588789444,5000,3,10,"C3","none","superpopulation","facec"
27,"tilted_aipw",0.583651630813195,0.00997305903689465,-0.00894024709022578,TRUE,0.0390936730560105,5000,3,10,"C3","none","superpopulation","facec"
27,"oracle_dr",0.579566399862215,0.012692077461136,-0.013025478041206,TRUE,0.0497520294256382,5000,3,10,"C3","none","superpopulation","facec"
28,"one_round_crossfit",0.614224940321648,0.0101827707351764,0.0216330624182267,FALSE,0.0399157278075484,5000,3,10,"C3","none","superpopulation","facec"
28,"two_round_crossfit",0.614459751557775,0.0102236531825834,0.0218678736543537,FALSE,0.0400759840565834,5000,3,10,"C3","none","superpopulation","facec"
28,"target_only",0.60209750298643,0.0183951868801751,0.00950562508300901,TRUE,0.0721078075480539,5000,3,10,"C3","none","superpopulation","facec"
28,"sample_size",0.619919155170427,0.0129241692944647,0.0273272772670059,FALSE,0.0506618126944984,5000,3,10,"C3","none","superpopulation","facec"
28,"inverse_variance",0.620630139627579,0.0147802049942893,0.0280382617241581,TRUE,0.0579373389458522,5000,3,10,"C3","none","superpopulation","facec"
28,"federated_dr",0.621355670459144,0.00979419408686389,0.0287637925557229,FALSE,0.0383925353356969,5000,3,10,"C3","none","superpopulation","facec"
28,"pooled_dr",0.61928362376481,0.00985417883265434,0.0266917458613892,FALSE,0.0386276712184388,5000,3,10,"C3","none","superpopulation","facec"
28,"tilted_aipw",0.62173950612773,0.010053974914519,0.0291476282243086,FALSE,0.0394108574678529,5000,3,10,"C3","none","superpopulation","facec"
28,"oracle_dr",0.60976959339138,0.0125023341592962,0.0171777154879589,TRUE,0.0490082493498107,5000,3,10,"C3","none","superpopulation","facec"
29,"one_round_crossfit",0.605641442515666,0.0103408437425018,0.0130495646122453,TRUE,0.0405353626101197,5000,3,10,"C3","none","superpopulation","facec"
29,"two_round_crossfit",0.606252141239264,0.0103255901516993,0.0136602633358425,TRUE,0.0404755696329042,5000,3,10,"C3","none","superpopulation","facec"
29,"target_only",0.605298522208477,0.0186559447810862,0.012706644305056,TRUE,0.0731299597369937,5000,3,10,"C3","none","superpopulation","facec"
29,"sample_size",0.612666865829917,0.00958058579311523,0.0200749879264959,FALSE,0.0375552062106039,5000,3,10,"C3","none","superpopulation","facec"
29,"inverse_variance",0.612695295127842,0.0108762239409547,0.020103417224421,TRUE,0.0426340144241268,5000,3,10,"C3","none","superpopulation","facec"
29,"federated_dr",0.610844082503295,0.00950717270268622,0.0182522045998742,TRUE,0.0372674321841346,5000,3,10,"C3","none","superpopulation","facec"
29,"pooled_dr",0.609748568901541,0.00948684728160305,0.0171566909981201,TRUE,0.0371877579975475,5000,3,10,"C3","none","superpopulation","facec"
29,"tilted_aipw",0.619404070824728,0.00971277076365981,0.0268121929213064,FALSE,0.0380733617737337,5000,3,10,"C3","none","superpopulation","facec"
29,"oracle_dr",0.598674326869678,0.0125070442285929,0.00608244896625654,TRUE,0.0490267124821833,5000,3,10,"C3","none","superpopulation","facec"
30,"one_round_crossfit",0.593599551026746,0.0101837963184719,0.00100767312332462,TRUE,0.0399197480201929,5000,3,10,"C3","none","superpopulation","facec"
30,"two_round_crossfit",0.593038817911872,0.0102724437995574,0.00044694000845058,TRUE,0.0402672397606885,5000,3,10,"C3","none","superpopulation","facec"
30,"target_only",0.593129853574077,0.0181729942221716,0.000537975670655388,TRUE,0.0712368283334215,5000,3,10,"C3","none","superpopulation","facec"
30,"sample_size",0.595314339392472,0.0108614694001244,0.00272246148905042,TRUE,0.0425761776868554,5000,3,10,"C3","none","superpopulation","facec"
30,"inverse_variance",0.595882695296269,0.0132940957539425,0.00329081739284787,TRUE,0.0521118977695081,5000,3,10,"C3","none","superpopulation","facec"
30,"federated_dr",0.59795308427004,0.00975604741550024,0.00536120636661874,TRUE,0.0382430031316912,5000,3,10,"C3","none","superpopulation","facec"
30,"pooled_dr",0.594327616683821,0.00955538056492756,0.00173573878039956,TRUE,0.037456403531664,5000,3,10,"C3","none","superpopulation","facec"
30,"tilted_aipw",0.603601399451911,0.00967936173502198,0.0110095215484897,TRUE,0.0379424007879565,5000,3,10,"C3","none","superpopulation","facec"
30,"oracle_dr",0.592077922710939,0.0127872310760092,-0.000513955192481985,TRUE,0.0501250247419389,5000,3,10,"C3","none","superpopulation","facec"
31,"one_round_crossfit",0.576653453876092,0.0101853912081695,-0.0159384240273289,TRUE,0.039925999872926,5000,3,10,"C3","none","superpopulation","facec"
31,"two_round_crossfit",0.575736726017341,0.0101753896026983,-0.0168551518860798,TRUE,0.0398867942999042,5000,3,10,"C3","none","superpopulation","facec"
31,"target_only",0.587736163715791,0.0179638798841995,-0.00485571418763042,TRUE,0.0704171151912694,5000,3,10,"C3","none","superpopulation","facec"
31,"sample_size",0.583511380778081,0.00959107482065402,-0.00908049712533976,TRUE,0.0375963224430216,5000,3,10,"C3","none","superpopulation","facec"
31,"inverse_variance",0.584535700912564,0.0121095480282929,-0.00805617699085714,TRUE,0.0474685560090242,5000,3,10,"C3","none","superpopulation","facec"
31,"federated_dr",0.583467328923974,0.00971212930139015,-0.00912454897944759,TRUE,0.0380708472878417,5000,3,10,"C3","none","superpopulation","facec"
31,"pooled_dr",0.583196945566466,0.0098126618742459,-0.00939493233695532,TRUE,0.0384649277319826,5000,3,10,"C3","none","superpopulation","facec"
31,"tilted_aipw",0.585060373654823,0.00992442071475074,-0.00753150424859816,TRUE,0.0389030143366695,5000,3,10,"C3","none","superpopulation","facec"
31,"oracle_dr",0.57669265634899,0.0128088210204032,-0.0158992215544307,TRUE,0.0502096557688196,5000,3,10,"C3","none","superpopulation","facec"
32,"one_round_crossfit",0.611669925131712,0.0104137026162711,0.0190780472282907,TRUE,0.0408209641472037,5000,3,10,"C3","none","superpopulation","facec"
32,"two_round_crossfit",0.612022661814693,0.0104225104660679,0.0194307839112723,TRUE,0.0408554902839695,5000,3,10,"C3","none","superpopulation","facec"
32,"target_only",0.614454738099474,0.0187886943983852,0.0218628601960529,TRUE,0.0736503286747288,5000,3,10,"C3","none","superpopulation","facec"
32,"sample_size",0.618730995307217,0.00948606277260845,0.0261391174037958,FALSE,0.0371846827787974,5000,3,10,"C3","none","superpopulation","facec"
32,"inverse_variance",0.619140540851634,0.0100051833215603,0.0265486629482123,FALSE,0.0392195979379579,5000,3,10,"C3","none","superpopulation","facec"
32,"federated_dr",0.619813934581395,0.00954998665902977,0.0272220566779736,FALSE,0.0374352598090726,5000,3,10,"C3","none","superpopulation","facec"
32,"pooled_dr",0.617721553178639,0.00938892799142492,0.0251296752752183,FALSE,0.0368039214332656,5000,3,10,"C3","none","superpopulation","facec"
32,"tilted_aipw",0.63144482403969,0.0101819315580775,0.0388529461362686,FALSE,0.0399124382937677,5000,3,10,"C3","none","superpopulation","facec"
32,"oracle_dr",0.606687025174075,0.0124118164724969,0.0140951472706539,TRUE,0.0486534265376297,5000,3,10,"C3","none","superpopulation","facec"
33,"one_round_crossfit",0.604520800220989,0.0102140665414266,0.011928922317568,TRUE,0.0400384051137834,5000,3,10,"C3","none","superpopulation","facec"
33,"two_round_crossfit",0.603227025571463,0.0101873394630954,0.0106351476680415,TRUE,0.0399336368919012,5000,3,10,"C3","none","superpopulation","facec"
33,"target_only",0.608952680536412,0.0184236217328387,0.0163608026329906,TRUE,0.0722192701223066,5000,3,10,"C3","none","superpopulation","facec"
33,"sample_size",0.608494158498172,0.00966417970503821,0.0159022805947505,TRUE,0.0378828883239957,5000,3,10,"C3","none","superpopulation","facec"
33,"inverse_variance",0.609611757486725,0.0113301860595828,0.0170198795833035,TRUE,0.0444135132298402,5000,3,10,"C3","none","superpopulation","facec"
33,"federated_dr",0.606631746607261,0.00988161517589414,0.0140398687038394,TRUE,0.0387352197076738,5000,3,10,"C3","none","superpopulation","facec"
33,"pooled_dr",0.605928268092777,0.0097744658609107,0.0133363901893557,TRUE,0.0383152021110025,5000,3,10,"C3","none","superpopulation","facec"
33,"tilted_aipw",0.609253962568663,0.0098374714638805,0.0166620846652414,TRUE,0.0385621795362925,5000,3,10,"C3","none","superpopulation","facec"
33,"oracle_dr",0.602964140427892,0.0125876516849336,0.0103722625244711,TRUE,0.0493426879048096,5000,3,10,"C3","none","superpopulation","facec"
34,"one_round_crossfit",0.602937635953242,0.0104344826976608,0.0103457580498213,TRUE,0.040902420569443,5000,3,10,"C3","none","superpopulation","facec"
34,"two_round_crossfit",0.602748467341384,0.0103992426689144,0.010156589437963,TRUE,0.0407642821951288,5000,3,10,"C3","none","superpopulation","facec"
34,"target_only",0.603595145006607,0.0184421307014012,0.0110032671031856,TRUE,0.0722918239458534,5000,3,10,"C3","none","superpopulation","facec"
34,"sample_size",0.609780986047616,0.00958915679941096,0.0171891081441953,TRUE,0.0375888039379058,5000,3,10,"C3","none","superpopulation","facec"
34,"inverse_variance",0.610476614681611,0.0103176973280618,0.0178847367781894,TRUE,0.0404446303327726,5000,3,10,"C3","none","superpopulation","facec"
34,"federated_dr",0.605676893152059,0.009533222141796,0.0130850152486374,TRUE,0.03736954410908,5000,3,10,"C3","none","superpopulation","facec"
34,"pooled_dr",0.60465925467371,0.00962000599486124,0.0120673767702889,TRUE,0.0377097305619749,5000,3,10,"C3","none","superpopulation","facec"
34,"tilted_aipw",0.610695750643931,0.0100358120578391,0.0181038727405103,TRUE,0.0393396603779548,5000,3,10,"C3","none","superpopulation","facec"
34,"oracle_dr",0.599150361294599,0.0125306485139305,0.00655848339117826,TRUE,0.0491192395804683,5000,3,10,"C3","none","superpopulation","facec"
35,"one_round_crossfit",0.57898327431262,0.0100770586230535,-0.0136086035908016,TRUE,0.0395013439425673,5000,3,10,"C3","none","superpopulation","facec"
35,"two_round_crossfit",0.578926405335957,0.0101012632149956,-0.0136654725674643,TRUE,0.0395962241995012,5000,3,10,"C3","none","superpopulation","facec"
35,"target_only",0.56673484375532,0.0181307769037155,-0.025857034148101,TRUE,0.0710713394860258,5000,3,10,"C3","none","superpopulation","facec"
35,"sample_size",0.581861568748393,0.0136530861386278,-0.0107303091550279,TRUE,0.053519114219067,5000,3,10,"C3","none","superpopulation","facec"
35,"inverse_variance",0.582612946851644,0.0152251725649009,-0.00997893105177705,TRUE,0.0596815797712262,5000,3,10,"C3","none","superpopulation","facec"
35,"federated_dr",0.582225095572092,0.00976195115296308,-0.0103667823313293,TRUE,0.0382661453572937,5000,3,10,"C3","none","superpopulation","facec"
35,"pooled_dr",0.580667341869841,0.00977429492923786,-0.0119245360335802,TRUE,0.0383145320711573,5000,3,10,"C3","none","superpopulation","facec"
35,"tilted_aipw",0.584513811700681,0.00993543382241951,-0.00807806620274032,TRUE,0.0389461849254467,5000,3,10,"C3","none","superpopulation","facec"
35,"oracle_dr",0.586092650821192,0.0124570133763968,-0.00649922708222894,TRUE,0.0488305951453427,5000,3,10,"C3","none","superpopulation","facec"
36,"one_round_crossfit",0.591276364972693,0.0102750412893681,-0.00131551293072807,TRUE,0.0402774217336468,5000,3,10,"C3","none","superpopulation","facec"
36,"two_round_crossfit",0.590815243895041,0.0103375408255508,-0.00177663400837968,TRUE,0.0405224154135839,5000,3,10,"C3","none","superpopulation","facec"
36,"target_only",0.588213055294161,0.0184161043713489,-0.00437882260925981,TRUE,0.0721898026067489,5000,3,10,"C3","none","superpopulation","facec"
36,"sample_size",0.592488552980618,0.0192854338524527,-0.000103324922802961,TRUE,0.0755975115540735,5000,3,10,"C3","none","superpopulation","facec"
36,"inverse_variance",0.592261743425232,0.0195793517594533,-0.000330134478189414,TRUE,0.0767496485783385,5000,3,10,"C3","none","superpopulation","facec"
36,"federated_dr",0.595794993691076,0.009587515433233,0.00320311578765475,TRUE,0.0375823699007172,5000,3,10,"C3","none","superpopulation","facec"
36,"pooled_dr",0.594040953299162,0.00957905182718971,0.00144907539574113,TRUE,0.0375491931746688,5000,3,10,"C3","none","superpopulation","facec"
36,"tilted_aipw",0.596992319334397,0.00997510917995658,0.00440044143097629,TRUE,0.0391017094691395,5000,3,10,"C3","none","superpopulation","facec"
36,"oracle_dr",0.592871710553479,0.0127894039111145,0.000279832650057932,TRUE,0.0501335420990403,5000,3,10,"C3","none","superpopulation","facec"
37,"one_round_crossfit",0.604406895157327,0.0103117566619514,0.0118150172539054,TRUE,0.0404213433495315,5000,3,10,"C3","none","superpopulation","facec"
37,"two_round_crossfit",0.603963649218813,0.0103587212714719,0.0113717713153921,TRUE,0.040605441235948,5000,3,10,"C3","none","superpopulation","facec"
37,"target_only",0.62370055275556,0.0185166362411012,0.0311086748521385,TRUE,0.0725838802947749,5000,3,10,"C3","none","superpopulation","facec"
37,"sample_size",0.610042385769145,0.00993254136927327,0.0174505078657239,TRUE,0.0389348467174595,5000,3,10,"C3","none","superpopulation","facec"
37,"inverse_variance",0.610580051416437,0.0126946043577133,0.0179881735130158,TRUE,0.0497619346782063,5000,3,10,"C3","none","superpopulation","facec"
37,"federated_dr",0.609986474643925,0.00964101119719775,0.0173945967405041,TRUE,0.0377920694421099,5000,3,10,"C3","none","superpopulation","facec"
37,"pooled_dr",0.608884888932488,0.00952623748201159,0.0162930110290664,TRUE,0.0373421647458365,5000,3,10,"C3","none","superpopulation","facec"
37,"tilted_aipw",0.614863957565003,0.010092584000941,0.0222720796615821,FALSE,0.0395622023055791,5000,3,10,"C3","none","superpopulation","facec"
37,"oracle_dr",0.594381241930132,0.0123841606174689,0.00178936402671104,TRUE,0.0485450175779969,5000,3,10,"C3","none","superpopulation","facec"
38,"one_round_crossfit",0.589035859605388,0.0103344724747198,-0.00355601829803287,TRUE,0.0405103876993425,5000,3,10,"C3","none","superpopulation","facec"
38,"two_round_crossfit",0.589589202080007,0.0103512257601732,-0.0030026758234144,TRUE,0.0405760593715656,5000,3,10,"C3","none","superpopulation","facec"
38,"target_only",0.570859607627846,0.0184220332299687,-0.0217322702755747,TRUE,0.0722130433054775,5000,3,10,"C3","none","superpopulation","facec"
38,"sample_size",0.589354125615071,0.0152844454815989,-0.00323775228834999,TRUE,0.0599139253351997,5000,3,10,"C3","none","superpopulation","facec"
38,"inverse_variance",0.589935283629913,0.0163856159966859,-0.00265659427350784,TRUE,0.0642304344360154,5000,3,10,"C3","none","superpopulation","facec"
38,"federated_dr",0.592717768547737,0.00959769408919003,0.000125890644315674,TRUE,0.0376222694988908,5000,3,10,"C3","none","superpopulation","facec"
38,"pooled_dr",0.589940547251106,0.00960876417165705,-0.00265133065231526,TRUE,0.0376656634247734,5000,3,10,"C3","none","superpopulation","facec"
38,"tilted_aipw",0.597995909563383,0.00984327673105745,0.00540403165996217,TRUE,0.0385849357654675,5000,3,10,"C3","none","superpopulation","facec"
38,"oracle_dr",0.59450231027503,0.0124556470360805,0.00191043237160926,TRUE,0.0488252391897219,5000,3,10,"C3","none","superpopulation","facec"
39,"one_round_crossfit",0.581354684246869,0.010440719429373,-0.0112371936565525,TRUE,0.0409268681085175,5000,3,10,"C3","none","superpopulation","facec"
39,"two_round_crossfit",0.582553563925665,0.0104029043552594,-0.0100383139777563,TRUE,0.0407786357418467,5000,3,10,"C3","none","superpopulation","facec"
39,"target_only",0.576743790661005,0.0185249037393906,-0.0158480872424157,TRUE,0.0726162882925538,5000,3,10,"C3","none","superpopulation","facec"
39,"sample_size",0.587087065403751,0.00967556184040904,-0.00550481249967016,TRUE,0.0379275054747836,5000,3,10,"C3","none","superpopulation","facec"
39,"inverse_variance",0.586453943889695,0.0115184466483057,-0.0061379340137262,TRUE,0.0451514811770506,5000,3,10,"C3","none","superpopulation","facec"
39,"federated_dr",0.584113636659473,0.00970897487952227,-0.0084782412439478,TRUE,0.0380584821813355,5000,3,10,"C3","none","superpopulation","facec"
39,"pooled_dr",0.585883575657094,0.00947044289387424,-0.00670830224632724,TRUE,0.0371234539792735,5000,3,10,"C3","none","superpopulation","facec"
39,"tilted_aipw",0.592369082899682,0.00980442882333366,-0.000222795003738896,TRUE,0.0384326547654408,5000,3,10,"C3","none","superpopulation","facec"
39,"oracle_dr",0.582051996928026,0.0126949969839765,-0.0105398809753954,TRUE,0.0497634737448771,5000,3,10,"C3","none","superpopulation","facec"
40,"one_round_crossfit",0.611669448156043,0.0101310500228261,0.0190775702526217,TRUE,0.0397129863406256,5000,3,10,"C3","none","superpopulation","facec"
40,"two_round_crossfit",0.61080846468379,0.0101180402983706,0.0182165867803687,TRUE,0.0396619891578625,5000,3,10,"C3","none","superpopulation","facec"
40,"target_only",0.6211530020943,0.0182077961198193,0.0285611241908788,TRUE,0.071373249265388,5000,3,10,"C3","none","superpopulation","facec"
40,"sample_size",0.610782997952181,0.00942031378805915,0.0181911200487601,TRUE,0.0369269514953241,5000,3,10,"C3","none","superpopulation","facec"
40,"inverse_variance",0.61126431362117,0.0107378316935522,0.0186724357177488,TRUE,0.0420915267828301,5000,3,10,"C3","none","superpopulation","facec"
40,"federated_dr",0.61029235785626,0.0094356566380903,0.0177004799528389,TRUE,0.0369870943622865,5000,3,10,"C3","none","superpopulation","facec"
40,"pooled_dr",0.608936776661857,0.00943626796080903,0.0163448987584363,TRUE,0.0369894907033099,5000,3,10,"C3","none","superpopulation","facec"
40,"tilted_aipw",0.611466057307433,0.00963912006527618,0.0188741794040121,TRUE,0.0377846563411974,5000,3,10,"C3","none","superpopulation","facec"
40,"oracle_dr",0.608709672392447,0.0125506129647336,0.0161177944890262,TRUE,0.0491974987895587,5000,3,10,"C3","none","superpopulation","facec"
41,"one_round_crossfit",0.598255151001902,0.0103480267990152,0.00566327309848069,TRUE,0.04056351967425,5000,3,10,"C3","none","superpopulation","facec"
41,"two_round_crossfit",0.597612325468953,0.0102755504811691,0.0050204475655321,TRUE,0.0402794177288295,5000,3,10,"C3","none","superpopulation","facec"
41,"target_only",0.601119711224493,0.0186304273733427,0.0085278333210721,TRUE,0.0730299333366817,5000,3,10,"C3","none","superpopulation","facec"
41,"sample_size",0.608315009231902,0.00962262434690443,0.0157231313284809,TRUE,0.0377199943133819,5000,3,10,"C3","none","superpopulation","facec"
41,"inverse_variance",0.607585548354803,0.0122666863596248,0.0149936704513823,TRUE,0.0480845269490269,5000,3,10,"C3","none","superpopulation","facec"
41,"federated_dr",0.605622346415044,0.00963653789026947,0.0130304685116226,TRUE,0.0377745344011675,5000,3,10,"C3","none","superpopulation","facec"
41,"pooled_dr",0.607194353670966,0.00956637028541349,0.0146024757675449,TRUE,0.0374994824443693,5000,3,10,"C3","none","superpopulation","facec"
41,"tilted_aipw",0.616853752481053,0.00972671491380714,0.0242618745776318,FALSE,0.0381280218379012,5000,3,10,"C3","none","superpopulation","facec"
41,"oracle_dr",0.587634080478658,0.0125170021928559,-0.00495779742476332,TRUE,0.049065746984813,5000,3,10,"C3","none","superpopulation","facec"
42,"one_round_crossfit",0.575383528084727,0.0105444808457254,-0.0172083498186943,TRUE,0.0413336053865885,5000,3,10,"C3","none","superpopulation","facec"
42,"two_round_crossfit",0.576175159455917,0.0104263959396736,-0.0164167184475037,TRUE,0.0408707210606298,5000,3,10,"C3","none","superpopulation","facec"
42,"target_only",0.5503573320483,0.018505105373789,-0.0422345458551208,FALSE,0.0725386801254901,5000,3,10,"C3","none","superpopulation","facec"
42,"sample_size",0.580285617582463,0.0174774811357187,-0.0123062603209583,TRUE,0.0685104671329737,5000,3,10,"C3","none","superpopulation","facec"
42,"inverse_variance",0.5809988540293,0.0174757363117598,-0.0115930238741209,TRUE,0.0685036275487358,5000,3,10,"C3","none","superpopulation","facec"
42,"federated_dr",0.585021825007147,0.00952061746561735,-0.00757005289627466,TRUE,0.0373201346863861,5000,3,10,"C3","none","superpopulation","facec"
42,"pooled_dr",0.580194992869655,0.00940362675250967,-0.0123968850337665,TRUE,0.0368615395179526,5000,3,10,"C3","none","superpopulation","facec"
42,"tilted_aipw",0.588234079583224,0.0098444610680929,-0.00435779832019723,TRUE,0.0385895782813377,5000,3,10,"C3","none","superpopulation","facec"
42,"oracle_dr",0.581046445004616,0.0127204567730891,-0.0115454328988047,TRUE,0.0498632742843064,5000,3,10,"C3","none","superpopulation","facec"
43,"one_round_crossfit",0.617002641234935,0.0100768424169311,0.0244107633315142,FALSE,0.0395004964301411,5000,3,10,"C3","none","superpopulation","facec"
43,"two_round_crossfit",0.617006729739994,0.010057103452297,0.0244148518365727,FALSE,0.0394231211105911,5000,3,10,"C3","none","superpopulation","facec"
43,"target_only",0.615266025934673,0.0181864368275038,0.0226741480312519,TRUE,0.0712895223780408,5000,3,10,"C3","none","superpopulation","facec"
43,"sample_size",0.620033917141504,0.00954664068865004,0.0274420392380827,FALSE,0.0374221438461975,5000,3,10,"C3","none","superpopulation","facec"
43,"inverse_variance",0.620475525406315,0.0103280728004445,0.0278836475028937,FALSE,0.0404853014371578,5000,3,10,"C3","none","superpopulation","facec"
43,"federated_dr",0.618671964519841,0.00966491982462276,0.0260800866164203,FALSE,0.0378857895394555,5000,3,10,"C3","none","superpopulation","facec"
43,"pooled_dr",0.617143415119969,0.00947623936415004,0.0245515372165475,FALSE,0.0371461757252296,5000,3,10,"C3","none","superpopulation","facec"
43,"tilted_aipw",0.626825838211758,0.00977859718880162,0.034233960308337,FALSE,0.0383313966187515,5000,3,10,"C3","none","superpopulation","facec"
43,"oracle_dr",0.607658980418388,0.0125756804459416,0.0150671025149669,TRUE,0.0492957615102603,5000,3,10,"C3","none","superpopulation","facec"
44,"one_round_crossfit",0.621175999361358,0.0101347034143451,0.0285841214579368,FALSE,0.0397273073722229,5000,3,10,"C3","none","superpopulation","facec"
44,"two_round_crossfit",0.620756379372874,0.0101097561019481,0.0281645014694527,FALSE,0.0396295157046047,5000,3,10,"C3","none","superpopulation","facec"
44,"target_only",0.63476024547267,0.0177103206623131,0.042168367569249,FALSE,0.0694231813055783,5000,3,10,"C3","none","superpopulation","facec"
44,"sample_size",0.620009639322059,0.0094986327729615,0.0274177614186378,FALSE,0.0372339562747528,5000,3,10,"C3","none","superpopulation","facec"
44,"inverse_variance",0.619965745910955,0.0117183540407491,0.0273738680075335,FALSE,0.0459351037559153,5000,3,10,"C3","none","superpopulation","facec"
44,"federated_dr",0.618481832653774,0.00939220043324685,0.0258899547503527,FALSE,0.0368167491694906,5000,3,10,"C3","none","superpopulation","facec"
44,"pooled_dr",0.616827385679599,0.00930056211913511,0.0242355077761782,FALSE,0.0364575335789648,5000,3,10,"C3","none","superpopulation","facec"
44,"tilted_aipw",0.626982886716831,0.00940079355163629,0.0343910088134101,FALSE,0.0368504335746069,5000,3,10,"C3","none","superpopulation","facec"
44,"oracle_dr",0.606058177908902,0.0124588355769881,0.0134663000054809,TRUE,0.0488377380404061,5000,3,10,"C3","none","superpopulation","facec"
45,"one_round_crossfit",0.590523007178275,0.0103632641883633,-0.00206887072514661,TRUE,0.0406232491429315,5000,3,10,"C3","none","superpopulation","facec"
45,"two_round_crossfit",0.590387475160515,0.0103251718494931,-0.0022044027429059,TRUE,0.0404739299183867,5000,3,10,"C3","none","superpopulation","facec"
45,"target_only",0.587294849264035,0.0180819718574224,-0.00529702863938641,TRUE,0.0708800272200294,5000,3,10,"C3","none","superpopulation","facec"
45,"sample_size",0.597015687957169,0.0175602874908396,0.00442381005374792,TRUE,0.0688350620804297,5000,3,10,"C3","none","superpopulation","facec"
45,"inverse_variance",0.596228434057468,0.0176244183365029,0.00363655615404668,TRUE,0.0690864503760262,5000,3,10,"C3","none","superpopulation","facec"
45,"federated_dr",0.602116161252592,0.00939593507742567,0.00952428334917088,TRUE,0.0368313887056617,5000,3,10,"C3","none","superpopulation","facec"
45,"pooled_dr",0.598145198427167,0.00936613628220534,0.00555332052374546,TRUE,0.0367145795748327,5000,3,10,"C3","none","superpopulation","facec"
45,"tilted_aipw",0.603801673096993,0.00968026526288355,0.0112097951935716,TRUE,0.0379459425520918,5000,3,10,"C3","none","superpopulation","facec"
45,"oracle_dr",0.590563925392452,0.0126092375502956,-0.0020279525109691,TRUE,0.049427302942179,5000,3,10,"C3","none","superpopulation","facec"
46,"one_round_crossfit",0.596949693719064,0.0102247707930256,0.00435781581564276,TRUE,0.0400803650090147,5000,3,10,"C3","none","superpopulation","facec"
46,"two_round_crossfit",0.596791857749147,0.0102931009606029,0.00419997984572551,TRUE,0.0403482143440326,5000,3,10,"C3","none","superpopulation","facec"
46,"target_only",0.638302960911896,0.0183934781860345,0.045711083008475,FALSE,0.0721011095901014,5000,3,10,"C3","none","superpopulation","facec"
46,"sample_size",0.601489505577742,0.0135298342964412,0.00889762767432123,TRUE,0.0530359758756391,5000,3,10,"C3","none","superpopulation","facec"
46,"inverse_variance",0.600863759944424,0.0151827737203589,0.00827188204100282,TRUE,0.0595153793546492,5000,3,10,"C3","none","superpopulation","facec"
46,"federated_dr",0.60135469032328,0.00987221367192923,0.00876281241985921,TRUE,0.0386983664893303,5000,3,10,"C3","none","superpopulation","facec"
46,"pooled_dr",0.599959591340004,0.00970664926838668,0.0073677134365826,TRUE,0.0380493659532,5000,3,10,"C3","none","superpopulation","facec"
46,"tilted_aipw",0.609039801383029,0.00974433883609589,0.0164479234796082,TRUE,0.0381971063438058,5000,3,10,"C3","none","superpopulation","facec"
46,"oracle_dr",0.584293558212175,0.0125787700720041,-0.0082983196912465,TRUE,0.0493078726218765,5000,3,10,"C3","none","superpopulation","facec"
47,"one_round_crossfit",0.584136175281293,0.010446667295485,-0.0084557026221278,TRUE,0.0409501833152464,5000,3,10,"C3","none","superpopulation","facec"
47,"two_round_crossfit",0.584087248111103,0.010461608655733,-0.00850462979231814,TRUE,0.0410087523711784,5000,3,10,"C3","none","superpopulation","facec"
47,"target_only",0.560497477812291,0.0192102082745333,-0.0320944000911298,TRUE,0.0753026327071971,5000,3,10,"C3","none","superpopulation","facec"
47,"sample_size",0.594868618969853,0.0155795129086422,0.00227674106643194,TRUE,0.0610705683952311,5000,3,10,"C3","none","superpopulation","facec"
47,"inverse_variance",0.596068455545458,0.0167175886951684,0.00347657764203679,TRUE,0.0655317435017682,5000,3,10,"C3","none","superpopulation","facec"
47,"federated_dr",0.589841837763997,0.00980995109449285,-0.00275004013942437,TRUE,0.0384543016706105,5000,3,10,"C3","none","superpopulation","facec"
47,"pooled_dr",0.590756998035204,0.00957162752750226,-0.0018348798682174,TRUE,0.0375200904546731,5000,3,10,"C3","none","superpopulation","facec"
47,"tilted_aipw",0.597872768020142,0.0100047924120385,0.00528089011672073,TRUE,0.0392180656007901,5000,3,10,"C3","none","superpopulation","facec"
47,"oracle_dr",0.594263906613892,0.0126080318731153,0.00167202871047045,TRUE,0.049422576774478,5000,3,10,"C3","none","superpopulation","facec"
48,"one_round_crossfit",0.580774064333951,0.0104767332676809,-0.0118178135694706,TRUE,0.0410680397605743,5000,3,10,"C3","none","superpopulation","facec"
48,"two_round_crossfit",0.581028344683812,0.0104921867150165,-0.0115635332196087,TRUE,0.0411286161610038,5000,3,10,"C3","none","superpopulation","facec"
48,"target_only",0.605082180888699,0.0189093318507666,0.0124903029852776,TRUE,0.0741232187984373,5000,3,10,"C3","none","superpopulation","facec"
48,"sample_size",0.58775265104656,0.0195304867500063,-0.00483922685686067,TRUE,0.0765581012610983,5000,3,10,"C3","none","superpopulation","facec"
48,"inverse_variance",0.586072790756993,0.0195902117804945,-0.00651908714642824,TRUE,0.0767922190785628,5000,3,10,"C3","none","superpopulation","facec"
48,"federated_dr",0.588375700658569,0.00973579842247113,-0.00421617724485246,TRUE,0.0381636285375706,5000,3,10,"C3","none","superpopulation","facec"
48,"pooled_dr",0.586896917818472,0.00963970496188982,-0.00569496008494885,TRUE,0.0377869490937921,5000,3,10,"C3","none","superpopulation","facec"
48,"tilted_aipw",0.589036645731791,0.00973196876384915,-0.0035552321716299,TRUE,0.0381486165516263,5000,3,10,"C3","none","superpopulation","facec"
48,"oracle_dr",0.578244453494445,0.0124062164445399,-0.0143474244089759,TRUE,0.0486314748314134,5000,3,10,"C3","none","superpopulation","facec"
49,"one_round_crossfit",0.602963999340454,0.0102920412406284,0.010372121437033,TRUE,0.0403440603180651,5000,3,10,"C3","none","superpopulation","facec"
49,"two_round_crossfit",0.601924577690096,0.010214854833987,0.00933269978667528,TRUE,0.040041495163839,5000,3,10,"C3","none","superpopulation","facec"
49,"target_only",0.62277109861907,0.0178641070068325,0.030179220715649,TRUE,0.0700260126987224,5000,3,10,"C3","none","superpopulation","facec"
49,"sample_size",0.612025288635844,0.0140953889013898,0.0194334107324226,TRUE,0.0552529091896192,5000,3,10,"C3","none","superpopulation","facec"
49,"inverse_variance",0.611927147092816,0.0154980190340964,0.019335269189395,TRUE,0.0607511182770906,5000,3,10,"C3","none","superpopulation","facec"
49,"federated_dr",0.614266278824892,0.00944307351584745,0.0216744009214707,FALSE,0.0370161679888501,5000,3,10,"C3","none","superpopulation","facec"
49,"pooled_dr",0.610621175080392,0.00948245047454978,0.0180292971769708,TRUE,0.0371705228306047,5000,3,10,"C3","none","superpopulation","facec"
49,"tilted_aipw",0.614437484601225,0.00938900183317225,0.0218456066978034,FALSE,0.0368042108875963,5000,3,10,"C3","none","superpopulation","facec"
49,"oracle_dr",0.597039530376709,0.0124384545873101,0.00444765247328749,TRUE,0.0487578460289295,5000,3,10,"C3","none","superpopulation","facec"
50,"one_round_crossfit",0.60456986979218,0.0103057567235683,0.0119779918887586,TRUE,0.0403978240232508,5000,3,10,"C3","none","superpopulation","facec"
50,"two_round_crossfit",0.605669778473002,0.0102111042554106,0.0130779005695812,TRUE,0.040026793165977,5000,3,10,"C3","none","superpopulation","facec"
50,"target_only",0.601785334564305,0.0190423730801991,0.00919345666088356,TRUE,0.0746447308347304,5000,3,10,"C3","none","superpopulation","facec"
50,"sample_size",0.609225907745052,0.00966540476837022,0.016634029841631,TRUE,0.0378876904840146,5000,3,10,"C3","none","superpopulation","facec"
50,"inverse_variance",0.609576361415628,0.0106542944523236,0.0169844835122065,TRUE,0.0417640668144781,5000,3,10,"C3","none","superpopulation","facec"
50,"federated_dr",0.608679298540973,0.00964024415406498,0.0160874206375519,TRUE,0.0377890626882804,5000,3,10,"C3","none","superpopulation","facec"
50,"pooled_dr",0.607152278976904,0.00967733162386397,0.0145604010734831,TRUE,0.0379344428984478,5000,3,10,"C3","none","superpopulation","facec"
50,"tilted_aipw",0.60988692932219,0.0097887779125188,0.0172950514187692,TRUE,0.0383713043223961,5000,3,10,"C3","none","superpopulation","facec"
50,"oracle_dr",0.602700543637463,0.0124464366223781,0.010108665734042,TRUE,0.0487891350314427,5000,3,10,"C3","none","superpopulation","facec"
51,"one_round_crossfit",0.588122013896346,0.0102790361880947,-0.00446986400707483,TRUE,0.0402930814488989,5000,3,10,"C3","none","superpopulation","facec"
51,"two_round_crossfit",0.588231172522951,0.0102537943832693,-0.00436070538046984,TRUE,0.0401941353921738,5000,3,10,"C3","none","superpopulation","facec"
51,"target_only",0.57722762706357,0.0187582358958504,-0.0153642508398508,TRUE,0.0735309335387462,5000,3,10,"C3","none","superpopulation","facec"
51,"sample_size",0.596923685856295,0.00960672609927802,0.00433180795287424,TRUE,0.0376576743278518,5000,3,10,"C3","none","superpopulation","facec"
51,"inverse_variance",0.597142729288134,0.0122457951569277,0.00455085138471234,TRUE,0.0480026349392668,5000,3,10,"C3","none","superpopulation","facec"
51,"federated_dr",0.594448632378051,0.00943031448932033,0.00185675447462985,TRUE,0.0369661535239081,5000,3,10,"C3","none","superpopulation","facec"
51,"pooled_dr",0.595285794613689,0.00941152708373448,0.00269391671026764,TRUE,0.0368925082472857,5000,3,10,"C3","none","superpopulation","facec"
51,"tilted_aipw",0.602363878313735,0.0096627158824737,0.00977200041031423,TRUE,0.0378771502449833,5000,3,10,"C3","none","superpopulation","facec"
51,"oracle_dr",0.593627832117689,0.0123205986171183,0.00103595421426816,TRUE,0.0482958591150517,5000,3,10,"C3","none","superpopulation","facec"
52,"one_round_crossfit",0.59221930566038,0.0104102817662474,-0.000372572243041547,TRUE,0.0408075546615179,5000,3,10,"C3","none","superpopulation","facec"
52,"two_round_crossfit",0.592278519479492,0.0103951523649757,-0.000313358423929322,TRUE,0.0407482484983175,5000,3,10,"C3","none","superpopulation","facec"
52,"target_only",0.592616888210767,0.0179727576360513,2.50103073459185e-05,TRUE,0.0704519153390557,5000,3,10,"C3","none","superpopulation","facec"
52,"sample_size",0.600072828844421,0.0154148871853273,0.00748095094099988,TRUE,0.0604252474179789,5000,3,10,"C3","none","superpopulation","facec"
52,"inverse_variance",0.600172065234697,0.0164854540532548,0.00758018733127608,TRUE,0.0646217924263386,5000,3,10,"C3","none","superpopulation","facec"
52,"federated_dr",0.601185384862428,0.00941393311660999,0.00859350695900718,TRUE,0.0369019397228489,5000,3,10,"C3","none","superpopulation","facec"
52,"pooled_dr",0.598914345526705,0.00953664005731228,0.00632246762328392,TRUE,0.0373829420917082,5000,3,10,"C3","none","superpopulation","facec"
52,"tilted_aipw",0.605529244474611,0.00979521906046471,0.0129373665711896,TRUE,0.0383965531583821,5000,3,10,"C3","none","superpopulation","facec"
52,"oracle_dr",0.588392982936298,0.0128070910428394,-0.00419889496712278,TRUE,0.0502028743813816,5000,3,10,"C3","none","superpopulation","facec"
53,"one_round_crossfit",0.59114718625853,0.0103044908505118,-0.00144469164489114,TRUE,0.040392861892051,5000,3,10,"C3","none","superpopulation","facec"
53,"two_round_crossfit",0.591580631838314,0.0102581486082734,-0.00101124606510727,TRUE,0.0402112036405513,5000,3,10,"C3","none","superpopulation","facec"
53,"target_only",0.585510139420159,0.0189861950260369,-0.00708173848326266,TRUE,0.0744245169089719,5000,3,10,"C3","none","superpopulation","facec"
53,"sample_size",0.598029149910447,0.00963645612271494,0.00543727200702548,TRUE,0.0377742138782435,5000,3,10,"C3","none","superpopulation","facec"
53,"inverse_variance",0.599019479139868,0.0111712890186917,0.00642760123644692,TRUE,0.0437906482750472,5000,3,10,"C3","none","superpopulation","facec"
53,"federated_dr",0.595548320171186,0.0095215249973846,0.00295644226776492,TRUE,0.0373236921455433,5000,3,10,"C3","none","superpopulation","facec"
53,"pooled_dr",0.594146370086255,0.00954252084095423,0.00155449218283366,TRUE,0.0374059943399863,5000,3,10,"C3","none","superpopulation","facec"
53,"tilted_aipw",0.598197983069224,0.009586754498935,0.00560610516580318,TRUE,0.0375793870930798,5000,3,10,"C3","none","superpopulation","facec"
53,"oracle_dr",0.594875838572858,0.0126186771239678,0.00228396066943659,TRUE,0.0494643053910329,5000,3,10,"C3","none","superpopulation","facec"
54,"one_round_crossfit",0.595128138300921,0.010387260642255,0.00253626039749988,TRUE,0.0407173135137002,5000,3,10,"C3","none","superpopulation","facec"
54,"two_round_crossfit",0.595599984369851,0.0104308702654389,0.00300810646642991,TRUE,0.04088826009534,5000,3,10,"C3","none","superpopulation","facec"
54,"target_only",0.588525451134396,0.0183452661676369,-0.00406642676902513,TRUE,0.071912121950739,5000,3,10,"C3","none","superpopulation","facec"
54,"sample_size",0.600354707038204,0.00966924204763603,0.00776282913478243,TRUE,0.0379027323423338,5000,3,10,"C3","none","superpopulation","facec"
54,"inverse_variance",0.600753955250022,0.0109357640640492,0.00816207734660102,TRUE,0.0428674074179274,5000,3,10,"C3","none","superpopulation","facec"
54,"federated_dr",0.598851369552783,0.00972916675193205,0.00625949164936168,TRUE,0.0381376328667427,5000,3,10,"C3","none","superpopulation","facec"
54,"pooled_dr",0.59861050880198,0.00969762413223899,0.00601863089855847,TRUE,0.0380139880695898,5000,3,10,"C3","none","superpopulation","facec"
54,"tilted_aipw",0.602495898541212,0.0100575889718019,0.00990402063779094,TRUE,0.0394250243120779,5000,3,10,"C3","none","superpopulation","facec"
54,"oracle_dr",0.592488564672164,0.0124981691494281,-0.000103313231257118,TRUE,0.0489919228111373,5000,3,10,"C3","none","superpopulation","facec"
55,"one_round_crossfit",0.607031923055674,0.0102511563568016,0.0144400451522533,TRUE,0.0401837945184398,5000,3,10,"C3","none","superpopulation","facec"
55,"two_round_crossfit",0.60727545934705,0.0102509402365257,0.0146835814436292,TRUE,0.0401829473425257,5000,3,10,"C3","none","superpopulation","facec"
55,"target_only",0.599291700173623,0.0184044562527138,0.00669982227020172,TRUE,0.0721441428207239,5000,3,10,"C3","none","superpopulation","facec"
55,"sample_size",0.615925587350106,0.0113476142163086,0.0233337094466848,FALSE,0.0444818303488392,5000,3,10,"C3","none","superpopulation","facec"
55,"inverse_variance",0.616798762375858,0.0136088882967735,0.024206884472437,TRUE,0.0533458618626095,5000,3,10,"C3","none","superpopulation","facec"
55,"federated_dr",0.614731996550323,0.00951571331284722,0.0221401186469014,FALSE,0.0373009107607778,5000,3,10,"C3","none","superpopulation","facec"
55,"pooled_dr",0.614430543620561,0.00946953052081473,0.02183866571714,FALSE,0.0371198775425994,5000,3,10,"C3","none","superpopulation","facec"
55,"tilted_aipw",0.617614164507759,0.00982902372719827,0.0250222866043383,FALSE,0.0385290650169965,5000,3,10,"C3","none","superpopulation","facec"
55,"oracle_dr",0.602017998055814,0.0124405127454383,0.00942612015239264,TRUE,0.0487659138605412,5000,3,10,"C3","none","superpopulation","facec"
56,"one_round_crossfit",0.605871611482092,0.0102879422012116,0.0132797335786707,TRUE,0.0403279923788089,5000,3,10,"C3","none","superpopulation","facec"
56,"two_round_crossfit",0.605632732234543,0.0103118410650947,0.0130408543311217,TRUE,0.0404216742037733,5000,3,10,"C3","none","superpopulation","facec"
56,"target_only",0.613661407821383,0.0183630062103553,0.0210695299179621,TRUE,0.0719816616403632,5000,3,10,"C3","none","superpopulation","facec"
56,"sample_size",0.606986277201448,0.0095752057339912,0.0143943992980273,TRUE,0.0375341167663683,5000,3,10,"C3","none","superpopulation","facec"
56,"inverse_variance",0.606682354138796,0.0100961557863576,0.0140904762353744,TRUE,0.039576203447133,5000,3,10,"C3","none","superpopulation","facec"
56,"federated_dr",0.606352354976433,0.00940929146326953,0.0137604770730114,TRUE,0.036883744776097,5000,3,10,"C3","none","superpopulation","facec"
56,"pooled_dr",0.608285552327633,0.00943936064984693,0.0156936744242115,TRUE,0.0370016138215692,5000,3,10,"C3","none","superpopulation","facec"
56,"tilted_aipw",0.61409620454702,0.00980945710495404,0.0215043266435986,FALSE,0.0384523652672009,5000,3,10,"C3","none","superpopulation","facec"
56,"oracle_dr",0.605505771747254,0.0124619740375308,0.012913893843833,TRUE,0.0488500405796672,5000,3,10,"C3","none","superpopulation","facec"
57,"one_round_crossfit",0.591890651368789,0.0103580559867144,-0.000701226534632227,TRUE,0.0406028333676192,5000,3,10,"C3","none","superpopulation","facec"
57,"two_round_crossfit",0.592449575068273,0.0102792434430456,-0.000142302835148267,TRUE,0.0402938938733779,5000,3,10,"C3","none","superpopulation","facec"
57,"target_only",0.601807203489737,0.0181885580715536,0.0092153255863161,TRUE,0.0712978375019206,5000,3,10,"C3","none","superpopulation","facec"
57,"sample_size",0.594639991518698,0.00954471750158897,0.00204811361527646,TRUE,0.037414605091447,5000,3,10,"C3","none","superpopulation","facec"
57,"inverse_variance",0.595186479190949,0.0108562308687133,0.0025946012875282,TRUE,0.0425556430210601,5000,3,10,"C3","none","superpopulation","facec"
57,"federated_dr",0.591593071434119,0.00963645102928149,-0.000998806469302504,TRUE,0.0377741939123513,5000,3,10,"C3","none","superpopulation","facec"
57,"pooled_dr",0.5914429779725,0.00973275668397506,-0.00114889993092149,TRUE,0.0381517051417652,5000,3,10,"C3","none","superpopulation","facec"
57,"tilted_aipw",0.597692456444124,0.0102388699888107,0.00510057854070245,TRUE,0.0401356328409141,5000,3,10,"C3","none","superpopulation","facec"
57,"oracle_dr",0.594865979281407,0.0124533555298282,0.00227410137798545,TRUE,0.0488162566502721,5000,3,10,"C3","none","superpopulation","facec"
58,"one_round_crossfit",0.582608143734473,0.0103731708412046,-0.00998373416894816,TRUE,0.0406620825084842,5000,3,10,"C3","none","superpopulation","facec"
58,"two_round_crossfit",0.582084112735249,0.0103985186941128,-0.0105077651681718,TRUE,0.0407614442660549,5000,3,10,"C3","none","superpopulation","facec"
58,"target_only",0.590980911043737,0.018169419108871,-0.00161096685968398,TRUE,0.0712228141468019,5000,3,10,"C3","none","superpopulation","facec"
58,"sample_size",0.5899165867299,0.00967450949702474,-0.00267529117352105,TRUE,0.0379233803645185,5000,3,10,"C3","none","superpopulation","facec"
58,"inverse_variance",0.590367547563348,0.0111399919179405,-0.0022243303400733,TRUE,0.0436679658944612,5000,3,10,"C3","none","superpopulation","facec"
58,"federated_dr",0.588258435184231,0.00973452089228357,-0.00433344271919034,TRUE,0.038158620711257,5000,3,10,"C3","none","superpopulation","facec"
58,"pooled_dr",0.586999684782224,0.00962699127284224,-0.00559219312119763,TRUE,0.0377371123485044,5000,3,10,"C3","none","superpopulation","facec"
58,"tilted_aipw",0.592672781144311,0.0098601405835069,8.09032408898291e-05,TRUE,0.0386510408523506,5000,3,10,"C3","none","superpopulation","facec"
58,"oracle_dr",0.574651444923449,0.0125063057302649,-0.0179404329799726,TRUE,0.0490238176219322,5000,3,10,"C3","none","superpopulation","facec"
59,"one_round_crossfit",0.607815973030418,0.0102822370629778,0.0152240951269966,TRUE,0.0403056286478787,5000,3,10,"C3","none","superpopulation","facec"
59,"two_round_crossfit",0.60855439432371,0.0102600278648118,0.0159625164202885,TRUE,0.0402185701908171,5000,3,10,"C3","none","superpopulation","facec"
59,"target_only",0.591094086973107,0.0190470533872923,-0.00149779093031432,TRUE,0.0746630773014092,5000,3,10,"C3","none","superpopulation","facec"
59,"sample_size",0.609901671515039,0.0159398493869239,0.0173097936116183,TRUE,0.0624830614347274,5000,3,10,"C3","none","superpopulation","facec"
59,"inverse_variance",0.610071538177492,0.0166393441381811,0.0174796602740707,TRUE,0.0652250304744053,5000,3,10,"C3","none","superpopulation","facec"
59,"federated_dr",0.612078807578205,0.00984647232408908,0.0194869296747834,FALSE,0.0385974622599701,5000,3,10,"C3","none","superpopulation","facec"
59,"pooled_dr",0.609356268454916,0.0097400977374584,0.0167643905514945,TRUE,0.038180481542637,5000,3,10,"C3","none","superpopulation","facec"
59,"tilted_aipw",0.612968174320059,0.0100964374657343,0.020376296416638,FALSE,0.0395773076100001,5000,3,10,"C3","none","superpopulation","facec"
59,"oracle_dr",0.608570253849527,0.012385149209991,0.0159783759461058,TRUE,0.0485488927894742,5000,3,10,"C3","none","superpopulation","facec"
60,"one_round_crossfit",0.591161436609391,0.0102729997553066,-0.00143044129403036,TRUE,0.0402694190671793,5000,3,10,"C3","none","superpopulation","facec"
60,"two_round_crossfit",0.589846875587213,0.0102410681117906,-0.00274500231620811,TRUE,0.0401442493246624,5000,3,10,"C3","none","superpopulation","facec"
60,"target_only",0.562614440859249,0.0193664987112026,-0.0299774370441721,TRUE,0.0759152799611968,5000,3,10,"C3","none","superpopulation","facec"
60,"sample_size",0.590324757319146,0.0104270430691209,-0.00226712058427503,TRUE,0.0408732577614499,5000,3,10,"C3","none","superpopulation","facec"
60,"inverse_variance",0.591959296457341,0.0133398295038407,-0.000632581446079694,TRUE,0.0522911707748652,5000,3,10,"C3","none","superpopulation","facec"
60,"federated_dr",0.591054359285989,0.00968397949911099,-0.00153751861743201,TRUE,0.0379605020905636,5000,3,10,"C3","none","superpopulation","facec"
60,"pooled_dr",0.591288056729988,0.00956979101909505,-0.00130382117343286,TRUE,0.0375128914740024,5000,3,10,"C3","none","superpopulation","facec"
60,"tilted_aipw",0.595132969757657,0.00969748560771383,0.00254109185423623,TRUE,0.0380134450634293,5000,3,10,"C3","none","superpopulation","facec"
60,"oracle_dr",0.597631785214261,0.0124598191021996,0.00503990731084014,TRUE,0.0488415933883906,5000,3,10,"C3","none","superpopulation","facec"
61,"one_round_crossfit",0.58314219974324,0.010342884591781,-0.00944967816018139,TRUE,0.04054336259229,5000,3,10,"C3","none","superpopulation","facec"
61,"two_round_crossfit",0.582879923699201,0.0103148661450545,-0.00971195420422011,TRUE,0.0404335322993168,5000,3,10,"C3","none","superpopulation","facec"
61,"target_only",0.55299760619496,0.0186950004777428,-0.0395942717084614,FALSE,0.0732830552546699,5000,3,10,"C3","none","superpopulation","facec"
61,"sample_size",0.588420702057726,0.013784308311852,-0.0041711758456956,TRUE,0.054033495686052,5000,3,10,"C3","none","superpopulation","facec"
61,"inverse_variance",0.589233626551475,0.0153080112068883,-0.0033582513519459,TRUE,0.0600063012808731,5000,3,10,"C3","none","superpopulation","facec"
61,"federated_dr",0.591534129530924,0.00961259148531376,-0.00105774837249728,TRUE,0.0376806662186226,5000,3,10,"C3","none","superpopulation","facec"
61,"pooled_dr",0.588241040460623,0.00971506206022895,-0.00435083744279818,TRUE,0.0380823434912405,5000,3,10,"C3","none","superpopulation","facec"
61,"tilted_aipw",0.599658988764949,0.00984182099628685,0.00706711086152745,TRUE,0.0385792293900247,5000,3,10,"C3","none","superpopulation","facec"
61,"oracle_dr",0.593092860903736,0.0129524279857752,0.000500983000314981,TRUE,0.0507725847289362,5000,3,10,"C3","none","superpopulation","facec"
62,"one_round_crossfit",0.601657128109071,0.0101389210207135,0.0090652502056503,TRUE,0.0397438400853889,5000,3,10,"C3","none","superpopulation","facec"
62,"two_round_crossfit",0.601587535707162,0.0101383916556921,0.00899565780374045,TRUE,0.0397417650126357,5000,3,10,"C3","none","superpopulation","facec"
62,"target_only",0.609789007462387,0.0181775033766011,0.0171971295589657,TRUE,0.0712545038939867,5000,3,10,"C3","none","superpopulation","facec"
62,"sample_size",0.607861717034445,0.00946024156754097,0.0152698391310235,TRUE,0.037083465514858,5000,3,10,"C3","none","superpopulation","facec"
62,"inverse_variance",0.607874716296682,0.00989213606415426,0.0152828383932604,TRUE,0.0387764608318242,5000,3,10,"C3","none","superpopulation","facec"
62,"federated_dr",0.607618734967984,0.00946506873009559,0.0150268570645633,TRUE,0.0371023876443672,5000,3,10,"C3","none","superpopulation","facec"
62,"pooled_dr",0.606578279172483,0.00942603071973773,0.0139864012690621,TRUE,0.0369493614557082,5000,3,10,"C3","none","superpopulation","facec"
62,"tilted_aipw",0.618382003156733,0.0096881378590669,0.0257901252533119,FALSE,0.0379768025620602,5000,3,10,"C3","none","superpopulation","facec"
62,"oracle_dr",0.592790224826457,0.0127374067774366,0.000198346923036219,TRUE,0.049929717080424,5000,3,10,"C3","none","superpopulation","facec"
63,"one_round_crossfit",0.575887941151507,0.0105133315769837,-0.0167039367519144,TRUE,0.0412115024968316,5000,3,10,"C3","none","superpopulation","facec"
63,"two_round_crossfit",0.576673725616048,0.0104333949848234,-0.0159181522873733,TRUE,0.0408981568134692,5000,3,10,"C3","none","superpopulation","facec"
63,"target_only",0.563919192611589,0.0187917738431058,-0.0286726852918323,TRUE,0.0736623998762185,5000,3,10,"C3","none","superpopulation","facec"
63,"sample_size",0.594448397449633,0.0151418730613846,0.00185651954621169,TRUE,0.059355051717582,5000,3,10,"C3","none","superpopulation","facec"
63,"inverse_variance",0.59558189308699,0.0162417849979029,0.00299001518356867,TRUE,0.0636666272810653,5000,3,10,"C3","none","superpopulation","facec"
63,"federated_dr",0.588235126116123,0.00953446196476738,-0.00435675178729811,TRUE,0.0373744041258222,5000,3,10,"C3","none","superpopulation","facec"
63,"pooled_dr",0.588910009413837,0.00948879111969186,-0.00368186848958429,TRUE,0.0371953777028391,5000,3,10,"C3","none","superpopulation","facec"
63,"tilted_aipw",0.597261714527796,0.00965529352481573,0.00466983662437515,TRUE,0.0378480551376033,5000,3,10,"C3","none","superpopulation","facec"
63,"oracle_dr",0.581473306516668,0.0125770414243054,-0.0111185713867534,TRUE,0.0493010964474139,5000,3,10,"C3","none","superpopulation","facec"
64,"one_round_crossfit",0.589040622149316,0.0102584930734484,-0.00355125575410564,TRUE,0.0402125539192251,5000,3,10,"C3","none","superpopulation","facec"
64,"two_round_crossfit",0.58811841130188,0.0102797286531949,-0.00447346660154158,TRUE,0.040295795862213,5000,3,10,"C3","none","superpopulation","facec"
64,"target_only",0.601990092329955,0.01837641811221,0.00939821442653366,TRUE,0.0720342353295622,5000,3,10,"C3","none","superpopulation","facec"
64,"sample_size",0.594054938726198,0.00960511190981848,0.00146306082277725,TRUE,0.0376513468214419,5000,3,10,"C3","none","superpopulation","facec"
64,"inverse_variance",0.594280000320101,0.0105519467153114,0.00168812241668026,TRUE,0.0413628710575922,5000,3,10,"C3","none","superpopulation","facec"
64,"federated_dr",0.595096600609648,0.00970623557686639,0.0025047227062267,TRUE,0.0380477443122389,5000,3,10,"C3","none","superpopulation","facec"
64,"pooled_dr",0.594235139604793,0.0093904477873717,0.00164326170137175,TRUE,0.0368098789239046,5000,3,10,"C3","none","superpopulation","facec"
64,"tilted_aipw",0.60438702651941,0.00991122569278108,0.0117951486159886,TRUE,0.0388512908009979,5000,3,10,"C3","none","superpopulation","facec"
64,"oracle_dr",0.583012094541995,0.0129432225135903,-0.00957978336142662,TRUE,0.0507364999410498,5000,3,10,"C3","none","superpopulation","facec"
65,"one_round_crossfit",0.58524800125489,0.0103753333426145,-0.00734387664853076,TRUE,0.0406705593582439,5000,3,10,"C3","none","superpopulation","facec"
65,"two_round_crossfit",0.585844970702576,0.0103368965364627,-0.0067469072008447,TRUE,0.0405198898467676,5000,3,10,"C3","none","superpopulation","facec"
65,"target_only",0.589391366216115,0.0186480887310527,-0.00320051168730662,TRUE,0.0730991645867409,5000,3,10,"C3","none","superpopulation","facec"
65,"sample_size",0.593507314455102,0.0096784439743586,0.000915436551681248,TRUE,0.0379388032322632,5000,3,10,"C3","none","superpopulation","facec"
65,"inverse_variance",0.593883020580397,0.0103601944479353,0.00129114267697616,TRUE,0.0406112159815701,5000,3,10,"C3","none","superpopulation","facec"
65,"federated_dr",0.590523229604288,0.00974009207309795,-0.00206864829913311,TRUE,0.038180459338752,5000,3,10,"C3","none","superpopulation","facec"
65,"pooled_dr",0.588097041749484,0.00964339582235127,-0.00449483615393764,TRUE,0.0378014170009451,5000,3,10,"C3","none","superpopulation","facec"
65,"tilted_aipw",0.597034487780337,0.0097519456670623,0.00444260987691603,TRUE,0.0382269245732672,5000,3,10,"C3","none","superpopulation","facec"
65,"oracle_dr",0.584429623136852,0.0126230911049094,-0.0081622547665694,TRUE,0.0494816078783809,5000,3,10,"C3","none","superpopulation","facec"
66,"one_round_crossfit",0.59938626070849,0.0101038804067459,0.00679438280506839,TRUE,0.0396064834026437,5000,3,10,"C3","none","superpopulation","facec"
66,"two_round_crossfit",0.599315772453267,0.0100275592555771,0.00672389454984579,TRUE,0.0393073099875447,5000,3,10,"C3","none","superpopulation","facec"
66,"target_only",0.636040402201484,0.0183408349352334,0.0434485242980627,FALSE,0.071894751838903,5000,3,10,"C3","none","superpopulation","facec"
66,"sample_size",0.60334502179683,0.0130260371078383,0.0107531438934084,TRUE,0.0510611271852905,5000,3,10,"C3","none","superpopulation","facec"
66,"inverse_variance",0.602321134859413,0.0147134057181193,0.00972925695599136,TRUE,0.0576754905948791,5000,3,10,"C3","none","superpopulation","facec"
66,"federated_dr",0.600912246281519,0.00953118352847493,0.00832036837809769,TRUE,0.0373615528917044,5000,3,10,"C3","none","superpopulation","facec"
66,"pooled_dr",0.600408731202822,0.00956183837850864,0.00781685329940085,TRUE,0.0374817176957396,5000,3,10,"C3","none","superpopulation","facec"
66,"tilted_aipw",0.607994083968971,0.00945653178044032,0.0154022060655497,TRUE,0.0370689234166428,5000,3,10,"C3","none","superpopulation","facec"
66,"oracle_dr",0.589705271360923,0.0124831455766285,-0.00288660654249828,TRUE,0.0489330314879248,5000,3,10,"C3","none","superpopulation","facec"
67,"one_round_crossfit",0.580743457234347,0.0102858277451648,-0.0118484206690744,TRUE,0.0403197038634118,5000,3,10,"C3","none","superpopulation","facec"
67,"two_round_crossfit",0.580457805822033,0.0103260606412156,-0.0121340720813883,TRUE,0.0404774139179183,5000,3,10,"C3","none","superpopulation","facec"
67,"target_only",0.579150945141521,0.0184641792323971,-0.0134409327618999,TRUE,0.0723782525991816,5000,3,10,"C3","none","superpopulation","facec"
67,"sample_size",0.581388075036865,0.0095030323850196,-0.0112038028665563,TRUE,0.0372512024371123,5000,3,10,"C3","none","superpopulation","facec"
67,"inverse_variance",0.581941380144987,0.0103252485025611,-0.0106504977584344,TRUE,0.0404742303928918,5000,3,10,"C3","none","superpopulation","facec"
67,"federated_dr",0.581147329517775,0.00941368516963977,-0.0114445483856466,TRUE,0.0369009677885854,5000,3,10,"C3","none","superpopulation","facec"
67,"pooled_dr",0.580683152654804,0.00933550738138632,-0.0119087252486176,TRUE,0.03659451648985,5000,3,10,"C3","none","superpopulation","facec"
67,"tilted_aipw",0.592007518833696,0.0101681377161314,-0.000584359069725204,TRUE,0.0398583674269217,5000,3,10,"C3","none","superpopulation","facec"
67,"oracle_dr",0.583789761110175,0.0126843834226009,-0.00880211679324649,TRUE,0.0497218693487895,5000,3,10,"C3","none","superpopulation","facec"
68,"one_round_crossfit",0.599464420936087,0.010132297589773,0.00687254303266616,TRUE,0.0397178767131943,5000,3,10,"C3","none","superpopulation","facec"
68,"two_round_crossfit",0.59985967273993,0.0101931823405472,0.00726779483650852,TRUE,0.0399565405506446,5000,3,10,"C3","none","superpopulation","facec"
68,"target_only",0.589453422504931,0.0180814001153513,-0.00313845539849034,TRUE,0.0708777860322938,5000,3,10,"C3","none","superpopulation","facec"
68,"sample_size",0.601318649640576,0.0111622332146158,0.00872677173715508,TRUE,0.0437551501753675,5000,3,10,"C3","none","superpopulation","facec"
68,"inverse_variance",0.602339802883476,0.0137261175860874,0.0097479249800545,TRUE,0.0538053922325865,5000,3,10,"C3","none","superpopulation","facec"
68,"federated_dr",0.601480388601163,0.00949234282533818,0.00888851069774166,TRUE,0.0372093001331399,5000,3,10,"C3","none","superpopulation","facec"
68,"pooled_dr",0.600804914570085,0.00954923907124672,0.0082130366666634,TRUE,0.0374323293188126,5000,3,10,"C3","none","superpopulation","facec"
68,"tilted_aipw",0.60143912693191,0.0100531569182136,0.00884724902848899,TRUE,0.0394076509812566,5000,3,10,"C3","none","superpopulation","facec"
68,"oracle_dr",0.605236659273957,0.0126292136782452,0.0126447813705363,TRUE,0.0495056079248424,5000,3,10,"C3","none","superpopulation","facec"
69,"one_round_crossfit",0.606887979321768,0.0102257864955151,0.0142961014183466,TRUE,0.0400843464896112,5000,3,10,"C3","none","superpopulation","facec"
69,"two_round_crossfit",0.607059524816857,0.010257089052891,0.0144676469134362,TRUE,0.0402070502597727,5000,3,10,"C3","none","superpopulation","facec"
69,"target_only",0.597498938868533,0.0185171721891339,0.00490706096511184,TRUE,0.0725859811724583,5000,3,10,"C3","none","superpopulation","facec"
69,"sample_size",0.6132383892981,0.00957885212907025,0.0206465113946793,FALSE,0.0375484103724251,5000,3,10,"C3","none","superpopulation","facec"
69,"inverse_variance",0.613632364281087,0.0106337892622701,0.0210404863776654,FALSE,0.0416836879464764,5000,3,10,"C3","none","superpopulation","facec"
69,"federated_dr",0.613688444623172,0.00952914682738865,0.0210965667197511,FALSE,0.0373535691701516,5000,3,10,"C3","none","superpopulation","facec"
69,"pooled_dr",0.612811500939816,0.00957953269575727,0.0202196230363952,FALSE,0.0375510781448163,5000,3,10,"C3","none","superpopulation","facec"
69,"tilted_aipw",0.623628529935098,0.00982176173149988,0.0310366520316773,FALSE,0.0385005985169471,5000,3,10,"C3","none","superpopulation","facec"
69,"oracle_dr",0.606110217016285,0.0125251524367388,0.0135183391128635,TRUE,0.0490976953537643,5000,3,10,"C3","none","superpopulation","facec"
70,"one_round_crossfit",0.582859046102483,0.0104854534836143,-0.00973283180093854,TRUE,0.0411022223789081,5000,3,10,"C3","none","superpopulation","facec"
70,"two_round_crossfit",0.582020966187545,0.0104651876647562,-0.010570911715876,TRUE,0.0410227818287499,5000,3,10,"C3","none","superpopulation","facec"
70,"target_only",0.591178089425978,0.0186740155146521,-0.00141378847744333,TRUE,0.0732007957109209,5000,3,10,"C3","none","superpopulation","facec"
70,"sample_size",0.591153023456201,0.00974479163825538,-0.0014388544472197,TRUE,0.0381988812956553,5000,3,10,"C3","none","superpopulation","facec"
70,"inverse_variance",0.59138215832032,0.00988679454785125,-0.00120971958310134,TRUE,0.0387555224726708,5000,3,10,"C3","none","superpopulation","facec"
70,"federated_dr",0.588921709846519,0.00971536214943201,-0.0036701680569019,TRUE,0.0380835198193008,5000,3,10,"C3","none","superpopulation","facec"
70,"pooled_dr",0.588842201630287,0.00969911047761972,-0.00374967627313405,TRUE,0.0380198144364194,5000,3,10,"C3","none","superpopulation","facec"
70,"tilted_aipw",0.598292062663391,0.0100650024154605,0.00570018475997003,TRUE,0.0394540844772224,5000,3,10,"C3","none","superpopulation","facec"
70,"oracle_dr",0.579474084135184,0.0124194257474601,-0.0131177937682371,TRUE,0.0486832543473825,5000,3,10,"C3","none","superpopulation","facec"
71,"one_round_crossfit",0.580888541027802,0.0103492243783764,-0.0117033368756188,TRUE,0.0405682140990835,5000,3,10,"C3","none","superpopulation","facec"
71,"two_round_crossfit",0.581100441392211,0.0102743152413262,-0.0114914365112098,TRUE,0.0402745756776206,5000,3,10,"C3","none","superpopulation","facec"
71,"target_only",0.577377793320326,0.0191773641231892,-0.0152140845830951,TRUE,0.0751738859997229,5000,3,10,"C3","none","superpopulation","facec"
71,"sample_size",0.584017209629776,0.00966951251076234,-0.00857466827364528,TRUE,0.0379037925383072,5000,3,10,"C3","none","superpopulation","facec"
71,"inverse_variance",0.58489377055184,0.0119025369829352,-0.00769810735158138,TRUE,0.0466570876224179,5000,3,10,"C3","none","superpopulation","facec"
71,"federated_dr",0.584698943530409,0.00975177538220451,-0.00789293437301219,TRUE,0.0382262570688903,5000,3,10,"C3","none","superpopulation","facec"
71,"pooled_dr",0.585141141992211,0.0095254213447753,-0.00745073591121026,TRUE,0.0373389655466574,5000,3,10,"C3","none","superpopulation","facec"
71,"tilted_aipw",0.588628755272421,0.0098176366176078,-0.00396312263099996,TRUE,0.0384844283676258,5000,3,10,"C3","none","superpopulation","facec"
71,"oracle_dr",0.588993730449902,0.0127181609566382,-0.0035981474535195,TRUE,0.0498542748491886,5000,3,10,"C3","none","superpopulation","facec"
72,"one_round_crossfit",0.578660297991469,0.010518729219291,-0.013931579911952,TRUE,0.0412326608658788,5000,3,10,"C3","none","superpopulation","facec"
72,"two_round_crossfit",0.578483216184837,0.0105560333649136,-0.014108661718584,TRUE,0.0413788904296675,5000,3,10,"C3","none","superpopulation","facec"
72,"target_only",0.582127958182776,0.0179034816794301,-0.010463919720645,TRUE,0.0701803585791112,5000,3,10,"C3","none","superpopulation","facec"
72,"sample_size",0.58911254004326,0.00965463385729616,-0.0034793378601613,TRUE,0.0378454692884429,5000,3,10,"C3","none","superpopulation","facec"
72,"inverse_variance",0.589251405432385,0.0107134509943837,-0.00334047247103664,TRUE,0.0419959561982539,5000,3,10,"C3","none","superpopulation","facec"
72,"federated_dr",0.588327462240456,0.00947554122334013,-0.00426441566296532,TRUE,0.0371434390635426,5000,3,10,"C3","none","superpopulation","facec"
72,"pooled_dr",0.589052812144144,0.00941147510818015,-0.00353906575927687,TRUE,0.0368923045068565,5000,3,10,"C3","none","superpopulation","facec"
72,"tilted_aipw",0.594665348277526,0.00991332618348071,0.00207347037410455,TRUE,0.0388595245732402,5000,3,10,"C3","none","superpopulation","facec"
72,"oracle_dr",0.582096954022125,0.0124375146260061,-0.0104949238812964,TRUE,0.0487541614483242,5000,3,10,"C3","none","superpopulation","facec"
73,"one_round_crossfit",0.593163999623488,0.0101680379624556,0.000572121720066932,TRUE,0.0398579763996978,5000,3,10,"C3","none","superpopulation","facec"
73,"two_round_crossfit",0.593680767882632,0.0102563746311626,0.00108888997921097,TRUE,0.0402042497780581,5000,3,10,"C3","none","superpopulation","facec"
73,"target_only",0.568370106018763,0.0187288256931193,-0.024221771884658,TRUE,0.0734156476624845,5000,3,10,"C3","none","superpopulation","facec"
73,"sample_size",0.598783912773856,0.0119798747344739,0.00619203487043518,TRUE,0.0469602460377403,5000,3,10,"C3","none","superpopulation","facec"
73,"inverse_variance",0.599521641908162,0.014140173685915,0.00692976400474055,TRUE,0.0554284623190688,5000,3,10,"C3","none","superpopulation","facec"
73,"federated_dr",0.598788360995384,0.00957562198664986,0.00619648309196275,TRUE,0.0375357484468073,5000,3,10,"C3","none","superpopulation","facec"
73,"pooled_dr",0.59674039774719,0.0094432976010921,0.00414851984376907,TRUE,0.037017046386868,5000,3,10,"C3","none","superpopulation","facec"
73,"tilted_aipw",0.605175746228403,0.00976330831477489,0.0125838683249822,TRUE,0.0382714653338385,5000,3,10,"C3","none","superpopulation","facec"
73,"oracle_dr",0.598275044667311,0.0125578261532373,0.00568316676388947,TRUE,0.0492257739689206,5000,3,10,"C3","none","superpopulation","facec"
74,"one_round_crossfit",0.586691830073599,0.0104480908066893,-0.00590004782982234,TRUE,0.04095576337663,5000,3,10,"C3","none","superpopulation","facec"
74,"two_round_crossfit",0.587529375307632,0.010282445793813,-0.00506250259578933,TRUE,0.0403064468577177,5000,3,10,"C3","none","superpopulation","facec"
74,"target_only",0.601329912320167,0.0184472528559712,0.00873803441674592,TRUE,0.0723119024228145,5000,3,10,"C3","none","superpopulation","facec"
74,"sample_size",0.596347190118196,0.00976686835264408,0.00375531221477532,TRUE,0.0382854204258529,5000,3,10,"C3","none","superpopulation","facec"
74,"inverse_variance",0.596492825302883,0.0106528552347845,0.00390094739946156,TRUE,0.0417584251853931,5000,3,10,"C3","none","superpopulation","facec"
74,"federated_dr",0.593323004602611,0.00975623131198145,0.000731126699189399,TRUE,0.0382437239926512,5000,3,10,"C3","none","superpopulation","facec"
74,"pooled_dr",0.595418375105584,0.00968743646328871,0.00282649720216255,TRUE,0.0379740531411319,5000,3,10,"C3","none","superpopulation","facec"
74,"tilted_aipw",0.597830455696092,0.00993628875269997,0.00523857779267045,TRUE,0.0389495361905647,5000,3,10,"C3","none","superpopulation","facec"
74,"oracle_dr",0.585699918149875,0.0124710620277754,-0.00689195975354584,TRUE,0.0488856648468095,5000,3,10,"C3","none","superpopulation","facec"
75,"one_round_crossfit",0.598515529645539,0.0101935108387022,0.00592365174211773,TRUE,0.0399578282397499,5000,3,10,"C3","none","superpopulation","facec"
75,"two_round_crossfit",0.597821418150992,0.0101118906013257,0.0052295402475705,TRUE,0.0396378827884147,5000,3,10,"C3","none","superpopulation","facec"
75,"target_only",0.556097696844876,0.0190126895889076,-0.0364941810585453,TRUE,0.0745283736869971,5000,3,10,"C3","none","superpopulation","facec"
75,"sample_size",0.597583025262279,0.0193210276694987,0.00499114735885786,TRUE,0.0757370367530386,5000,3,10,"C3","none","superpopulation","facec"
75,"inverse_variance",0.598388816600418,0.0192627194978321,0.0057969386969966,TRUE,0.075508472920097,5000,3,10,"C3","none","superpopulation","facec"
75,"federated_dr",0.598498424480882,0.00951485408691213,0.00590654657746081,TRUE,0.037297542657003,5000,3,10,"C3","none","superpopulation","facec"
75,"pooled_dr",0.595433706557419,0.00941000263244495,0.00284182865399774,TRUE,0.0368865325080383,5000,3,10,"C3","none","superpopulation","facec"
75,"tilted_aipw",0.602314629883216,0.00986444712659288,0.009722751979795,TRUE,0.0386679221910433,5000,3,10,"C3","none","superpopulation","facec"
75,"oracle_dr",0.602105323995006,0.0126931539981431,0.00951344609158467,TRUE,0.049756249373162,5000,3,10,"C3","none","superpopulation","facec"
76,"one_round_crossfit",0.580286614421854,0.0104215354739927,-0.0123052634815668,TRUE,0.0408516683852647,5000,3,10,"C3","none","superpopulation","facec"
76,"two_round_crossfit",0.580718581432755,0.0102917026276207,-0.0118732964706663,TRUE,0.0403427329794654,5000,3,10,"C3","none","superpopulation","facec"
76,"target_only",0.579262660549164,0.0179568382377233,-0.0133292173542576,TRUE,0.0703895124442986,5000,3,10,"C3","none","superpopulation","facec"
76,"sample_size",0.579018412338115,0.0166882477327282,-0.013573465565306,TRUE,0.0654167290424592,5000,3,10,"C3","none","superpopulation","facec"
76,"inverse_variance",0.578133570940557,0.0173486191275892,-0.0144583069628639,TRUE,0.0680053373431548,5000,3,10,"C3","none","superpopulation","facec"
76,"federated_dr",0.582379234745794,0.00958319685702936,-0.0102126431576275,TRUE,0.0375654413930699,5000,3,10,"C3","none","superpopulation","facec"
76,"pooled_dr",0.579300183256541,0.0095729399546538,-0.0132916946468801,TRUE,0.0375252350745718,5000,3,10,"C3","none","superpopulation","facec"
76,"tilted_aipw",0.582457580804814,0.00997737497330887,-0.0101342970986067,TRUE,0.0391105912158733,5000,3,10,"C3","none","superpopulation","facec"
76,"oracle_dr",0.59403575245775,0.0127708645467614,0.00144387455432837,TRUE,0.0500608691261837,5000,3,10,"C3","none","superpopulation","facec"
77,"one_round_crossfit",0.585170149498706,0.0103890026661153,-0.00742172840471544,TRUE,0.0407241421217532,5000,3,10,"C3","none","superpopulation","facec"
77,"two_round_crossfit",0.586357494211016,0.0104525265596023,-0.00623438369240481,TRUE,0.0409731512085378,5000,3,10,"C3","none","superpopulation","facec"
77,"target_only",0.538420474366458,0.0185223459185763,-0.0541714035369633,FALSE,0.072606261819204,5000,3,10,"C3","none","superpopulation","facec"
77,"sample_size",0.595610878484039,0.0228157740736709,0.00301900058061833,TRUE,0.0894361909275954,5000,3,10,"C3","none","superpopulation","facec"
77,"inverse_variance",0.597110441453608,0.0227365477977257,0.00451856355018687,TRUE,0.0891256296326317,5000,3,10,"C3","none","superpopulation","facec"
77,"federated_dr",0.595527622858562,0.00983727281895861,0.00293574495514115,TRUE,0.0385614008625075,5000,3,10,"C3","none","superpopulation","facec"
77,"pooled_dr",0.594900353152263,0.00955640468502881,0.00230847524884203,TRUE,0.0374604180086926,5000,3,10,"C3","none","superpopulation","facec"
77,"tilted_aipw",0.599989562735308,0.010000428917809,0.00739768483188641,TRUE,0.0392009610177169,5000,3,10,"C3","none","superpopulation","facec"
77,"oracle_dr",0.596123192862749,0.0127379254378206,0.00353131495932746,TRUE,0.0499317501917702,5000,3,10,"C3","none","superpopulation","facec"
78,"one_round_crossfit",0.574809502800088,0.0103147809411951,-0.0177823751033336,TRUE,0.0404331983063251,5000,3,10,"C3","none","superpopulation","facec"
78,"two_round_crossfit",0.57440834467683,0.0103094284328739,-0.0181835332265915,TRUE,0.040412216859252,5000,3,10,"C3","none","superpopulation","facec"
78,"target_only",0.544814776598942,0.0185645154098046,-0.0477771013044791,FALSE,0.0727715631873116,5000,3,10,"C3","none","superpopulation","facec"
78,"sample_size",0.572362020499327,0.0166183548325956,-0.0202298574040938,TRUE,0.0651427539083891,5000,3,10,"C3","none","superpopulation","facec"
78,"inverse_variance",0.572794514955942,0.0170014479049479,-0.0197973629474787,TRUE,0.0666444511574638,5000,3,10,"C3","none","superpopulation","facec"
78,"federated_dr",0.575920424351992,0.00959675568809936,-0.0166714535514287,TRUE,0.0376185910342093,5000,3,10,"C3","none","superpopulation","facec"
78,"pooled_dr",0.572933533800515,0.00944568819163722,-0.0196583441029063,FALSE,0.0370264173296084,5000,3,10,"C3","none","superpopulation","facec"
78,"tilted_aipw",0.575508397465731,0.0100273239923756,-0.0170834804376905,TRUE,0.0393063877727413,5000,3,10,"C3","none","superpopulation","facec"
78,"oracle_dr",0.590189634234362,0.0128373421277499,-0.00240224366905906,TRUE,0.0503214564552172,5000,3,10,"C3","none","superpopulation","facec"
79,"one_round_crossfit",0.591901813191014,0.0103135359637535,-0.000690064712406735,TRUE,0.0404283180844307,5000,3,10,"C3","none","superpopulation","facec"
79,"two_round_crossfit",0.591285728339188,0.0102393449758058,-0.00130614956423281,TRUE,0.0401374947557209,5000,3,10,"C3","none","superpopulation","facec"
79,"target_only",0.600556459646299,0.0181241907740618,0.0079645817428774,TRUE,0.0710455223321884,5000,3,10,"C3","none","superpopulation","facec"
79,"sample_size",0.597845188222505,0.00956201874331107,0.00525331031908394,TRUE,0.0374824247127732,5000,3,10,"C3","none","superpopulation","facec"
79,"inverse_variance",0.598656488567898,0.012483360917528,0.00606461066447683,TRUE,0.0489338756087396,5000,3,10,"C3","none","superpopulation","facec"
79,"federated_dr",0.597063437796167,0.00941280426447996,0.00447155989274595,TRUE,0.0368975147038115,5000,3,10,"C3","none","superpopulation","facec"
79,"pooled_dr",0.59384784750032,0.00931372309376769,0.00125596959689844,TRUE,0.0365091236515274,5000,3,10,"C3","none","superpopulation","facec"
79,"tilted_aipw",0.60658771307544,0.00963358117437985,0.013995835172019,TRUE,0.0377629442878551,5000,3,10,"C3","none","superpopulation","facec"
79,"oracle_dr",0.583140491965421,0.0126658448208873,-0.0094513859380001,TRUE,0.0496491993654244,5000,3,10,"C3","none","superpopulation","facec"
80,"one_round_crossfit",0.591828798276525,0.0104338827119771,-0.000763079626896368,TRUE,0.0409000686687806,5000,3,10,"C3","none","superpopulation","facec"
80,"two_round_crossfit",0.591823905094019,0.0103776324689253,-0.000767972809402329,TRUE,0.0406795717677744,5000,3,10,"C3","none","superpopulation","facec"
80,"target_only",0.588031132283526,0.0189000757922729,-0.00456074561989528,TRUE,0.0740869357158644,5000,3,10,"C3","none","superpopulation","facec"
80,"sample_size",0.596320300526204,0.00962216871363647,0.00372842262278317,TRUE,0.0377182082637912,5000,3,10,"C3","none","superpopulation","facec"
80,"inverse_variance",0.59638974182178,0.0109674890946195,0.00379786391835857,TRUE,0.0429917672525799,5000,3,10,"C3","none","superpopulation","facec"
80,"federated_dr",0.592347347418309,0.00970888476297149,-0.000244530485111971,TRUE,0.0380581289309476,5000,3,10,"C3","none","superpopulation","facec"
80,"pooled_dr",0.593448663462154,0.0096356341108117,0.000856785558733253,TRUE,0.0377709916507931,5000,3,10,"C3","none","superpopulation","facec"
80,"tilted_aipw",0.59856552690302,0.00999765778567688,0.00597364899959929,TRUE,0.0391900983793663,5000,3,10,"C3","none","superpopulation","facec"
80,"oracle_dr",0.593282420524667,0.0127808506123115,0.00069054262124546,TRUE,0.0501000137838343,5000,3,10,"C3","none","superpopulation","facec"
81,"one_round_crossfit",0.594326692590014,0.0101722985508965,0.00173481468659309,TRUE,0.039874677599492,5000,3,10,"C3","none","superpopulation","facec"
81,"two_round_crossfit",0.594316671554218,0.010144224044328,0.00172479365079692,TRUE,0.039764627555976,5000,3,10,"C3","none","superpopulation","facec"
81,"target_only",0.600448373963319,0.0183106622578612,0.00785649605989802,TRUE,0.0717764771169696,5000,3,10,"C3","none","superpopulation","facec"
81,"sample_size",0.602652482409888,0.00954402180730919,0.0100606045064673,TRUE,0.0374118780199817,5000,3,10,"C3","none","superpopulation","facec"
81,"inverse_variance",0.603135619022904,0.0121272987058912,0.0105437411194826,TRUE,0.0475381373866122,5000,3,10,"C3","none","superpopulation","facec"
81,"federated_dr",0.602864386340054,0.00947587036110426,0.0102725084366325,TRUE,0.0371447292598699,5000,3,10,"C3","none","superpopulation","facec"
81,"pooled_dr",0.601150797597204,0.00953338840061298,0.0085589196937832,TRUE,0.0373701958316668,5000,3,10,"C3","none","superpopulation","facec"
81,"tilted_aipw",0.608896302752141,0.00959863481942591,0.0163044248487203,TRUE,0.0376259570936539,5000,3,10,"C3","none","superpopulation","facec"
81,"oracle_dr",0.586880149139345,0.012499254436072,-0.00571172876407577,TRUE,0.0489961770566072,5000,3,10,"C3","none","superpopulation","facec"
82,"one_round_crossfit",0.601532727250958,0.0101520863246564,0.00894084934753703,TRUE,0.0397954471285364,5000,3,10,"C3","none","superpopulation","facec"
82,"two_round_crossfit",0.601600776377013,0.0101547310973245,0.00900889847359199,TRUE,0.0398058144468898,5000,3,10,"C3","none","superpopulation","facec"
82,"target_only",0.624170457921428,0.018364629063728,0.0315785800180072,TRUE,0.0719880231086889,5000,3,10,"C3","none","superpopulation","facec"
82,"sample_size",0.603064048175043,0.00960475421763245,0.0104721702716222,TRUE,0.0376499446938376,5000,3,10,"C3","none","superpopulation","facec"
82,"inverse_variance",0.602363525063265,0.0120092352160521,0.00977164715984358,TRUE,0.0470753370106647,5000,3,10,"C3","none","superpopulation","facec"
82,"federated_dr",0.598908652946514,0.00950351440946341,0.00631677504309314,TRUE,0.0372530919382115,5000,3,10,"C3","none","superpopulation","facec"
82,"pooled_dr",0.597580733470151,0.00940408573458269,0.00498885556672968,TRUE,0.036863338694618,5000,3,10,"C3","none","superpopulation","facec"
82,"tilted_aipw",0.605937163777797,0.00968421048404466,0.0133452858743754,TRUE,0.0379614075348655,5000,3,10,"C3","none","superpopulation","facec"
82,"oracle_dr",0.598128478704468,0.0125224877393127,0.00553660080104645,TRUE,0.0490872499317945,5000,3,10,"C3","none","superpopulation","facec"
83,"one_round_crossfit",0.58245684224422,0.0102369161817238,-0.0101350356592016,TRUE,0.0401279740578677,5000,3,10,"C3","none","superpopulation","facec"
83,"two_round_crossfit",0.583103807339939,0.0102460873553907,-0.00948807056348189,TRUE,0.0401639243980341,5000,3,10,"C3","none","superpopulation","facec"
83,"target_only",0.569507425612038,0.0185695929568019,-0.0230844522913827,TRUE,0.0727914668058007,5000,3,10,"C3","none","superpopulation","facec"
83,"sample_size",0.587518197477389,0.0102078094020401,-0.00507368042603251,TRUE,0.040013877578096,5000,3,10,"C3","none","superpopulation","facec"
83,"inverse_variance",0.588624396838552,0.0133382231241758,-0.00396748106486877,TRUE,0.0522848738822879,5000,3,10,"C3","none","superpopulation","facec"
83,"federated_dr",0.588148930856089,0.00979160582757848,-0.00444294704733239,TRUE,0.0383823895457327,5000,3,10,"C3","none","superpopulation","facec"
83,"pooled_dr",0.584411034429487,0.00969896944086169,-0.00818084347393377,TRUE,0.038019261582487,5000,3,10,"C3","none","superpopulation","facec"
83,"tilted_aipw",0.597036026004948,0.00990911693219969,0.0044441481015266,TRUE,0.0388430246114149,5000,3,10,"C3","none","superpopulation","facec"
83,"oracle_dr",0.57939574672675,0.0125822569774715,-0.0131961311766712,TRUE,0.049321541040144,5000,3,10,"C3","none","superpopulation","facec"
84,"one_round_crossfit",0.587015775571623,0.010373836768317,-0.00557610233179806,TRUE,0.0406646928947973,5000,3,10,"C3","none","superpopulation","facec"
84,"two_round_crossfit",0.585822635400701,0.0103940322435595,-0.00676924250272037,TRUE,0.0407438577030494,5000,3,10,"C3","none","superpopulation","facec"
84,"target_only",0.593324729324139,0.0181076865842396,0.000732851420718328,TRUE,0.0709808270968975,5000,3,10,"C3","none","superpopulation","facec"
84,"sample_size",0.593414289675025,0.0126666858203556,0.000822411771603693,TRUE,0.0496524960227624,5000,3,10,"C3","none","superpopulation","facec"
84,"inverse_variance",0.59365270022132,0.0145416816250739,0.00106082231789906,TRUE,0.0570023445195855,5000,3,10,"C3","none","superpopulation","facec"
84,"federated_dr",0.594631643914563,0.00966819437126214,0.00203976601114164,TRUE,0.0378986255264133,5000,3,10,"C3","none","superpopulation","facec"
84,"pooled_dr",0.592152061885202,0.00962779960805246,-0.000439816018218964,TRUE,0.0377402809643033,5000,3,10,"C3","none","superpopulation","facec"
84,"tilted_aipw",0.596869812583883,0.00989959671920444,0.00427793468046156,TRUE,0.0388057060622231,5000,3,10,"C3","none","superpopulation","facec"
84,"oracle_dr",0.588235462665714,0.0126929043293698,-0.00435641523770758,TRUE,0.0497552706895548,5000,3,10,"C3","none","superpopulation","facec"
85,"one_round_crossfit",0.593331166739846,0.0102747444238326,0.000739288836424379,TRUE,0.0402762580421312,5000,3,10,"C3","none","superpopulation","facec"
85,"two_round_crossfit",0.593798950646274,0.0102927564971561,0.00120707274285237,TRUE,0.0403468640721332,5000,3,10,"C3","none","superpopulation","facec"
85,"target_only",0.572978682315396,0.0187032835552376,-0.0196131955880249,TRUE,0.0733155243218118,5000,3,10,"C3","none","superpopulation","facec"
85,"sample_size",0.598616301962412,0.0126728955646287,0.00602442405899062,TRUE,0.0496768377730195,5000,3,10,"C3","none","superpopulation","facec"
85,"inverse_variance",0.599259027111045,0.014705728232685,0.00666714920762368,TRUE,0.0576453954049929,5000,3,10,"C3","none","superpopulation","facec"
85,"federated_dr",0.600838006414983,0.00967454535729934,0.00824612851156148,TRUE,0.0379235209342117,5000,3,10,"C3","none","superpopulation","facec"
85,"pooled_dr",0.599459581569909,0.00934650561372344,0.00686770366648737,TRUE,0.0366376287683987,5000,3,10,"C3","none","superpopulation","facec"
85,"tilted_aipw",0.606065206937966,0.00987845155466662,0.013473329034545,TRUE,0.0387228185403405,5000,3,10,"C3","none","superpopulation","facec"
85,"oracle_dr",0.608151950101073,0.0128719845276001,0.0155600721976519,TRUE,0.0504572521673061,5000,3,10,"C3","none","superpopulation","facec"
86,"one_round_crossfit",0.594006336976915,0.0103455398309644,0.00141445907349425,TRUE,0.0405537709386299,5000,3,10,"C3","none","superpopulation","facec"
86,"two_round_crossfit",0.593398926785,0.0103134912371525,0.000807048881578565,TRUE,0.0404281427593769,5000,3,10,"C3","none","superpopulation","facec"
86,"target_only",0.598529637217529,0.0185841369200337,0.00593775931410812,TRUE,0.0728484780940544,5000,3,10,"C3","none","superpopulation","facec"
86,"sample_size",0.598641829299277,0.00971182373138746,0.00604995139585607,TRUE,0.0380696494754416,5000,3,10,"C3","none","superpopulation","facec"
86,"inverse_variance",0.59925678465972,0.0115700153261431,0.00666490675629861,TRUE,0.0453536266796337,5000,3,10,"C3","none","superpopulation","facec"
86,"federated_dr",0.599038733680331,0.00962829348579997,0.00644685577691007,TRUE,0.0377422169294992,5000,3,10,"C3","none","superpopulation","facec"
86,"pooled_dr",0.598907014760449,0.00964701396446606,0.00631513685702767,TRUE,0.0378155998574168,5000,3,10,"C3","none","superpopulation","facec"
86,"tilted_aipw",0.602568580666498,0.0100430841846805,0.00997670276307705,TRUE,0.0393681665913554,5000,3,10,"C3","none","superpopulation","facec"
86,"oracle_dr",0.592739027650687,0.0126525636464538,0.00014714974726604,TRUE,0.0495971381183005,5000,3,10,"C3","none","superpopulation","facec"
87,"one_round_crossfit",0.600532359186442,0.0102920729440796,0.0079404812830205,TRUE,0.0403441845933101,5000,3,10,"C3","none","superpopulation","facec"
87,"two_round_crossfit",0.600486251696437,0.0103237488941934,0.00789437379301605,TRUE,0.0404683520361087,5000,3,10,"C3","none","superpopulation","facec"
87,"target_only",0.597236710020737,0.0176756587102581,0.00464483211731559,TRUE,0.069287308950255,5000,3,10,"C3","none","superpopulation","facec"
87,"sample_size",0.604652656280327,0.00957231741508978,0.0120607783769063,TRUE,0.0375227947643231,5000,3,10,"C3","none","superpopulation","facec"
87,"inverse_variance",0.604407133651709,0.00988996108040158,0.0118152557482879,TRUE,0.0387679350521799,5000,3,10,"C3","none","superpopulation","facec"
87,"federated_dr",0.603333708359463,0.00937584245612148,0.010741830456042,TRUE,0.0367526270774394,5000,3,10,"C3","none","superpopulation","facec"
87,"pooled_dr",0.602567047304313,0.0094669175146281,0.00997516940089171,TRUE,0.0371096347465649,5000,3,10,"C3","none","superpopulation","facec"
87,"tilted_aipw",0.618699148435697,0.0102331111867619,0.0261072705322762,FALSE,0.0401130587516947,5000,3,10,"C3","none","superpopulation","facec"
87,"oracle_dr",0.589357014038509,0.0126786764813615,-0.00323486386491201,TRUE,0.0496994985502073,5000,3,10,"C3","none","superpopulation","facec"
88,"one_round_crossfit",0.590362459291591,0.0104585093254367,-0.00222941861182979,TRUE,0.0409966032196645,5000,3,10,"C3","none","superpopulation","facec"
88,"two_round_crossfit",0.591279785355673,0.0104082853526299,-0.00131209254774844,TRUE,0.0407997288639408,5000,3,10,"C3","none","superpopulation","facec"
88,"target_only",0.567452428477646,0.0189786386144649,-0.0251394494257747,TRUE,0.0743948963199046,5000,3,10,"C3","none","superpopulation","facec"
88,"sample_size",0.595872452104594,0.0156594293555315,0.00328057420117256,TRUE,0.061383835110582,5000,3,10,"C3","none","superpopulation","facec"
88,"inverse_variance",0.59654741235127,0.0165732745760944,0.00395553444784924,TRUE,0.0649660425500764,5000,3,10,"C3","none","superpopulation","facec"
88,"federated_dr",0.596714531304939,0.00942857613681412,0.00412265340151829,TRUE,0.0369593393072989,5000,3,10,"C3","none","superpopulation","facec"
88,"pooled_dr",0.594494415545299,0.00952625389838514,0.00190253764187764,TRUE,0.0373422290968384,5000,3,10,"C3","none","superpopulation","facec"
88,"tilted_aipw",0.597631568712326,0.00976513975134831,0.00503969080890476,TRUE,0.0382786444332861,5000,3,10,"C3","none","superpopulation","facec"
88,"oracle_dr",0.597241054590272,0.0124458982424108,0.0046491766868505,TRUE,0.0487870246207511,5000,3,10,"C3","none","superpopulation","facec"
89,"one_round_crossfit",0.575750575136679,0.0103588369238516,-0.0168413027667421,TRUE,0.0406058945849457,5000,3,10,"C3","none","superpopulation","facec"
89,"two_round_crossfit",0.57663589816339,0.0104056143347792,-0.0159559797400316,TRUE,0.0407892586663618,5000,3,10,"C3","none","superpopulation","facec"
89,"target_only",0.594504178229817,0.0186777076445218,0.00191230032639578,TRUE,0.0732152685940624,5000,3,10,"C3","none","superpopulation","facec"
89,"sample_size",0.578973052088001,0.0118637820373035,-0.0136188258154204,TRUE,0.0465051710270963,5000,3,10,"C3","none","superpopulation","facec"
89,"inverse_variance",0.57929823091036,0.014060905040082,-0.013293646993061,TRUE,0.0551177349371967,5000,3,10,"C3","none","superpopulation","facec"
89,"federated_dr",0.58034541221702,0.00981769802767808,-0.0122464656864013,TRUE,0.0384846690906779,5000,3,10,"C3","none","superpopulation","facec"
89,"pooled_dr",0.580306907540598,0.00978287367738073,-0.0122849703628234,TRUE,0.0383481601459423,5000,3,10,"C3","none","superpopulation","facec"
89,"tilted_aipw",0.582464940662911,0.00990325814179274,-0.0101269372405099,TRUE,0.0388200585750336,5000,3,10,"C3","none","superpopulation","facec"
89,"oracle_dr",0.57681389002774,0.0125616211462056,-0.0157779878756813,TRUE,0.0492406500679996,5000,3,10,"C3","none","superpopulation","facec"
90,"one_round_crossfit",0.577047253068081,0.0104028610594469,-0.01554462483534,TRUE,0.0407784660253803,5000,3,10,"C3","none","superpopulation","facec"
90,"two_round_crossfit",0.577036928926841,0.0104349906886242,-0.0155549489765804,TRUE,0.0409044118574284,5000,3,10,"C3","none","superpopulation","facec"
90,"target_only",0.634435079826833,0.018197852245666,0.0418432019234121,FALSE,0.0713342699949735,5000,3,10,"C3","none","superpopulation","facec"
90,"sample_size",0.585664966430404,0.0183286526142225,-0.00692691147301738,TRUE,0.0718469980180443,5000,3,10,"C3","none","superpopulation","facec"
90,"inverse_variance",0.583563997226155,0.0183780260617824,-0.00902788067726634,TRUE,0.0720405383760638,5000,3,10,"C3","none","superpopulation","facec"
90,"federated_dr",0.582364702196044,0.00951594641202009,-0.0102271757073767,TRUE,0.037301824492745,5000,3,10,"C3","none","superpopulation","facec"
90,"pooled_dr",0.581516882367089,0.0095144886834385,-0.011074995536332,TRUE,0.0372961103017067,5000,3,10,"C3","none","superpopulation","facec"
90,"tilted_aipw",0.592212298531998,0.00989628913353886,-0.000379579371423522,TRUE,0.0387927405646624,5000,3,10,"C3","none","superpopulation","facec"
90,"oracle_dr",0.56722283942999,0.0124738013256,-0.0253690384734311,FALSE,0.048896402696968,5000,3,10,"C3","none","superpopulation","facec"
91,"one_round_crossfit",0.595767881623002,0.0103006532647164,0.00317600371958071,TRUE,0.0403778188321582,5000,3,10,"C3","none","superpopulation","facec"
91,"two_round_crossfit",0.594868642906079,0.0102496325423659,0.00227676500265761,TRUE,0.0401778212756136,5000,3,10,"C3","none","superpopulation","facec"
91,"target_only",0.591454126388522,0.0180541850009671,-0.00113775151489914,TRUE,0.0707711047442376,5000,3,10,"C3","none","superpopulation","facec"
91,"sample_size",0.601496735941768,0.0095507074938102,0.00890485803834673,TRUE,0.0374380854294896,5000,3,10,"C3","none","superpopulation","facec"
91,"inverse_variance",0.601684398301841,0.0102267755332973,0.0090925203984199,TRUE,0.0400882234464761,5000,3,10,"C3","none","superpopulation","facec"
91,"federated_dr",0.599438103088373,0.00948665670725383,0.00684622518495226,TRUE,0.0371870109598256,5000,3,10,"C3","none","superpopulation","facec"
91,"pooled_dr",0.599165568629921,0.00948929382012683,0.00657369072650016,TRUE,0.0371973482523342,5000,3,10,"C3","none","superpopulation","facec"
91,"tilted_aipw",0.606375385459807,0.00967343235183837,0.0137835075563854,TRUE,0.0379191580329756,5000,3,10,"C3","none","superpopulation","facec"
91,"oracle_dr",0.593440409604036,0.0127298666775163,0.000848531700614608,TRUE,0.0499001604318567,5000,3,10,"C3","none","superpopulation","facec"
92,"one_round_crossfit",0.583944254177658,0.0102570787835349,-0.00864762372576355,TRUE,0.0402070100046368,5000,3,10,"C3","none","superpopulation","facec"
92,"two_round_crossfit",0.584511777542874,0.0102082982937613,-0.00808010036054685,TRUE,0.0400157939984278,5000,3,10,"C3","none","superpopulation","facec"
92,"target_only",0.589077554928041,0.0179429049274268,-0.00351432297538057,TRUE,0.0703348948715656,5000,3,10,"C3","none","superpopulation","facec"
92,"sample_size",0.590913934743101,0.00976264024810833,-0.00167794316032055,TRUE,0.0382688465606269,5000,3,10,"C3","none","superpopulation","facec"
92,"inverse_variance",0.592344650794539,0.0123692829048476,-0.000247227108882586,TRUE,0.0484866980161767,5000,3,10,"C3","none","superpopulation","facec"
92,"federated_dr",0.590566367659876,0.00971350628439563,-0.00202551024354558,TRUE,0.0380762449620378,5000,3,10,"C3","none","superpopulation","facec"
92,"pooled_dr",0.589239819116197,0.00980425102030382,-0.00335205878722389,TRUE,0.0384319577903711,5000,3,10,"C3","none","superpopulation","facec"
92,"tilted_aipw",0.592859869180553,0.00983685690249475,0.000267991277131951,TRUE,0.0385597704999279,5000,3,10,"C3","none","superpopulation","facec"
92,"oracle_dr",0.588871774994516,0.0126625386140084,-0.00372010290890468,TRUE,0.0496362392726086,5000,3,10,"C3","none","superpopulation","facec"
93,"one_round_crossfit",0.590425281116473,0.0103184590135845,-0.00216659678694775,TRUE,0.0404476160851563,5000,3,10,"C3","none","superpopulation","facec"
93,"two_round_crossfit",0.590346314491377,0.0103589651584039,-0.00224556341204418,TRUE,0.040606397255154,5000,3,10,"C3","none","superpopulation","facec"
93,"target_only",0.60267635120788,0.0181913548947337,0.0100844733044586,TRUE,0.071308800847329,5000,3,10,"C3","none","superpopulation","facec"
93,"sample_size",0.594828821912464,0.00963627042212811,0.00223694400904328,TRUE,0.0377734859453194,5000,3,10,"C3","none","superpopulation","facec"
93,"inverse_variance",0.594913090071719,0.0102654791092178,0.00232121216829762,TRUE,0.0402399386762304,5000,3,10,"C3","none","superpopulation","facec"
93,"federated_dr",0.592728654164179,0.00965114659975391,0.000136776260758031,TRUE,0.0378317994900677,5000,3,10,"C3","none","superpopulation","facec"
93,"pooled_dr",0.592991189762855,0.00972390711652664,0.00039931185943376,TRUE,0.0381170154748098,5000,3,10,"C3","none","superpopulation","facec"
93,"tilted_aipw",0.597082602623445,0.00990556852276377,0.00449072472002388,TRUE,0.0388291151020212,5000,3,10,"C3","none","superpopulation","facec"
93,"oracle_dr",0.595386172041637,0.0125991664783222,0.00279429413821597,TRUE,0.0493878250654716,5000,3,10,"C3","none","superpopulation","facec"
94,"one_round_crossfit",0.584539889661396,0.0102160311092597,-0.00805198824202535,TRUE,0.0400461060781794,5000,3,10,"C3","none","superpopulation","facec"
94,"two_round_crossfit",0.583846619792758,0.0102612850171684,-0.00874525811066296,TRUE,0.0402234981375011,5000,3,10,"C3","none","superpopulation","facec"
94,"target_only",0.584291837373914,0.0189195042733123,-0.00830004052950684,TRUE,0.0741630939620874,5000,3,10,"C3","none","superpopulation","facec"
94,"sample_size",0.591845347707714,0.00964603710097433,-0.000746530195707362,TRUE,0.0378117706228938,5000,3,10,"C3","none","superpopulation","facec"
94,"inverse_variance",0.592729163191858,0.0126247580628736,0.000137285288436928,TRUE,0.0494881422335278,5000,3,10,"C3","none","superpopulation","facec"
94,"federated_dr",0.591039101820158,0.00968768239300058,-0.00155277608326276,TRUE,0.0379750171678879,5000,3,10,"C3","none","superpopulation","facec"
94,"pooled_dr",0.591627965060664,0.00955396941889288,-0.000963912842757209,TRUE,0.0374508719408542,5000,3,10,"C3","none","superpopulation","facec"
94,"tilted_aipw",0.590494309674766,0.00979891862249563,-0.00209756822865548,TRUE,0.0384110551750605,5000,3,10,"C3","none","superpopulation","facec"
94,"oracle_dr",0.589069740881913,0.012628122509332,-0.00352213702150794,TRUE,0.0495013306213006,5000,3,10,"C3","none","superpopulation","facec"
95,"one_round_crossfit",0.562028008809112,0.0103868451655669,-0.0305638690943094,FALSE,0.0407156848750101,5000,3,10,"C3","none","superpopulation","facec"
95,"two_round_crossfit",0.561227030053792,0.0103489239636097,-0.0313648478496295,FALSE,0.0405670364948372,5000,3,10,"C3","none","superpopulation","facec"
95,"target_only",0.574872437954942,0.0185567770539536,-0.017719439948479,TRUE,0.0727412293897765,5000,3,10,"C3","none","superpopulation","facec"
95,"sample_size",0.572699977830112,0.00963520165842812,-0.0198919000733093,FALSE,0.0377692964685994,5000,3,10,"C3","none","superpopulation","facec"
95,"inverse_variance",0.573069778038994,0.0106507255485079,-0.0195220998644274,TRUE,0.0417500769685921,5000,3,10,"C3","none","superpopulation","facec"
95,"federated_dr",0.572338860502863,0.00983011450074805,-0.0202530174005584,FALSE,0.0385333407707422,5000,3,10,"C3","none","superpopulation","facec"
95,"pooled_dr",0.572031325388229,0.00964021190138577,-0.0205605525151923,FALSE,0.0377889362601009,5000,3,10,"C3","none","superpopulation","facec"
95,"tilted_aipw",0.576348323338045,0.0101799785181718,-0.0162435545653762,TRUE,0.0399047825180161,5000,3,10,"C3","none","superpopulation","facec"
95,"oracle_dr",0.57316296183843,0.0126857931613999,-0.0194289160649908,TRUE,0.0497273954233368,5000,3,10,"C3","none","superpopulation","facec"
96,"one_round_crossfit",0.586300294814364,0.0101730709759291,-0.00629158308905742,TRUE,0.0398777054499815,5000,3,10,"C3","none","superpopulation","facec"
96,"two_round_crossfit",0.585612179728166,0.0103666941198662,-0.00697969817525501,TRUE,0.0406366942273619,5000,3,10,"C3","none","superpopulation","facec"
96,"target_only",0.573348483272227,0.0183363934374169,-0.0192433946311941,TRUE,0.0718773414873874,5000,3,10,"C3","none","superpopulation","facec"
96,"sample_size",0.591492008560378,0.0142830553768305,-0.00109986934304351,TRUE,0.0559885482555578,5000,3,10,"C3","none","superpopulation","facec"
96,"inverse_variance",0.59259586372512,0.015649898754238,3.98582169858219e-06,TRUE,0.0613464758400095,5000,3,10,"C3","none","superpopulation","facec"
96,"federated_dr",0.591777147819185,0.00968711698925464,-0.000814730084236603,TRUE,0.0379728008259304,5000,3,10,"C3","none","superpopulation","facec"
96,"pooled_dr",0.590202893580817,0.00944062996157603,-0.0023889843226037,TRUE,0.0370065894321177,5000,3,10,"C3","none","superpopulation","facec"
96,"tilted_aipw",0.596238155787407,0.0104029921353587,0.00364627788398553,TRUE,0.0407789798335128,5000,3,10,"C3","none","superpopulation","facec"
96,"oracle_dr",0.601009988465456,0.0125710541913674,0.00841811056203512,TRUE,0.0492776269255628,5000,3,10,"C3","none","superpopulation","facec"
97,"one_round_crossfit",0.584346897665705,0.0103437614473771,-0.00824498023771647,TRUE,0.040546799803066,5000,3,10,"C3","none","superpopulation","facec"
97,"two_round_crossfit",0.583398625254342,0.0104758671578146,-0.00919325264907878,TRUE,0.0410646446722851,5000,3,10,"C3","none","superpopulation","facec"
97,"target_only",0.60240203041822,0.0184839201932137,0.00981015251479878,TRUE,0.072455635743623,5000,3,10,"C3","none","superpopulation","facec"
97,"sample_size",0.589040815952149,0.0132804158938684,-0.00355106195127231,TRUE,0.052058273703391,5000,3,10,"C3","none","superpopulation","facec"
97,"inverse_variance",0.588660710343677,0.014928763926114,-0.00393116755974465,TRUE,0.0585196792577685,5000,3,10,"C3","none","superpopulation","facec"
97,"federated_dr",0.588746099416532,0.00958833288743545,-0.00384577848688927,TRUE,0.0375855742623088,5000,3,10,"C3","none","superpopulation","facec"
97,"pooled_dr",0.585639057476809,0.00957010797461313,-0.00695282042661172,TRUE,0.0375141339168026,5000,3,10,"C3","none","superpopulation","facec"
97,"tilted_aipw",0.596263599031435,0.00977568042825786,0.00367172112801351,TRUE,0.0383199631275171,5000,3,10,"C3","none","superpopulation","facec"
97,"oracle_dr",0.584516715549727,0.0127337849406919,-0.00807516235369399,TRUE,0.0499155197412691,5000,3,10,"C3","none","superpopulation","facec"
98,"one_round_crossfit",0.597358826300962,0.0102460039908632,0.00476694839754077,TRUE,0.0401635976150911,5000,3,10,"C3","none","superpopulation","facec"
98,"two_round_crossfit",0.596551633076226,0.0103042493951492,0.00395975517280533,TRUE,0.0403919154044219,5000,3,10,"C3","none","superpopulation","facec"
98,"target_only",0.575953737120388,0.0188735047065358,-0.0166381407830327,TRUE,0.0739827789737146,5000,3,10,"C3","none","superpopulation","facec"
98,"sample_size",0.604479787632052,0.00973998750613852,0.0118879097286304,TRUE,0.0381800494438032,5000,3,10,"C3","none","superpopulation","facec"
98,"inverse_variance",0.604973851707939,0.0125509152969353,0.0123819738045181,TRUE,0.049198683910012,5000,3,10,"C3","none","superpopulation","facec"
98,"federated_dr",0.603938535867125,0.00980400225697408,0.011346657963704,TRUE,0.0384309826560372,5000,3,10,"C3","none","superpopulation","facec"
98,"pooled_dr",0.605133127931803,0.00971558571497198,0.0125412500283821,TRUE,0.0380843961801138,5000,3,10,"C3","none","superpopulation","facec"
98,"tilted_aipw",0.61200676846092,0.00991620734018226,0.0194148905574987,TRUE,0.038870818499978,5000,3,10,"C3","none","superpopulation","facec"
98,"oracle_dr",0.596537123506635,0.0124749465087904,0.00394524560321408,TRUE,0.0489008917325857,5000,3,10,"C3","none","superpopulation","facec"
99,"one_round_crossfit",0.593147289303452,0.0103297581302839,0.000555411400030903,TRUE,0.0404919078087325,5000,3,10,"C3","none","superpopulation","facec"
99,"two_round_crossfit",0.589943441392524,0.0104116160035839,-0.00264843651089752,TRUE,0.0408127847757707,5000,3,10,"C3","none","superpopulation","facec"
99,"target_only",0.591320775862924,0.0187437820680555,-0.0012711020404973,TRUE,0.0734742755749129,5000,3,10,"C3","none","superpopulation","facec"
99,"sample_size",0.592228490209263,0.00969875197602592,-0.000363387694157891,TRUE,0.038018409135995,5000,3,10,"C3","none","superpopulation","facec"
99,"inverse_variance",0.594224733924436,0.0128104212806494,0.00163285602101493,TRUE,0.0502159286737165,5000,3,10,"C3","none","superpopulation","facec"
99,"federated_dr",0.596241974659881,0.00978513801045956,0.00365009675645966,TRUE,0.0383570361685093,5000,3,10,"C3","none","superpopulation","facec"
99,"pooled_dr",0.595390068848381,0.0097524781712835,0.00279819094496003,TRUE,0.0382290119514574,5000,3,10,"C3","none","superpopulation","facec"
99,"tilted_aipw",0.600058472821241,0.0101321532682389,0.00746659491781976,TRUE,0.0397173109831761,5000,3,10,"C3","none","superpopulation","facec"
99,"oracle_dr",0.593220732086922,0.0125338196899283,0.000628854183500893,TRUE,0.0491316703619569,5000,3,10,"C3","none","superpopulation","facec"
100,"one_round_crossfit",0.598379824754253,0.0103178341600307,0.00578794685083217,TRUE,0.0404451667042343,5000,3,10,"C3","none","superpopulation","facec"
100,"two_round_crossfit",0.598531920569094,0.0103097376748542,0.00594004266567261,TRUE,0.04041342906554,5000,3,10,"C3","none","superpopulation","facec"
100,"target_only",0.588173094552411,0.0182429409960282,-0.00441878335100987,TRUE,0.0715110146486091,5000,3,10,"C3","none","superpopulation","facec"
100,"sample_size",0.598199322263635,0.0166548047524432,0.00560744436021432,TRUE,0.0652856349686701,5000,3,10,"C3","none","superpopulation","facec"
100,"inverse_variance",0.59899135920375,0.0173639392867535,0.00639948130032875,TRUE,0.068065391263554,5000,3,10,"C3","none","superpopulation","facec"
100,"federated_dr",0.593754231726711,0.00947288456981911,0.00116235382329033,TRUE,0.0371330251731012,5000,3,10,"C3","none","superpopulation","facec"
100,"pooled_dr",0.592954350327175,0.00954008605882146,0.000362472423753424,TRUE,0.0373964501694055,5000,3,10,"C3","none","superpopulation","facec"
100,"tilted_aipw",0.605013815286529,0.0099662753664766,0.0124219373831083,TRUE,0.0390670815566057,5000,3,10,"C3","none","superpopulation","facec"
100,"oracle_dr",0.601065646043992,0.0126136611915043,0.00847376814057044,TRUE,0.0494446432970779,5000,3,10,"C3","none","superpopulation","facec"
101,"one_round_crossfit",0.587335895376921,0.0103142702336654,-0.00525598252650017,TRUE,0.0404311963695954,5000,3,10,"C3","none","superpopulation","facec"
101,"two_round_crossfit",0.586151811396666,0.0103261735421042,-0.00644006650675499,TRUE,0.0404778564812691,5000,3,10,"C3","none","superpopulation","facec"
101,"target_only",0.567285051741597,0.019124736940896,-0.0253068261618237,TRUE,0.0749675912359178,5000,3,10,"C3","none","superpopulation","facec"
101,"sample_size",0.591739553776209,0.00960340709975696,-0.000852324127212589,TRUE,0.0376446640887997,5000,3,10,"C3","none","superpopulation","facec"
101,"inverse_variance",0.59233004860511,0.0117900763977088,-0.000261829298310756,TRUE,0.0462162502289698,5000,3,10,"C3","none","superpopulation","facec"
101,"federated_dr",0.592557466850173,0.00957321114439578,-3.44110532479736e-05,TRUE,0.0375262981188265,5000,3,10,"C3","none","superpopulation","facec"
101,"pooled_dr",0.590950242944191,0.0095996137683943,-0.00164163495922975,TRUE,0.0376297945030952,5000,3,10,"C3","none","superpopulation","facec"
101,"tilted_aipw",0.596392148800373,0.00979479691084598,0.00380027089695212,TRUE,0.0383948983622846,5000,3,10,"C3","none","superpopulation","facec"
101,"oracle_dr",0.588293234818688,0.0128415234331834,-0.00429864308473316,TRUE,0.0503378468713331,5000,3,10,"C3","none","superpopulation","facec"
102,"one_round_crossfit",0.586267616303221,0.0102135793309261,-0.00632426160020017,TRUE,0.0400364952837156,5000,3,10,"C3","none","superpopulation","facec"
102,"two_round_crossfit",0.586975020289375,0.0102409473648768,-0.00561685761404662,TRUE,0.0401437760054577,5000,3,10,"C3","none","superpopulation","facec"
102,"target_only",0.587963584362666,0.017899988321121,-0.00462829354075556,TRUE,0.0701666648661694,5000,3,10,"C3","none","superpopulation","facec"
102,"sample_size",0.592053723493862,0.0117315426944818,-0.000538154409559399,TRUE,0.0459868023285568,5000,3,10,"C3","none","superpopulation","facec"
102,"inverse_variance",0.592678368293195,0.0138505040847011,8.6490389774152e-05,TRUE,0.0542929783474779,5000,3,10,"C3","none","superpopulation","facec"
102,"federated_dr",0.595895232007783,0.00957954446504776,0.00330335410436222,TRUE,0.0375511242795872,5000,3,10,"C3","none","superpopulation","facec"
102,"pooled_dr",0.594142580821461,0.00962309126511416,0.00155070291804005,TRUE,0.0377218245991315,5000,3,10,"C3","none","superpopulation","facec"
102,"tilted_aipw",0.600750812905076,0.0101764154053104,0.00815893500165532,TRUE,0.0398908153722539,5000,3,10,"C3","none","superpopulation","facec"
102,"oracle_dr",0.597330650344722,0.0125548839453043,0.00473877244130128,TRUE,0.0492142407257532,5000,3,10,"C3","none","superpopulation","facec"
103,"one_round_crossfit",0.604228025597983,0.0101578232442973,0.0116361476945623,TRUE,0.0398179354402932,5000,3,10,"C3","none","superpopulation","facec"
103,"two_round_crossfit",0.60416588538339,0.0101152730230356,0.011574007479969,TRUE,0.0396511416378789,5000,3,10,"C3","none","superpopulation","facec"
103,"target_only",0.599605712035745,0.0178924705858211,0.00701383413232359,TRUE,0.0701371958853032,5000,3,10,"C3","none","superpopulation","facec"
103,"sample_size",0.60609140427572,0.0127724086830849,0.0134995263722983,TRUE,0.0500669220293462,5000,3,10,"C3","none","superpopulation","facec"
103,"inverse_variance",0.60634089700842,0.0145070636420085,0.0137490191049985,TRUE,0.0568666445195343,5000,3,10,"C3","none","superpopulation","facec"
103,"federated_dr",0.60625938920363,0.0094464000010762,0.0136675113002089,TRUE,0.037029207571337,5000,3,10,"C3","none","superpopulation","facec"
103,"pooled_dr",0.605200943661528,0.00924082329267907,0.0126090657581064,TRUE,0.0362233616822996,5000,3,10,"C3","none","superpopulation","facec"
103,"tilted_aipw",0.609820622460035,0.00953747615377314,0.0172287445566135,TRUE,0.03738621952961,5000,3,10,"C3","none","superpopulation","facec"
103,"oracle_dr",0.601570718372108,0.0127425621658316,0.00897884046868669,TRUE,0.0499499258315852,5000,3,10,"C3","none","superpopulation","facec"
104,"one_round_crossfit",0.577157145806663,0.0104882181767878,-0.0154347320967586,TRUE,0.0411130597770049,5000,3,10,"C3","none","superpopulation","facec"
104,"two_round_crossfit",0.576923121165734,0.01038268753016,-0.015668756737687,TRUE,0.0406993872436934,5000,3,10,"C3","none","superpopulation","facec"
104,"target_only",0.578374639784071,0.0185175387447166,-0.0142172381193503,TRUE,0.0725874180439392,5000,3,10,"C3","none","superpopulation","facec"
104,"sample_size",0.583084134916198,0.0162790571362183,-0.00950774298722301,TRUE,0.0638127313785151,5000,3,10,"C3","none","superpopulation","facec"
104,"inverse_variance",0.583088692601931,0.0173151955580797,-0.0095031853014903,TRUE,0.0678743193582083,5000,3,10,"C3","none","superpopulation","facec"
104,"federated_dr",0.580337564994624,0.00969344134663809,-0.0122543129087971,TRUE,0.0379975918513242,5000,3,10,"C3","none","superpopulation","facec"
104,"pooled_dr",0.582059746256185,0.00972751366034092,-0.0105321316472362,TRUE,0.0381311528667791,5000,3,10,"C3","none","superpopulation","facec"
104,"tilted_aipw",0.587739995035302,0.0101608899936954,-0.00485188286811922,TRUE,0.0398299568770326,5000,3,10,"C3","none","superpopulation","facec"
104,"oracle_dr",0.576242472623737,0.012541327928553,-0.0163494052796846,TRUE,0.0491611021165403,5000,3,10,"C3","none","superpopulation","facec"
105,"one_round_crossfit",0.599528076149458,0.0101993452532062,0.0069361982460372,TRUE,0.0399806987243472,5000,3,10,"C3","none","superpopulation","facec"
105,"two_round_crossfit",0.600244800190771,0.0102857300346614,0.00765292228734982,TRUE,0.0403193208452766,5000,3,10,"C3","none","superpopulation","facec"
105,"target_only",0.600042377847037,0.017725169278377,0.00745049994361624,TRUE,0.0694813868109896,5000,3,10,"C3","none","superpopulation","facec"
105,"sample_size",0.599805849060521,0.00965437137263329,0.00721397115709965,TRUE,0.0378444403674716,5000,3,10,"C3","none","superpopulation","facec"
105,"inverse_variance",0.599343918319857,0.0101908764808686,0.00675204041643607,TRUE,0.0399475017467976,5000,3,10,"C3","none","superpopulation","facec"
105,"federated_dr",0.597234405605265,0.00955546851649859,0.00464252770184426,TRUE,0.0374567482954873,5000,3,10,"C3","none","superpopulation","facec"
105,"pooled_dr",0.597389746995189,0.0095030974242951,0.00479786909176749,TRUE,0.0372514573863876,5000,3,10,"C3","none","superpopulation","facec"
105,"tilted_aipw",0.604781051316959,0.00994001632502832,0.0121891734135374,TRUE,0.0389641480055913,5000,3,10,"C3","none","superpopulation","facec"
105,"oracle_dr",0.594967492246287,0.0124481016213738,0.00237561434286548,TRUE,0.0487956617075747,5000,3,10,"C3","none","superpopulation","facec"
106,"one_round_crossfit",0.593978530074393,0.0105066202094582,0.00138665217097211,TRUE,0.0411851944195576,5000,3,10,"C3","none","superpopulation","facec"
106,"two_round_crossfit",0.593815546426662,0.0104237552764027,0.00122366852324052,TRUE,0.0408603698508174,5000,3,10,"C3","none","superpopulation","facec"
106,"target_only",0.576867986187489,0.0188026998801188,-0.0157238917159325,TRUE,0.0737052291542968,5000,3,10,"C3","none","superpopulation","facec"
106,"sample_size",0.594825513143365,0.0148243756128512,0.0022336352399438,TRUE,0.0581104845889644,5000,3,10,"C3","none","superpopulation","facec"
106,"inverse_variance",0.595709148378589,0.0159963004434786,0.00311727047516785,TRUE,0.0627043455102001,5000,3,10,"C3","none","superpopulation","facec"
106,"federated_dr",0.597396577217476,0.00956630290172683,0.00480469931405492,TRUE,0.0374992183051712,5000,3,10,"C3","none","superpopulation","facec"
106,"pooled_dr",0.592726715593812,0.00956740780636438,0.000134837690390688,TRUE,0.037503549451763,5000,3,10,"C3","none","superpopulation","facec"
106,"tilted_aipw",0.607252007098244,0.0100030513905388,0.0146601291948231,TRUE,0.0392112409219187,5000,3,10,"C3","none","superpopulation","facec"
106,"oracle_dr",0.592309331970765,0.0123863493985406,-0.000282545932656197,TRUE,0.0485535974421381,5000,3,10,"C3","none","superpopulation","facec"
107,"one_round_crossfit",0.594994992268779,0.010193198873846,0.00240311436535789,TRUE,0.0399566053599847,5000,3,10,"C3","none","superpopulation","facec"
107,"two_round_crossfit",0.595722144801665,0.0102888589584076,0.00313026689824414,TRUE,0.0403315860009823,5000,3,10,"C3","none","superpopulation","facec"
107,"target_only",0.597322652579756,0.0185300603335053,0.00473077467633465,TRUE,0.0726365017700494,5000,3,10,"C3","none","superpopulation","facec"
107,"sample_size",0.594569534537866,0.0108686595028505,0.00197765663444516,TRUE,0.0426043623716319,5000,3,10,"C3","none","superpopulation","facec"
107,"inverse_variance",0.595365073108327,0.0133328489562248,0.00277319520490571,TRUE,0.052263807531026,5000,3,10,"C3","none","superpopulation","facec"
107,"federated_dr",0.597631300721577,0.00947553555630932,0.00503942281815606,TRUE,0.03714341684919,5000,3,10,"C3","none","superpopulation","facec"
107,"pooled_dr",0.597467291287223,0.00936383181806741,0.00487541338380182,TRUE,0.0367055462414048,5000,3,10,"C3","none","superpopulation","facec"
107,"tilted_aipw",0.60104932887132,0.00984355544627891,0.00845745096789907,TRUE,0.0385860283090596,5000,3,10,"C3","none","superpopulation","facec"
107,"oracle_dr",0.595149337479921,0.0127530137114445,0.00255745957649989,TRUE,0.0499908951375536,5000,3,10,"C3","none","superpopulation","facec"
108,"one_round_crossfit",0.584371230941007,0.0102126366234825,-0.00822064696241409,TRUE,0.0400327999384411,5000,3,10,"C3","none","superpopulation","facec"
108,"two_round_crossfit",0.58423154819907,0.0103658337107077,-0.00836032970435108,TRUE,0.0406333214854364,5000,3,10,"C3","none","superpopulation","facec"
108,"target_only",0.581294938682968,0.0184487293592723,-0.0112969392204528,TRUE,0.0723176902094007,5000,3,10,"C3","none","superpopulation","facec"
108,"sample_size",0.584495948280523,0.00960031528222075,-0.00809592962289851,TRUE,0.0376325443867642,5000,3,10,"C3","none","superpopulation","facec"
108,"inverse_variance",0.585346528334649,0.0118645090183049,-0.00724534956877199,TRUE,0.0465080207402566,5000,3,10,"C3","none","superpopulation","facec"
108,"federated_dr",0.584326837693849,0.00955094264441097,-0.00826504020957264,TRUE,0.0374390072029065,5000,3,10,"C3","none","superpopulation","facec"
108,"pooled_dr",0.581787319912967,0.00963250318139258,-0.0108045579904545,TRUE,0.037758718632994,5000,3,10,"C3","none","superpopulation","facec"
108,"tilted_aipw",0.590211489354765,0.00981761585104548,-0.00238038854865608,TRUE,0.0384843469641973,5000,3,10,"C3","none","superpopulation","facec"
108,"oracle_dr",0.584695949578019,0.0125932204700321,-0.00789592832540231,TRUE,0.0493645171412709,5000,3,10,"C3","none","superpopulation","facec"
109,"one_round_crossfit",0.603672400862726,0.0103380750112101,0.0110805229593053,TRUE,0.0405245093828905,5000,3,10,"C3","none","superpopulation","facec"
109,"two_round_crossfit",0.603424947604359,0.0103352087172147,0.0108330697009382,TRUE,0.0405132737168905,5000,3,10,"C3","none","superpopulation","facec"
109,"target_only",0.618568479036122,0.0179466042664604,0.0259766011327011,TRUE,0.0703493960141106,5000,3,10,"C3","none","superpopulation","facec"
109,"sample_size",0.603944460783774,0.00959099107896151,0.0113525828803532,TRUE,0.0375959941816191,5000,3,10,"C3","none","superpopulation","facec"
109,"inverse_variance",0.604167483018889,0.0108443094911255,0.0115756051154674,TRUE,0.0425089120796236,5000,3,10,"C3","none","superpopulation","facec"
109,"federated_dr",0.604047548825607,0.00961763271712136,0.0114556709221862,TRUE,0.0377004274841839,5000,3,10,"C3","none","superpopulation","facec"
109,"pooled_dr",0.603217306637355,0.00954574283723951,0.0106254287339342,TRUE,0.0374186243333412,5000,3,10,"C3","none","superpopulation","facec"
109,"tilted_aipw",0.609069625704587,0.00978758079583994,0.0164777478011661,TRUE,0.0383666117112442,5000,3,10,"C3","none","superpopulation","facec"
109,"oracle_dr",0.597422987999614,0.0125714425554545,0.00483111009619308,TRUE,0.0492791492848101,5000,3,10,"C3","none","superpopulation","facec"
110,"one_round_crossfit",0.591968269948815,0.0104082547449709,-0.000623607954605809,TRUE,0.0407996088841223,5000,3,10,"C3","none","superpopulation","facec"
110,"two_round_crossfit",0.591380412008976,0.0104878872373603,-0.00121146589444532,TRUE,0.0411117625182871,5000,3,10,"C3","none","superpopulation","facec"
110,"target_only",0.614986236867023,0.0180352519810469,0.0223943589636022,TRUE,0.0706968886699131,5000,3,10,"C3","none","superpopulation","facec"
110,"sample_size",0.590173647660069,0.0116601644319904,-0.00241823024335197,TRUE,0.0457070046810324,5000,3,10,"C3","none","superpopulation","facec"
110,"inverse_variance",0.59041163978856,0.0138370539194778,-0.00218023811486123,TRUE,0.0542402546686305,5000,3,10,"C3","none","superpopulation","facec"
110,"federated_dr",0.589411517026731,0.00957425314277201,-0.00318036087668983,TRUE,0.0375303826774052,5000,3,10,"C3","none","superpopulation","facec"
110,"pooled_dr",0.589437080101597,0.0095161221712352,-0.00315479780182382,TRUE,0.0373025134562082,5000,3,10,"C3","none","superpopulation","facec"
110,"tilted_aipw",0.59369317815308,0.00972797023970692,0.0011013002496586,TRUE,0.0381329426250061,5000,3,10,"C3","none","superpopulation","facec"
110,"oracle_dr",0.592750532082245,0.012680083519883,0.000158654178823436,TRUE,0.0497050140398612,5000,3,10,"C3","none","superpopulation","facec"
111,"one_round_crossfit",0.589761264113864,0.0103122668818399,-0.00283061378955696,TRUE,0.0404233433747427,5000,3,10,"C3","none","superpopulation","facec"
111,"two_round_crossfit",0.589590988356367,0.010354205968895,-0.00300088954705435,TRUE,0.0405877415750877,5000,3,10,"C3","none","superpopulation","facec"
111,"target_only",0.614725859864215,0.0181467509955223,0.0221339819607937,TRUE,0.0711339567752802,5000,3,10,"C3","none","superpopulation","facec"
111,"sample_size",0.599976776772833,0.0106355629051621,0.00738489886941174,TRUE,0.041690640498856,5000,3,10,"C3","none","superpopulation","facec"
111,"inverse_variance",0.600758291421406,0.0132224206211845,0.00816641351798519,TRUE,0.0518309364119225,5000,3,10,"C3","none","superpopulation","facec"
111,"federated_dr",0.597872740264272,0.00943888333114308,0.00528086236085079,TRUE,0.0369997427666318,5000,3,10,"C3","none","superpopulation","facec"
111,"pooled_dr",0.594383956351526,0.00948116187920583,0.00179207844810436,TRUE,0.037165471629675,5000,3,10,"C3","none","superpopulation","facec"
111,"tilted_aipw",0.604371151822774,0.0100218629635573,0.0117792739193524,TRUE,0.0392849809331364,5000,3,10,"C3","none","superpopulation","facec"
111,"oracle_dr",0.585151860447736,0.0127278016796559,-0.0074400174556849,TRUE,0.0498920657889879,5000,3,10,"C3","none","superpopulation","facec"
112,"one_round_crossfit",0.61906228520658,0.0102951422292142,0.0264704073031589,FALSE,0.0403562159699544,5000,3,10,"C3","none","superpopulation","facec"
112,"two_round_crossfit",0.619155028274938,0.0102319600644815,0.0265631503715165,FALSE,0.0401085464352717,5000,3,10,"C3","none","superpopulation","facec"
112,"target_only",0.5883230072915,0.0188132328872559,-0.00426887061192094,TRUE,0.0737465177835723,5000,3,10,"C3","none","superpopulation","facec"
112,"sample_size",0.61457626449685,0.0122987218107438,0.0219843865934293,TRUE,0.0482101036098701,5000,3,10,"C3","none","superpopulation","facec"
112,"inverse_variance",0.615649706282035,0.0143889425900784,0.0230578283786143,TRUE,0.0564036185043364,5000,3,10,"C3","none","superpopulation","facec"
112,"federated_dr",0.615850925832273,0.00994127325954627,0.0232590479288521,FALSE,0.0389690750983636,5000,3,10,"C3","none","superpopulation","facec"
112,"pooled_dr",0.615708309244546,0.00973014100247285,0.0231164313411246,FALSE,0.0381414518586864,5000,3,10,"C3","none","superpopulation","facec"
112,"tilted_aipw",0.619858842803718,0.0100071947343739,0.0272669649002971,FALSE,0.0392274825313035,5000,3,10,"C3","none","superpopulation","facec"
112,"oracle_dr",0.61033482411231,0.0124709577034594,0.0177429462088892,TRUE,0.0488852559030057,5000,3,10,"C3","none","superpopulation","facec"
113,"one_round_crossfit",0.595875060313156,0.0102588517200949,0.00328318240973469,TRUE,0.0402139597882456,5000,3,10,"C3","none","superpopulation","facec"
113,"two_round_crossfit",0.596483926069893,0.0102721131086958,0.00389204816647171,TRUE,0.0402659434763308,5000,3,10,"C3","none","superpopulation","facec"
113,"target_only",0.580130289247137,0.018227915698424,-0.0124615886562837,TRUE,0.0714521165642865,5000,3,10,"C3","none","superpopulation","facec"
113,"sample_size",0.603814124982888,0.0152168888455821,0.0112222470794671,TRUE,0.0596491081881805,5000,3,10,"C3","none","superpopulation","facec"
113,"inverse_variance",0.60461026581903,0.0161704464106034,0.0120183879156084,TRUE,0.0633869851574351,5000,3,10,"C3","none","superpopulation","facec"
113,"federated_dr",0.604981039872579,0.00948240753976745,0.0123891619691578,TRUE,0.0371703545293505,5000,3,10,"C3","none","superpopulation","facec"
113,"pooled_dr",0.603297468599752,0.00948585964140231,0.0107055906963311,TRUE,0.0371838865191012,5000,3,10,"C3","none","superpopulation","facec"
113,"tilted_aipw",0.610204336227413,0.00962013809147044,0.0176124583239915,TRUE,0.037710248371168,5000,3,10,"C3","none","superpopulation","facec"
113,"oracle_dr",0.597577698636155,0.0125025041912274,0.00498582073273335,TRUE,0.0490089158627336,5000,3,10,"C3","none","superpopulation","facec"
114,"one_round_crossfit",0.596154624861531,0.0103149309109807,0.0035627469581101,TRUE,0.0404337861770825,5000,3,10,"C3","none","superpopulation","facec"
114,"two_round_crossfit",0.596705603043029,0.0103093490718386,0.00411372513960784,TRUE,0.0404119057697101,5000,3,10,"C3","none","superpopulation","facec"
114,"target_only",0.588660204923516,0.0189720297508754,-0.00393167297990549,TRUE,0.0743689900506765,5000,3,10,"C3","none","superpopulation","facec"
114,"sample_size",0.608324984616875,0.0101989172190968,0.015733106713454,TRUE,0.0399790208614703,5000,3,10,"C3","none","superpopulation","facec"
114,"inverse_variance",0.609420267674101,0.0128726326405297,0.0168283897706796,TRUE,0.0504597927233057,5000,3,10,"C3","none","superpopulation","facec"
114,"federated_dr",0.606720432274022,0.00956721542927697,0.014128554370601,TRUE,0.0375027953474376,5000,3,10,"C3","none","superpopulation","facec"
114,"pooled_dr",0.604398851922984,0.00944478224333071,0.0118069740195628,TRUE,0.0370228660775032,5000,3,10,"C3","none","superpopulation","facec"
114,"tilted_aipw",0.610500191943998,0.00964181564155501,0.017908314040577,TRUE,0.0377952228060456,5000,3,10,"C3","none","superpopulation","facec"
114,"oracle_dr",0.598362217161917,0.0125972956913918,0.00577033925849535,TRUE,0.049380491715459,5000,3,10,"C3","none","superpopulation","facec"
115,"one_round_crossfit",0.574026965958035,0.0105169057451468,-0.0185649119453866,TRUE,0.0412255129785801,5000,3,10,"C3","none","superpopulation","facec"
115,"two_round_crossfit",0.574663195490828,0.0104964786685184,-0.0179286824125936,TRUE,0.0411454403095781,5000,3,10,"C3","none","superpopulation","facec"
115,"target_only",0.551739820309589,0.0190609713025304,-0.0408520575938321,FALSE,0.0747176345266221,5000,3,10,"C3","none","superpopulation","facec"
115,"sample_size",0.577726993810876,0.0109424913813883,-0.0148648840925448,TRUE,0.042893778017322,5000,3,10,"C3","none","superpopulation","facec"
115,"inverse_variance",0.578896139977465,0.0137509494961356,-0.0136957379259565,TRUE,0.0539027315313099,5000,3,10,"C3","none","superpopulation","facec"
115,"federated_dr",0.578686228038492,0.00975488269440094,-0.0139056498649287,TRUE,0.0382384375088778,5000,3,10,"C3","none","superpopulation","facec"
115,"pooled_dr",0.576726963499775,0.00968626152685618,-0.0158649144036462,TRUE,0.0379694474749481,5000,3,10,"C3","none","superpopulation","facec"
115,"tilted_aipw",0.589662065195145,0.0100659283205303,-0.00292981270827619,TRUE,0.0394577139584025,5000,3,10,"C3","none","superpopulation","facec"
115,"oracle_dr",0.578068692801216,0.0126674444069207,-0.014523185102205,TRUE,0.049655469627456,5000,3,10,"C3","none","superpopulation","facec"
116,"one_round_crossfit",0.594884910851406,0.010185494998843,0.00229303294798533,TRUE,0.0399264067248903,5000,3,10,"C3","none","superpopulation","facec"
116,"two_round_crossfit",0.595560512681093,0.0101711723764033,0.00296863477767217,TRUE,0.0398702630765984,5000,3,10,"C3","none","superpopulation","facec"
116,"target_only",0.597452992302528,0.018027038684684,0.00486111439910686,TRUE,0.0706646931397821,5000,3,10,"C3","none","superpopulation","facec"
116,"sample_size",0.607109522398927,0.019524199889496,0.0145176444955056,TRUE,0.0765334572207459,5000,3,10,"C3","none","superpopulation","facec"
116,"inverse_variance",0.606172372864184,0.019462584775199,0.0135804949607626,TRUE,0.0762919304108953,5000,3,10,"C3","none","superpopulation","facec"
116,"federated_dr",0.610518225332286,0.00930204797711484,0.0179263474288649,TRUE,0.0364633580352174,5000,3,10,"C3","none","superpopulation","facec"
116,"pooled_dr",0.606302334151709,0.00924762655505409,0.0137104562482879,TRUE,0.0362500299807644,5000,3,10,"C3","none","superpopulation","facec"
116,"tilted_aipw",0.606628435113678,0.00949284434321121,0.0140365572102571,TRUE,0.0372112660470776,5000,3,10,"C3","none","superpopulation","facec"
116,"oracle_dr",0.591905871226944,0.0125413697213303,-0.000686006676476891,TRUE,0.0491612659412173,5000,3,10,"C3","none","superpopulation","facec"
117,"one_round_crossfit",0.569030418936438,0.0104419538067468,-0.0235614589669833,FALSE,0.0409317067789092,5000,3,10,"C3","none","superpopulation","facec"
117,"two_round_crossfit",0.568955887602128,0.0103449104416189,-0.0236359903012934,FALSE,0.040551303777731,5000,3,10,"C3","none","superpopulation","facec"
117,"target_only",0.559621560754045,0.0184870494903116,-0.0329703171493766,TRUE,0.0724679023628405,5000,3,10,"C3","none","superpopulation","facec"
117,"sample_size",0.579796219569663,0.00968901471711283,-0.012795658333758,TRUE,0.0379802397824394,5000,3,10,"C3","none","superpopulation","facec"
117,"inverse_variance",0.580184108668446,0.0114207093723586,-0.0124077692349754,TRUE,0.0447683580954439,5000,3,10,"C3","none","superpopulation","facec"
117,"federated_dr",0.575883819563631,0.0095895812465851,-0.0167080583397904,TRUE,0.037590467740255,5000,3,10,"C3","none","superpopulation","facec"
117,"pooled_dr",0.574771405885985,0.00967095814233614,-0.017820472017436,TRUE,0.0379094593099465,5000,3,10,"C3","none","superpopulation","facec"
117,"tilted_aipw",0.580340652035632,0.00977231388746319,-0.0122512258677894,TRUE,0.0383067665300969,5000,3,10,"C3","none","superpopulation","facec"
117,"oracle_dr",0.578668154297689,0.0126855034639245,-0.013923723605732,TRUE,0.0497262598301003,5000,3,10,"C3","none","superpopulation","facec"
118,"one_round_crossfit",0.570522787109569,0.0101958877938347,-0.0220690907938524,FALSE,0.0399671457326551,5000,3,10,"C3","none","superpopulation","facec"
118,"two_round_crossfit",0.570637952069076,0.0102141126138273,-0.0219539258343452,FALSE,0.0400385857142755,5000,3,10,"C3","none","superpopulation","facec"
118,"target_only",0.585029868814101,0.0183410309733417,-0.0075620090893197,TRUE,0.0718955202941667,5000,3,10,"C3","none","superpopulation","facec"
118,"sample_size",0.573794667168538,0.00972631701470555,-0.0187972107348833,TRUE,0.038126462102084,5000,3,10,"C3","none","superpopulation","facec"
118,"inverse_variance",0.574284906813798,0.0109128474005882,-0.0183069710896228,TRUE,0.0427775757478688,5000,3,10,"C3","none","superpopulation","facec"
118,"federated_dr",0.571597048978648,0.00972242380974809,-0.0209948289247727,FALSE,0.0381112010190818,5000,3,10,"C3","none","superpopulation","facec"
118,"pooled_dr",0.571563908322925,0.00965663282851296,-0.0210279695804966,FALSE,0.0378533051116252,5000,3,10,"C3","none","superpopulation","facec"
118,"tilted_aipw",0.573558289138725,0.00991481602507246,-0.019033588764696,TRUE,0.0388653646449653,5000,3,10,"C3","none","superpopulation","facec"
118,"oracle_dr",0.577709492667077,0.012643957231505,-0.0148823852363443,TRUE,0.0495634015916291,5000,3,10,"C3","none","superpopulation","facec"
119,"one_round_crossfit",0.597778237326588,0.0100662649505462,0.00518635942316636,TRUE,0.039459033523817,5000,3,10,"C3","none","superpopulation","facec"
119,"two_round_crossfit",0.59672209262353,0.0100497185622001,0.00413021472010922,TRUE,0.0393941728733518,5000,3,10,"C3","none","superpopulation","facec"
119,"target_only",0.58823048289337,0.01810740404515,-0.00436139501005073,TRUE,0.0709797195640176,5000,3,10,"C3","none","superpopulation","facec"
119,"sample_size",0.600072300556995,0.0119022861956453,0.00748042265357429,TRUE,0.0466561045543064,5000,3,10,"C3","none","superpopulation","facec"
119,"inverse_variance",0.600598028683998,0.0139700506186141,0.00800615078057687,TRUE,0.0547615921493703,5000,3,10,"C3","none","superpopulation","facec"
119,"federated_dr",0.601580652324932,0.00940470707837214,0.00898877442151091,TRUE,0.0368657743175167,5000,3,10,"C3","none","superpopulation","facec"
119,"pooled_dr",0.601848504205974,0.00925546741213011,0.00925662630255286,TRUE,0.0362807655757182,5000,3,10,"C3","none","superpopulation","facec"
119,"tilted_aipw",0.602719014668925,0.00961506207239869,0.0101271367655035,TRUE,0.037690350742037,5000,3,10,"C3","none","superpopulation","facec"
119,"oracle_dr",0.598647426527454,0.0128504529073818,0.0060555486240329,TRUE,0.0503728497669926,5000,3,10,"C3","none","superpopulation","facec"
120,"one_round_crossfit",0.582966776148418,0.0103782115934299,-0.0096251017550032,TRUE,0.0406818418941173,5000,3,10,"C3","none","superpopulation","facec"
120,"two_round_crossfit",0.581805554167986,0.0104882797634586,-0.010786323735435,TRUE,0.0411133011923182,5000,3,10,"C3","none","superpopulation","facec"
120,"target_only",0.565367905267173,0.0181335100662603,-0.0272239726362484,TRUE,0.0710820532863294,5000,3,10,"C3","none","superpopulation","facec"
120,"sample_size",0.591198192936718,0.0138002370399606,-0.00139368496670267,TRUE,0.0540959351528769,5000,3,10,"C3","none","superpopulation","facec"
120,"inverse_variance",0.592127005996918,0.0153772099055126,-0.000464871906502906,TRUE,0.0602775551950345,5000,3,10,"C3","none","superpopulation","facec"
120,"federated_dr",0.593196029832998,0.00962357136814095,0.00060415192957719,TRUE,0.0377237065684142,5000,3,10,"C3","none","superpopulation","facec"
120,"pooled_dr",0.589811693171602,0.00973102216877073,-0.0027801847318194,TRUE,0.0381449059671028,5000,3,10,"C3","none","superpopulation","facec"
120,"tilted_aipw",0.593699125535202,0.00968357762122202,0.00110724763178116,TRUE,0.0379589267581864,5000,3,10,"C3","none","superpopulation","facec"
120,"oracle_dr",0.585695566468419,0.0122843962410224,-0.00689631143500202,TRUE,0.0481539484084461,5000,3,10,"C3","none","superpopulation","facec"
121,"one_round_crossfit",0.599638666741668,0.0100675977313097,0.00704678883824639,TRUE,0.0394642579284081,5000,3,10,"C3","none","superpopulation","facec"
121,"two_round_crossfit",0.60038006301091,0.0100612862255783,0.00778818510748924,TRUE,0.0394395172805646,5000,3,10,"C3","none","superpopulation","facec"
121,"target_only",0.60208175869655,0.0186803830317889,0.00948988079312907,TRUE,0.0732257559194389,5000,3,10,"C3","none","superpopulation","facec"
121,"sample_size",0.600912646972055,0.0114283766658121,0.00832076906863433,TRUE,0.0447984133334993,5000,3,10,"C3","none","superpopulation","facec"
121,"inverse_variance",0.600770942789397,0.0135880025849115,0.00817906488597631,TRUE,0.0532639913765274,5000,3,10,"C3","none","superpopulation","facec"
121,"federated_dr",0.598241328328279,0.0095324704115,0.00564945042485765,TRUE,0.0373665973804673,5000,3,10,"C3","none","superpopulation","facec"
121,"pooled_dr",0.599418993237756,0.00939556511275341,0.00682711533433444,TRUE,0.0368299384707953,5000,3,10,"C3","none","superpopulation","facec"
121,"tilted_aipw",0.60651832976306,0.00992110415066079,0.0139264518596385,TRUE,0.038890013644332,5000,3,10,"C3","none","superpopulation","facec"
121,"oracle_dr",0.598837735067794,0.0127868047943914,0.00624585716437298,TRUE,0.0501233537487025,5000,3,10,"C3","none","superpopulation","facec"
122,"one_round_crossfit",0.597095183507916,0.0102423119851281,0.00450330560449463,TRUE,0.0401491252185482,5000,3,10,"C3","none","superpopulation","facec"
122,"two_round_crossfit",0.598686668292628,0.010250625336413,0.00609479038920713,TRUE,0.0401817129567665,5000,3,10,"C3","none","superpopulation","facec"
122,"target_only",0.571794107500663,0.0183699115064625,-0.0207977704027583,TRUE,0.0720087299037091,5000,3,10,"C3","none","superpopulation","facec"
122,"sample_size",0.608915423316019,0.0153839339443393,0.0163235454125974,TRUE,0.0603039129428966,5000,3,10,"C3","none","superpopulation","facec"
122,"inverse_variance",0.610247514067936,0.0161439054743714,0.017655636164515,TRUE,0.0632829465991738,5000,3,10,"C3","none","superpopulation","facec"
122,"federated_dr",0.609427714204721,0.00940842232573731,0.0168358363013001,TRUE,0.0368803378195754,5000,3,10,"C3","none","superpopulation","facec"
122,"pooled_dr",0.606284964825828,0.00933761216464964,0.013693086922407,TRUE,0.0366027670886329,5000,3,10,"C3","none","superpopulation","facec"
122,"tilted_aipw",0.616883784850122,0.00968200607800276,0.0242919069467009,FALSE,0.0379527664219665,5000,3,10,"C3","none","superpopulation","facec"
122,"oracle_dr",0.605797092393907,0.0127082699946023,0.0132052144904861,TRUE,0.0498155029904632,5000,3,10,"C3","none","superpopulation","facec"
123,"one_round_crossfit",0.601501398405363,0.0100590711529282,0.00890952050194205,TRUE,0.0394308343553302,5000,3,10,"C3","none","superpopulation","facec"
123,"two_round_crossfit",0.601022695630083,0.010013002912475,0.00843081772666177,TRUE,0.0392502501710914,5000,3,10,"C3","none","superpopulation","facec"
123,"target_only",0.591353696372761,0.0185438730957642,-0.00123818153066013,TRUE,0.0726906468031581,5000,3,10,"C3","none","superpopulation","facec"
123,"sample_size",0.59760540146846,0.00983703374031213,0.00501352356503904,TRUE,0.0385604636914343,5000,3,10,"C3","none","superpopulation","facec"
123,"inverse_variance",0.599009064163361,0.0130078343746273,0.00641718625994014,TRUE,0.0509897737822631,5000,3,10,"C3","none","superpopulation","facec"
123,"federated_dr",0.600519475851194,0.00959068858039596,0.00792759794777242,TRUE,0.0375948084090314,5000,3,10,"C3","none","superpopulation","facec"
123,"pooled_dr",0.598790297629253,0.00951813289857206,0.00619841972583146,TRUE,0.0373103953625342,5000,3,10,"C3","none","superpopulation","facec"
123,"tilted_aipw",0.602616674402025,0.00979155347168651,0.0100247964986042,TRUE,0.0383821843144074,5000,3,10,"C3","none","superpopulation","facec"
123,"oracle_dr",0.604893926784533,0.0125285730712259,0.0123020488811115,TRUE,0.0491111039945622,5000,3,10,"C3","none","superpopulation","facec"
124,"one_round_crossfit",0.596710562366219,0.0103530593423731,0.0041186844627974,TRUE,0.0405832468817142,5000,3,10,"C3","none","superpopulation","facec"
124,"two_round_crossfit",0.596700938725461,0.0103255059103195,0.0041090608220401,TRUE,0.0404752394127632,5000,3,10,"C3","none","superpopulation","facec"
124,"target_only",0.596459508999906,0.0185288709384712,0.00386763109648447,TRUE,0.0726318394271888,5000,3,10,"C3","none","superpopulation","facec"
124,"sample_size",0.597088632284105,0.0130860042551493,0.0044967543806842,TRUE,0.0512961940832612,5000,3,10,"C3","none","superpopulation","facec"
124,"inverse_variance",0.597381679016723,0.0148656158113699,0.00478980111330163,TRUE,0.0582721431965882,5000,3,10,"C3","none","superpopulation","facec"
124,"federated_dr",0.602700212852263,0.00976378320480166,0.0101083349488416,TRUE,0.0382733268685367,5000,3,10,"C3","none","superpopulation","facec"
124,"pooled_dr",0.600562599438409,0.00982230717420583,0.00797072153498735,TRUE,0.0385027366130657,5000,3,10,"C3","none","superpopulation","facec"
124,"tilted_aipw",0.607342801836388,0.00984802809989402,0.0147509239329665,TRUE,0.0386035607890614,5000,3,10,"C3","none","superpopulation","facec"
124,"oracle_dr",0.593013043102284,0.0126834563845586,0.000421165198863038,TRUE,0.0497182354264389,5000,3,10,"C3","none","superpopulation","facec"
125,"one_round_crossfit",0.595363579156884,0.0102794829380997,0.00277170125346293,TRUE,0.0402948326767387,5000,3,10,"C3","none","superpopulation","facec"
125,"two_round_crossfit",0.595050194665777,0.0102517735062607,0.00245831676235586,TRUE,0.0401862136998659,5000,3,10,"C3","none","superpopulation","facec"
125,"target_only",0.592548922663081,0.0182616117552859,-4.29552403401479e-05,TRUE,0.0715842026800273,5000,3,10,"C3","none","superpopulation","facec"
125,"sample_size",0.607243562505256,0.00955906222443646,0.0146516846018346,TRUE,0.0374708353717457,5000,3,10,"C3","none","superpopulation","facec"
125,"inverse_variance",0.607398241559769,0.0107852347352469,0.0148063636563474,TRUE,0.0422773432917887,5000,3,10,"C3","none","superpopulation","facec"
125,"federated_dr",0.602348132178961,0.00977593866688159,0.00975625427553939,TRUE,0.0383209754043208,5000,3,10,"C3","none","superpopulation","facec"
125,"pooled_dr",0.601714020984434,0.00976675830733268,0.00912214308101245,TRUE,0.038284989056159,5000,3,10,"C3","none","superpopulation","facec"
125,"tilted_aipw",0.605970483336504,0.00969698522076867,0.0133786054330827,TRUE,0.0380114835826475,5000,3,10,"C3","none","superpopulation","facec"
125,"oracle_dr",0.599133895807709,0.0123928390136402,0.0065420179042881,TRUE,0.0485790362658753,5000,3,10,"C3","none","superpopulation","facec"
126,"one_round_crossfit",0.602664044071131,0.0103663073175438,0.0100721661677099,TRUE,0.0406351779901197,5000,3,10,"C3","none","superpopulation","facec"
126,"two_round_crossfit",0.602388080036264,0.010309880209295,0.00979620213284282,TRUE,0.0404139877902809,5000,3,10,"C3","none","superpopulation","facec"
126,"target_only",0.608869882969316,0.0181343270598988,0.0162780050658944,TRUE,0.0710852558425434,5000,3,10,"C3","none","superpopulation","facec"
126,"sample_size",0.60661668460961,0.00961465360501395,0.0140248067061888,TRUE,0.037688749579311,5000,3,10,"C3","none","superpopulation","facec"
126,"inverse_variance",0.607095584322711,0.0112825427123851,0.0145037064192899,TRUE,0.0442267547406194,5000,3,10,"C3","none","superpopulation","facec"
126,"federated_dr",0.607473813012012,0.0095155439505051,0.0148819351085908,TRUE,0.037300246872596,5000,3,10,"C3","none","superpopulation","facec"
126,"pooled_dr",0.609204103735033,0.00946493235201248,0.0166122258316116,TRUE,0.0371018530521048,5000,3,10,"C3","none","superpopulation","facec"
126,"tilted_aipw",0.611980557145546,0.009661708780711,0.0193886792421247,FALSE,0.0378732024786159,5000,3,10,"C3","none","superpopulation","facec"
126,"oracle_dr",0.599126331899639,0.0123898039463191,0.00653445399621821,TRUE,0.0485671390205955,5000,3,10,"C3","none","superpopulation","facec"
127,"one_round_crossfit",0.600017517735209,0.0102991758187211,0.00742563983178757,TRUE,0.0403720273502786,5000,3,10,"C3","none","superpopulation","facec"
127,"two_round_crossfit",0.600016030249036,0.0103465004460382,0.00742415234561467,TRUE,0.0405575364805251,5000,3,10,"C3","none","superpopulation","facec"
127,"target_only",0.585908246976275,0.018897588611493,-0.00668363092714586,TRUE,0.0740771861463612,5000,3,10,"C3","none","superpopulation","facec"
127,"sample_size",0.606180646885378,0.0116053931938806,0.0135887689819564,TRUE,0.0454923053728644,5000,3,10,"C3","none","superpopulation","facec"
127,"inverse_variance",0.607398167302601,0.0138199315533435,0.0148062893991794,TRUE,0.0541731362267237,5000,3,10,"C3","none","superpopulation","facec"
127,"federated_dr",0.604533899348112,0.00964796094606849,0.0119420214446906,TRUE,0.0378193119570864,5000,3,10,"C3","none","superpopulation","facec"
127,"pooled_dr",0.604082129740413,0.00975193902414186,0.0114902518369914,TRUE,0.0382268985334975,5000,3,10,"C3","none","superpopulation","facec"
127,"tilted_aipw",0.605852324294201,0.00985811432134012,0.0132604463907797,TRUE,0.0386430980506103,5000,3,10,"C3","none","superpopulation","facec"
127,"oracle_dr",0.604656894800439,0.0124853234984293,0.0120650168970181,TRUE,0.0489415687845061,5000,3,10,"C3","none","superpopulation","facec"
128,"one_round_crossfit",0.598152350394316,0.0101659616313651,0.00556047249089531,TRUE,0.0398498373313831,5000,3,10,"C3","none","superpopulation","facec"
128,"two_round_crossfit",0.596642725693163,0.0102586954049949,0.00405084778974163,TRUE,0.0402133470443131,5000,3,10,"C3","none","superpopulation","facec"
128,"target_only",0.617217472815497,0.0182528144401885,0.0246255949120762,TRUE,0.0715497178385243,5000,3,10,"C3","none","superpopulation","facec"
128,"sample_size",0.610391836918813,0.0125404887014177,0.0177999590153914,TRUE,0.0491578124066203,5000,3,10,"C3","none","superpopulation","facec"
128,"inverse_variance",0.61115825759962,0.014421182308372,0.0185663796961991,TRUE,0.0565299958777907,5000,3,10,"C3","none","superpopulation","facec"
128,"federated_dr",0.612032950428707,0.00939195548556619,0.0194410725252862,FALSE,0.0368157889922263,5000,3,10,"C3","none","superpopulation","facec"
128,"pooled_dr",0.609336130761904,0.00954532127117431,0.0167442528584828,TRUE,0.0374169718247315,5000,3,10,"C3","none","superpopulation","facec"
128,"tilted_aipw",0.620589101578356,0.0101877711480433,0.0279972236749346,FALSE,0.0399353290658024,5000,3,10,"C3","none","superpopulation","facec"
128,"oracle_dr",0.58498288195492,0.0125053072369136,-0.00760899594850106,TRUE,0.0490199035999177,5000,3,10,"C3","none","superpopulation","facec"
129,"one_round_crossfit",0.5862474810845,0.0102663232998995,-0.00634439681892107,TRUE,0.0402432478428949,5000,3,10,"C3","none","superpopulation","facec"
129,"two_round_crossfit",0.585279798262742,0.0103256869971336,-0.0073120796406787,TRUE,0.0404759492600308,5000,3,10,"C3","none","superpopulation","facec"
129,"target_only",0.596628904028016,0.0177532406319838,0.00403702612459478,TRUE,0.0695914244951226,5000,3,10,"C3","none","superpopulation","facec"
129,"sample_size",0.590204998361705,0.0116015649818371,-0.00238687954171635,TRUE,0.0454772990574035,5000,3,10,"C3","none","superpopulation","facec"
129,"inverse_variance",0.590657212010339,0.0136479908968248,-0.001934665893082,TRUE,0.0534991412382142,5000,3,10,"C3","none","superpopulation","facec"
129,"federated_dr",0.589988539869225,0.00951514313129038,-0.0026033380341961,TRUE,0.0372986756901457,5000,3,10,"C3","none","superpopulation","facec"
129,"pooled_dr",0.589397890232493,0.00962588542620913,-0.00319398767092827,TRUE,0.0377327775093577,5000,3,10,"C3","none","superpopulation","facec"
129,"tilted_aipw",0.595483696941533,0.0102788648790621,0.0028918190381122,TRUE,0.040292409929831,5000,3,10,"C3","none","superpopulation","facec"
129,"oracle_dr",0.587780312905861,0.0126168970394224,-0.00481156499756019,TRUE,0.0494573275878358,5000,3,10,"C3","none","superpopulation","facec"
130,"one_round_crossfit",0.586585983747282,0.0103842489276022,-0.00600589415613895,TRUE,0.040705507809198,5000,3,10,"C3","none","superpopulation","facec"
130,"two_round_crossfit",0.585880377306188,0.0103619600073733,-0.00671150059723302,TRUE,0.0406181368473919,5000,3,10,"C3","none","superpopulation","facec"
130,"target_only",0.554492662680591,0.0185787299359221,-0.0380992152228299,FALSE,0.0728272831058068,5000,3,10,"C3","none","superpopulation","facec"
130,"sample_size",0.587755386112625,0.0198363937952635,-0.00483649179079582,TRUE,0.0777572348437405,5000,3,10,"C3","none","superpopulation","facec"
130,"inverse_variance",0.588513612205129,0.0197639448141275,-0.0040782656982925,TRUE,0.0774732400562541,5000,3,10,"C3","none","superpopulation","facec"
130,"federated_dr",0.591251760722666,0.0096186281571433,-0.001340117180755,TRUE,0.0377043295373676,5000,3,10,"C3","none","superpopulation","facec"
130,"pooled_dr",0.587870490911574,0.00956028205540264,-0.0047213869918471,TRUE,0.0374756170212676,5000,3,10,"C3","none","superpopulation","facec"
130,"tilted_aipw",0.592893827569459,0.00971410339495812,0.000301949666037471,TRUE,0.0380785855924324,5000,3,10,"C3","none","superpopulation","facec"
130,"oracle_dr",0.590655403092164,0.0126209884306863,-0.00193647481125692,TRUE,0.0494733655468838,5000,3,10,"C3","none","superpopulation","facec"
131,"one_round_crossfit",0.607385870548096,0.0103973851539461,0.0147939926446752,TRUE,0.0407570008702516,5000,3,10,"C3","none","superpopulation","facec"
131,"two_round_crossfit",0.607203836900294,0.0102973046285586,0.0146119589968732,TRUE,0.0403646924196248,5000,3,10,"C3","none","superpopulation","facec"
131,"target_only",0.60447814842763,0.0189744112942286,0.011886270524209,TRUE,0.074378325529076,5000,3,10,"C3","none","superpopulation","facec"
131,"sample_size",0.613697656398297,0.009636415149416,0.0211057784948755,FALSE,0.037774053265863,5000,3,10,"C3","none","superpopulation","facec"
131,"inverse_variance",0.614733519315481,0.0117439362028962,0.0221416414120603,TRUE,0.0460353839888255,5000,3,10,"C3","none","superpopulation","facec"
131,"federated_dr",0.615360878859282,0.00942248271375846,0.0227690009558604,FALSE,0.0369354535278357,5000,3,10,"C3","none","superpopulation","facec"
131,"pooled_dr",0.614158262911589,0.00939967615685591,0.0215663850081679,FALSE,0.036846053467555,5000,3,10,"C3","none","superpopulation","facec"
131,"tilted_aipw",0.620611982169988,0.00959958020876669,0.0280201042665669,FALSE,0.0376296629517723,5000,3,10,"C3","none","superpopulation","facec"
131,"oracle_dr",0.60488647831702,0.0124566917947373,0.0122946004135989,TRUE,0.0488293345684012,5000,3,10,"C3","none","superpopulation","facec"
132,"one_round_crossfit",0.577464960515015,0.0102504354750356,-0.0151269173884059,TRUE,0.040180968713843,5000,3,10,"C3","none","superpopulation","facec"
132,"two_round_crossfit",0.57702449023564,0.010297972217392,-0.0155673876677808,TRUE,0.040367309319765,5000,3,10,"C3","none","superpopulation","facec"
132,"target_only",0.583986556894679,0.0177958950271988,-0.00860532100874256,TRUE,0.0697586266519301,5000,3,10,"C3","none","superpopulation","facec"
132,"sample_size",0.584850336190868,0.00956656200277057,-0.00774154171255304,TRUE,0.0375002339625994,5000,3,10,"C3","none","superpopulation","facec"
132,"inverse_variance",0.585331284198039,0.0107614495120635,-0.00726059370538168,TRUE,0.0421841069301812,5000,3,10,"C3","none","superpopulation","facec"
132,"federated_dr",0.583326478184949,0.00940478420917535,-0.00926539971847185,TRUE,0.0368660766647093,5000,3,10,"C3","none","superpopulation","facec"
132,"pooled_dr",0.582984637976392,0.00942949926501845,-0.00960723992702905,TRUE,0.0369629579033661,5000,3,10,"C3","none","superpopulation","facec"
132,"tilted_aipw",0.586926597028608,0.00963936187317499,-0.00566528087481322,TRUE,0.0377856042107432,5000,3,10,"C3","none","superpopulation","facec"
132,"oracle_dr",0.577108765262908,0.0125862654188573,-0.0154831126405133,TRUE,0.0493372538416446,5000,3,10,"C3","none","superpopulation","facec"
133,"one_round_crossfit",0.586000590254169,0.0105515170626996,-0.00659128764925254,TRUE,0.0413611868503021,5000,3,10,"C3","none","superpopulation","facec"
133,"two_round_crossfit",0.586656799066633,0.0105625487579097,-0.00593507883678812,TRUE,0.0414044303009027,5000,3,10,"C3","none","superpopulation","facec"
133,"target_only",0.57252556907289,0.0187392281765048,-0.0200663088305316,TRUE,0.0734564246480551,5000,3,10,"C3","none","superpopulation","facec"
133,"sample_size",0.593449889832539,0.018594419840871,0.000858011929118274,TRUE,0.0728887864030481,5000,3,10,"C3","none","superpopulation","facec"
133,"inverse_variance",0.592425777416473,0.0185325220693792,-0.00016610048694865,TRUE,0.0726461515973538,5000,3,10,"C3","none","superpopulation","facec"
133,"federated_dr",0.596619083750316,0.00977563743248838,0.00402720584689464,TRUE,0.0383197945871976,5000,3,10,"C3","none","superpopulation","facec"
133,"pooled_dr",0.591688919754032,0.00960550892156295,-0.000902958149388677,TRUE,0.037652903078883,5000,3,10,"C3","none","superpopulation","facec"
133,"tilted_aipw",0.60057593993319,0.0100757584678748,0.00798406202976887,TRUE,0.0394962474279181,5000,3,10,"C3","none","superpopulation","facec"
133,"oracle_dr",0.597553482828998,0.0124571634774506,0.0049616049255764,TRUE,0.0488311835306616,5000,3,10,"C3","none","superpopulation","facec"
134,"one_round_crossfit",0.604590197767486,0.0101468506321875,0.011998319864065,TRUE,0.0397749235911899,5000,3,10,"C3","none","superpopulation","facec"
134,"two_round_crossfit",0.604801992835264,0.0102399489785659,0.0122101149318424,TRUE,0.0401398624030336,5000,3,10,"C3","none","superpopulation","facec"
134,"target_only",0.623047373688754,0.0184535606184676,0.0304554957853325,TRUE,0.0723366283974465,5000,3,10,"C3","none","superpopulation","facec"
134,"sample_size",0.607053585779761,0.00966299276705967,0.0144617078763399,TRUE,0.0378782356126159,5000,3,10,"C3","none","superpopulation","facec"
134,"inverse_variance",0.607092500350744,0.0110821631312078,0.0145006224473224,TRUE,0.0434412812159297,5000,3,10,"C3","none","superpopulation","facec"
134,"federated_dr",0.609759837783857,0.00957439402569506,0.0171679598804358,TRUE,0.0375309349283155,5000,3,10,"C3","none","superpopulation","facec"
134,"pooled_dr",0.605586256848828,0.00955024449195377,0.0129943789454066,TRUE,0.0374362704955629,5000,3,10,"C3","none","superpopulation","facec"
134,"tilted_aipw",0.617588630997649,0.00998793700667253,0.0249967530942281,FALSE,0.039151993625866,5000,3,10,"C3","none","superpopulation","facec"
134,"oracle_dr",0.599794949671401,0.0124134500057316,0.00720307176797963,TRUE,0.0486598298702448,5000,3,10,"C3","none","superpopulation","facec"
135,"one_round_crossfit",0.586533794758795,0.0104787223267596,-0.0060580831446263,TRUE,0.0410758367288893,5000,3,10,"C3","none","superpopulation","facec"
135,"two_round_crossfit",0.586014924120672,0.0104822890788233,-0.0065769537827487,TRUE,0.0410898181400623,5000,3,10,"C3","none","superpopulation","facec"
135,"target_only",0.59223326515037,0.0185913317060499,-0.000358612753051157,TRUE,0.0728766811369908,5000,3,10,"C3","none","superpopulation","facec"
135,"sample_size",0.595554200250229,0.00956694478014135,0.00296232234680782,TRUE,0.037501734422321,5000,3,10,"C3","none","superpopulation","facec"
135,"inverse_variance",0.595552768546386,0.00974471510558213,0.00296089064296434,TRUE,0.0381985812930887,5000,3,10,"C3","none","superpopulation","facec"
135,"federated_dr",0.595943727934608,0.00959462965321089,0.00335185003118665,TRUE,0.0376102571305867,5000,3,10,"C3","none","superpopulation","facec"
135,"pooled_dr",0.596600648481235,0.00967079614198449,0.00400877057781412,TRUE,0.037908824280237,5000,3,10,"C3","none","superpopulation","facec"
135,"tilted_aipw",0.602574956683494,0.00960952717122897,0.00998307878007254,TRUE,0.0376686543281357,5000,3,10,"C3","none","superpopulation","facec"
135,"oracle_dr",0.588299827311017,0.0124366343208589,-0.00429205059240378,TRUE,0.0487507107155565,5000,3,10,"C3","none","superpopulation","facec"
136,"one_round_crossfit",0.58161217055987,0.0101164557398066,-0.0109797073435512,TRUE,0.0396557778024289,5000,3,10,"C3","none","superpopulation","facec"
136,"two_round_crossfit",0.582037681099405,0.0100707017028804,-0.0105541968040164,TRUE,0.0394764252733835,5000,3,10,"C3","none","superpopulation","facec"
136,"target_only",0.596775504738118,0.018473798221992,0.00418362683469664,TRUE,0.0724159583455286,5000,3,10,"C3","none","superpopulation","facec"
136,"sample_size",0.592210398846747,0.00961612333869738,-0.000381479056673961,TRUE,0.0376945108294839,5000,3,10,"C3","none","superpopulation","facec"
136,"inverse_variance",0.591987401185565,0.0102499904693037,-0.000604476717856239,TRUE,0.0401792243234282,5000,3,10,"C3","none","superpopulation","facec"
136,"federated_dr",0.587711081155415,0.00956464112276513,-0.00488079674800646,TRUE,0.0374927042513409,5000,3,10,"C3","none","superpopulation","facec"
136,"pooled_dr",0.585955614393404,0.00950548982178828,-0.00663626351001756,TRUE,0.0372608354122341,5000,3,10,"C3","none","superpopulation","facec"
136,"tilted_aipw",0.593788881325168,0.00963241009973519,0.00119700342174656,TRUE,0.0377583537596016,5000,3,10,"C3","none","superpopulation","facec"
136,"oracle_dr",0.577946906002178,0.0128610613385045,-0.0146449719012433,TRUE,0.0504144340528587,5000,3,10,"C3","none","superpopulation","facec"
137,"one_round_crossfit",0.601345155541643,0.0102622424864645,0.00875327763822176,TRUE,0.0402272513481745,5000,3,10,"C3","none","superpopulation","facec"
137,"two_round_crossfit",0.601699066229344,0.0102056903066594,0.00910718832592261,TRUE,0.0400055708768441,5000,3,10,"C3","none","superpopulation","facec"
137,"target_only",0.598074565522659,0.0186836599997034,0.00548268761923787,TRUE,0.0732386013976205,5000,3,10,"C3","none","superpopulation","facec"
137,"sample_size",0.611542706656386,0.00978926425517852,0.0189508287529649,TRUE,0.0383732107505905,5000,3,10,"C3","none","superpopulation","facec"
137,"inverse_variance",0.612721181450038,0.0126240918430227,0.0201293035466168,TRUE,0.0494855306997006,5000,3,10,"C3","none","superpopulation","facec"
137,"federated_dr",0.607127708375489,0.00961113251067772,0.0145358304720676,TRUE,0.0376749471431408,5000,3,10,"C3","none","superpopulation","facec"
137,"pooled_dr",0.606858158514177,0.00968809255390315,0.0142662806107556,TRUE,0.0379766249690816,5000,3,10,"C3","none","superpopulation","facec"
137,"tilted_aipw",0.604663007532558,0.00973816810683456,0.0120711296291368,TRUE,0.0381729175295846,5000,3,10,"C3","none","superpopulation","facec"
137,"oracle_dr",0.603346458525376,0.0124884472553715,0.0107545806219547,TRUE,0.0489538136867125,5000,3,10,"C3","none","superpopulation","facec"
138,"one_round_crossfit",0.60536772668873,0.0101451102784282,0.0127758487853088,TRUE,0.0397681015298126,5000,3,10,"C3","none","superpopulation","facec"
138,"two_round_crossfit",0.60529168744027,0.0102204033740038,0.0126998095368486,TRUE,0.0400632450410381,5000,3,10,"C3","none","superpopulation","facec"
138,"target_only",0.614133062586341,0.0176077743945989,0.02154118468292,TRUE,0.0690212073226408,5000,3,10,"C3","none","superpopulation","facec"
138,"sample_size",0.602184600813519,0.00971076070973376,0.00959272291009827,TRUE,0.0380654825071296,5000,3,10,"C3","none","superpopulation","facec"
138,"inverse_variance",0.602972705909507,0.0111305244324626,0.0103808280060858,TRUE,0.0436308540333399,5000,3,10,"C3","none","superpopulation","facec"
138,"federated_dr",0.603174531765289,0.00969379010765546,0.0105826538618676,TRUE,0.0379989589693908,5000,3,10,"C3","none","superpopulation","facec"
138,"pooled_dr",0.602647266359084,0.00942058218460931,0.0100553884556632,TRUE,0.0369280035904678,5000,3,10,"C3","none","superpopulation","facec"
138,"tilted_aipw",0.605754468767442,0.00953906522392835,0.0131625908640212,TRUE,0.0373924485701562,5000,3,10,"C3","none","superpopulation","facec"
138,"oracle_dr",0.596029350466301,0.0125724529977254,0.00343747256288029,TRUE,0.0492831101457287,5000,3,10,"C3","none","superpopulation","facec"
139,"one_round_crossfit",0.602932999057412,0.0101140338682557,0.0103411211539912,TRUE,0.0396462842403991,5000,3,10,"C3","none","superpopulation","facec"
139,"two_round_crossfit",0.602777947843141,0.01021240793305,0.0101860699397198,TRUE,0.0400319034884182,5000,3,10,"C3","none","superpopulation","facec"
139,"target_only",0.588113738394543,0.0185838721755373,-0.00447813950887788,TRUE,0.0728474403146981,5000,3,10,"C3","none","superpopulation","facec"
139,"sample_size",0.606814921649877,0.0115227277511383,0.0142230437464559,TRUE,0.0451682627917827,5000,3,10,"C3","none","superpopulation","facec"
139,"inverse_variance",0.607445247974799,0.0137378230521698,0.014853370071378,TRUE,0.0538512768164741,5000,3,10,"C3","none","superpopulation","facec"
139,"federated_dr",0.608835765944225,0.0094892030724778,0.0162438880408036,TRUE,0.0371969925280866,5000,3,10,"C3","none","superpopulation","facec"
139,"pooled_dr",0.60732145413337,0.00950538960096112,0.0147295762299487,TRUE,0.0372604425538108,5000,3,10,"C3","none","superpopulation","facec"
139,"tilted_aipw",0.611055797469011,0.00984378221499946,0.0184639195655895,TRUE,0.0385869172261097,5000,3,10,"C3","none","superpopulation","facec"
139,"oracle_dr",0.599620806207572,0.0126874788507012,0.00702892830415081,TRUE,0.0497340032039759,5000,3,10,"C3","none","superpopulation","facec"
140,"one_round_crossfit",0.584311595322815,0.0104491407528871,-0.00828028258060598,TRUE,0.0409598790900969,5000,3,10,"C3","none","superpopulation","facec"
140,"two_round_crossfit",0.583554224834466,0.0103459616888969,-0.00903765306895488,TRUE,0.0405554245913382,5000,3,10,"C3","none","superpopulation","facec"
140,"target_only",0.578572563273667,0.0183393452660353,-0.0140193146297541,TRUE,0.0718889124429487,5000,3,10,"C3","none","superpopulation","facec"
140,"sample_size",0.585517140676123,0.0150612237227971,-0.00707473722729812,TRUE,0.0590389121195651,5000,3,10,"C3","none","superpopulation","facec"
140,"inverse_variance",0.585910731966313,0.0161383277909227,-0.00668114593710811,TRUE,0.0632610824818209,5000,3,10,"C3","none","superpopulation","facec"
140,"federated_dr",0.590702221969825,0.00968154282331136,-0.00188965593359591,TRUE,0.0379509504969451,5000,3,10,"C3","none","superpopulation","facec"
140,"pooled_dr",0.585798562066689,0.0096044183659588,-0.00679331583673226,TRUE,0.0376486281794686,5000,3,10,"C3","none","superpopulation","facec"
140,"tilted_aipw",0.595204226733802,0.0104022414339589,0.00261234883038086,TRUE,0.0407760371380994,5000,3,10,"C3","none","superpopulation","facec"
140,"oracle_dr",0.583416817337437,0.0127299553646923,-0.00917506056598461,TRUE,0.0499005080791988,5000,3,10,"C3","none","superpopulation","facec"
141,"one_round_crossfit",0.588030195296015,0.0101922091252528,-0.00456168260740575,TRUE,0.0399527256167918,5000,3,10,"C3","none","superpopulation","facec"
141,"two_round_crossfit",0.587176480159139,0.0101943475659421,-0.00541539774428179,TRUE,0.0399611081502602,5000,3,10,"C3","none","superpopulation","facec"
141,"target_only",0.588517043846042,0.0179463831699474,-0.0040748340573793,TRUE,0.0703485293317052,5000,3,10,"C3","none","superpopulation","facec"
141,"sample_size",0.596904449306636,0.00958652320033608,0.00431257140321462,TRUE,0.0375784804192327,5000,3,10,"C3","none","superpopulation","facec"
141,"inverse_variance",0.59799710902721,0.0113639503982264,0.00540523112378932,TRUE,0.0445458670052465,5000,3,10,"C3","none","superpopulation","facec"
141,"federated_dr",0.593953528398942,0.00967150318782586,0.00136165049552106,TRUE,0.0379115958490059,5000,3,10,"C3","none","superpopulation","facec"
141,"pooled_dr",0.593061898660618,0.00962192625165408,0.000470020757196599,TRUE,0.0377172578302849,5000,3,10,"C3","none","superpopulation","facec"
141,"tilted_aipw",0.598404226482355,0.0100768134785462,0.00581234857893376,TRUE,0.0395003829937566,5000,3,10,"C3","none","superpopulation","facec"
141,"oracle_dr",0.582423928648386,0.0126094315052413,-0.0101679492550348,TRUE,0.0494280632315953,5000,3,10,"C3","none","superpopulation","facec"
142,"one_round_crossfit",0.585954199686183,0.0101654891765306,-0.00663767821723793,TRUE,0.0398479853424634,5000,3,10,"C3","none","superpopulation","facec"
142,"two_round_crossfit",0.585433523430372,0.0102026812966875,-0.0071583544730488,TRUE,0.0399937757744959,5000,3,10,"C3","none","superpopulation","facec"
142,"target_only",0.578109261288678,0.0184505472335646,-0.0144826166147433,TRUE,0.0723248161456833,5000,3,10,"C3","none","superpopulation","facec"
142,"sample_size",0.59762226910795,0.00950467187270645,0.00503039120452875,TRUE,0.0372576291107511,5000,3,10,"C3","none","superpopulation","facec"
142,"inverse_variance",0.597886986022431,0.0118741155194966,0.00529510811900957,TRUE,0.0465456775329629,5000,3,10,"C3","none","superpopulation","facec"
142,"federated_dr",0.59241824287865,0.00960400055808731,-0.000173635024771079,TRUE,0.0376469904027075,5000,3,10,"C3","none","superpopulation","facec"
142,"pooled_dr",0.591700977584027,0.00954601427900047,-0.000890900319394206,TRUE,0.037419688365492,5000,3,10,"C3","none","superpopulation","facec"
142,"tilted_aipw",0.595045901230047,0.00972679402766407,0.00245402332662592,TRUE,0.0381283319585217,5000,3,10,"C3","none","superpopulation","facec"
142,"oracle_dr",0.587815691623345,0.0127596024947092,-0.00477618628007659,TRUE,0.0500167226933548,5000,3,10,"C3","none","superpopulation","facec"
143,"one_round_crossfit",0.587988076066917,0.0102783815633348,-0.00460380183650377,TRUE,0.0402905153669935,5000,3,10,"C3","none","superpopulation","facec"
143,"two_round_crossfit",0.587708726556451,0.0102620070552891,-0.00488315134696993,TRUE,0.0402263284749254,5000,3,10,"C3","none","superpopulation","facec"
143,"target_only",0.603392999618473,0.018706305357545,0.0108011217150522,TRUE,0.0733273695691938,5000,3,10,"C3","none","superpopulation","facec"
143,"sample_size",0.594433590085933,0.0095972645244183,0.00184171218251139,TRUE,0.0376205856359275,5000,3,10,"C3","none","superpopulation","facec"
143,"inverse_variance",0.59543270807684,0.0117863418220619,0.00284083017341863,TRUE,0.0462016109614389,5000,3,10,"C3","none","superpopulation","facec"
143,"federated_dr",0.594507748478872,0.00940191678701315,0.0019158705754504,TRUE,0.0368548365763766,5000,3,10,"C3","none","superpopulation","facec"
143,"pooled_dr",0.594666271143761,0.00944293528924907,0.0020743932403402,TRUE,0.037015626150541,5000,3,10,"C3","none","superpopulation","facec"
143,"tilted_aipw",0.595909728420874,0.0096276740303898,0.00331785051745304,TRUE,0.0377397887089113,5000,3,10,"C3","none","superpopulation","facec"
143,"oracle_dr",0.588426373132201,0.0124722987918498,-0.0041655047712198,TRUE,0.048890512872896,5000,3,10,"C3","none","superpopulation","facec"
144,"one_round_crossfit",0.601039150344845,0.0102881606607773,0.00844727244142396,TRUE,0.0403288487245705,5000,3,10,"C3","none","superpopulation","facec"
144,"two_round_crossfit",0.601555472347614,0.0103034100175568,0.00896359444419237,TRUE,0.040388625104721,5000,3,10,"C3","none","superpopulation","facec"
144,"target_only",0.64353339897483,0.0179522839377427,0.0509415210714088,FALSE,0.0703716599164252,5000,3,10,"C3","none","superpopulation","facec"
144,"sample_size",0.605243655564954,0.0163404513480559,0.0126517776615325,TRUE,0.0640533922666371,5000,3,10,"C3","none","superpopulation","facec"
144,"inverse_variance",0.604116978432635,0.0170812191845882,0.0115251005292134,TRUE,0.066957148827655,5000,3,10,"C3","none","superpopulation","facec"
144,"federated_dr",0.603554426437205,0.00945989063243899,0.0109625485337841,TRUE,0.0370820898745365,5000,3,10,"C3","none","superpopulation","facec"
144,"pooled_dr",0.603461903299271,0.00956793368742095,0.0108700253958501,TRUE,0.037505610867625,5000,3,10,"C3","none","superpopulation","facec"
144,"tilted_aipw",0.604376219079386,0.00970619368228336,0.0117843411759651,TRUE,0.0380475800884912,5000,3,10,"C3","none","superpopulation","facec"
144,"oracle_dr",0.59298980300204,0.0126586573922568,0.000397925098619023,TRUE,0.0496210251629101,5000,3,10,"C3","none","superpopulation","facec"
145,"one_round_crossfit",0.587839912901671,0.0100573585148188,-0.00475196500175012,TRUE,0.0394241209373041,5000,3,10,"C3","none","superpopulation","facec"
145,"two_round_crossfit",0.58800833382363,0.0100014522854052,-0.00458354407979134,TRUE,0.0392049725449801,5000,3,10,"C3","none","superpopulation","facec"
145,"target_only",0.601001170164514,0.018866123816554,0.0084092922610931,TRUE,0.0739538464166383,5000,3,10,"C3","none","superpopulation","facec"
145,"sample_size",0.592181904882859,0.0095583482001096,-0.000409973020562227,TRUE,0.0374680364478162,5000,3,10,"C3","none","superpopulation","facec"
145,"inverse_variance",0.592484749366943,0.0109978007114463,-0.000107128536477985,TRUE,0.0431105866071673,5000,3,10,"C3","none","superpopulation","facec"
145,"federated_dr",0.590653496066803,0.0097272090989644,-0.00193838183661843,TRUE,0.038129959008121,5000,3,10,"C3","none","superpopulation","facec"
145,"pooled_dr",0.588613542235128,0.00962390535435319,-0.00397833566829342,TRUE,0.0377250157703088,5000,3,10,"C3","none","superpopulation","facec"
145,"tilted_aipw",0.595848078207202,0.00997635292221583,0.00325620030378104,TRUE,0.0391065848492078,5000,3,10,"C3","none","superpopulation","facec"
145,"oracle_dr",0.590168542624747,0.0128257273041723,-0.00242333527867433,TRUE,0.0502759271834192,5000,3,10,"C3","none","superpopulation","facec"
146,"one_round_crossfit",0.581147922937437,0.0103825539875213,-0.0114439549659845,TRUE,0.0406988637661692,5000,3,10,"C3","none","superpopulation","facec"
146,"two_round_crossfit",0.581403024997227,0.0103655133086973,-0.011188852906194,TRUE,0.0406320655326347,5000,3,10,"C3","none","superpopulation","facec"
146,"target_only",0.564552872132024,0.0192626364200506,-0.0280390057713968,TRUE,0.0755081472611774,5000,3,10,"C3","none","superpopulation","facec"
146,"sample_size",0.587944051307888,0.00972971104201972,-0.00464782659553276,TRUE,0.0381397664446808,5000,3,10,"C3","none","superpopulation","facec"
146,"inverse_variance",0.588711794848832,0.0125631110963672,-0.00388008305458909,TRUE,0.0492464905653105,5000,3,10,"C3","none","superpopulation","facec"
146,"federated_dr",0.586763510780956,0.00968732030057215,-0.00582836712246537,TRUE,0.0379735977916502,5000,3,10,"C3","none","superpopulation","facec"
146,"pooled_dr",0.588107418185297,0.00961572106881748,-0.00448445971812395,TRUE,0.0376929339605305,5000,3,10,"C3","none","superpopulation","facec"
146,"tilted_aipw",0.592392212349404,0.0100445504582966,-0.000199665554017514,TRUE,0.0393739142783134,5000,3,10,"C3","none","superpopulation","facec"
146,"oracle_dr",0.590635742039778,0.0127277664118127,-0.00195613586364329,TRUE,0.049891927541583,5000,3,10,"C3","none","superpopulation","facec"
147,"one_round_crossfit",0.609150941331852,0.0102889824959452,0.0165590634284309,TRUE,0.0403320702592314,5000,3,10,"C3","none","superpopulation","facec"
147,"two_round_crossfit",0.608174966196048,0.0103146721156875,0.0155830882926269,TRUE,0.0404327717181743,5000,3,10,"C3","none","superpopulation","facec"
147,"target_only",0.625138919193189,0.0183910713737932,0.0325470412897679,TRUE,0.0720916750594807,5000,3,10,"C3","none","superpopulation","facec"
147,"sample_size",0.606647988638486,0.0157973535899582,0.0140561107350652,TRUE,0.0619244881747252,5000,3,10,"C3","none","superpopulation","facec"
147,"inverse_variance",0.605531251312627,0.016751255044214,0.0129393734092058,TRUE,0.0656637131650086,5000,3,10,"C3","none","superpopulation","facec"
147,"federated_dr",0.610578005426843,0.00951971490657443,0.0179861275234219,TRUE,0.03731659671995,5000,3,10,"C3","none","superpopulation","facec"
147,"pooled_dr",0.607123657081946,0.00960215472405507,0.0145317791785253,TRUE,0.0376397548662581,5000,3,10,"C3","none","superpopulation","facec"
147,"tilted_aipw",0.610541977366977,0.0096050069367914,0.0179500994635559,TRUE,0.0376509353347372,5000,3,10,"C3","none","superpopulation","facec"
147,"oracle_dr",0.59873980565885,0.0124874534587902,0.00614792775542838,TRUE,0.0489499180756978,5000,3,10,"C3","none","superpopulation","facec"
148,"one_round_crossfit",0.602685850968344,0.0103637391651278,0.0100939730649232,TRUE,0.0406251110176354,5000,3,10,"C3","none","superpopulation","facec"
148,"two_round_crossfit",0.603363282528893,0.0103059775858199,0.0107714046254722,TRUE,0.0403986897873683,5000,3,10,"C3","none","superpopulation","facec"
148,"target_only",0.615652865430169,0.0187612264257191,0.0230609875267481,TRUE,0.0735426562004209,5000,3,10,"C3","none","superpopulation","facec"
148,"sample_size",0.607525900692732,0.00964143814541099,0.014934022789311,TRUE,0.0377937430483524,5000,3,10,"C3","none","superpopulation","facec"
148,"inverse_variance",0.608725138735515,0.0118541947219126,0.0161332608320938,TRUE,0.0464675894413471,5000,3,10,"C3","none","superpopulation","facec"
148,"federated_dr",0.61007903898043,0.0096141385085185,0.0174871610770089,TRUE,0.0376867304381518,5000,3,10,"C3","none","superpopulation","facec"
148,"pooled_dr",0.60603765079528,0.00962232898030071,0.0134457728918591,TRUE,0.0377188364975709,5000,3,10,"C3","none","superpopulation","facec"
148,"tilted_aipw",0.618074657944394,0.0098353405241701,0.0254827800409726,FALSE,0.0385538264061214,5000,3,10,"C3","none","superpopulation","facec"
148,"oracle_dr",0.596554943684913,0.0122294974837536,0.00396306578149197,TRUE,0.0479387492343606,5000,3,10,"C3","none","superpopulation","facec"
149,"one_round_crossfit",0.594129571812491,0.0103283652767135,0.0015376939090701,TRUE,0.0404864479230649,5000,3,10,"C3","none","superpopulation","facec"
149,"two_round_crossfit",0.594078016545539,0.0102239112672563,0.00148613864211822,TRUE,0.0400769957299114,5000,3,10,"C3","none","superpopulation","facec"
149,"target_only",0.596986705103089,0.0186558067880919,0.00439482719966766,TRUE,0.0731294188143961,5000,3,10,"C3","none","superpopulation","facec"
149,"sample_size",0.592500521343109,0.0124922950515064,-9.13565603117839e-05,TRUE,0.0489688967704009,5000,3,10,"C3","none","superpopulation","facec"
149,"inverse_variance",0.59285859659561,0.0144773933477445,0.000266718692188528,TRUE,0.056750339103198,5000,3,10,"C3","none","superpopulation","facec"
149,"federated_dr",0.595280272191608,0.00947210252192662,0.00268839428818712,TRUE,0.0371299596016943,5000,3,10,"C3","none","superpopulation","facec"
149,"pooled_dr",0.59224537634869,0.00941071585647161,-0.00034650155473126,TRUE,0.0368893282948488,5000,3,10,"C3","none","superpopulation","facec"
149,"tilted_aipw",0.60020017512727,0.00986133381130557,0.00760829722384904,TRUE,0.0386557182193721,5000,3,10,"C3","none","superpopulation","facec"
149,"oracle_dr",0.594830169807581,0.0128429031692652,0.00223829190415969,TRUE,0.0503432553373904,5000,3,10,"C3","none","superpopulation","facec"
150,"one_round_crossfit",0.586898501079528,0.0105040920969712,-0.00569337682389348,TRUE,0.0411752844007105,5000,3,10,"C3","none","superpopulation","facec"
150,"two_round_crossfit",0.586438971692129,0.0103938049196779,-0.00615290621129205,TRUE,0.0407429666098076,5000,3,10,"C3","none","superpopulation","facec"
150,"target_only",0.609129589783001,0.0186829935696185,0.0165377118795794,TRUE,0.0732359890396916,5000,3,10,"C3","none","superpopulation","facec"
150,"sample_size",0.600856650601153,0.0111560304762235,0.00826477269773185,TRUE,0.0437308358876587,5000,3,10,"C3","none","superpopulation","facec"
150,"inverse_variance",0.601113736749765,0.0135073355501465,0.00852185884634427,TRUE,0.0529477824107691,5000,3,10,"C3","none","superpopulation","facec"
150,"federated_dr",0.600392783200872,0.00966933489597255,0.00780090529745037,TRUE,0.0379030963011251,5000,3,10,"C3","none","superpopulation","facec"
150,"pooled_dr",0.598791346546722,0.00966628191384934,0.00619946864330068,TRUE,0.0378911288311112,5000,3,10,"C3","none","superpopulation","facec"
150,"tilted_aipw",0.602846303676346,0.00989334363264626,0.0102544257729251,TRUE,0.0387811944133307,5000,3,10,"C3","none","superpopulation","facec"
150,"oracle_dr",0.583323825426391,0.0126705222285644,-0.00926805247702989,TRUE,0.0496675344666009,5000,3,10,"C3","none","superpopulation","facec"
151,"one_round_crossfit",0.589545441165988,0.0104126991492773,-0.00304643673743354,TRUE,0.0408170306288687,5000,3,10,"C3","none","superpopulation","facec"
151,"two_round_crossfit",0.589034994803304,0.0104178003537589,-0.00355688310011704,TRUE,0.0408370269829921,5000,3,10,"C3","none","superpopulation","facec"
151,"target_only",0.591637624417179,0.0180871812014331,-0.000954253486242118,TRUE,0.0709004474733175,5000,3,10,"C3","none","superpopulation","facec"
151,"sample_size",0.599317935507257,0.00954116011229248,0.00672605760383571,TRUE,0.0374006603816468,5000,3,10,"C3","none","superpopulation","facec"
151,"inverse_variance",0.599515554642377,0.010128046353037,0.00692367673895589,TRUE,0.0397012121714098,5000,3,10,"C3","none","superpopulation","facec"
151,"federated_dr",0.598943736244398,0.00958578524941737,0.00635185834097718,TRUE,0.0375755877047868,5000,3,10,"C3","none","superpopulation","facec"
151,"pooled_dr",0.598059988915978,0.0095106954874658,0.00546811101255673,TRUE,0.0372812412467212,5000,3,10,"C3","none","superpopulation","facec"
151,"tilted_aipw",0.60753636082841,0.00995273319649404,0.0149444829249887,TRUE,0.0390139972257291,5000,3,10,"C3","none","superpopulation","facec"
151,"oracle_dr",0.589402762619679,0.0124600569253978,-0.00318911528374222,TRUE,0.0488425256381972,5000,3,10,"C3","none","superpopulation","facec"
152,"one_round_crossfit",0.598919357447873,0.0101413823010528,0.00632747954445223,TRUE,0.0397534881270307,5000,3,10,"C3","none","superpopulation","facec"
152,"two_round_crossfit",0.59889778259696,0.0102089438702534,0.00630590469353864,TRUE,0.0400183246117751,5000,3,10,"C3","none","superpopulation","facec"
152,"target_only",0.607882537395748,0.0186893303508712,0.0152906594923268,TRUE,0.0732608287657577,5000,3,10,"C3","none","superpopulation","facec"
152,"sample_size",0.601337927200083,0.00969126104936502,0.00874604929666156,TRUE,0.0379890452430627,5000,3,10,"C3","none","superpopulation","facec"
152,"inverse_variance",0.602430500349971,0.011391887995903,0.00983862244654987,TRUE,0.0446553803757681,5000,3,10,"C3","none","superpopulation","facec"
152,"federated_dr",0.60404471696456,0.00964066102534044,0.0114528390611384,TRUE,0.0377906967936525,5000,3,10,"C3","none","superpopulation","facec"
152,"pooled_dr",0.602285588146781,0.00960750772680693,0.00969371024335963,TRUE,0.0376607382514638,5000,3,10,"C3","none","superpopulation","facec"
152,"tilted_aipw",0.608743377119806,0.00982771446258523,0.0161514992163848,TRUE,0.038523932794021,5000,3,10,"C3","none","superpopulation","facec"
152,"oracle_dr",0.591778277491941,0.012756029109516,-0.000813600411479931,TRUE,0.0500027152807918,5000,3,10,"C3","none","superpopulation","facec"
153,"one_round_crossfit",0.584882003732681,0.0104592669439484,-0.00770987417073976,TRUE,0.0409995730296584,5000,3,10,"C3","none","superpopulation","facec"
153,"two_round_crossfit",0.584766052007077,0.01042682276964,-0.00782582589634429,TRUE,0.0408723942033533,5000,3,10,"C3","none","superpopulation","facec"
153,"target_only",0.589916544772217,0.018429219848097,-0.00267533313120372,TRUE,0.0722412143308817,5000,3,10,"C3","none","superpopulation","facec"
153,"sample_size",0.591965525604159,0.0148969439545344,-0.000626352299261779,TRUE,0.0583949472611984,5000,3,10,"C3","none","superpopulation","facec"
153,"inverse_variance",0.591760568480322,0.016108634755127,-0.000831309423099169,TRUE,0.0631446879203181,5000,3,10,"C3","none","superpopulation","facec"
153,"federated_dr",0.593142557556291,0.00961479603391707,0.000550679652870256,TRUE,0.037689307890352,5000,3,10,"C3","none","superpopulation","facec"
153,"pooled_dr",0.591249768814685,0.0096362016730496,-0.00134210908873644,TRUE,0.0377732164538838,5000,3,10,"C3","none","superpopulation","facec"
153,"tilted_aipw",0.594565813562511,0.00954189158293815,0.00197393565909021,TRUE,0.0374035276938893,5000,3,10,"C3","none","superpopulation","facec"
153,"oracle_dr",0.578814940430661,0.0125696402058892,-0.0137769374727604,TRUE,0.049272084204339,5000,3,10,"C3","none","superpopulation","facec"
154,"one_round_crossfit",0.589839556796449,0.0103070013712055,-0.00275232110697232,TRUE,0.0404027029523355,5000,3,10,"C3","none","superpopulation","facec"
154,"two_round_crossfit",0.591074441118012,0.010198371188779,-0.00151743678540961,TRUE,0.0399768804619556,5000,3,10,"C3","none","superpopulation","facec"
154,"target_only",0.603695569390371,0.018371265524719,0.0111036914869493,TRUE,0.0720140375577432,5000,3,10,"C3","none","superpopulation","facec"
154,"sample_size",0.598586915710619,0.00952676223538336,0.00599503780719801,TRUE,0.0373442217412554,5000,3,10,"C3","none","superpopulation","facec"
154,"inverse_variance",0.599319435440276,0.0114336440093318,0.00672755753685528,TRUE,0.0448190609406849,5000,3,10,"C3","none","superpopulation","facec"
154,"federated_dr",0.596427079619796,0.00949455172820632,0.00383520171637497,TRUE,0.0372179588732737,5000,3,10,"C3","none","superpopulation","facec"
154,"pooled_dr",0.593647099145868,0.00963152838684793,0.00105522124244728,TRUE,0.0377548975085942,5000,3,10,"C3","none","superpopulation","facec"
154,"tilted_aipw",0.599291455612406,0.00987009484329544,0.00669957770898466,TRUE,0.0386900608337071,5000,3,10,"C3","none","superpopulation","facec"
154,"oracle_dr",0.586160267363717,0.0126063374258586,-0.00643161053970431,TRUE,0.0494159346632845,5000,3,10,"C3","none","superpopulation","facec"
155,"one_round_crossfit",0.586233138307371,0.0101549462439431,-0.00635873959605038,TRUE,0.0398066578061373,5000,3,10,"C3","none","superpopulation","facec"
155,"two_round_crossfit",0.584603045069301,0.0102594164778149,-0.00798883283412,TRUE,0.0402161735978281,5000,3,10,"C3","none","superpopulation","facec"
155,"target_only",0.591739806760774,0.0185195567808005,-0.000852071142647626,TRUE,0.0725953286000272,5000,3,10,"C3","none","superpopulation","facec"
155,"sample_size",0.593255682237,0.00964802643443685,0.000663804333578488,TRUE,0.0378195686667733,5000,3,10,"C3","none","superpopulation","facec"
155,"inverse_variance",0.594264791402918,0.0115542908266566,0.00167291349949683,TRUE,0.0452919877742968,5000,3,10,"C3","none","superpopulation","facec"
155,"federated_dr",0.590854831132781,0.00949628656610857,-0.00173704677064057,TRUE,0.0372247593128887,5000,3,10,"C3","none","superpopulation","facec"
155,"pooled_dr",0.588083575165651,0.00955404095713557,-0.00450830273777048,TRUE,0.0374511523656127,5000,3,10,"C3","none","superpopulation","facec"
155,"tilted_aipw",0.596327552140737,0.00960440895330562,0.00373567423731569,TRUE,0.0376485912825462,5000,3,10,"C3","none","superpopulation","facec"
155,"oracle_dr",0.588428700210783,0.0124312086463681,-0.00416317769263808,TRUE,0.0487294424623685,5000,3,10,"C3","none","superpopulation","facec"
156,"one_round_crossfit",0.581807515028055,0.0104129389261779,-0.0107843628753658,TRUE,0.0408179705370477,5000,3,10,"C3","none","superpopulation","facec"
156,"two_round_crossfit",0.582597905144553,0.0102951447315709,-0.00999397275886804,TRUE,0.0403562257790124,5000,3,10,"C3","none","superpopulation","facec"
156,"target_only",0.578394815050599,0.0187898146589137,-0.0141970628528223,TRUE,0.0736547200153073,5000,3,10,"C3","none","superpopulation","facec"
156,"sample_size",0.590107206879632,0.0112882565425931,-0.00248467102378913,TRUE,0.0442491525434623,5000,3,10,"C3","none","superpopulation","facec"
156,"inverse_variance",0.590868109498067,0.0136289738259331,-0.00172376840535393,TRUE,0.0534245956901358,5000,3,10,"C3","none","superpopulation","facec"
156,"federated_dr",0.587153170692634,0.00945745003983875,-0.00543870721078743,TRUE,0.0370725229273416,5000,3,10,"C3","none","superpopulation","facec"
156,"pooled_dr",0.585710679367597,0.00940865140505755,-0.00688119853582381,TRUE,0.03688123579401,5000,3,10,"C3","none","superpopulation","facec"
156,"tilted_aipw",0.590443116191437,0.0100387075114259,-0.00214876171198397,TRUE,0.039351010347453,5000,3,10,"C3","none","superpopulation","facec"
156,"oracle_dr",0.592059437858929,0.0127006066368856,-0.000532440044492377,TRUE,0.0497854631802122,5000,3,10,"C3","none","superpopulation","facec"
157,"one_round_crossfit",0.604084727155361,0.0103303009518512,0.0114928492519401,TRUE,0.0404940356301764,5000,3,10,"C3","none","superpopulation","facec"
157,"two_round_crossfit",0.604130192723918,0.0103552701679953,0.0115383148204967,TRUE,0.0405919131589059,5000,3,10,"C3","none","superpopulation","facec"
157,"target_only",0.608169775440061,0.018523113578494,0.0155778975366394,TRUE,0.0726092709907862,5000,3,10,"C3","none","superpopulation","facec"
157,"sample_size",0.605955116397797,0.00994939136942751,0.0133632384943763,TRUE,0.0390008975043432,5000,3,10,"C3","none","superpopulation","facec"
157,"inverse_variance",0.607018515924377,0.0129343990178863,0.0144266380209561,TRUE,0.0507019124734549,5000,3,10,"C3","none","superpopulation","facec"
157,"federated_dr",0.607750699053929,0.00945842428332053,0.0151588211505083,TRUE,0.0370763418916147,5000,3,10,"C3","none","superpopulation","facec"
157,"pooled_dr",0.607002780363445,0.00948103977104153,0.014410902460024,TRUE,0.0371649929744666,5000,3,10,"C3","none","superpopulation","facec"
157,"tilted_aipw",0.613457559515749,0.0100553018389658,0.0208656816123274,FALSE,0.0394160589161048,5000,3,10,"C3","none","superpopulation","facec"
157,"oracle_dr",0.600055602775729,0.0125202809456036,0.00746372487230795,TRUE,0.0490785994594123,5000,3,10,"C3","none","superpopulation","facec"
158,"one_round_crossfit",0.602099382795055,0.0103071176590867,0.00950750489163354,TRUE,0.0404031587924534,5000,3,10,"C3","none","superpopulation","facec"
158,"two_round_crossfit",0.602634817333244,0.0101552758837076,0.0100429394298229,TRUE,0.0398079499702702,5000,3,10,"C3","none","superpopulation","facec"
158,"target_only",0.596751833383072,0.0186294708329298,0.00415995547965087,TRUE,0.0730261837671635,5000,3,10,"C3","none","superpopulation","facec"
158,"sample_size",0.603214819774181,0.0128302234698836,0.0106229418707602,TRUE,0.050293551829145,5000,3,10,"C3","none","superpopulation","facec"
158,"inverse_variance",0.603928752723147,0.0147576828671062,0.0113368748197257,TRUE,0.0578490538295839,5000,3,10,"C3","none","superpopulation","facec"
158,"federated_dr",0.609022306990199,0.00960251566373134,0.0164304290867782,TRUE,0.0376411697237904,5000,3,10,"C3","none","superpopulation","facec"
158,"pooled_dr",0.60472141298296,0.00964556004118705,0.012129535079539,TRUE,0.0378099005828907,5000,3,10,"C3","none","superpopulation","facec"
158,"tilted_aipw",0.611290667495533,0.00959952883262147,0.018698789592112,TRUE,0.0376294615609838,5000,3,10,"C3","none","superpopulation","facec"
158,"oracle_dr",0.601276790975717,0.0126636911088466,0.00868491307229569,TRUE,0.0496407569693591,5000,3,10,"C3","none","superpopulation","facec"
159,"one_round_crossfit",0.593588305172883,0.0102676764907463,0.000996427269462141,TRUE,0.0402485522535427,5000,3,10,"C3","none","superpopulation","facec"
159,"two_round_crossfit",0.592266143775538,0.0102926173913238,-0.000325734127883615,TRUE,0.0403463187872906,5000,3,10,"C3","none","superpopulation","facec"
159,"target_only",0.611758072491106,0.018551121833188,0.0191661945876846,TRUE,0.0727190613317261,5000,3,10,"C3","none","superpopulation","facec"
159,"sample_size",0.597518672677793,0.00984934723953636,0.00492679477437163,TRUE,0.0386087317214405,5000,3,10,"C3","none","superpopulation","facec"
159,"inverse_variance",0.598502252089,0.0127804895949471,0.0059103741855786,TRUE,0.0500985986217706,5000,3,10,"C3","none","superpopulation","facec"
159,"federated_dr",0.597695508893101,0.00939738793665233,0.00510363098967992,TRUE,0.0368370838091794,5000,3,10,"C3","none","superpopulation","facec"
159,"pooled_dr",0.596918460467926,0.00956789189245656,0.00432658256450458,TRUE,0.0375054470343752,5000,3,10,"C3","none","superpopulation","facec"
159,"tilted_aipw",0.597685746910332,0.00996416876984881,0.00509386900691089,TRUE,0.0390588238495648,5000,3,10,"C3","none","superpopulation","facec"
159,"oracle_dr",0.592066776004044,0.0123869772878387,-0.000525101899377045,TRUE,0.0485560587229592,5000,3,10,"C3","none","superpopulation","facec"
160,"one_round_crossfit",0.581645974198313,0.0103548822059303,-0.0109459037051077,TRUE,0.0405903923755562,5000,3,10,"C3","none","superpopulation","facec"
160,"two_round_crossfit",0.581839174383568,0.0103820533794795,-0.0107527035198527,TRUE,0.0406969014187042,5000,3,10,"C3","none","superpopulation","facec"
160,"target_only",0.58035080703387,0.0184222194661383,-0.0122410708695516,TRUE,0.0722137733378474,5000,3,10,"C3","none","superpopulation","facec"
160,"sample_size",0.585259453757504,0.00958946394242016,-0.00733242414591695,TRUE,0.037590007916378,5000,3,10,"C3","none","superpopulation","facec"
160,"inverse_variance",0.586052278698622,0.0116394929101916,-0.0065395992047993,TRUE,0.0456259738045699,5000,3,10,"C3","none","superpopulation","facec"
160,"federated_dr",0.587004914312112,0.009361318570038,-0.00558696359130928,TRUE,0.0366956944901609,5000,3,10,"C3","none","superpopulation","facec"
160,"pooled_dr",0.58476988644246,0.00934193431594065,-0.00782199146096141,TRUE,0.0366197096103651,5000,3,10,"C3","none","superpopulation","facec"
160,"tilted_aipw",0.593001415950683,0.0094998938097604,0.000409538047261848,TRUE,0.0372388994481707,5000,3,10,"C3","none","superpopulation","facec"
160,"oracle_dr",0.578053875878116,0.0128116776586395,-0.0145380020253052,TRUE,0.0502208535849398,5000,3,10,"C3","none","superpopulation","facec"
161,"one_round_crossfit",0.583908351322381,0.0104147773803589,-0.00868352658103977,TRUE,0.0408251771450119,5000,3,10,"C3","none","superpopulation","facec"
161,"two_round_crossfit",0.583049570559328,0.0104637066220902,-0.00954230734409289,TRUE,0.0410169762481802,5000,3,10,"C3","none","superpopulation","facec"
161,"target_only",0.596216928184018,0.0180125864414591,0.00362505028059679,TRUE,0.0706080413873487,5000,3,10,"C3","none","superpopulation","facec"
161,"sample_size",0.59460243085543,0.00969146969515183,0.00201055295200891,TRUE,0.0379898631195179,5000,3,10,"C3","none","superpopulation","facec"
161,"inverse_variance",0.595673026962424,0.0115426530303963,0.00308114905900325,TRUE,0.0452463684512379,5000,3,10,"C3","none","superpopulation","facec"
161,"federated_dr",0.595300893686143,0.00963868924274499,0.00270901578272165,TRUE,0.0377829675479076,5000,3,10,"C3","none","superpopulation","facec"
161,"pooled_dr",0.591855668577579,0.00968084954712903,-0.000736209325842063,TRUE,0.0379482329042475,5000,3,10,"C3","none","superpopulation","facec"
161,"tilted_aipw",0.598321290004494,0.00991533099178717,0.0057294121010727,TRUE,0.0388673832773934,5000,3,10,"C3","none","superpopulation","facec"
161,"oracle_dr",0.579417613271611,0.0124701819542261,-0.0131742646318098,TRUE,0.0488822150218891,5000,3,10,"C3","none","superpopulation","facec"
162,"one_round_crossfit",0.610943900636771,0.0101327839094308,0.0183520227333501,TRUE,0.0397197830512226,5000,3,10,"C3","none","superpopulation","facec"
162,"two_round_crossfit",0.610259454515552,0.0102435011050904,0.0176675766121307,TRUE,0.0401537864831467,5000,3,10,"C3","none","superpopulation","facec"
162,"target_only",0.612841540092283,0.0182167657929935,0.0202496621888618,TRUE,0.0714084097381369,5000,3,10,"C3","none","superpopulation","facec"
162,"sample_size",0.613200600977574,0.0100341956140535,0.0206087230741527,FALSE,0.0393333240347493,5000,3,10,"C3","none","superpopulation","facec"
162,"inverse_variance",0.614604367358587,0.01288729563595,0.0220124894551663,TRUE,0.0505172706091643,5000,3,10,"C3","none","superpopulation","facec"
162,"federated_dr",0.614185782092721,0.00941818432288208,0.0215939041893001,FALSE,0.0369186041452172,5000,3,10,"C3","none","superpopulation","facec"
162,"pooled_dr",0.612293223745511,0.00941950417307515,0.0197013458420897,FALSE,0.0369237778629041,5000,3,10,"C3","none","superpopulation","facec"
162,"tilted_aipw",0.61780666842754,0.00986803257057591,0.0252147905241185,FALSE,0.0386819768731939,5000,3,10,"C3","none","superpopulation","facec"
162,"oracle_dr",0.605843559485579,0.0125200634047388,0.0132516815821577,TRUE,0.049077746714892,5000,3,10,"C3","none","superpopulation","facec"
163,"one_round_crossfit",0.611018710848027,0.0101518075962531,0.0184268329446058,TRUE,0.0397943545332724,5000,3,10,"C3","none","superpopulation","facec"
163,"two_round_crossfit",0.611584629728953,0.0101768947241194,0.0189927518255321,TRUE,0.0398926942674596,5000,3,10,"C3","none","superpopulation","facec"
163,"target_only",0.626545395143292,0.0177355818496421,0.0339535172398713,TRUE,0.0695222033403218,5000,3,10,"C3","none","superpopulation","facec"
163,"sample_size",0.61360906653691,0.00950312244476,0.0210171886334889,FALSE,0.0372515554648076,5000,3,10,"C3","none","superpopulation","facec"
163,"inverse_variance",0.614033693248516,0.0109081880842889,0.021441815345095,FALSE,0.0427593115635903,5000,3,10,"C3","none","superpopulation","facec"
163,"federated_dr",0.613104707185532,0.0094221850339619,0.0205128292821104,FALSE,0.0369342866444753,5000,3,10,"C3","none","superpopulation","facec"
163,"pooled_dr",0.614682950716381,0.00949315798929443,0.0220910728129601,FALSE,0.0372124955171316,5000,3,10,"C3","none","superpopulation","facec"
163,"tilted_aipw",0.617228678829891,0.0097026167616149,0.0246368009264699,FALSE,0.0380335588171197,5000,3,10,"C3","none","superpopulation","facec"
163,"oracle_dr",0.603236465461248,0.0125347182057134,0.0106445875578266,TRUE,0.0491351924791137,5000,3,10,"C3","none","superpopulation","facec"
164,"one_round_crossfit",0.602675407483207,0.0101693095245545,0.0100835295797862,TRUE,0.039862960831534,5000,3,10,"C3","none","superpopulation","facec"
164,"two_round_crossfit",0.602347166586164,0.0101460521908993,0.00975528868274289,TRUE,0.0397717937588524,5000,3,10,"C3","none","superpopulation","facec"
164,"target_only",0.623781964448269,0.0180727712466746,0.0311900865448482,TRUE,0.0708439614886265,5000,3,10,"C3","none","superpopulation","facec"
164,"sample_size",0.608182689482619,0.00958509406101871,0.0155908115791983,TRUE,0.0375728782960509,5000,3,10,"C3","none","superpopulation","facec"
164,"inverse_variance",0.608001003632737,0.0113479601123457,0.0154091257293156,TRUE,0.0444831862363895,5000,3,10,"C3","none","superpopulation","facec"
164,"federated_dr",0.606921917981282,0.00962025154709727,0.0143300400778609,TRUE,0.0377106931090527,5000,3,10,"C3","none","superpopulation","facec"
164,"pooled_dr",0.6069707925051,0.00940834094870606,0.0143789146016785,TRUE,0.0368800188274745,5000,3,10,"C3","none","superpopulation","facec"
164,"tilted_aipw",0.613788456130154,0.0097269302420327,0.0211965782267327,FALSE,0.0381288659090351,5000,3,10,"C3","none","superpopulation","facec"
164,"oracle_dr",0.595503142992916,0.0126834787705957,0.00291126508949469,TRUE,0.0497183231780918,5000,3,10,"C3","none","superpopulation","facec"
165,"one_round_crossfit",0.617177698968814,0.0100422715776871,0.0245858210653933,FALSE,0.0393649812304739,5000,3,10,"C3","none","superpopulation","facec"
165,"two_round_crossfit",0.61569538742527,0.0101220572500316,0.023103509521849,FALSE,0.0396777353190292,5000,3,10,"C3","none","superpopulation","facec"
165,"target_only",0.623249303332937,0.0176676751893382,0.0306574254295161,TRUE,0.0692560141233096,5000,3,10,"C3","none","superpopulation","facec"
165,"sample_size",0.618825014338883,0.00954263031425538,0.0262331364354614,FALSE,0.0374064234674414,5000,3,10,"C3","none","superpopulation","facec"
165,"inverse_variance",0.620065928141264,0.0118305236964214,0.0274740502378432,FALSE,0.0463748007264673,5000,3,10,"C3","none","superpopulation","facec"
165,"federated_dr",0.619651280617107,0.00955389286798885,0.0270594027136858,FALSE,0.0374505718668245,5000,3,10,"C3","none","superpopulation","facec"
165,"pooled_dr",0.619185118052623,0.0096704459184062,0.0265932401492017,FALSE,0.037907451429037,5000,3,10,"C3","none","superpopulation","facec"
165,"tilted_aipw",0.623384922745786,0.0100314285664472,0.030793044842365,FALSE,0.0393224774074457,5000,3,10,"C3","none","superpopulation","facec"
165,"oracle_dr",0.611164105114562,0.0125594324750491,0.0185722272111407,TRUE,0.0492320706347178,5000,3,10,"C3","none","superpopulation","facec"
166,"one_round_crossfit",0.579606445916924,0.0103619139218541,-0.0129854319864975,TRUE,0.0406179561954763,5000,3,10,"C3","none","superpopulation","facec"
166,"two_round_crossfit",0.57984271038107,0.0103089784395181,-0.0127491675223514,TRUE,0.0404104529177109,5000,3,10,"C3","none","superpopulation","facec"
166,"target_only",0.586511172596869,0.0188840400326572,-0.00608070530655236,TRUE,0.0740240766932414,5000,3,10,"C3","none","superpopulation","facec"
166,"sample_size",0.587224682129536,0.00968422288553072,-0.00536719577388511,TRUE,0.0379614561477974,5000,3,10,"C3","none","superpopulation","facec"
166,"inverse_variance",0.588012677957729,0.0112877861016211,-0.00457919994569256,TRUE,0.0442473084487383,5000,3,10,"C3","none","superpopulation","facec"
166,"federated_dr",0.589316339539779,0.0097100773869756,-0.00327553836364247,TRUE,0.0380628039311379,5000,3,10,"C3","none","superpopulation","facec"
166,"pooled_dr",0.58668898891222,0.0096293098523031,-0.00590288899120128,TRUE,0.0377462010129817,5000,3,10,"C3","none","superpopulation","facec"
166,"tilted_aipw",0.591670410326684,0.0096322195060336,-0.0009214675767375,TRUE,0.0377576066460201,5000,3,10,"C3","none","superpopulation","facec"
166,"oracle_dr",0.585105934393384,0.0127176163237553,-0.00748594351003695,TRUE,0.0498521399275182,5000,3,10,"C3","none","superpopulation","facec"
167,"one_round_crossfit",0.599779888398208,0.0103689651400458,0.00718801049478712,TRUE,0.0406455964628822,5000,3,10,"C3","none","superpopulation","facec"
167,"two_round_crossfit",0.599391267252009,0.0103651748629196,0.00679938934858804,TRUE,0.0406307388495648,5000,3,10,"C3","none","superpopulation","facec"
167,"target_only",0.616875580642861,0.0178656239575285,0.0242837027394401,TRUE,0.0700319590361835,5000,3,10,"C3","none","superpopulation","facec"
167,"sample_size",0.607234368968659,0.00959749834244443,0.0146424910652383,TRUE,0.0376215021857478,5000,3,10,"C3","none","superpopulation","facec"
167,"inverse_variance",0.607742277816148,0.0107539688728133,0.0151503999127272,TRUE,0.0421547833631577,5000,3,10,"C3","none","superpopulation","facec"
167,"federated_dr",0.605773336873456,0.00944458806354771,0.013181458970035,TRUE,0.0370221049067407,5000,3,10,"C3","none","superpopulation","facec"
167,"pooled_dr",0.606381234982783,0.00934559927054617,0.0137893570793616,TRUE,0.0366340759684285,5000,3,10,"C3","none","superpopulation","facec"
167,"tilted_aipw",0.609642656771002,0.00944828858079203,0.0170507788675804,TRUE,0.0370366106677869,5000,3,10,"C3","none","superpopulation","facec"
167,"oracle_dr",0.591844833159141,0.0124500564483935,-0.00074704474427989,TRUE,0.0488033244886839,5000,3,10,"C3","none","superpopulation","facec"
168,"one_round_crossfit",0.591425126008535,0.0103355344896875,-0.00116675189488602,TRUE,0.0405145507215183,5000,3,10,"C3","none","superpopulation","facec"
168,"two_round_crossfit",0.591515443525295,0.010334014640776,-0.00107643437812643,TRUE,0.0405085930232614,5000,3,10,"C3","none","superpopulation","facec"
168,"target_only",0.572148745457626,0.0187620373239899,-0.0204431324457957,TRUE,0.073545834863233,5000,3,10,"C3","none","superpopulation","facec"
168,"sample_size",0.593471590620692,0.0112440145352434,0.000879712717271053,TRUE,0.044075727061444,5000,3,10,"C3","none","superpopulation","facec"
168,"inverse_variance",0.594478206424329,0.0135747845364992,0.00188632852090787,TRUE,0.0532121775788592,5000,3,10,"C3","none","superpopulation","facec"
168,"federated_dr",0.592374062701935,0.00964310631287244,-0.000217815201486449,TRUE,0.0378002821446417,5000,3,10,"C3","none","superpopulation","facec"
168,"pooled_dr",0.592349392005228,0.00952165434357916,-0.000242485898192979,TRUE,0.0373241991733091,5000,3,10,"C3","none","superpopulation","facec"
168,"tilted_aipw",0.601853177048702,0.0100212410194621,0.00926129914528107,TRUE,0.0392825429570822,5000,3,10,"C3","none","superpopulation","facec"
168,"oracle_dr",0.601000453146189,0.012272516358338,0.00840857524276806,TRUE,0.0481073801240421,5000,3,10,"C3","none","superpopulation","facec"
169,"one_round_crossfit",0.574083248338522,0.0104028203654604,-0.0185086295648993,TRUE,0.0407783065078842,5000,3,10,"C3","none","superpopulation","facec"
169,"two_round_crossfit",0.57409766166402,0.0104115364198961,-0.0184942162394008,TRUE,0.0408124728134469,5000,3,10,"C3","none","superpopulation","facec"
169,"target_only",0.583645439974395,0.0189239831244407,-0.00894643792902639,TRUE,0.0741806507358951,5000,3,10,"C3","none","superpopulation","facec"
169,"sample_size",0.578979893863908,0.0108078193803114,-0.0136119840395134,TRUE,0.0423658734736485,5000,3,10,"C3","none","superpopulation","facec"
169,"inverse_variance",0.579431639283934,0.0135900216862378,-0.013160238619487,TRUE,0.0532719061082889,5000,3,10,"C3","none","superpopulation","facec"
169,"federated_dr",0.579696780651644,0.00970298168367669,-0.0128950972517776,TRUE,0.0380349892853162,5000,3,10,"C3","none","superpopulation","facec"
169,"pooled_dr",0.577766309964535,0.00959626998118435,-0.0148255679388859,TRUE,0.0376166870980883,5000,3,10,"C3","none","superpopulation","facec"
169,"tilted_aipw",0.57922823539338,0.00974484165797935,-0.0133636425100413,TRUE,0.0381990773693701,5000,3,10,"C3","none","superpopulation","facec"
169,"oracle_dr",0.575519381497931,0.0125502002983688,-0.01707249640549,TRUE,0.0491958811671336,5000,3,10,"C3","none","superpopulation","facec"
170,"one_round_crossfit",0.596063723230084,0.0103213457409435,0.00347184532666245,TRUE,0.0404589318484703,5000,3,10,"C3","none","superpopulation","facec"
170,"two_round_crossfit",0.595970708657803,0.0103252319587032,0.00337883075438183,TRUE,0.0404741655421605,5000,3,10,"C3","none","superpopulation","facec"
170,"target_only",0.595226523797297,0.0188721629095588,0.00263464589387608,TRUE,0.0739775192262158,5000,3,10,"C3","none","superpopulation","facec"
170,"sample_size",0.593917940866608,0.0152430829259273,0.00132606296318638,TRUE,0.0597517870963498,5000,3,10,"C3","none","superpopulation","facec"
170,"inverse_variance",0.593772296339852,0.0163276410624017,0.00118041843643035,TRUE,0.0640031768696092,5000,3,10,"C3","none","superpopulation","facec"
170,"federated_dr",0.596344867380648,0.00955230932433547,0.00375298947722691,TRUE,0.0374443644897673,5000,3,10,"C3","none","superpopulation","facec"
170,"pooled_dr",0.591961865759165,0.00948251630561464,-0.000630012144256065,TRUE,0.037170780883637,5000,3,10,"C3","none","superpopulation","facec"
170,"tilted_aipw",0.597645372313372,0.00965970982582602,0.00505349440995051,TRUE,0.0378653667194533,5000,3,10,"C3","none","superpopulation","facec"
170,"oracle_dr",0.595068805516532,0.0126808787837579,0.00247692761311069,TRUE,0.0497081314169672,5000,3,10,"C3","none","superpopulation","facec"
171,"one_round_crossfit",0.579287432644891,0.010427183175777,-0.0133044452585298,TRUE,0.0408738069694496,5000,3,10,"C3","none","superpopulation","facec"
171,"two_round_crossfit",0.578931691998442,0.0105383770105977,-0.0136601859049791,TRUE,0.0413096787925527,5000,3,10,"C3","none","superpopulation","facec"
171,"target_only",0.570108626304152,0.0186906711736012,-0.0224832515992687,TRUE,0.0732660846942788,5000,3,10,"C3","none","superpopulation","facec"
171,"sample_size",0.585830409184739,0.0098422762060414,-0.00676146871868177,TRUE,0.0385810137794733,5000,3,10,"C3","none","superpopulation","facec"
171,"inverse_variance",0.587097725694141,0.0130968179710653,-0.00549415220928018,TRUE,0.05133858307073,5000,3,10,"C3","none","superpopulation","facec"
171,"federated_dr",0.58771558611083,0.00950175695837188,-0.00487629179259075,TRUE,0.0372462028565235,5000,3,10,"C3","none","superpopulation","facec"
171,"pooled_dr",0.587359590883004,0.00963414787560461,-0.00523228702041756,TRUE,0.0377651657158362,5000,3,10,"C3","none","superpopulation","facec"
171,"tilted_aipw",0.592951237869745,0.00980446430989925,0.000359359966323969,TRUE,0.0384327938702218,5000,3,10,"C3","none","superpopulation","facec"
171,"oracle_dr",0.581767602685222,0.0125928456527268,-0.0108242752181992,TRUE,0.0493630478844327,5000,3,10,"C3","none","superpopulation","facec"
172,"one_round_crossfit",0.580754996087293,0.0103395543576332,-0.0118368818161282,TRUE,0.0405303083143103,5000,3,10,"C3","none","superpopulation","facec"
172,"two_round_crossfit",0.580622633825321,0.0102600981357464,-0.0119692440781,TRUE,0.0402188456478187,5000,3,10,"C3","none","superpopulation","facec"
172,"target_only",0.58813546444416,0.018897215398831,-0.00445641345926073,TRUE,0.074075723179609,5000,3,10,"C3","none","superpopulation","facec"
172,"sample_size",0.585108439536458,0.00973198767291738,-0.00748343836696275,TRUE,0.0381486906738115,5000,3,10,"C3","none","superpopulation","facec"
172,"inverse_variance",0.585959034448774,0.0117601595099222,-0.00663284345464721,TRUE,0.0460989781837875,5000,3,10,"C3","none","superpopulation","facec"
172,"federated_dr",0.586470917696727,0.00978205435014477,-0.00612096020669373,TRUE,0.0383449484421943,5000,3,10,"C3","none","superpopulation","facec"
172,"pooled_dr",0.587872325630084,0.00974056311965145,-0.00471955227333687,TRUE,0.0381823058073119,5000,3,10,"C3","none","superpopulation","facec"
172,"tilted_aipw",0.587188598942712,0.00989915639108573,-0.00540327896070891,TRUE,0.0388039800077151,5000,3,10,"C3","none","superpopulation","facec"
172,"oracle_dr",0.587923960112289,0.0125711955338188,-0.00466791779113251,TRUE,0.0492781809777914,5000,3,10,"C3","none","superpopulation","facec"
173,"one_round_crossfit",0.583368286716626,0.01051448507782,-0.0092235911867955,TRUE,0.0412160241370221,5000,3,10,"C3","none","superpopulation","facec"
173,"two_round_crossfit",0.58350244820399,0.0105482415649332,-0.00908942969943138,TRUE,0.0413483471349949,5000,3,10,"C3","none","superpopulation","facec"
173,"target_only",0.571014967657544,0.0190995964244543,-0.0215769102458767,TRUE,0.0748690422223608,5000,3,10,"C3","none","superpopulation","facec"
173,"sample_size",0.588572219591068,0.0164357875643178,-0.00401965831235307,TRUE,0.0644271033672283,5000,3,10,"C3","none","superpopulation","facec"
173,"inverse_variance",0.589086439857978,0.0171319441300392,-0.00350543804544279,TRUE,0.0671559869600586,5000,3,10,"C3","none","superpopulation","facec"
173,"federated_dr",0.591296281472335,0.00964423298202477,-0.00129559643108623,TRUE,0.0378046986065637,5000,3,10,"C3","none","superpopulation","facec"
173,"pooled_dr",0.587502575013016,0.0097003213983233,-0.00508930289040477,TRUE,0.0380245611583538,5000,3,10,"C3","none","superpopulation","facec"
173,"tilted_aipw",0.594219930787334,0.0101910819237099,0.00162805288391255,TRUE,0.0399483070679372,5000,3,10,"C3","none","superpopulation","facec"
173,"oracle_dr",0.580256953720518,0.0127874627978634,-0.0123349241829036,TRUE,0.050125933074916,5000,3,10,"C3","none","superpopulation","facec"
174,"one_round_crossfit",0.593937300078093,0.010222782658105,0.00134542217467182,TRUE,0.0400725716633328,5000,3,10,"C3","none","superpopulation","facec"
174,"two_round_crossfit",0.593674124358151,0.0101259296852906,0.00108224645472965,TRUE,0.0396929149863092,5000,3,10,"C3","none","superpopulation","facec"
174,"target_only",0.588595523335025,0.0183645303188827,-0.00399635456839575,TRUE,0.0719876360360081,5000,3,10,"C3","none","superpopulation","facec"
174,"sample_size",0.597612523211046,0.0118135300916924,0.00502064530762469,TRUE,0.0463081870199944,5000,3,10,"C3","none","superpopulation","facec"
174,"inverse_variance",0.597430927187569,0.0139545807758435,0.00483904928414769,TRUE,0.0547009514800165,5000,3,10,"C3","none","superpopulation","facec"
174,"federated_dr",0.595994433748998,0.00974174324441512,0.00340255584557658,TRUE,0.0381869318113801,5000,3,10,"C3","none","superpopulation","facec"
174,"pooled_dr",0.597685998048133,0.00965696096956283,0.00509412014471189,TRUE,0.0378545914009043,5000,3,10,"C3","none","superpopulation","facec"
174,"tilted_aipw",0.606049865240644,0.00960992343272864,0.0134579873372227,TRUE,0.0376702076446713,5000,3,10,"C3","none","superpopulation","facec"
174,"oracle_dr",0.600994702811413,0.0127996282009069,0.00840282490799216,TRUE,0.0501736205785612,5000,3,10,"C3","none","superpopulation","facec"
175,"one_round_crossfit",0.596377794256254,0.010191335279466,0.00378591635283332,TRUE,0.0399493002042517,5000,3,10,"C3","none","superpopulation","facec"
175,"two_round_crossfit",0.59649713517029,0.0103112929682149,0.00390525726686863,TRUE,0.0404195257034847,5000,3,10,"C3","none","superpopulation","facec"
175,"target_only",0.597314751086372,0.0182341568070461,0.00472287318295106,TRUE,0.0714765812605325,5000,3,10,"C3","none","superpopulation","facec"
175,"sample_size",0.600058870904563,0.0117337912507952,0.00746699300114151,TRUE,0.0459956165073394,5000,3,10,"C3","none","superpopulation","facec"
175,"inverse_variance",0.601018216861459,0.0140325314779536,0.0084263389580379,TRUE,0.0550065126174275,5000,3,10,"C3","none","superpopulation","facec"
175,"federated_dr",0.602167919922949,0.0094307743475428,0.00957604201952778,TRUE,0.0369679561350162,5000,3,10,"C3","none","superpopulation","facec"
175,"pooled_dr",0.600502045428031,0.00939818827933372,0.00791016752460938,TRUE,0.0368402210948411,5000,3,10,"C3","none","superpopulation","facec"
175,"tilted_aipw",0.601289671130338,0.00949002048743123,0.00869779322691722,TRUE,0.0372001967358249,5000,3,10,"C3","none","superpopulation","facec"
175,"oracle_dr",0.589974686215762,0.0126108430832048,-0.00261719168765917,TRUE,0.049433596515535,5000,3,10,"C3","none","superpopulation","facec"
176,"one_round_crossfit",0.601208570002883,0.0104822900188062,0.00861669209946136,TRUE,0.0410898218247275,5000,3,10,"C3","none","superpopulation","facec"
176,"two_round_crossfit",0.600728646133778,0.0104714534156668,0.00813676823035692,TRUE,0.0410473431209919,5000,3,10,"C3","none","superpopulation","facec"
176,"target_only",0.599423996386852,0.0181629216418852,0.00683211848343068,TRUE,0.0711973445442362,5000,3,10,"C3","none","superpopulation","facec"
176,"sample_size",0.60473052254495,0.00970909921700047,0.0121386446415288,TRUE,0.038058969575294,5000,3,10,"C3","none","superpopulation","facec"
176,"inverse_variance",0.605180880078181,0.0109524185753616,0.0125890021747594,TRUE,0.0429326919026323,5000,3,10,"C3","none","superpopulation","facec"
176,"federated_dr",0.604363268920704,0.00976546158710633,0.0117713910172825,TRUE,0.0382799060062755,5000,3,10,"C3","none","superpopulation","facec"
176,"pooled_dr",0.604222426942702,0.00984517647640522,0.0116305490392805,TRUE,0.0385923826303904,5000,3,10,"C3","none","superpopulation","facec"
176,"tilted_aipw",0.613492232011073,0.0108154644289701,0.0209003541076522,TRUE,0.0423958415137109,5000,3,10,"C3","none","superpopulation","facec"
176,"oracle_dr",0.594174945695645,0.0125078114630334,0.00158306779222395,TRUE,0.0490297199859251,5000,3,10,"C3","none","superpopulation","facec"
177,"one_round_crossfit",0.59316439794085,0.0101862145694176,0.000572520037428692,TRUE,0.0399292273897112,5000,3,10,"C3","none","superpopulation","facec"
177,"two_round_crossfit",0.593655693240637,0.0101838547428067,0.00106381533721633,TRUE,0.039919977039377,5000,3,10,"C3","none","superpopulation","facec"
177,"target_only",0.607456833712392,0.0182570804690371,0.0148649558089712,TRUE,0.0715664403643248,5000,3,10,"C3","none","superpopulation","facec"
177,"sample_size",0.595770254449602,0.00963855445473603,0.00317837654618103,TRUE,0.0377824391886215,5000,3,10,"C3","none","superpopulation","facec"
177,"inverse_variance",0.595670944747701,0.0102356328452993,0.00307906684427939,TRUE,0.0401229434715236,5000,3,10,"C3","none","superpopulation","facec"
177,"federated_dr",0.597189600739306,0.00971496400891811,0.00459772283588489,TRUE,0.0380819591371646,5000,3,10,"C3","none","superpopulation","facec"
177,"pooled_dr",0.596218803312607,0.00951650827153371,0.00362692540918563,TRUE,0.0373040269415672,5000,3,10,"C3","none","superpopulation","facec"
177,"tilted_aipw",0.605122249059008,0.00977871183421662,0.0125303711555865,TRUE,0.0383318460205204,5000,3,10,"C3","none","superpopulation","facec"
177,"oracle_dr",0.588066280346554,0.0126350374214871,-0.00452559755686699,TRUE,0.0495284365788611,5000,3,10,"C3","none","superpopulation","facec"
178,"one_round_crossfit",0.588994138239179,0.0102690639461502,-0.00359773966424171,TRUE,0.0402539909787865,5000,3,10,"C3","none","superpopulation","facec"
178,"two_round_crossfit",0.588421760710892,0.0102741474020109,-0.00417011719252935,TRUE,0.0402739177595943,5000,3,10,"C3","none","superpopulation","facec"
178,"target_only",0.573720154321477,0.0185906159876048,-0.0188717235819441,TRUE,0.0728738755722398,5000,3,10,"C3","none","superpopulation","facec"
178,"sample_size",0.58768648529849,0.013177200415182,-0.00490539260493161,TRUE,0.0516536764616458,5000,3,10,"C3","none","superpopulation","facec"
178,"inverse_variance",0.588510505201303,0.0148673934470025,-0.00408137270211772,TRUE,0.0582791114002232,5000,3,10,"C3","none","superpopulation","facec"
178,"federated_dr",0.59128114437741,0.00942197143869664,-0.00131073352601141,TRUE,0.0369334493664208,5000,3,10,"C3","none","superpopulation","facec"
178,"pooled_dr",0.588674651500146,0.00943887525659522,-0.00391722640327496,TRUE,0.0369997111149858,5000,3,10,"C3","none","superpopulation","facec"
178,"tilted_aipw",0.596937502622256,0.00970846401034171,0.00434562471883493,TRUE,0.0380564796109462,5000,3,10,"C3","none","superpopulation","facec"
178,"oracle_dr",0.59208693006569,0.0128219425723149,-0.000504947837731251,TRUE,0.0502610913071562,5000,3,10,"C3","none","superpopulation","facec"
179,"one_round_crossfit",0.580451184779415,0.0103573475628172,-0.0121406931240061,TRUE,0.0406000563969706,5000,3,10,"C3","none","superpopulation","facec"
179,"two_round_crossfit",0.58004903259502,0.0104230233005921,-0.0125428453084008,TRUE,0.0408575005583645,5000,3,10,"C3","none","superpopulation","facec"
179,"target_only",0.608905424105472,0.0178683528713003,0.0163135462020512,TRUE,0.070042656181603,5000,3,10,"C3","none","superpopulation","facec"
179,"sample_size",0.589024648779157,0.0104604404989088,-0.00356722912426455,TRUE,0.041004173280571,5000,3,10,"C3","none","superpopulation","facec"
179,"inverse_variance",0.589923912167388,0.0130621560273598,-0.00266796573603267,TRUE,0.0512027107481361,5000,3,10,"C3","none","superpopulation","facec"
179,"federated_dr",0.586351756395318,0.00964975406336607,-0.00624012150810338,TRUE,0.0378263408477331,5000,3,10,"C3","none","superpopulation","facec"
179,"pooled_dr",0.586302512693045,0.00946012897402565,-0.00628936521037604,TRUE,0.0370830241563882,5000,3,10,"C3","none","superpopulation","facec"
179,"tilted_aipw",0.587684941189848,0.00987402759276795,-0.0049069367135729,TRUE,0.0387054769283599,5000,3,10,"C3","none","superpopulation","facec"
179,"oracle_dr",0.580404557412868,0.0125414121799436,-0.0121873204905534,TRUE,0.0491614323759226,5000,3,10,"C3","none","superpopulation","facec"
180,"one_round_crossfit",0.604684496193873,0.0102230213883156,0.0120926182904519,TRUE,0.0400735074685625,5000,3,10,"C3","none","superpopulation","facec"
180,"two_round_crossfit",0.604793682617584,0.0102388735090895,0.0122018047141632,TRUE,0.0401356466401532,5000,3,10,"C3","none","superpopulation","facec"
180,"target_only",0.600667690365204,0.018481366300877,0.00807581246178302,TRUE,0.0724456246696226,5000,3,10,"C3","none","superpopulation","facec"
180,"sample_size",0.60935784264207,0.00965938663070562,0.0167659647386488,TRUE,0.0378640998178614,5000,3,10,"C3","none","superpopulation","facec"
180,"inverse_variance",0.609016386079049,0.0104591279477959,0.0164245081756276,TRUE,0.0409990281747525,5000,3,10,"C3","none","superpopulation","facec"
180,"federated_dr",0.606647303006406,0.0096785789017321,0.0140554251029852,TRUE,0.0379393321378483,5000,3,10,"C3","none","superpopulation","facec"
180,"pooled_dr",0.606119003447044,0.00957262448062704,0.0135271255436232,TRUE,0.0375239984391109,5000,3,10,"C3","none","superpopulation","facec"
180,"tilted_aipw",0.613460220181246,0.00971620627193381,0.0208683422778253,FALSE,0.0380868287187048,5000,3,10,"C3","none","superpopulation","facec"
180,"oracle_dr",0.594317572445211,0.0126979988385986,0.0017256945417895,TRUE,0.0497752407987693,5000,3,10,"C3","none","superpopulation","facec"
181,"one_round_crossfit",0.583320916829071,0.010447900750493,-0.00927096107435066,TRUE,0.0409550183700307,5000,3,10,"C3","none","superpopulation","facec"
181,"two_round_crossfit",0.583629348637888,0.0104542955972823,-0.00896252926553298,TRUE,0.0409800857088181,5000,3,10,"C3","none","superpopulation","facec"
181,"target_only",0.575244094177986,0.0186077872161292,-0.0173477837254348,TRUE,0.0729411855511961,5000,3,10,"C3","none","superpopulation","facec"
181,"sample_size",0.588326373848438,0.0104500713241096,-0.00426550405498349,TRUE,0.0409635268622592,5000,3,10,"C3","none","superpopulation","facec"
181,"inverse_variance",0.588750836933896,0.0128926604305825,-0.00384104096952509,TRUE,0.0505383002176929,5000,3,10,"C3","none","superpopulation","facec"
181,"federated_dr",0.585234344374462,0.00970181612318649,-0.00735753352895896,TRUE,0.0380304203721511,5000,3,10,"C3","none","superpopulation","facec"
181,"pooled_dr",0.584436819832395,0.00974393253735551,-0.00815505807102612,TRUE,0.0381955136820096,5000,3,10,"C3","none","superpopulation","facec"
181,"tilted_aipw",0.595653830348232,0.0103659069782488,0.00306195244481056,TRUE,0.0406336086889201,5000,3,10,"C3","none","superpopulation","facec"
181,"oracle_dr",0.583556522777675,0.0126826359316094,-0.00903535512574627,TRUE,0.0497150193099762,5000,3,10,"C3","none","superpopulation","facec"
182,"one_round_crossfit",0.605248142725141,0.0104701883332395,0.0126562648217199,TRUE,0.041042384089002,5000,3,10,"C3","none","superpopulation","facec"
182,"two_round_crossfit",0.604286116020553,0.0103341495779201,0.0116942381171322,TRUE,0.0405091219671463,5000,3,10,"C3","none","superpopulation","facec"
182,"target_only",0.585460973414717,0.0187702689467644,-0.00713090448870368,TRUE,0.0735781022315776,5000,3,10,"C3","none","superpopulation","facec"
182,"sample_size",0.612243472685711,0.0133070715428357,0.0196515947822898,TRUE,0.0521627619273117,5000,3,10,"C3","none","superpopulation","facec"
182,"inverse_variance",0.613308653158806,0.0150510649468514,0.0207167752553851,TRUE,0.0589990904496041,5000,3,10,"C3","none","superpopulation","facec"
182,"federated_dr",0.613637464347075,0.00969779702941775,0.0210455864436536,FALSE,0.0380146658140765,5000,3,10,"C3","none","superpopulation","facec"
182,"pooled_dr",0.610943511712929,0.00978952212010861,0.0183516338095081,TRUE,0.038374221562542,5000,3,10,"C3","none","superpopulation","facec"
182,"tilted_aipw",0.614292054886759,0.00993221093374976,0.0217001769833376,FALSE,0.038933551434009,5000,3,10,"C3","none","superpopulation","facec"
182,"oracle_dr",0.605357000580791,0.01238991799508,0.0127651226773698,TRUE,0.0485675860835229,5000,3,10,"C3","none","superpopulation","facec"
183,"one_round_crossfit",0.577771011402263,0.0105901213744135,-0.0148208665011582,TRUE,0.0415125129715164,5000,3,10,"C3","none","superpopulation","facec"
183,"two_round_crossfit",0.577678721839118,0.0106289766887,-0.0149131560643037,TRUE,0.0416648230047356,5000,3,10,"C3","none","superpopulation","facec"
183,"target_only",0.556026153633657,0.0183434417792502,-0.0365657242697639,FALSE,0.0719049704796757,5000,3,10,"C3","none","superpopulation","facec"
183,"sample_size",0.580767165177879,0.0159922147115394,-0.011824712725542,TRUE,0.0626883297352976,5000,3,10,"C3","none","superpopulation","facec"
183,"inverse_variance",0.581502323413034,0.017025084709038,-0.0110895544903874,TRUE,0.0667371057269162,5000,3,10,"C3","none","superpopulation","facec"
183,"federated_dr",0.581324449832507,0.00957355408972298,-0.0112674280709137,TRUE,0.0375276424398063,5000,3,10,"C3","none","superpopulation","facec"
183,"pooled_dr",0.579785993817237,0.00958273920387339,-0.0128058840861843,TRUE,0.0375636474256638,5000,3,10,"C3","none","superpopulation","facec"
183,"tilted_aipw",0.588085818728571,0.00975088739859907,-0.00450605917484992,TRUE,0.0382227762371192,5000,3,10,"C3","none","superpopulation","facec"
183,"oracle_dr",0.585612359805867,0.0126749074859948,-0.00697951809755448,TRUE,0.0496847243598537,5000,3,10,"C3","none","superpopulation","facec"
184,"one_round_crossfit",0.604542679213106,0.0101777276110753,0.0119508013096853,TRUE,0.0398959591243329,5000,3,10,"C3","none","superpopulation","facec"
184,"two_round_crossfit",0.604484208409588,0.010110635715331,0.0118923305061664,TRUE,0.039632963725706,5000,3,10,"C3","none","superpopulation","facec"
184,"target_only",0.59955624608342,0.0184401677209515,0.00696436817999913,TRUE,0.0722841292038858,5000,3,10,"C3","none","superpopulation","facec"
184,"sample_size",0.604643838416679,0.0118623112831213,0.0120519605132583,TRUE,0.0464994057766417,5000,3,10,"C3","none","superpopulation","facec"
184,"inverse_variance",0.605473269027957,0.014075006935848,0.0128813911245361,TRUE,0.055173013352827,5000,3,10,"C3","none","superpopulation","facec"
184,"federated_dr",0.607496431368841,0.00963249658659806,0.0149045534654201,TRUE,0.0377586927818745,5000,3,10,"C3","none","superpopulation","facec"
184,"pooled_dr",0.604533120298518,0.00974793167178385,0.0119412423950965,TRUE,0.0382111900009072,5000,3,10,"C3","none","superpopulation","facec"
184,"tilted_aipw",0.607918521313066,0.0097949989874287,0.0153266434096447,TRUE,0.038395690487933,5000,3,10,"C3","none","superpopulation","facec"
184,"oracle_dr",0.599285350683369,0.0124627264951693,0.00669347277994781,TRUE,0.0488529901594097,5000,3,10,"C3","none","superpopulation","facec"
185,"one_round_crossfit",0.585359379115075,0.0103265084319872,-0.0072324987883462,TRUE,0.0404791692254884,5000,3,10,"C3","none","superpopulation","facec"
185,"two_round_crossfit",0.583736333878803,0.0103429885872918,-0.00885554402461819,TRUE,0.0405437702472016,5000,3,10,"C3","none","superpopulation","facec"
185,"target_only",0.607220109268012,0.0179691717650007,0.0146282313645912,TRUE,0.0704378589828309,5000,3,10,"C3","none","superpopulation","facec"
185,"sample_size",0.589045183384369,0.0204098396881013,-0.00354669451905198,TRUE,0.0800051014378296,5000,3,10,"C3","none","superpopulation","facec"
185,"inverse_variance",0.587302160825082,0.0203436315852237,-0.00528971707833947,TRUE,0.0797455704435799,5000,3,10,"C3","none","superpopulation","facec"
185,"federated_dr",0.590058484814425,0.00942970100051153,-0.00253339308899603,TRUE,0.0369637486919678,5000,3,10,"C3","none","superpopulation","facec"
185,"pooled_dr",0.585142175852931,0.00959633709617464,-0.00744970205048978,TRUE,0.037616950184016,5000,3,10,"C3","none","superpopulation","facec"
185,"tilted_aipw",0.591092173012826,0.0096395288833414,-0.00149970489059514,TRUE,0.0377862588785656,5000,3,10,"C3","none","superpopulation","facec"
185,"oracle_dr",0.577003337159033,0.0129010104940075,-0.0155885407443886,TRUE,0.050571031864856,5000,3,10,"C3","none","superpopulation","facec"
186,"one_round_crossfit",0.57094334985342,0.0102055130528677,-0.0216485280500015,FALSE,0.040004876054748,5000,3,10,"C3","none","superpopulation","facec"
186,"two_round_crossfit",0.57131319550885,0.0102888089472722,-0.0212786823945712,FALSE,0.0403313899609341,5000,3,10,"C3","none","superpopulation","facec"
186,"target_only",0.596627902670255,0.0183594336146941,0.00403602476683362,TRUE,0.0719676573227088,5000,3,10,"C3","none","superpopulation","facec"
186,"sample_size",0.57139687427662,0.0157530547531642,-0.0211950036268009,TRUE,0.0617508399253786,5000,3,10,"C3","none","superpopulation","facec"
186,"inverse_variance",0.570060801719128,0.0168628963228123,-0.022531076184293,TRUE,0.0661013389354899,5000,3,10,"C3","none","superpopulation","facec"
186,"federated_dr",0.571959315025762,0.00945499922374245,-0.0206325628776589,FALSE,0.0370629159047788,5000,3,10,"C3","none","superpopulation","facec"
186,"pooled_dr",0.571117251609366,0.00949665973182301,-0.0214746262940547,FALSE,0.0372262220956099,5000,3,10,"C3","none","superpopulation","facec"
186,"tilted_aipw",0.577536728664491,0.0097507292329037,-0.0150551492389303,TRUE,0.0382221562389862,5000,3,10,"C3","none","superpopulation","facec"
186,"oracle_dr",0.571380917385377,0.0127668944013772,-0.0212109605180445,TRUE,0.0500453064422506,5000,3,10,"C3","none","superpopulation","facec"
187,"one_round_crossfit",0.6026446558508,0.0100905293387402,0.0100527779473789,TRUE,0.039554148177751,5000,3,10,"C3","none","superpopulation","facec"
187,"two_round_crossfit",0.603136223954824,0.010182942192432,0.0105443460514032,TRUE,0.03991639990764,5000,3,10,"C3","none","superpopulation","facec"
187,"target_only",0.596668014923534,0.018085186244061,0.00407613702011256,TRUE,0.0708926273841177,5000,3,10,"C3","none","superpopulation","facec"
187,"sample_size",0.604942871900772,0.0106017183742118,0.0123509939973508,TRUE,0.0415579723753832,5000,3,10,"C3","none","superpopulation","facec"
187,"inverse_variance",0.605406507878653,0.0131546247627104,0.0128146299752314,TRUE,0.0515651815301024,5000,3,10,"C3","none","superpopulation","facec"
187,"federated_dr",0.602340280621577,0.0095895077758484,0.0097484027181558,TRUE,0.0375901797402594,5000,3,10,"C3","none","superpopulation","facec"
187,"pooled_dr",0.604146183361598,0.00940935613567751,0.0115543054581765,TRUE,0.0368839982872777,5000,3,10,"C3","none","superpopulation","facec"
187,"tilted_aipw",0.603442901936203,0.00972421260768681,0.0108510240327822,TRUE,0.038118212978153,5000,3,10,"C3","none","superpopulation","facec"
187,"oracle_dr",0.603822358249866,0.0126146833242422,0.0112304803464444,TRUE,0.0494486499837856,5000,3,10,"C3","none","superpopulation","facec"
188,"one_round_crossfit",0.608331924335663,0.0102375878231973,0.0157400464322418,TRUE,0.040130606844065,5000,3,10,"C3","none","superpopulation","facec"
188,"two_round_crossfit",0.608483531394928,0.0102575217327706,0.0158916534915069,TRUE,0.0402087463337346,5000,3,10,"C3","none","superpopulation","facec"
188,"target_only",0.625816807242177,0.0181748681118416,0.0332249293387561,TRUE,0.0712441738459499,5000,3,10,"C3","none","superpopulation","facec"
188,"sample_size",0.611348801076584,0.00963421866941992,0.0187569231731625,TRUE,0.037765443222493,5000,3,10,"C3","none","superpopulation","facec"
188,"inverse_variance",0.611921680117706,0.0109476099620215,0.0193298022142845,TRUE,0.042913842484708,5000,3,10,"C3","none","superpopulation","facec"
188,"federated_dr",0.60889517161953,0.00968732705712777,0.0163032937161086,TRUE,0.0379736242768616,5000,3,10,"C3","none","superpopulation","facec"
188,"pooled_dr",0.608637411824888,0.00979794630952487,0.016045533921467,TRUE,0.0384072437782517,5000,3,10,"C3","none","superpopulation","facec"
188,"tilted_aipw",0.616434625152823,0.00985747167560465,0.0238427472494017,FALSE,0.0386405789256177,5000,3,10,"C3","none","superpopulation","facec"
188,"oracle_dr",0.600583315412936,0.0124544148687281,0.0079914375095147,TRUE,0.0488204091824544,5000,3,10,"C3","none","superpopulation","facec"
189,"one_round_crossfit",0.600097044253785,0.0101884519287587,0.00750516635036347,TRUE,0.0399379976771692,5000,3,10,"C3","none","superpopulation","facec"
189,"two_round_crossfit",0.599078827946266,0.0100861283103382,0.00648695004284461,TRUE,0.0395368964634253,5000,3,10,"C3","none","superpopulation","facec"
189,"target_only",0.649720833449066,0.0175268199947569,0.0571289555456452,FALSE,0.0687038719064799,5000,3,10,"C3","none","superpopulation","facec"
189,"sample_size",0.598897160522327,0.0229087783572066,0.00630528261890584,TRUE,0.089800761019871,5000,3,10,"C3","none","superpopulation","facec"
189,"inverse_variance",0.595915197080967,0.0227952811211932,0.00332331917754602,TRUE,0.0893558600300088,5000,3,10,"C3","none","superpopulation","facec"
189,"federated_dr",0.598841961258363,0.0096478840543031,0.00625008335494182,TRUE,0.0378190105469047,5000,3,10,"C3","none","superpopulation","facec"
189,"pooled_dr",0.597615185454752,0.00976536806431672,0.00502330755133107,TRUE,0.0382795394036768,5000,3,10,"C3","none","superpopulation","facec"
189,"tilted_aipw",0.597542569564379,0.00968692449591075,0.00495069166095785,TRUE,0.0379720462658877,5000,3,10,"C3","none","superpopulation","facec"
189,"oracle_dr",0.592570004184572,0.0124986594101482,-2.1873718849541e-05,TRUE,0.0489938445978464,5000,3,10,"C3","none","superpopulation","facec"
190,"one_round_crossfit",0.587313661134198,0.0103788677097993,-0.0052782167692228,TRUE,0.0406844138230247,5000,3,10,"C3","none","superpopulation","facec"
190,"two_round_crossfit",0.586594493003022,0.010380742856771,-0.00599738490039958,TRUE,0.0406917642640852,5000,3,10,"C3","none","superpopulation","facec"
190,"target_only",0.575227090081658,0.0188197824739899,-0.0173647878217634,TRUE,0.0737721916917964,5000,3,10,"C3","none","superpopulation","facec"
190,"sample_size",0.592500678842757,0.0097757832178272,-9.11990606637936e-05,TRUE,0.0383203660552247,5000,3,10,"C3","none","superpopulation","facec"
190,"inverse_variance",0.593275144163501,0.0116065242233453,0.000683266260079751,TRUE,0.0454967389268968,5000,3,10,"C3","none","superpopulation","facec"
190,"federated_dr",0.591219621273784,0.00978788334766218,-0.00137225662963669,TRUE,0.0383677976925945,5000,3,10,"C3","none","superpopulation","facec"
190,"pooled_dr",0.591268955488789,0.00965448285629629,-0.00132292241463172,TRUE,0.0378448773754003,5000,3,10,"C3","none","superpopulation","facec"
190,"tilted_aipw",0.595608143176875,0.00984625294021205,0.00301626527345367,TRUE,0.0385966022909745,5000,3,10,"C3","none","superpopulation","facec"
190,"oracle_dr",0.588931205972533,0.0124408245409747,-0.00366067193088804,TRUE,0.0487671360765849,5000,3,10,"C3","none","superpopulation","facec"
191,"one_round_crossfit",0.594209803011741,0.0101711421330588,0.00161792510832004,TRUE,0.0398701445248664,5000,3,10,"C3","none","superpopulation","facec"
191,"two_round_crossfit",0.595250610841659,0.0100726452436658,0.00265873293823748,TRUE,0.0394840438132671,5000,3,10,"C3","none","superpopulation","facec"
191,"target_only",0.604618450969875,0.0182509867901024,0.0120265730664542,TRUE,0.0715425535818339,5000,3,10,"C3","none","superpopulation","facec"
191,"sample_size",0.598597026821151,0.00949659542916735,0.00600514891772952,TRUE,0.0372259700338313,5000,3,10,"C3","none","superpopulation","facec"
191,"inverse_variance",0.599259542226927,0.0106717138501641,0.00666766432350596,TRUE,0.0418323495992776,5000,3,10,"C3","none","superpopulation","facec"
191,"federated_dr",0.599821219762931,0.00954454589472935,0.00722934185951019,TRUE,0.0374139324049183,5000,3,10,"C3","none","superpopulation","facec"
191,"pooled_dr",0.598385439428601,0.00960243926318618,0.00579356152517985,TRUE,0.0376408702391564,5000,3,10,"C3","none","superpopulation","facec"
191,"tilted_aipw",0.60021687303564,0.00951945858161785,0.00762499513221837,TRUE,0.0373155919445833,5000,3,10,"C3","none","superpopulation","facec"
191,"oracle_dr",0.589377251484208,0.0125416593189632,-0.00321462641921277,TRUE,0.0491624011430782,5000,3,10,"C3","none","superpopulation","facec"
192,"one_round_crossfit",0.609917219266806,0.010071361381784,0.017325341363385,TRUE,0.0394790111671683,5000,3,10,"C3","none","superpopulation","facec"
192,"two_round_crossfit",0.60906606874455,0.01007529374686,0.0164741908411284,TRUE,0.0394944257550147,5000,3,10,"C3","none","superpopulation","facec"
192,"target_only",0.615468681054632,0.0184366674606072,0.0228768031512108,TRUE,0.0722704084354633,5000,3,10,"C3","none","superpopulation","facec"
192,"sample_size",0.611539795668052,0.00961588190118663,0.0189479177646308,FALSE,0.0376935644118326,5000,3,10,"C3","none","superpopulation","facec"
192,"inverse_variance",0.612579142634717,0.0112418814598291,0.0199872647312958,TRUE,0.044067365559467,5000,3,10,"C3","none","superpopulation","facec"
192,"federated_dr",0.613791430704838,0.00959695447602314,0.0211995528014173,FALSE,0.0376193702685517,5000,3,10,"C3","none","superpopulation","facec"
192,"pooled_dr",0.613299013868447,0.00951543364364222,0.0207071359650259,FALSE,0.0372998144776391,5000,3,10,"C3","none","superpopulation","facec"
192,"tilted_aipw",0.616278747747352,0.00958891181919376,0.0236868698439306,FALSE,0.0375878436331005,5000,3,10,"C3","none","superpopulation","facec"
192,"oracle_dr",0.606323044401527,0.0126367516475703,0.0137311664981055,TRUE,0.04953515622163,5000,3,10,"C3","none","superpopulation","facec"
193,"one_round_crossfit",0.59300147795237,0.0103282149530528,0.000409600048948411,TRUE,0.0404858586651433,5000,3,10,"C3","none","superpopulation","facec"
193,"two_round_crossfit",0.591648765485703,0.0101900073829681,-0.000943112417717717,TRUE,0.0399440949456293,5000,3,10,"C3","none","superpopulation","facec"
193,"target_only",0.600185131756797,0.0180484164615994,0.00759325385337561,TRUE,0.0707484924854296,5000,3,10,"C3","none","superpopulation","facec"
193,"sample_size",0.598374106463282,0.00953427874083984,0.00578222855986121,TRUE,0.0373736859012239,5000,3,10,"C3","none","superpopulation","facec"
193,"inverse_variance",0.599034111901878,0.0109293261610428,0.00644223399845645,TRUE,0.0428421713018705,5000,3,10,"C3","none","superpopulation","facec"
193,"federated_dr",0.596800038015131,0.00946432210775927,0.00420816011171032,TRUE,0.0370994609385888,5000,3,10,"C3","none","superpopulation","facec"
193,"pooled_dr",0.595773427190687,0.00952932467819861,0.00318154928726599,TRUE,0.0373542663325159,5000,3,10,"C3","none","superpopulation","facec"
193,"tilted_aipw",0.60508247040315,0.00967451208173431,0.0124905924997288,TRUE,0.0379233904963938,5000,3,10,"C3","none","superpopulation","facec"
193,"oracle_dr",0.58583423131024,0.0125579599017761,-0.00675764659318145,TRUE,0.0492262982535587,5000,3,10,"C3","none","superpopulation","facec"
194,"one_round_crossfit",0.597274480873591,0.0103707406302883,0.00468260297016942,TRUE,0.0406525562567426,5000,3,10,"C3","none","superpopulation","facec"
194,"two_round_crossfit",0.597756244561398,0.0103684711717911,0.00516436665797693,TRUE,0.0406436601429045,5000,3,10,"C3","none","superpopulation","facec"
194,"target_only",0.562912084893401,0.0192279842020697,-0.0296797930100205,TRUE,0.0753723130627233,5000,3,10,"C3","none","superpopulation","facec"
194,"sample_size",0.603762612212667,0.0151397622522664,0.0111707343092454,TRUE,0.0593467774978824,5000,3,10,"C3","none","superpopulation","facec"
194,"inverse_variance",0.605336575392447,0.0162665937478186,0.0127446974890254,TRUE,0.0637638757937375,5000,3,10,"C3","none","superpopulation","facec"
194,"federated_dr",0.603919510586966,0.00966503603570735,0.0113276326835449,TRUE,0.0378862450785364,5000,3,10,"C3","none","superpopulation","facec"
194,"pooled_dr",0.604879140535079,0.00956370552675188,0.0122872626316581,TRUE,0.0374890367823606,5000,3,10,"C3","none","superpopulation","facec"
194,"tilted_aipw",0.604376589695055,0.00989643473748012,0.0117847117916334,TRUE,0.0387933113216243,5000,3,10,"C3","none","superpopulation","facec"
194,"oracle_dr",0.608345141501968,0.0123958714929098,0.015753263598547,TRUE,0.0485909233661801,5000,3,10,"C3","none","superpopulation","facec"
195,"one_round_crossfit",0.591087195913067,0.0102969758619413,-0.00150468199035458,TRUE,0.0403634036781664,5000,3,10,"C3","none","superpopulation","facec"
195,"two_round_crossfit",0.591477655479123,0.0103439346476013,-0.00111422242429837,TRUE,0.0405474787354692,5000,3,10,"C3","none","superpopulation","facec"
195,"target_only",0.574133449413063,0.0187145189511128,-0.0184584284903581,TRUE,0.0733595662643469,5000,3,10,"C3","none","superpopulation","facec"
195,"sample_size",0.596204049508317,0.0143275775634294,0.00361217160489558,TRUE,0.0561630720200514,5000,3,10,"C3","none","superpopulation","facec"
195,"inverse_variance",0.597157607600491,0.0155531609888843,0.00456572969706981,TRUE,0.0609672707679332,5000,3,10,"C3","none","superpopulation","facec"
195,"federated_dr",0.598907228876546,0.00948926125774227,0.0063153509731253,TRUE,0.0371972206101323,5000,3,10,"C3","none","superpopulation","facec"
195,"pooled_dr",0.595603641687924,0.00938924295132798,0.00301176378450296,TRUE,0.0368051560533988,5000,3,10,"C3","none","superpopulation","facec"
195,"tilted_aipw",0.600855407794881,0.009593042515306,0.0082635298914594,TRUE,0.0376040356643226,5000,3,10,"C3","none","superpopulation","facec"
195,"oracle_dr",0.597549929068678,0.0125692751116849,0.00495805116525649,TRUE,0.049270653061356,5000,3,10,"C3","none","superpopulation","facec"
196,"one_round_crossfit",0.582679047821956,0.0104822477751424,-0.00991283008146482,TRUE,0.0410896562326086,5000,3,10,"C3","none","superpopulation","facec"
196,"two_round_crossfit",0.582898694238687,0.0104251444865074,-0.00969318366473393,TRUE,0.0408658154543615,5000,3,10,"C3","none","superpopulation","facec"
196,"target_only",0.589431229553333,0.0186292236109647,-0.00316064835008834,TRUE,0.073025214674868,5000,3,10,"C3","none","superpopulation","facec"
196,"sample_size",0.590634916375678,0.00964490314620108,-0.00195696152774361,TRUE,0.0378073256018623,5000,3,10,"C3","none","superpopulation","facec"
196,"inverse_variance",0.59162263302771,0.0125433514828673,-0.000969244875711484,TRUE,0.0491690343036939,5000,3,10,"C3","none","superpopulation","facec"
196,"federated_dr",0.591758369636958,0.00963779164551582,-0.000833508266463556,TRUE,0.0377794490314241,5000,3,10,"C3","none","superpopulation","facec"
196,"pooled_dr",0.590027002457969,0.00958329575392156,-0.00256487544545225,TRUE,0.0375658290617638,5000,3,10,"C3","none","superpopulation","facec"
196,"tilted_aipw",0.595505095375219,0.00979403348447871,0.00291321747179829,TRUE,0.0383919057859152,5000,3,10,"C3","none","superpopulation","facec"
196,"oracle_dr",0.578197462588549,0.0125974173937948,-0.0143944153148721,TRUE,0.0493809687801123,5000,3,10,"C3","none","superpopulation","facec"
197,"one_round_crossfit",0.603108918392946,0.0102552797824409,0.0105170404895246,TRUE,0.0401999580499319,5000,3,10,"C3","none","superpopulation","facec"
197,"two_round_crossfit",0.603346109143163,0.0102533173947183,0.0107542312397417,TRUE,0.040192265631412,5000,3,10,"C3","none","superpopulation","facec"
197,"target_only",0.584102344532297,0.0182313629732437,-0.00848953337112368,TRUE,0.0714656296332696,5000,3,10,"C3","none","superpopulation","facec"
197,"sample_size",0.601163124282557,0.00946150154047163,0.0085712463791362,TRUE,0.0370884045179893,5000,3,10,"C3","none","superpopulation","facec"
197,"inverse_variance",0.600566956291698,0.0118538806525624,0.00797507838827649,TRUE,0.046466358312117,5000,3,10,"C3","none","superpopulation","facec"
197,"federated_dr",0.59982667132028,0.00950987365350079,0.00723479341685906,TRUE,0.0372780197167757,5000,3,10,"C3","none","superpopulation","facec"
197,"pooled_dr",0.600327292706539,0.0093115546632539,0.00773541480311801,TRUE,0.0365006235601073,5000,3,10,"C3","none","superpopulation","facec"
197,"tilted_aipw",0.612467095599748,0.00996373416534109,0.0198752176963273,FALSE,0.0390571202311996,5000,3,10,"C3","none","superpopulation","facec"
197,"oracle_dr",0.604996890383342,0.0126966040824964,0.0124050124799207,TRUE,0.0497697734553142,5000,3,10,"C3","none","superpopulation","facec"
198,"one_round_crossfit",0.599810801665277,0.0102272723656697,0.0072189237618554,TRUE,0.0400901709935886,5000,3,10,"C3","none","superpopulation","facec"
198,"two_round_crossfit",0.600742341210049,0.0102144159373675,0.00815046330662794,TRUE,0.0400397747207044,5000,3,10,"C3","none","superpopulation","facec"
198,"target_only",0.599623667210969,0.0179962507154152,0.00703178930754744,TRUE,0.0705440065179339,5000,3,10,"C3","none","superpopulation","facec"
198,"sample_size",0.609561233540328,0.0142669718188922,0.0169693556369067,TRUE,0.0559255018669533,5000,3,10,"C3","none","superpopulation","facec"
198,"inverse_variance",0.609615619616201,0.0155401775874378,0.0170237417127798,TRUE,0.0609163767694691,5000,3,10,"C3","none","superpopulation","facec"
198,"federated_dr",0.610720340659413,0.00962742115924428,0.0181284627559922,TRUE,0.0377387974722352,5000,3,10,"C3","none","superpopulation","facec"
198,"pooled_dr",0.608122097230127,0.00951177826584808,0.015530219326706,TRUE,0.0372854856599862,5000,3,10,"C3","none","superpopulation","facec"
198,"tilted_aipw",0.613458191822941,0.0100565966827703,0.02086631391952,FALSE,0.0394211346105497,5000,3,10,"C3","none","superpopulation","facec"
198,"oracle_dr",0.603046235246568,0.012590413505485,0.0104543573431471,TRUE,0.0493535140424346,5000,3,10,"C3","none","superpopulation","facec"
199,"one_round_crossfit",0.592937364735292,0.0102728916972953,0.000345486831870412,TRUE,0.0402689954875588,5000,3,10,"C3","none","superpopulation","facec"
199,"two_round_crossfit",0.592625457604259,0.0101953950410976,3.3579700837727e-05,TRUE,0.0399652141774189,5000,3,10,"C3","none","superpopulation","facec"
199,"target_only",0.595277061372566,0.0188744779260759,0.00268518346914515,TRUE,0.0739865939242101,5000,3,10,"C3","none","superpopulation","facec"
199,"sample_size",0.59982458331427,0.00963464665690413,0.0072327054108493,TRUE,0.0377671209026027,5000,3,10,"C3","none","superpopulation","facec"
199,"inverse_variance",0.599676226822345,0.0123464047950755,0.00708434891892396,TRUE,0.0483970174738011,5000,3,10,"C3","none","superpopulation","facec"
199,"federated_dr",0.598857348243955,0.00970468066129647,0.00626547034053404,TRUE,0.0380416491552069,5000,3,10,"C3","none","superpopulation","facec"
199,"pooled_dr",0.598918918997432,0.00960173959026414,0.00632704109401061,TRUE,0.0376381275717002,5000,3,10,"C3","none","superpopulation","facec"
199,"tilted_aipw",0.609595547242103,0.0100022294182396,0.0170036693386822,TRUE,0.039208018849713,5000,3,10,"C3","none","superpopulation","facec"
199,"oracle_dr",0.590882479776813,0.012674542314,-0.00170939812660853,TRUE,0.049683292911938,5000,3,10,"C3","none","superpopulation","facec"
200,"one_round_crossfit",0.614973979657476,0.0101703732034745,0.0223821017540552,FALSE,0.0398671303762825,5000,3,10,"C3","none","superpopulation","facec"
200,"two_round_crossfit",0.614659141195291,0.0101647048063363,0.0220672632918701,FALSE,0.0398449106678005,5000,3,10,"C3","none","superpopulation","facec"
200,"target_only",0.616295506204391,0.0182532690142157,0.0237036283009696,TRUE,0.0715514997359674,5000,3,10,"C3","none","superpopulation","facec"
200,"sample_size",0.617185248031512,0.00960672567561472,0.0245933701280909,FALSE,0.0376576726671221,5000,3,10,"C3","none","superpopulation","facec"
200,"inverse_variance",0.617821431674318,0.0110502189391892,0.0252295537708968,FALSE,0.0433160622841864,5000,3,10,"C3","none","superpopulation","facec"
200,"federated_dr",0.617569722073949,0.009666416928607,0.0249778441705283,FALSE,0.0378916580792361,5000,3,10,"C3","none","superpopulation","facec"
200,"pooled_dr",0.615902765880325,0.00970522771105757,0.0233108879769034,FALSE,0.038043793550866,5000,3,10,"C3","none","superpopulation","facec"
200,"tilted_aipw",0.620346740685062,0.00983732842699731,0.0277548627816413,FALSE,0.0385616188420135,5000,3,10,"C3","none","superpopulation","facec"
200,"oracle_dr",0.603280332504812,0.0125261038218826,0.0106884546013903,TRUE,0.049101424714999,5000,3,10,"C3","none","superpopulation","facec"
