"sim_id","method","estimate","se","bias","coverage","ci_width","n_total","K","p","config","heterogeneity_type","estimand_type","dgp_type"
1,"one_round_crossfit",0.598978544454811,0.010171196280122,0.0136907971158446,TRUE,0.0398703567774539,5000,3,10,"C1","none","superpopulation","facec"
1,"two_round_crossfit",0.600514734376915,0.0102061594962337,0.0152269870379484,TRUE,0.0400074100661791,5000,3,10,"C1","none","superpopulation","facec"
1,"target_only",0.586365909020935,0.0184438085415454,0.00107816168196884,TRUE,0.0722984009583623,5000,3,10,"C1","none","superpopulation","facec"
1,"sample_size",0.606630795586264,0.0156514758979581,0.0213430482472978,TRUE,0.061352658129789,5000,3,10,"C1","none","superpopulation","facec"
1,"inverse_variance",0.606648786604657,0.016416129026966,0.0213610392656904,TRUE,0.0643500433168316,5000,3,10,"C1","none","superpopulation","facec"
1,"federated_dr",0.59750555685613,0.0115267122810296,0.0122178095171632,TRUE,0.0451838818619472,5000,3,10,"C1","none","superpopulation","facec"
1,"pooled_dr",0.597040533106531,0.0121790870936651,0.011752785767565,TRUE,0.0477411441363202,5000,3,10,"C1","none","superpopulation","facec"
1,"tilted_aipw",0.593292633180789,0.0130384230765285,0.00800488584182246,TRUE,0.0511096792903836,5000,3,10,"C1","none","superpopulation","facec"
1,"oracle_dr",0.598671863460811,0.0123197755642872,0.0133841161218449,TRUE,0.0482926328072391,5000,3,10,"C1","none","superpopulation","facec"
2,"one_round_crossfit",0.600892693602156,0.0100434624207545,0.0156049462631892,TRUE,0.0393696492495208,5000,3,10,"C1","none","superpopulation","facec"
2,"two_round_crossfit",0.603417311916627,0.0100469288713968,0.0181295645776607,TRUE,0.0393832374863465,5000,3,10,"C1","none","superpopulation","facec"
2,"target_only",0.598145971461861,0.0182597554246904,0.0128582241228951,TRUE,0.0715769259978061,5000,3,10,"C1","none","superpopulation","facec"
2,"sample_size",0.607877669294431,0.0218020054175642,0.0225899219554651,TRUE,0.085462290818346,5000,3,10,"C1","none","superpopulation","facec"
2,"inverse_variance",0.607182330695537,0.0217413924783557,0.0218945833565702,TRUE,0.0852246924626543,5000,3,10,"C1","none","superpopulation","facec"
2,"federated_dr",0.601605884355342,0.0116581894496602,0.0163181370163759,TRUE,0.0456992628925577,5000,3,10,"C1","none","superpopulation","facec"
2,"pooled_dr",0.599069527054365,0.0122448315755768,0.0137817797153987,TRUE,0.0479988577697785,5000,3,10,"C1","none","superpopulation","facec"
2,"tilted_aipw",0.600606908434652,0.0128388392136619,0.015319161095686,TRUE,0.0503273249241558,5000,3,10,"C1","none","superpopulation","facec"
2,"oracle_dr",0.594375355435679,0.0123385186907042,0.00908760809671216,TRUE,0.0483661045127088,5000,3,10,"C1","none","superpopulation","facec"
3,"one_round_crossfit",0.587631693318889,0.010137891680376,0.00234394597992293,TRUE,0.0397398051454103,5000,3,10,"C1","none","superpopulation","facec"
3,"two_round_crossfit",0.591583195555259,0.0101346674913532,0.00629544821629235,TRUE,0.0397271665566825,5000,3,10,"C1","none","superpopulation","facec"
3,"target_only",0.571372314787742,0.0183133284298097,-0.0139154325512241,TRUE,0.0717869283189609,5000,3,10,"C1","none","superpopulation","facec"
3,"sample_size",0.601337751017588,0.0190728322043302,0.0160500036786215,TRUE,0.0747641284073257,5000,3,10,"C1","none","superpopulation","facec"
3,"inverse_variance",0.600998253588146,0.0190155119369905,0.0157105062491791,TRUE,0.0745394370881856,5000,3,10,"C1","none","superpopulation","facec"
3,"federated_dr",0.585848122268232,0.0117112065690097,0.000560374929265972,TRUE,0.0459070861815358,5000,3,10,"C1","none","superpopulation","facec"
3,"pooled_dr",0.583577931221085,0.012113468270962,-0.00170981611788124,TRUE,0.0474839230779083,5000,3,10,"C1","none","superpopulation","facec"
3,"tilted_aipw",0.585794576631454,0.0126498439567497,0.000506829292487465,TRUE,0.0495864771305621,5000,3,10,"C1","none","superpopulation","facec"
3,"oracle_dr",0.587555456355589,0.0125621774145715,0.00226770901662277,TRUE,0.0492428305999253,5000,3,10,"C1","none","superpopulation","facec"
4,"one_round_crossfit",0.581146519173918,0.0102819413654905,-0.00414122816504792,TRUE,0.0403044695350279,5000,3,10,"C1","none","superpopulation","facec"
4,"two_round_crossfit",0.580225384348164,0.0103132727165321,-0.00506236299080276,TRUE,0.0404272861742849,5000,3,10,"C1","none","superpopulation","facec"
4,"target_only",0.57753959944976,0.0188528024623042,-0.00774814788920686,TRUE,0.0739016276675284,5000,3,10,"C1","none","superpopulation","facec"
4,"sample_size",0.590219463740084,0.0178035273474016,0.00493171640111778,TRUE,0.0697885447973623,5000,3,10,"C1","none","superpopulation","facec"
4,"inverse_variance",0.58970362443371,0.0179911693431196,0.00441587709474334,TRUE,0.0705240879045512,5000,3,10,"C1","none","superpopulation","facec"
4,"federated_dr",0.580431567875736,0.0118282527635735,-0.00485617946323069,TRUE,0.0463658988332809,5000,3,10,"C1","none","superpopulation","facec"
4,"pooled_dr",0.580340359294818,0.0119613548925024,-0.00494738804414829,TRUE,0.0468876495912132,5000,3,10,"C1","none","superpopulation","facec"
4,"tilted_aipw",0.578577385199362,0.0130162514804059,-0.00671036213960419,TRUE,0.0510227682306237,5000,3,10,"C1","none","superpopulation","facec"
4,"oracle_dr",0.573210083129662,0.0124334450242487,-0.0120776642093046,TRUE,0.0487382089025723,5000,3,10,"C1","none","superpopulation","facec"
5,"one_round_crossfit",0.580328215147729,0.010160711297224,-0.00495953219123735,TRUE,0.0398292563997367,5000,3,10,"C1","none","superpopulation","facec"
5,"two_round_crossfit",0.575122027061461,0.0102864510298145,-0.010165720277505,TRUE,0.0403221470943429,5000,3,10,"C1","none","superpopulation","facec"
5,"target_only",0.596102051209062,0.0187288441004446,0.010814303870096,TRUE,0.0734157198178738,5000,3,10,"C1","none","superpopulation","facec"
5,"sample_size",0.588130156571244,0.0198915604589946,0.00284240923227774,TRUE,0.0779734841918609,5000,3,10,"C1","none","superpopulation","facec"
5,"inverse_variance",0.586193815614532,0.0198246817383173,0.000906068275565608,TRUE,0.0777113244241419,5000,3,10,"C1","none","superpopulation","facec"
5,"federated_dr",0.578333236140655,0.0116719903094947,-0.00695451119831125,TRUE,0.0457533612690204,5000,3,10,"C1","none","superpopulation","facec"
5,"pooled_dr",0.579464815828078,0.0123881930136216,-0.00582293151088842,TRUE,0.048560824280458,5000,3,10,"C1","none","superpopulation","facec"
5,"tilted_aipw",0.577080861023824,0.01311674488926,-0.00820688631514266,TRUE,0.051416695154699,5000,3,10,"C1","none","superpopulation","facec"
5,"oracle_dr",0.57555850873139,0.0121455953041949,-0.00972923860757613,TRUE,0.0476098587340417,5000,3,10,"C1","none","superpopulation","facec"
6,"one_round_crossfit",0.575755406215843,0.0101865703198776,-0.0095323411231234,TRUE,0.0399306219058895,5000,3,10,"C1","none","superpopulation","facec"
6,"two_round_crossfit",0.578870403876144,0.0102434620621364,-0.00641734346282252,TRUE,0.0401536334375796,5000,3,10,"C1","none","superpopulation","facec"
6,"target_only",0.576589941223279,0.0185762035091189,-0.00869780611568716,TRUE,0.0728173796947191,5000,3,10,"C1","none","superpopulation","facec"
6,"sample_size",0.589948513379911,0.00982337094132369,0.00466076604094434,TRUE,0.0385069065035435,5000,3,10,"C1","none","superpopulation","facec"
6,"inverse_variance",0.590616764197269,0.0128495159345839,0.00532901685830245,TRUE,0.0503691769011156,5000,3,10,"C1","none","superpopulation","facec"
6,"federated_dr",0.574694263923441,0.0114692031809728,-0.0105934834155255,TRUE,0.0449584503321578,5000,3,10,"C1","none","superpopulation","facec"
6,"pooled_dr",0.574044067901505,0.0120921574590391,-0.0112436794374614,TRUE,0.0474003862302079,5000,3,10,"C1","none","superpopulation","facec"
6,"tilted_aipw",0.567768959129248,0.012910699417303,-0.0175187882097185,TRUE,0.0506090117462723,5000,3,10,"C1","none","superpopulation","facec"
6,"oracle_dr",0.582829386197626,0.0124260852952192,-0.00245836114134046,TRUE,0.0487093592949051,5000,3,10,"C1","none","superpopulation","facec"
7,"one_round_crossfit",0.587568107261674,0.0101937308875588,0.00228035992270736,TRUE,0.0399586908154175,5000,3,10,"C1","none","superpopulation","facec"
7,"two_round_crossfit",0.586709433607602,0.0102580167502212,0.00142168626863526,TRUE,0.0402106867664844,5000,3,10,"C1","none","superpopulation","facec"
7,"target_only",0.581126857505941,0.0185740655465951,-0.00416088983302543,TRUE,0.0728089990356253,5000,3,10,"C1","none","superpopulation","facec"
7,"sample_size",0.597262332383469,0.0196079650256152,0.0119745850445023,TRUE,0.0768618105206538,5000,3,10,"C1","none","superpopulation","facec"
7,"inverse_variance",0.59636322068287,0.0195367034226244,0.0110754733439034,TRUE,0.0765824701699684,5000,3,10,"C1","none","superpopulation","facec"
7,"federated_dr",0.588901301199278,0.0120091086411401,0.00361355386031148,TRUE,0.0470748408461268,5000,3,10,"C1","none","superpopulation","facec"
7,"pooled_dr",0.589828584072674,0.0127285954317087,0.00454083673370775,TRUE,0.0498951772398601,5000,3,10,"C1","none","superpopulation","facec"
7,"tilted_aipw",0.588672913790755,0.0136183531939537,0.00338516645178899,TRUE,0.0533829635777905,5000,3,10,"C1","none","superpopulation","facec"
7,"oracle_dr",0.588900273079144,0.0123848561221983,0.00361252574017801,TRUE,0.0485477439064383,5000,3,10,"C1","none","superpopulation","facec"
8,"one_round_crossfit",0.583670355146023,0.0102201884824169,-0.00161739219294355,TRUE,0.0400624026814964,5000,3,10,"C1","none","superpopulation","facec"
8,"two_round_crossfit",0.582819661515336,0.0102976744017065,-0.0024680858236299,TRUE,0.0403661419037298,5000,3,10,"C1","none","superpopulation","facec"
8,"target_only",0.548193681082825,0.0186465952296421,-0.0370940662561416,FALSE,0.0730933101687896,5000,3,10,"C1","none","superpopulation","facec"
8,"sample_size",0.593550659759287,0.0219855085278309,0.00826291242032107,TRUE,0.0861816097926935,5000,3,10,"C1","none","superpopulation","facec"
8,"inverse_variance",0.593794697570849,0.0219181019930684,0.00850695023188297,TRUE,0.085917381031779,5000,3,10,"C1","none","superpopulation","facec"
8,"federated_dr",0.581044452739472,0.0114487429016008,-0.00424329459949391,TRUE,0.0448782475107923,5000,3,10,"C1","none","superpopulation","facec"
8,"pooled_dr",0.579527596022177,0.0117398701945836,-0.00576015131678909,TRUE,0.0460194455291181,5000,3,10,"C1","none","superpopulation","facec"
8,"tilted_aipw",0.577523143873474,0.0130545902424401,-0.0077646034654919,TRUE,0.0511730534162214,5000,3,10,"C1","none","superpopulation","facec"
8,"oracle_dr",0.585345277429768,0.0125078128318991,5.75300908017828e-05,TRUE,0.0490297253517802,5000,3,10,"C1","none","superpopulation","facec"
9,"one_round_crossfit",0.574752052416083,0.0102742468224424,-0.0105356949228835,TRUE,0.0402743074805245,5000,3,10,"C1","none","superpopulation","facec"
9,"two_round_crossfit",0.577421776946182,0.0102965446523557,-0.00786597039278436,TRUE,0.0403617133676515,5000,3,10,"C1","none","superpopulation","facec"
9,"target_only",0.581980537104838,0.0181775417829389,-0.00330721023412806,TRUE,0.0712546544440644,5000,3,10,"C1","none","superpopulation","facec"
9,"sample_size",0.5815195277314,0.010906143789408,-0.00376821960756679,TRUE,0.0427512980749098,5000,3,10,"C1","none","superpopulation","facec"
9,"inverse_variance",0.581434399947677,0.0136059641825274,-0.0038533473912894,TRUE,0.0533343995453912,5000,3,10,"C1","none","superpopulation","facec"
9,"federated_dr",0.570048364230086,0.0114577686093974,-0.0152393831088801,TRUE,0.0449136276352251,5000,3,10,"C1","none","superpopulation","facec"
9,"pooled_dr",0.571859847372716,0.0118948309737319,-0.0134278999662506,TRUE,0.0466268806214121,5000,3,10,"C1","none","superpopulation","facec"
9,"tilted_aipw",0.563408289970879,0.0125988970308485,-0.0218794573680874,TRUE,0.0493867688507834,5000,3,10,"C1","none","superpopulation","facec"
9,"oracle_dr",0.574086426811498,0.0121901954551246,-0.0112013205274688,TRUE,0.0477846881130959,5000,3,10,"C1","none","superpopulation","facec"
10,"one_round_crossfit",0.584525167440951,0.010216733177541,-0.000762579898015425,TRUE,0.0400488581352716,5000,3,10,"C1","none","superpopulation","facec"
10,"two_round_crossfit",0.586932566045943,0.0102683230679673,0.00164481870697697,TRUE,0.0402510867896755,5000,3,10,"C1","none","superpopulation","facec"
10,"target_only",0.592985849644369,0.0180353004674505,0.00769810230540247,TRUE,0.0706970787331229,5000,3,10,"C1","none","superpopulation","facec"
10,"sample_size",0.596172852675301,0.0234390720244866,0.010885105336335,TRUE,0.0918794739980684,5000,3,10,"C1","none","superpopulation","facec"
10,"inverse_variance",0.594208482325648,0.0232873696484973,0.00892073498668167,TRUE,0.091284811611452,5000,3,10,"C1","none","superpopulation","facec"
10,"federated_dr",0.584484969702268,0.0114705169857528,-0.000802777636698782,TRUE,0.0449636003522611,5000,3,10,"C1","none","superpopulation","facec"
10,"pooled_dr",0.584797307701369,0.0122568000029804,-0.000490439637597206,TRUE,0.0480457731431041,5000,3,10,"C1","none","superpopulation","facec"
10,"tilted_aipw",0.581049446252715,0.012519782844303,-0.00423830108625101,TRUE,0.0490766469381927,5000,3,10,"C1","none","superpopulation","facec"
10,"oracle_dr",0.5812026989429,0.0121487201539282,-0.00408504839606649,TRUE,0.0476221079199104,5000,3,10,"C1","none","superpopulation","facec"
11,"one_round_crossfit",0.601683815618417,0.0101660785949925,0.0163960682794508,TRUE,0.0398502958203777,5000,3,10,"C1","none","superpopulation","facec"
11,"two_round_crossfit",0.597953050726219,0.0102864185447715,0.0126653033872521,TRUE,0.040322019755314,5000,3,10,"C1","none","superpopulation","facec"
11,"target_only",0.586635860004201,0.0185487298581429,0.00134811266523471,TRUE,0.0727096849618456,5000,3,10,"C1","none","superpopulation","facec"
11,"sample_size",0.609239825336035,0.0131732731364344,0.0239520779970688,TRUE,0.0516382818118408,5000,3,10,"C1","none","superpopulation","facec"
11,"inverse_variance",0.609684786251004,0.0150902772961788,0.0243970389120375,TRUE,0.0591528000344657,5000,3,10,"C1","none","superpopulation","facec"
11,"federated_dr",0.599117333182335,0.011285092475515,0.0138295858433681,TRUE,0.0442367496284266,5000,3,10,"C1","none","superpopulation","facec"
11,"pooled_dr",0.600688979738204,0.0114683067523648,0.0154012323992375,TRUE,0.0449549363965849,5000,3,10,"C1","none","superpopulation","facec"
11,"tilted_aipw",0.590151141615834,0.0126642214855086,0.00486339427686733,TRUE,0.0496428360076702,5000,3,10,"C1","none","superpopulation","facec"
11,"oracle_dr",0.599366473539112,0.0123887639290936,0.0140787262001452,TRUE,0.0485630622279847,5000,3,10,"C1","none","superpopulation","facec"
12,"one_round_crossfit",0.574445884457832,0.0101072138409894,-0.0108418628811341,TRUE,0.0396195502247678,5000,3,10,"C1","none","superpopulation","facec"
12,"two_round_crossfit",0.575601860246386,0.0101401140148165,-0.00968588709257989,TRUE,0.0397485165363403,5000,3,10,"C1","none","superpopulation","facec"
12,"target_only",0.575371084044162,0.018087513472773,-0.00991666329480434,TRUE,0.0709017499530362,5000,3,10,"C1","none","superpopulation","facec"
12,"sample_size",0.584404262287203,0.0138695926195371,-0.000883485051763389,TRUE,0.0543678040290705,5000,3,10,"C1","none","superpopulation","facec"
12,"inverse_variance",0.584566728374264,0.0154698543913592,-0.000721018964702447,TRUE,0.0606407149062858,5000,3,10,"C1","none","superpopulation","facec"
12,"federated_dr",0.574560721023495,0.0112176871340072,-0.0107270263154718,TRUE,0.0439725255449848,5000,3,10,"C1","none","superpopulation","facec"
12,"pooled_dr",0.576543948916434,0.01168644860617,-0.00874379842253203,TRUE,0.0458100367505432,5000,3,10,"C1","none","superpopulation","facec"
12,"tilted_aipw",0.572683075101628,0.0124416902355892,-0.0126046722373387,TRUE,0.048770529537117,5000,3,10,"C1","none","superpopulation","facec"
12,"oracle_dr",0.581714942167596,0.0123563510495769,-0.00357280517137082,TRUE,0.0484360060750089,5000,3,10,"C1","none","superpopulation","facec"
13,"one_round_crossfit",0.567107068575515,0.010183498642427,-0.0181806787634514,TRUE,0.039918581151539,5000,3,10,"C1","none","superpopulation","facec"
13,"two_round_crossfit",0.563792470934787,0.0102121337946685,-0.0214952764041794,FALSE,0.0400308288857092,5000,3,10,"C1","none","superpopulation","facec"
13,"target_only",0.550728014801945,0.0188581329318907,-0.0345597325370214,TRUE,0.0739225227243492,5000,3,10,"C1","none","superpopulation","facec"
13,"sample_size",0.577262563133953,0.0211796942226806,-0.00802518420501375,TRUE,0.08302287576005,5000,3,10,"C1","none","superpopulation","facec"
13,"inverse_variance",0.576723481013945,0.021105960512719,-0.00856426632502161,TRUE,0.0827338449281076,5000,3,10,"C1","none","superpopulation","facec"
13,"federated_dr",0.563167414215898,0.0117134185567277,-0.0221203331230684,TRUE,0.0459157570140587,5000,3,10,"C1","none","superpopulation","facec"
13,"pooled_dr",0.5639528984427,0.0122952348201382,-0.0213348488962665,TRUE,0.0481964348578674,5000,3,10,"C1","none","superpopulation","facec"
13,"tilted_aipw",0.557050021192199,0.0129903797237778,-0.0282377261467671,FALSE,0.0509213528082075,5000,3,10,"C1","none","superpopulation","facec"
13,"oracle_dr",0.578711434381182,0.0120534929286518,-0.00657631295778471,TRUE,0.0472488240561315,5000,3,10,"C1","none","superpopulation","facec"
14,"one_round_crossfit",0.59838853469504,0.0102964842060925,0.013100787356074,TRUE,0.0403614764226534,5000,3,10,"C1","none","superpopulation","facec"
14,"two_round_crossfit",0.597761072248389,0.0102789556391381,0.0124733249094227,TRUE,0.0402927657027909,5000,3,10,"C1","none","superpopulation","facec"
14,"target_only",0.592476659433655,0.0184383736242135,0.00718891209468886,TRUE,0.0722770964739035,5000,3,10,"C1","none","superpopulation","facec"
14,"sample_size",0.608182933924542,0.00989101810368967,0.0228951865855755,FALSE,0.0387720785073309,5000,3,10,"C1","none","superpopulation","facec"
14,"inverse_variance",0.608085976709337,0.0113610707429244,0.0227982293703701,FALSE,0.0445345789638871,5000,3,10,"C1","none","superpopulation","facec"
14,"federated_dr",0.596374502546384,0.0114380142313822,0.0110867552074179,TRUE,0.0448361918963314,5000,3,10,"C1","none","superpopulation","facec"
14,"pooled_dr",0.594955383228016,0.0118204700824994,0.00966763588905006,TRUE,0.0463353912840641,5000,3,10,"C1","none","superpopulation","facec"
14,"tilted_aipw",0.588940817845611,0.0129129817621776,0.00365307050664498,TRUE,0.0506179583737814,5000,3,10,"C1","none","superpopulation","facec"
14,"oracle_dr",0.594117517167346,0.0122601654580599,0.00882976982837969,TRUE,0.0480589654845991,5000,3,10,"C1","none","superpopulation","facec"
15,"one_round_crossfit",0.594493702477848,0.0103416518159441,0.00920595513888123,TRUE,0.0405385301998074,5000,3,10,"C1","none","superpopulation","facec"
15,"two_round_crossfit",0.599015215842524,0.0103344333825642,0.0137274685035572,TRUE,0.0405102344609085,5000,3,10,"C1","none","superpopulation","facec"
15,"target_only",0.650035424773113,0.018066715653935,0.0647476774341468,FALSE,0.0708202240012772,5000,3,10,"C1","none","superpopulation","facec"
15,"sample_size",0.607096286386239,0.0236165259676342,0.0218085390472728,TRUE,0.0925750806730357,5000,3,10,"C1","none","superpopulation","facec"
15,"inverse_variance",0.604941078344358,0.0235515419406531,0.0196533310053914,TRUE,0.0923203479681292,5000,3,10,"C1","none","superpopulation","facec"
15,"federated_dr",0.597910869770353,0.0116822082207061,0.0126231224313862,TRUE,0.0457934147449632,5000,3,10,"C1","none","superpopulation","facec"
15,"pooled_dr",0.593815166605076,0.0120591135702525,0.00852741926610945,TRUE,0.0472708565663462,5000,3,10,"C1","none","superpopulation","facec"
15,"tilted_aipw",0.590863537828164,0.0131930411648151,0.00557579048919765,TRUE,0.0517157710591838,5000,3,10,"C1","none","superpopulation","facec"
15,"oracle_dr",0.571709958518954,0.0120822638378333,-0.0135777888200126,TRUE,0.047361603947728,5000,3,10,"C1","none","superpopulation","facec"
16,"one_round_crossfit",0.593302864443234,0.0103076780474885,0.00801511710426794,TRUE,0.0404053554746233,5000,3,10,"C1","none","superpopulation","facec"
16,"two_round_crossfit",0.593519825258196,0.010382822822084,0.00823207791922997,TRUE,0.0406999175782901,5000,3,10,"C1","none","superpopulation","facec"
16,"target_only",0.598262369595108,0.0188511608410475,0.0129746222561417,TRUE,0.0738951926304499,5000,3,10,"C1","none","superpopulation","facec"
16,"sample_size",0.59814904947125,0.022308245250547,0.0128613021322841,TRUE,0.0874467144987179,5000,3,10,"C1","none","superpopulation","facec"
16,"inverse_variance",0.596544391780677,0.0222435494570284,0.011256644441711,TRUE,0.0871931116482223,5000,3,10,"C1","none","superpopulation","facec"
16,"federated_dr",0.588828556557491,0.011932704530232,0.00354080921852507,TRUE,0.0467753422348252,5000,3,10,"C1","none","superpopulation","facec"
16,"pooled_dr",0.592404570407904,0.0122820224844251,0.00711682306893724,TRUE,0.0481446434535686,5000,3,10,"C1","none","superpopulation","facec"
16,"tilted_aipw",0.580375313607574,0.0135361453966188,-0.00491243373139194,TRUE,0.0530607149337412,5000,3,10,"C1","none","superpopulation","facec"
16,"oracle_dr",0.58701478608181,0.012241272048777,0.00172703874284397,TRUE,0.0479849046811196,5000,3,10,"C1","none","superpopulation","facec"
17,"one_round_crossfit",0.592510486492911,0.0102388684228206,0.007222739153945,TRUE,0.0401356267023458,5000,3,10,"C1","none","superpopulation","facec"
17,"two_round_crossfit",0.591042809284235,0.0102469749542225,0.00575506194526876,TRUE,0.0401674037215203,5000,3,10,"C1","none","superpopulation","facec"
17,"target_only",0.588039469740654,0.0184237320700861,0.00275172240168753,TRUE,0.0722197026363687,5000,3,10,"C1","none","superpopulation","facec"
17,"sample_size",0.601991940870294,0.0097008228098641,0.0167041935313277,TRUE,0.0380265266554765,5000,3,10,"C1","none","superpopulation","facec"
17,"inverse_variance",0.602569078022672,0.0125955255906534,0.0172813306837052,TRUE,0.0493735530480666,5000,3,10,"C1","none","superpopulation","facec"
17,"federated_dr",0.592164880566799,0.0116862254200855,0.00687713322783212,TRUE,0.0458091618771679,5000,3,10,"C1","none","superpopulation","facec"
17,"pooled_dr",0.59109653985719,0.0119303742608444,0.00580879251822353,TRUE,0.0467662077466775,5000,3,10,"C1","none","superpopulation","facec"
17,"tilted_aipw",0.587724810984164,0.0125140272353173,0.00243706364519758,TRUE,0.0490540853655503,5000,3,10,"C1","none","superpopulation","facec"
17,"oracle_dr",0.594428025694181,0.0123557196286956,0.00914027835521458,TRUE,0.0484335309506361,5000,3,10,"C1","none","superpopulation","facec"
18,"one_round_crossfit",0.589165739762273,0.0101916078560223,0.003877992423307,TRUE,0.0399503686847185,5000,3,10,"C1","none","superpopulation","facec"
18,"two_round_crossfit",0.587667819656327,0.0102298735684128,0.00238007231736093,TRUE,0.0401003675209746,5000,3,10,"C1","none","superpopulation","facec"
18,"target_only",0.583646065876658,0.0179114467055937,-0.0016416814623087,TRUE,0.0702115809079444,5000,3,10,"C1","none","superpopulation","facec"
18,"sample_size",0.600407147314055,0.017306055833619,0.015119399975089,TRUE,0.0678384922966651,5000,3,10,"C1","none","superpopulation","facec"
18,"inverse_variance",0.599661160630295,0.0176843274205943,0.0143734132913289,TRUE,0.0693212896703579,5000,3,10,"C1","none","superpopulation","facec"
18,"federated_dr",0.585175297078623,0.0116066266940311,-0.0001124502603429,TRUE,0.0454971406046045,5000,3,10,"C1","none","superpopulation","facec"
18,"pooled_dr",0.583176125645119,0.012086582860229,-0.00211162169384782,TRUE,0.0473785342044162,5000,3,10,"C1","none","superpopulation","facec"
18,"tilted_aipw",0.578753874704479,0.013063034180418,-0.00653387263448724,TRUE,0.0512061530448698,5000,3,10,"C1","none","superpopulation","facec"
18,"oracle_dr",0.575377025149291,0.012561076954525,-0.00991072218967537,TRUE,0.04923851687581,5000,3,10,"C1","none","superpopulation","facec"
19,"one_round_crossfit",0.592225375899739,0.0102675168039679,0.00693762856077218,TRUE,0.0402479262928737,5000,3,10,"C1","none","superpopulation","facec"
19,"two_round_crossfit",0.592614009403258,0.010371531697893,0.00732626206429121,TRUE,0.0406556571847716,5000,3,10,"C1","none","superpopulation","facec"
19,"target_only",0.567043622302826,0.0182371148734526,-0.0182441250361406,TRUE,0.0714881766677737,5000,3,10,"C1","none","superpopulation","facec"
19,"sample_size",0.607427223552245,0.0291194335549737,0.0221394762132782,TRUE,0.114146082035911,5000,3,10,"C1","none","superpopulation","facec"
19,"inverse_variance",0.606738152563549,0.0289851455552867,0.0214504052245827,TRUE,0.113619682750026,5000,3,10,"C1","none","superpopulation","facec"
19,"federated_dr",0.590232878638158,0.0115636554417025,0.00494513129919127,TRUE,0.0453286963907349,5000,3,10,"C1","none","superpopulation","facec"
19,"pooled_dr",0.587472524323751,0.0123794457224654,0.00218477698478492,TRUE,0.0485265355292011,5000,3,10,"C1","none","superpopulation","facec"
19,"tilted_aipw",0.588009438149264,0.0126500156343885,0.00272169081029738,TRUE,0.0495871500945404,5000,3,10,"C1","none","superpopulation","facec"
19,"oracle_dr",0.593672819385074,0.0121652829778836,0.00838507204610783,TRUE,0.04768703299678,5000,3,10,"C1","none","superpopulation","facec"
20,"one_round_crossfit",0.571305775242731,0.0104681609452349,-0.0139819720962354,TRUE,0.0410344368740583,5000,3,10,"C1","none","superpopulation","facec"
20,"two_round_crossfit",0.571297133370032,0.0105130128689738,-0.0139906139689341,TRUE,0.0412102531843896,5000,3,10,"C1","none","superpopulation","facec"
20,"target_only",0.550268905995026,0.0180841294616929,-0.0350188413439403,TRUE,0.0708884848733555,5000,3,10,"C1","none","superpopulation","facec"
20,"sample_size",0.581373546274117,0.0222017640768414,-0.00391420106484919,TRUE,0.0870293159677287,5000,3,10,"C1","none","superpopulation","facec"
20,"inverse_variance",0.581598149754653,0.0221098494947057,-0.00368959758431364,TRUE,0.0866690174264484,5000,3,10,"C1","none","superpopulation","facec"
20,"federated_dr",0.566805569216402,0.0118122297380904,-0.0184821781225647,TRUE,0.0463030897275405,5000,3,10,"C1","none","superpopulation","facec"
20,"pooled_dr",0.565987050314897,0.0125224180267952,-0.0193006970240693,TRUE,0.0490869766637474,5000,3,10,"C1","none","superpopulation","facec"
20,"tilted_aipw",0.562066854436859,0.0130850671617578,-0.0232208929021076,TRUE,0.0512925207446662,5000,3,10,"C1","none","superpopulation","facec"
20,"oracle_dr",0.577750239352233,0.0121149001892118,-0.00753750798673292,TRUE,0.0474895360943051,5000,3,10,"C1","none","superpopulation","facec"
21,"one_round_crossfit",0.587151650771294,0.0100884862103428,0.00186390343232734,TRUE,0.0395461392616017,5000,3,10,"C1","none","superpopulation","facec"
21,"two_round_crossfit",0.587181425851068,0.010184551429155,0.00189367851210209,TRUE,0.0399227079996793,5000,3,10,"C1","none","superpopulation","facec"
21,"target_only",0.603981840339007,0.0183236943343455,0.0186940930000405,TRUE,0.0718275619180757,5000,3,10,"C1","none","superpopulation","facec"
21,"sample_size",0.600175713630981,0.0150618079063506,0.0148879662920143,TRUE,0.0590412020770155,5000,3,10,"C1","none","superpopulation","facec"
21,"inverse_variance",0.599625429794097,0.0161613110000055,0.0143376824551306,TRUE,0.0633511750059235,5000,3,10,"C1","none","superpopulation","facec"
21,"federated_dr",0.586496429565312,0.0111078607836906,0.00120868222634551,TRUE,0.043542014162637,5000,3,10,"C1","none","superpopulation","facec"
21,"pooled_dr",0.586796359373237,0.0114473395312397,0.00150861203427077,TRUE,0.0448727464000631,5000,3,10,"C1","none","superpopulation","facec"
21,"tilted_aipw",0.584040118618116,0.012038326257878,-0.00124762872085016,TRUE,0.0471893717991676,5000,3,10,"C1","none","superpopulation","facec"
21,"oracle_dr",0.580065450468823,0.0123176823230395,-0.00522229687014319,TRUE,0.0482844274523262,5000,3,10,"C1","none","superpopulation","facec"
22,"one_round_crossfit",0.58442992572028,0.0101367783362462,-0.000857821618686305,TRUE,0.0397354409166166,5000,3,10,"C1","none","superpopulation","facec"
22,"two_round_crossfit",0.58504709341598,0.0101058151631865,-0.000240653922986223,TRUE,0.0396140675085288,5000,3,10,"C1","none","superpopulation","facec"
22,"target_only",0.585087749601654,0.018280505825284,-0.000199997737312718,TRUE,0.0716582660734626,5000,3,10,"C1","none","superpopulation","facec"
22,"sample_size",0.594498973560798,0.0180759757615119,0.00921122622183113,TRUE,0.0708565229559646,5000,3,10,"C1","none","superpopulation","facec"
22,"inverse_variance",0.593808804677611,0.0182364877956667,0.00852105733864494,TRUE,0.0714857185680218,5000,3,10,"C1","none","superpopulation","facec"
22,"federated_dr",0.584418615738366,0.01192319418921,-0.000869131600600759,TRUE,0.0467380623830578,5000,3,10,"C1","none","superpopulation","facec"
22,"pooled_dr",0.582778330026183,0.0125781098810973,-0.00250941731278365,TRUE,0.0493052847210762,5000,3,10,"C1","none","superpopulation","facec"
22,"tilted_aipw",0.58218467941288,0.0129772385036554,-0.00310306792608683,TRUE,0.0508698401719019,5000,3,10,"C1","none","superpopulation","facec"
22,"oracle_dr",0.580828179026232,0.0122317138344423,-0.00445956831273464,TRUE,0.0479474371694146,5000,3,10,"C1","none","superpopulation","facec"
23,"one_round_crossfit",0.559508268481155,0.01052218514316,-0.0257794788578118,FALSE,0.0412462078385121,5000,3,10,"C1","none","superpopulation","facec"
23,"two_round_crossfit",0.558824718383478,0.0106331277243307,-0.0264630289554888,FALSE,0.0416810947654049,5000,3,10,"C1","none","superpopulation","facec"
23,"target_only",0.552798641751973,0.0187198303246342,-0.0324891055869931,TRUE,0.0733803864659677,5000,3,10,"C1","none","superpopulation","facec"
23,"sample_size",0.568732426505513,0.00992672998806754,-0.0165553208334532,TRUE,0.0389120665217322,5000,3,10,"C1","none","superpopulation","facec"
23,"inverse_variance",0.569475046012887,0.0133902661430583,-0.0158127013260794,TRUE,0.0524888787676008,5000,3,10,"C1","none","superpopulation","facec"
23,"federated_dr",0.556846073211733,0.011879138335056,-0.0284416741272331,FALSE,0.0465653666081578,5000,3,10,"C1","none","superpopulation","facec"
23,"pooled_dr",0.553952632300949,0.0121817157519957,-0.0313351150380178,FALSE,0.0477514482876316,5000,3,10,"C1","none","superpopulation","facec"
23,"tilted_aipw",0.554786256648358,0.0140048060684615,-0.0305014906906081,FALSE,0.0548978310093049,5000,3,10,"C1","none","superpopulation","facec"
23,"oracle_dr",0.567013132376899,0.0120824647161767,-0.0182746149620678,TRUE,0.0473623913763646,5000,3,10,"C1","none","superpopulation","facec"
24,"one_round_crossfit",0.596648115510871,0.0102397005329746,0.0113603681719048,TRUE,0.0401388885142115,5000,3,10,"C1","none","superpopulation","facec"
24,"two_round_crossfit",0.599355193713842,0.0102847797335825,0.014067446374876,TRUE,0.0403155957334982,5000,3,10,"C1","none","superpopulation","facec"
24,"target_only",0.603437181758288,0.0186872961022262,0.0181494344193219,TRUE,0.0732528546575979,5000,3,10,"C1","none","superpopulation","facec"
24,"sample_size",0.605307326015117,0.00974586930280996,0.0200195786761511,FALSE,0.038203105663084,5000,3,10,"C1","none","superpopulation","facec"
24,"inverse_variance",0.605937973938752,0.0116857750770042,0.0206502265997859,TRUE,0.0458073965647279,5000,3,10,"C1","none","superpopulation","facec"
24,"federated_dr",0.594071438656425,0.0117463961834793,0.00878369131745904,TRUE,0.0460450269355162,5000,3,10,"C1","none","superpopulation","facec"
24,"pooled_dr",0.593398698821282,0.0121835291023839,0.008110951482316,TRUE,0.0477585564905361,5000,3,10,"C1","none","superpopulation","facec"
24,"tilted_aipw",0.593224861387551,0.0125412362828867,0.00793711404858433,TRUE,0.0491607428721299,5000,3,10,"C1","none","superpopulation","facec"
24,"oracle_dr",0.590577509275648,0.0123144868992086,0.00528976193668207,TRUE,0.0482719016210782,5000,3,10,"C1","none","superpopulation","facec"
25,"one_round_crossfit",0.591772743710039,0.0100296488845466,0.00648499637107247,TRUE,0.0393155011825874,5000,3,10,"C1","none","superpopulation","facec"
25,"two_round_crossfit",0.592839033265365,0.0100620286658558,0.00755128592639875,TRUE,0.0394424275929739,5000,3,10,"C1","none","superpopulation","facec"
25,"target_only",0.573406239552841,0.0183539443169383,-0.0118815077861254,TRUE,0.0719461396709051,5000,3,10,"C1","none","superpopulation","facec"
25,"sample_size",0.608700041012836,0.0175400576367945,0.0234122936738698,TRUE,0.0687557625097479,5000,3,10,"C1","none","superpopulation","facec"
25,"inverse_variance",0.60893354763362,0.017747218100725,0.023645800294654,TRUE,0.0695678166063964,5000,3,10,"C1","none","superpopulation","facec"
25,"federated_dr",0.595127822891011,0.01165664895495,0.00984007555204447,TRUE,0.0456932242642567,5000,3,10,"C1","none","superpopulation","facec"
25,"pooled_dr",0.594044535313846,0.0118858283029995,0.00875678797488,TRUE,0.0465915908006118,5000,3,10,"C1","none","superpopulation","facec"
25,"tilted_aipw",0.594696484833463,0.0132643127956787,0.00940873749449689,TRUE,0.051995150718408,5000,3,10,"C1","none","superpopulation","facec"
25,"oracle_dr",0.594250719306719,0.0123515700772318,0.0089629719677522,TRUE,0.0484172650077936,5000,3,10,"C1","none","superpopulation","facec"
26,"one_round_crossfit",0.597701366600471,0.0102848594036992,0.0124136192615042,TRUE,0.0403159080346169,5000,3,10,"C1","none","superpopulation","facec"
26,"two_round_crossfit",0.596683893594447,0.0103157742462378,0.0113961462554804,TRUE,0.0404370919905439,5000,3,10,"C1","none","superpopulation","facec"
26,"target_only",0.607656686715083,0.0183085867172334,0.0223689393761169,TRUE,0.0717683411472119,5000,3,10,"C1","none","superpopulation","facec"
26,"sample_size",0.611485921131559,0.0109929440335226,0.0261981737925929,FALSE,0.0430915487795378,5000,3,10,"C1","none","superpopulation","facec"
26,"inverse_variance",0.612092761826641,0.0136502002555768,0.0268050144876746,FALSE,0.0535078017653798,5000,3,10,"C1","none","superpopulation","facec"
26,"federated_dr",0.595978659510406,0.0115401949449281,0.01069091217144,TRUE,0.0452367329332606,5000,3,10,"C1","none","superpopulation","facec"
26,"pooled_dr",0.597302650966422,0.0120536539432699,0.0120149036274552,TRUE,0.0472494552218363,5000,3,10,"C1","none","superpopulation","facec"
26,"tilted_aipw",0.593307014594622,0.0130177082906801,0.00801926725565605,TRUE,0.0510284788219628,5000,3,10,"C1","none","superpopulation","facec"
26,"oracle_dr",0.589574892627431,0.0121270961791089,0.0042871452884643,TRUE,0.0475373434962134,5000,3,10,"C1","none","superpopulation","facec"
27,"one_round_crossfit",0.590766777521833,0.0104485202744967,0.00547903018286688,TRUE,0.0409574468595002,5000,3,10,"C1","none","superpopulation","facec"
27,"two_round_crossfit",0.592016393251838,0.0104173886235648,0.00672864591287159,TRUE,0.0408354130302886,5000,3,10,"C1","none","superpopulation","facec"
27,"target_only",0.589467184452243,0.018706751098618,0.00417943711327673,TRUE,0.0733291168420926,5000,3,10,"C1","none","superpopulation","facec"
27,"sample_size",0.599290340566284,0.00979669410258845,0.014002593227318,TRUE,0.0384023352172587,5000,3,10,"C1","none","superpopulation","facec"
27,"inverse_variance",0.599783271049692,0.0126317169586452,0.0144955237107254,TRUE,0.0495154206036967,5000,3,10,"C1","none","superpopulation","facec"
27,"federated_dr",0.591052554564214,0.0113317576892824,0.00576480722524753,TRUE,0.0444196739050566,5000,3,10,"C1","none","superpopulation","facec"
27,"pooled_dr",0.59032632474417,0.0116942147363664,0.00503857740520397,TRUE,0.0458404794215115,5000,3,10,"C1","none","superpopulation","facec"
27,"tilted_aipw",0.588887776077424,0.0121501415060536,0.00360002873845811,TRUE,0.0476276795178605,5000,3,10,"C1","none","superpopulation","facec"
27,"oracle_dr",0.58821880227228,0.0122396116214365,0.00293105493331336,TRUE,0.0479783959255469,5000,3,10,"C1","none","superpopulation","facec"
28,"one_round_crossfit",0.594758848802031,0.010323783025216,0.00947110146306473,TRUE,0.0404684858272586,5000,3,10,"C1","none","superpopulation","facec"
28,"two_round_crossfit",0.592397741259632,0.0103551572988253,0.00710999392066591,TRUE,0.0405914707198893,5000,3,10,"C1","none","superpopulation","facec"
28,"target_only",0.582986983701153,0.0184849241986053,-0.00230076363781384,TRUE,0.0724595713724387,5000,3,10,"C1","none","superpopulation","facec"
28,"sample_size",0.601683562555162,0.0288646738589303,0.0163958152161952,TRUE,0.113147442377997,5000,3,10,"C1","none","superpopulation","facec"
28,"inverse_variance",0.599071916730366,0.0287233566344576,0.0137841693913994,TRUE,0.112593489037273,5000,3,10,"C1","none","superpopulation","facec"
28,"federated_dr",0.588260213219293,0.0119749816118082,0.00297246588032629,TRUE,0.0469410653493469,5000,3,10,"C1","none","superpopulation","facec"
28,"pooled_dr",0.589797629158819,0.0125293009716518,0.00450988181985235,TRUE,0.0491139573118007,5000,3,10,"C1","none","superpopulation","facec"
28,"tilted_aipw",0.58392070075907,0.0133531119415392,-0.00136704657989639,TRUE,0.052343236973897,5000,3,10,"C1","none","superpopulation","facec"
28,"oracle_dr",0.586079584608568,0.0122278854891651,0.000791837269601303,TRUE,0.047932430331687,5000,3,10,"C1","none","superpopulation","facec"
29,"one_round_crossfit",0.575638477514759,0.0103628111818567,-0.00964926982420733,TRUE,0.0406214733900563,5000,3,10,"C1","none","superpopulation","facec"
29,"two_round_crossfit",0.581642935770989,0.0102747319703878,-0.00364481156797691,TRUE,0.0402762092255247,5000,3,10,"C1","none","superpopulation","facec"
29,"target_only",0.585958496636622,0.0183781279750014,0.000670749297655204,TRUE,0.0720409378685414,5000,3,10,"C1","none","superpopulation","facec"
29,"sample_size",0.592416051137878,0.0140932074992279,0.00712830379891183,TRUE,0.0552443582502731,5000,3,10,"C1","none","superpopulation","facec"
29,"inverse_variance",0.592418139731546,0.0156713425527937,0.00713039239257951,TRUE,0.0614305339857315,5000,3,10,"C1","none","superpopulation","facec"
29,"federated_dr",0.577681991359643,0.0115546529847751,-0.00760575597932345,TRUE,0.0452934074080347,5000,3,10,"C1","none","superpopulation","facec"
29,"pooled_dr",0.582173152328514,0.0117790098270717,-0.00311459501045219,TRUE,0.0461728700692079,5000,3,10,"C1","none","superpopulation","facec"
29,"tilted_aipw",0.571824008345182,0.0129695077432619,-0.0134637389937848,TRUE,0.0508395361480134,5000,3,10,"C1","none","superpopulation","facec"
29,"oracle_dr",0.581567369982674,0.0124745980482759,-0.00372037735629227,TRUE,0.0488995257924689,5000,3,10,"C1","none","superpopulation","facec"
30,"one_round_crossfit",0.580145994923618,0.0101583062989693,-0.00514175241534809,TRUE,0.0398198289798124,5000,3,10,"C1","none","superpopulation","facec"
30,"two_round_crossfit",0.580785893441088,0.0102128805789843,-0.00450185389787838,TRUE,0.0400337562264357,5000,3,10,"C1","none","superpopulation","facec"
30,"target_only",0.579376898988091,0.0182639002113363,-0.00591084835087496,TRUE,0.0715931732629054,5000,3,10,"C1","none","superpopulation","facec"
30,"sample_size",0.589597822439684,0.0217481996122134,0.00431007510071724,TRUE,0.0852513759370526,5000,3,10,"C1","none","superpopulation","facec"
30,"inverse_variance",0.589291183087474,0.0216782846137306,0.00400343574850748,TRUE,0.0849773141790415,5000,3,10,"C1","none","superpopulation","facec"
30,"federated_dr",0.579588799297016,0.0116668766392498,-0.0056989480419507,TRUE,0.0457333160500024,5000,3,10,"C1","none","superpopulation","facec"
30,"pooled_dr",0.58262032813004,0.012214031013382,-0.00266741920892644,TRUE,0.0478781217845679,5000,3,10,"C1","none","superpopulation","facec"
30,"tilted_aipw",0.574428856463194,0.0131287512792336,-0.010858890875772,TRUE,0.0514637593385641,5000,3,10,"C1","none","superpopulation","facec"
30,"oracle_dr",0.588643203334879,0.0122523646534305,0.0033554559959128,TRUE,0.0480283868923506,5000,3,10,"C1","none","superpopulation","facec"
31,"one_round_crossfit",0.56642971423654,0.0104924781907447,-0.0188580331024267,TRUE,0.0411297587248634,5000,3,10,"C1","none","superpopulation","facec"
31,"two_round_crossfit",0.569333326474438,0.01044293210793,-0.0159544208645288,TRUE,0.0409355416490795,5000,3,10,"C1","none","superpopulation","facec"
31,"target_only",0.569063055215467,0.0189884420534242,-0.0162246921234993,TRUE,0.0744333250944744,5000,3,10,"C1","none","superpopulation","facec"
31,"sample_size",0.586080626597087,0.0204179849159852,0.000792879258120993,TRUE,0.0800370301444262,5000,3,10,"C1","none","superpopulation","facec"
31,"inverse_variance",0.585157796288229,0.0203369732783615,-0.000129951050737653,TRUE,0.0797194703602842,5000,3,10,"C1","none","superpopulation","facec"
31,"federated_dr",0.569226259652128,0.0122287940699046,-0.0160614876868388,TRUE,0.0479359919027398,5000,3,10,"C1","none","superpopulation","facec"
31,"pooled_dr",0.567847378402488,0.0129158143677474,-0.0174403689364787,TRUE,0.0506290619835799,5000,3,10,"C1","none","superpopulation","facec"
31,"tilted_aipw",0.568279045896,0.0138520670609335,-0.0170087014429666,TRUE,0.0542991051017265,5000,3,10,"C1","none","superpopulation","facec"
31,"oracle_dr",0.571390864036305,0.012247668747835,-0.0138968833026614,TRUE,0.0480099792806667,5000,3,10,"C1","none","superpopulation","facec"
32,"one_round_crossfit",0.58937538341924,0.0102689788374342,0.00408763608027352,TRUE,0.0402536573587502,5000,3,10,"C1","none","superpopulation","facec"
32,"two_round_crossfit",0.587718031268799,0.0102519216380481,0.00243028392983213,TRUE,0.0401867943658023,5000,3,10,"C1","none","superpopulation","facec"
32,"target_only",0.587490827071009,0.0184160885627053,0.0022030797320427,TRUE,0.0721897406380045,5000,3,10,"C1","none","superpopulation","facec"
32,"sample_size",0.595486573557609,0.0245013790519588,0.0101988262186425,TRUE,0.0960436410268066,5000,3,10,"C1","none","superpopulation","facec"
32,"inverse_variance",0.593662650458244,0.0244499736384633,0.00837490311927802,TRUE,0.0958421355086838,5000,3,10,"C1","none","superpopulation","facec"
32,"federated_dr",0.58810570538936,0.0114954316460148,0.00281795805039409,TRUE,0.0450612640258621,5000,3,10,"C1","none","superpopulation","facec"
32,"pooled_dr",0.584272432705141,0.0117530107653779,-0.00101531463382509,TRUE,0.0460709556201044,5000,3,10,"C1","none","superpopulation","facec"
32,"tilted_aipw",0.590630173949291,0.0125890746847581,0.00534242661032502,TRUE,0.0493482659616216,5000,3,10,"C1","none","superpopulation","facec"
32,"oracle_dr",0.577760185602923,0.0126336193780941,-0.00752756173604363,TRUE,0.0495228779509034,5000,3,10,"C1","none","superpopulation","facec"
33,"one_round_crossfit",0.616165589462257,0.0105187775289124,0.0308778421232909,FALSE,0.041232850236115,5000,3,10,"C1","none","superpopulation","facec"
33,"two_round_crossfit",0.616659458871485,0.0103849281496269,0.0313717115325191,FALSE,0.0407081703106098,5000,3,10,"C1","none","superpopulation","facec"
33,"target_only",0.596577468711401,0.0181479997604238,0.0112897213724346,TRUE,0.0711388518437444,5000,3,10,"C1","none","superpopulation","facec"
33,"sample_size",0.621350144157583,0.0191719447772826,0.0360623968186169,TRUE,0.0751526425541293,5000,3,10,"C1","none","superpopulation","facec"
33,"inverse_variance",0.620835782570429,0.0191347015025603,0.0355480352314625,TRUE,0.0750066515998851,5000,3,10,"C1","none","superpopulation","facec"
33,"federated_dr",0.611341790415207,0.0114387608146365,0.0260540430762403,FALSE,0.0448391184489112,5000,3,10,"C1","none","superpopulation","facec"
33,"pooled_dr",0.610458944053582,0.0117206355408659,0.0251711967146161,FALSE,0.0459440470720345,5000,3,10,"C1","none","superpopulation","facec"
33,"tilted_aipw",0.607832078597223,0.0129105809896638,0.0225443312582567,TRUE,0.050608547518457,5000,3,10,"C1","none","superpopulation","facec"
33,"oracle_dr",0.609747539115798,0.0120078957101864,0.0244597917768317,FALSE,0.0470700862441567,5000,3,10,"C1","none","superpopulation","facec"
34,"one_round_crossfit",0.600793139254188,0.0101687409393415,0.0155053919152215,TRUE,0.0398607320184547,5000,3,10,"C1","none","superpopulation","facec"
34,"two_round_crossfit",0.599179923045233,0.010216136063646,0.0138921757062662,TRUE,0.0400465174918141,5000,3,10,"C1","none","superpopulation","facec"
34,"target_only",0.594236697487474,0.0187715059455175,0.00894895014850716,TRUE,0.0735829511775876,5000,3,10,"C1","none","superpopulation","facec"
34,"sample_size",0.603591094123899,0.00974680960229934,0.0183033467849325,TRUE,0.0382067915693518,5000,3,10,"C1","none","superpopulation","facec"
34,"inverse_variance",0.604016407678188,0.0105938567315069,0.018728660339222,TRUE,0.0415271553022616,5000,3,10,"C1","none","superpopulation","facec"
34,"federated_dr",0.594249786233494,0.0124517336359056,0.00896203889452718,TRUE,0.0488098989429218,5000,3,10,"C1","none","superpopulation","facec"
34,"pooled_dr",0.592447926272263,0.0129268922257175,0.00716017893329624,TRUE,0.0506724863888741,5000,3,10,"C1","none","superpopulation","facec"
34,"tilted_aipw",0.59501801171423,0.013987034355856,0.00973026437526392,TRUE,0.0548281671760042,5000,3,10,"C1","none","superpopulation","facec"
34,"oracle_dr",0.588112107480744,0.0123095266450967,0.00282436014177767,TRUE,0.0482524577822514,5000,3,10,"C1","none","superpopulation","facec"
35,"one_round_crossfit",0.580529818513596,0.0101915951509641,-0.00475792882537052,TRUE,0.0399503188818053,5000,3,10,"C1","none","superpopulation","facec"
35,"two_round_crossfit",0.582115899727,0.0101863856174858,-0.00317184761196609,TRUE,0.0399298978858178,5000,3,10,"C1","none","superpopulation","facec"
35,"target_only",0.600148534233791,0.0176418873498937,0.0148607868948242,TRUE,0.0691549276502086,5000,3,10,"C1","none","superpopulation","facec"
35,"sample_size",0.590342027752395,0.0225232057409647,0.00505428041342904,TRUE,0.0882893441373533,5000,3,10,"C1","none","superpopulation","facec"
35,"inverse_variance",0.587838859233341,0.0223969017143681,0.00255111189437429,TRUE,0.0877942414508897,5000,3,10,"C1","none","superpopulation","facec"
35,"federated_dr",0.581746546783486,0.0123222211093811,-0.00354120055548079,TRUE,0.0483022191678522,5000,3,10,"C1","none","superpopulation","facec"
35,"pooled_dr",0.581081440282209,0.0132654322183121,-0.00420630705675773,TRUE,0.051999538774498,5000,3,10,"C1","none","superpopulation","facec"
35,"tilted_aipw",0.583762389154215,0.0138863624428233,-0.00152535818475097,TRUE,0.0544335405284067,5000,3,10,"C1","none","superpopulation","facec"
35,"oracle_dr",0.58041701100708,0.0122544835129708,-0.0048707363318865,TRUE,0.0480366926691251,5000,3,10,"C1","none","superpopulation","facec"
36,"one_round_crossfit",0.571978593710078,0.0103402675428133,-0.0133091536288887,TRUE,0.040533103948845,5000,3,10,"C1","none","superpopulation","facec"
36,"two_round_crossfit",0.574994928895488,0.0102985539747609,-0.0102928184434787,TRUE,0.0403695897667462,5000,3,10,"C1","none","superpopulation","facec"
36,"target_only",0.584025165071363,0.0179862623471312,-0.00126258226760356,TRUE,0.070504852833732,5000,3,10,"C1","none","superpopulation","facec"
36,"sample_size",0.585594873161556,0.0115700979167004,0.000307125822589183,TRUE,0.0453539504286695,5000,3,10,"C1","none","superpopulation","facec"
36,"inverse_variance",0.585356232019898,0.0139679134810694,6.84846809317907e-05,TRUE,0.054753214724135,5000,3,10,"C1","none","superpopulation","facec"
36,"federated_dr",0.575644693170958,0.011986418285049,-0.00964305416800815,TRUE,0.0469858962846565,5000,3,10,"C1","none","superpopulation","facec"
36,"pooled_dr",0.57294971300872,0.0127895793667687,-0.0123380343302463,TRUE,0.0501342298725667,5000,3,10,"C1","none","superpopulation","facec"
36,"tilted_aipw",0.575506975615412,0.0135256780218238,-0.00978077172355463,TRUE,0.0530196835785191,5000,3,10,"C1","none","superpopulation","facec"
36,"oracle_dr",0.575514338551683,0.0121672208453577,-0.00977340878728317,TRUE,0.0476946292976921,5000,3,10,"C1","none","superpopulation","facec"
37,"one_round_crossfit",0.585259053161337,0.0102036678107575,-2.8694177629629e-05,TRUE,0.0399976428385909,5000,3,10,"C1","none","superpopulation","facec"
37,"two_round_crossfit",0.582783636201097,0.010332209101623,-0.0025041111378693,TRUE,0.040501515439836,5000,3,10,"C1","none","superpopulation","facec"
37,"target_only",0.60323907234368,0.0183537738612122,0.0179513250047136,TRUE,0.0719454714967371,5000,3,10,"C1","none","superpopulation","facec"
37,"sample_size",0.596209259354891,0.0183478181856761,0.0109215120159246,TRUE,0.0719221256776283,5000,3,10,"C1","none","superpopulation","facec"
37,"inverse_variance",0.594229166717512,0.0186202066041801,0.00894141937854565,TRUE,0.0729898686577757,5000,3,10,"C1","none","superpopulation","facec"
37,"federated_dr",0.585170826688943,0.011844291165473,-0.000116920650023444,TRUE,0.0464287682134663,5000,3,10,"C1","none","superpopulation","facec"
37,"pooled_dr",0.583109605981018,0.0122454693272035,-0.00217814135794825,TRUE,0.0480013577102176,5000,3,10,"C1","none","superpopulation","facec"
37,"tilted_aipw",0.586226491835577,0.0139696250877482,0.000938744496610133,TRUE,0.0547599240990273,5000,3,10,"C1","none","superpopulation","facec"
37,"oracle_dr",0.573397099521689,0.0123332394689364,-0.0118906478172776,TRUE,0.0483454103436467,5000,3,10,"C1","none","superpopulation","facec"
38,"one_round_crossfit",0.592715825675126,0.0101479061703929,0.00742807833615988,TRUE,0.0397790612249236,5000,3,10,"C1","none","superpopulation","facec"
38,"two_round_crossfit",0.593226478799692,0.0101550569207914,0.00793873146072577,TRUE,0.0398070916514106,5000,3,10,"C1","none","superpopulation","facec"
38,"target_only",0.588899136344503,0.0182304557684226,0.00361138900553648,TRUE,0.0714620734557174,5000,3,10,"C1","none","superpopulation","facec"
38,"sample_size",0.602320252201,0.0111090109333794,0.0170325048620339,TRUE,0.0435465226665706,5000,3,10,"C1","none","superpopulation","facec"
38,"inverse_variance",0.60267223725509,0.0137080112808824,0.0173844899161235,TRUE,0.0537344168203964,5000,3,10,"C1","none","superpopulation","facec"
38,"federated_dr",0.591158544762724,0.0115588077438252,0.00587079742375718,TRUE,0.0453096937642399,5000,3,10,"C1","none","superpopulation","facec"
38,"pooled_dr",0.590558717377837,0.0119766517881402,0.00527097003887045,TRUE,0.0469476123202641,5000,3,10,"C1","none","superpopulation","facec"
38,"tilted_aipw",0.580427824745679,0.012505641027709,-0.0048599225932876,TRUE,0.049021212035792,5000,3,10,"C1","none","superpopulation","facec"
38,"oracle_dr",0.587693126796277,0.0124091889490609,0.00240537945731023,TRUE,0.0486431268350236,5000,3,10,"C1","none","superpopulation","facec"
39,"one_round_crossfit",0.57767448490516,0.0104021596190025,-0.00761326243380633,TRUE,0.0407757164293634,5000,3,10,"C1","none","superpopulation","facec"
39,"two_round_crossfit",0.582404857777551,0.0104587042378614,-0.00288288956141503,TRUE,0.0409973672623294,5000,3,10,"C1","none","superpopulation","facec"
39,"target_only",0.564321798772379,0.01854961116363,-0.0209659485665875,TRUE,0.072713139615874,5000,3,10,"C1","none","superpopulation","facec"
39,"sample_size",0.59076736441155,0.014933756649617,0.0054796170725836,TRUE,0.0585392503742697,5000,3,10,"C1","none","superpopulation","facec"
39,"inverse_variance",0.590842768651575,0.016148070649066,0.00555502131260865,TRUE,0.0632992737839553,5000,3,10,"C1","none","superpopulation","facec"
39,"federated_dr",0.575999429760986,0.011604992249008,-0.00928831757798043,TRUE,0.0454907336978443,5000,3,10,"C1","none","superpopulation","facec"
39,"pooled_dr",0.57617039881719,0.0120688139174652,-0.00911734852177659,TRUE,0.0473088812286953,5000,3,10,"C1","none","superpopulation","facec"
39,"tilted_aipw",0.573271641085803,0.0129682380707983,-0.0120161062531631,TRUE,0.0508345591234118,5000,3,10,"C1","none","superpopulation","facec"
39,"oracle_dr",0.581817671013591,0.0123382139439559,-0.00347007632537555,TRUE,0.0483649099274068,5000,3,10,"C1","none","superpopulation","facec"
40,"one_round_crossfit",0.572135499378883,0.0103492066661564,-0.013152247960083,TRUE,0.0405681446684567,5000,3,10,"C1","none","superpopulation","facec"
40,"two_round_crossfit",0.570266277731831,0.0103451217285575,-0.0150214696071355,TRUE,0.040552132007311,5000,3,10,"C1","none","superpopulation","facec"
40,"target_only",0.545631057937544,0.0189691903436746,-0.0396566894014225,FALSE,0.0743578597789745,5000,3,10,"C1","none","superpopulation","facec"
40,"sample_size",0.579704068965933,0.0174211995881769,-0.0055836783730332,TRUE,0.0682898475206217,5000,3,10,"C1","none","superpopulation","facec"
40,"inverse_variance",0.580194702223133,0.0177496724181777,-0.00509304511583319,TRUE,0.0695774373540246,5000,3,10,"C1","none","superpopulation","facec"
40,"federated_dr",0.570882685214812,0.0119609434033758,-0.0144050621241547,TRUE,0.0468860365834771,5000,3,10,"C1","none","superpopulation","facec"
40,"pooled_dr",0.569919649378138,0.0125784510645433,-0.0153680979608283,TRUE,0.0493066221356089,5000,3,10,"C1","none","superpopulation","facec"
40,"tilted_aipw",0.566406529714691,0.0129917919197048,-0.0188812176242752,TRUE,0.0509268885145198,5000,3,10,"C1","none","superpopulation","facec"
40,"oracle_dr",0.582659183122386,0.012323353199839,-0.00262856421658042,TRUE,0.0483066568809016,5000,3,10,"C1","none","superpopulation","facec"
41,"one_round_crossfit",0.593292065137288,0.0102105021067792,0.00800431779832211,TRUE,0.040024432786715,5000,3,10,"C1","none","superpopulation","facec"
41,"two_round_crossfit",0.594557710145199,0.0102043938463914,0.00926996280623227,TRUE,0.0400004888459786,5000,3,10,"C1","none","superpopulation","facec"
41,"target_only",0.582694244139819,0.0184670656253724,-0.00259350319914731,TRUE,0.0723895670517352,5000,3,10,"C1","none","superpopulation","facec"
41,"sample_size",0.608357321079049,0.0119210798296697,0.0230695737400822,TRUE,0.0467297742459589,5000,3,10,"C1","none","superpopulation","facec"
41,"inverse_variance",0.608899408360662,0.0142632614422996,0.0236116610216954,TRUE,0.0559109574579721,5000,3,10,"C1","none","superpopulation","facec"
41,"federated_dr",0.59144552948622,0.0116809284607057,0.00615778214725349,TRUE,0.0457883981779441,5000,3,10,"C1","none","superpopulation","facec"
41,"pooled_dr",0.591245942308973,0.0121518768410373,0.00595819497000705,TRUE,0.0476344819059991,5000,3,10,"C1","none","superpopulation","facec"
41,"tilted_aipw",0.591326807276301,0.012563053715337,0.00603905993733489,TRUE,0.0492462656358053,5000,3,10,"C1","none","superpopulation","facec"
41,"oracle_dr",0.586476540826076,0.0125345706724781,0.00118879348710932,TRUE,0.0491346141594584,5000,3,10,"C1","none","superpopulation","facec"
42,"one_round_crossfit",0.571583783002803,0.0103175323598669,-0.0137039643361634,TRUE,0.0404439836693313,5000,3,10,"C1","none","superpopulation","facec"
42,"two_round_crossfit",0.572155346875857,0.0103458744556313,-0.0131324004631089,TRUE,0.0405550826432206,5000,3,10,"C1","none","superpopulation","facec"
42,"target_only",0.571062719461654,0.0186394489289379,-0.0142250278773122,TRUE,0.0730652971847841,5000,3,10,"C1","none","superpopulation","facec"
42,"sample_size",0.585034146767118,0.0131812858839093,-0.000253600571848311,TRUE,0.0516696912047769,5000,3,10,"C1","none","superpopulation","facec"
42,"inverse_variance",0.585582434945629,0.0149900996123105,0.000294687606662514,TRUE,0.058760110729593,5000,3,10,"C1","none","superpopulation","facec"
42,"federated_dr",0.573879078555176,0.0118787693937978,-0.0114086687837907,TRUE,0.046563920385001,5000,3,10,"C1","none","superpopulation","facec"
42,"pooled_dr",0.571549870248757,0.0125457412761602,-0.0137378770902095,TRUE,0.0491784021212631,5000,3,10,"C1","none","superpopulation","facec"
42,"tilted_aipw",0.573492656187758,0.0130257253192608,-0.0117950911512081,TRUE,0.0510599049965252,5000,3,10,"C1","none","superpopulation","facec"
42,"oracle_dr",0.574395288688231,0.0123715241449774,-0.0108924586507357,TRUE,0.0484954835160467,5000,3,10,"C1","none","superpopulation","facec"
43,"one_round_crossfit",0.586525527073031,0.0100807247344128,0.00123777973406503,TRUE,0.0395157148350223,5000,3,10,"C1","none","superpopulation","facec"
43,"two_round_crossfit",0.586365015350972,0.0101938025113449,0.00107726801200514,TRUE,0.0399589715754998,5000,3,10,"C1","none","superpopulation","facec"
43,"target_only",0.589200999564804,0.0179957498322552,0.0039132522258376,TRUE,0.0705420430920258,5000,3,10,"C1","none","superpopulation","facec"
43,"sample_size",0.597245271945469,0.025562139813641,0.0119575246065026,TRUE,0.100201746805028,5000,3,10,"C1","none","superpopulation","facec"
43,"inverse_variance",0.595507462393786,0.0254501516163203,0.0102197150548201,TRUE,0.0997627611381433,5000,3,10,"C1","none","superpopulation","facec"
43,"federated_dr",0.586505006667085,0.0114687838735315,0.00121725932811823,TRUE,0.044956806677191,5000,3,10,"C1","none","superpopulation","facec"
43,"pooled_dr",0.585335483085705,0.0120178627742016,4.77357467385531e-05,TRUE,0.0471091564171597,5000,3,10,"C1","none","superpopulation","facec"
43,"tilted_aipw",0.584557119266711,0.0125952352523354,-0.000730628072255657,TRUE,0.0493724149427732,5000,3,10,"C1","none","superpopulation","facec"
43,"oracle_dr",0.588081802060341,0.0122681927982645,0.00279405472137417,TRUE,0.0480904320799842,5000,3,10,"C1","none","superpopulation","facec"
44,"one_round_crossfit",0.607035121329791,0.0103059596101489,0.0217473739908242,FALSE,0.0403986193240324,5000,3,10,"C1","none","superpopulation","facec"
44,"two_round_crossfit",0.605670367693484,0.0103510710256202,0.0203826203545173,FALSE,0.0405754528232634,5000,3,10,"C1","none","superpopulation","facec"
44,"target_only",0.622876091625506,0.0182401911136001,0.0375883442865396,FALSE,0.0715002353075673,5000,3,10,"C1","none","superpopulation","facec"
44,"sample_size",0.607074362119003,0.016941592137405,0.0217866147800367,TRUE,0.0664098208601616,5000,3,10,"C1","none","superpopulation","facec"
44,"inverse_variance",0.605741139015739,0.0176978891203692,0.0204533916767723,TRUE,0.0693744505566138,5000,3,10,"C1","none","superpopulation","facec"
44,"federated_dr",0.603605824810771,0.0114681694352951,0.0183180774718041,TRUE,0.0449543981235629,5000,3,10,"C1","none","superpopulation","facec"
44,"pooled_dr",0.600954848125835,0.0122300453888131,0.0156671007868687,TRUE,0.0479408969827277,5000,3,10,"C1","none","superpopulation","facec"
44,"tilted_aipw",0.595149127497868,0.012726814592185,0.00986138015890137,TRUE,0.0498881964772027,5000,3,10,"C1","none","superpopulation","facec"
44,"oracle_dr",0.591939651763951,0.0119975634315332,0.00665190442498431,TRUE,0.0470295844560797,5000,3,10,"C1","none","superpopulation","facec"
45,"one_round_crossfit",0.574125925996564,0.0103516621975509,-0.0111618213424025,TRUE,0.0405777701746493,5000,3,10,"C1","none","superpopulation","facec"
45,"two_round_crossfit",0.572358364871312,0.010320833058926,-0.0129293824676543,TRUE,0.0404569221718907,5000,3,10,"C1","none","superpopulation","facec"
45,"target_only",0.5737731936279,0.0184544493427833,-0.0115145537110662,TRUE,0.072340112132748,5000,3,10,"C1","none","superpopulation","facec"
45,"sample_size",0.582089672639516,0.01326772391319,-0.00319807469945033,TRUE,0.0520085220533464,5000,3,10,"C1","none","superpopulation","facec"
45,"inverse_variance",0.582112907643589,0.0150635078138564,-0.00317483969537691,TRUE,0.0590478655919924,5000,3,10,"C1","none","superpopulation","facec"
45,"federated_dr",0.57095420616687,0.012128375917823,-0.0143335411720961,TRUE,0.0475423599797919,5000,3,10,"C1","none","superpopulation","facec"
45,"pooled_dr",0.570679990002062,0.0128827318900223,-0.0146077573369048,TRUE,0.0504993810538588,5000,3,10,"C1","none","superpopulation","facec"
45,"tilted_aipw",0.563496599227453,0.0132149188818445,-0.0217911481115134,TRUE,0.0518015301340671,5000,3,10,"C1","none","superpopulation","facec"
45,"oracle_dr",0.576447194637665,0.0119297002012898,-0.00884055270130113,TRUE,0.0467635654817764,5000,3,10,"C1","none","superpopulation","facec"
46,"one_round_crossfit",0.598485983589757,0.0101838818167493,0.0131982362507909,TRUE,0.0399200831672821,5000,3,10,"C1","none","superpopulation","facec"
46,"two_round_crossfit",0.596580728210625,0.0102546787180479,0.0112929808716591,TRUE,0.0401976019208066,5000,3,10,"C1","none","superpopulation","facec"
46,"target_only",0.576332983030362,0.0186048653646636,-0.00895476430860476,TRUE,0.0729297321039146,5000,3,10,"C1","none","superpopulation","facec"
46,"sample_size",0.602795865658715,0.0150513345120074,0.0175081183197486,TRUE,0.0590001471255988,5000,3,10,"C1","none","superpopulation","facec"
46,"inverse_variance",0.603083882052801,0.0161316362686868,0.0177961347138346,TRUE,0.0632348521966524,5000,3,10,"C1","none","superpopulation","facec"
46,"federated_dr",0.593187880982449,0.0118621441674824,0.00790013364348285,TRUE,0.0464987506953749,5000,3,10,"C1","none","superpopulation","facec"
46,"pooled_dr",0.5920884929539,0.0124006334648846,0.00680074561493316,TRUE,0.0486095899533119,5000,3,10,"C1","none","superpopulation","facec"
46,"tilted_aipw",0.586683728807661,0.0134850070798536,0.0013959814686948,TRUE,0.0528602564155614,5000,3,10,"C1","none","superpopulation","facec"
46,"oracle_dr",0.594591525668069,0.0123095853233218,0.00930377832910234,TRUE,0.0482526877966669,5000,3,10,"C1","none","superpopulation","facec"
47,"one_round_crossfit",0.579494128666634,0.0103577154484666,-0.00579361867233219,TRUE,0.0406014984822174,5000,3,10,"C1","none","superpopulation","facec"
47,"two_round_crossfit",0.582824616213063,0.0104448511970274,-0.00246313112590291,TRUE,0.0409430643401076,5000,3,10,"C1","none","superpopulation","facec"
47,"target_only",0.551632848915856,0.0192560982838451,-0.0336548984231106,TRUE,0.0754825182381997,5000,3,10,"C1","none","superpopulation","facec"
47,"sample_size",0.593184725826484,0.0216175063489024,0.00789697848751769,TRUE,0.0847390677588293,5000,3,10,"C1","none","superpopulation","facec"
47,"inverse_variance",0.593367445796409,0.0215646482177497,0.0080796984574425,TRUE,0.0845318676921305,5000,3,10,"C1","none","superpopulation","facec"
47,"federated_dr",0.576441817241454,0.0114138807942017,-0.00884593009751189,TRUE,0.0447415905609374,5000,3,10,"C1","none","superpopulation","facec"
47,"pooled_dr",0.578318617103157,0.0115109913419982,-0.00696913023580936,TRUE,0.0451222569133376,5000,3,10,"C1","none","superpopulation","facec"
47,"tilted_aipw",0.566810943756978,0.0126421316683945,-0.0184768035819881,TRUE,0.0495562455157332,5000,3,10,"C1","none","superpopulation","facec"
47,"oracle_dr",0.583956285176865,0.0122085311157853,-0.00133146216210089,TRUE,0.0478565625821514,5000,3,10,"C1","none","superpopulation","facec"
48,"one_round_crossfit",0.58016555265295,0.0105326239069278,-0.00512219468601594,TRUE,0.0412871270405681,5000,3,10,"C1","none","superpopulation","facec"
48,"two_round_crossfit",0.584979698361163,0.0106281627345741,-0.00030804897780301,TRUE,0.0416616323631918,5000,3,10,"C1","none","superpopulation","facec"
48,"target_only",0.557369486712696,0.0194410268071959,-0.0279182606262702,TRUE,0.0762074247291635,5000,3,10,"C1","none","superpopulation","facec"
48,"sample_size",0.59278015810616,0.0259035984256776,0.00749241076719342,TRUE,0.101540239968633,5000,3,10,"C1","none","superpopulation","facec"
48,"inverse_variance",0.592021337096237,0.025805853853148,0.00673358975727112,TRUE,0.101157088284949,5000,3,10,"C1","none","superpopulation","facec"
48,"federated_dr",0.580653892031786,0.0115792448930698,-0.00463385530718075,TRUE,0.0453898059171725,5000,3,10,"C1","none","superpopulation","facec"
48,"pooled_dr",0.580553224959826,0.0120809321268218,-0.00473452237914074,TRUE,0.047356383736487,5000,3,10,"C1","none","superpopulation","facec"
48,"tilted_aipw",0.567656001638772,0.0131452104118971,-0.0176317457001949,TRUE,0.0515282779530384,5000,3,10,"C1","none","superpopulation","facec"
48,"oracle_dr",0.586224127734151,0.0119502123408992,0.000936380395184622,TRUE,0.046843971591537,5000,3,10,"C1","none","superpopulation","facec"
49,"one_round_crossfit",0.608964878649234,0.0103016658892127,0.0236771313102678,FALSE,0.0403817882472433,5000,3,10,"C1","none","superpopulation","facec"
49,"two_round_crossfit",0.608921927119915,0.0104337093675726,0.0236341797809489,FALSE,0.0408993891712008,5000,3,10,"C1","none","superpopulation","facec"
49,"target_only",0.610351697393447,0.0184690733236456,0.0250639500544808,TRUE,0.0723974370843496,5000,3,10,"C1","none","superpopulation","facec"
49,"sample_size",0.618388055678692,0.0207997773804443,0.0331003083397257,TRUE,0.0815336291042432,5000,3,10,"C1","none","superpopulation","facec"
49,"inverse_variance",0.617448291964214,0.0207360332205178,0.0321605446252481,TRUE,0.081283756588882,5000,3,10,"C1","none","superpopulation","facec"
49,"federated_dr",0.603373293999523,0.0114133556771696,0.0180855466605571,TRUE,0.0447395321399964,5000,3,10,"C1","none","superpopulation","facec"
49,"pooled_dr",0.601881250424927,0.0118557150157419,0.0165935030859602,TRUE,0.0464735488836496,5000,3,10,"C1","none","superpopulation","facec"
49,"tilted_aipw",0.596621504188241,0.0127022074083254,0.0113337568492742,TRUE,0.0497917380889514,5000,3,10,"C1","none","superpopulation","facec"
49,"oracle_dr",0.59171077211039,0.0119064709287982,0.00642302477142365,TRUE,0.0466725084068351,5000,3,10,"C1","none","superpopulation","facec"
50,"one_round_crossfit",0.587965510439224,0.0102441783452157,0.00267776310025758,TRUE,0.0401564412156559,5000,3,10,"C1","none","superpopulation","facec"
50,"two_round_crossfit",0.587117473107378,0.010320289744232,0.00182972576841212,TRUE,0.0404547924174257,5000,3,10,"C1","none","superpopulation","facec"
50,"target_only",0.564294310063245,0.0186146689012359,-0.0209934372757211,TRUE,0.0729681612611204,5000,3,10,"C1","none","superpopulation","facec"
50,"sample_size",0.599872062183801,0.0176220856352081,0.0145843148448346,TRUE,0.069077306354977,5000,3,10,"C1","none","superpopulation","facec"
50,"inverse_variance",0.600068642033283,0.0177220168238296,0.0147808946943166,TRUE,0.0694690294162377,5000,3,10,"C1","none","superpopulation","facec"
50,"federated_dr",0.587260153528212,0.0117421629895742,0.00197240618924543,TRUE,0.0460284331203291,5000,3,10,"C1","none","superpopulation","facec"
50,"pooled_dr",0.589448745722549,0.0119437551885841,0.00416099838358241,TRUE,0.0468186600195766,5000,3,10,"C1","none","superpopulation","facec"
50,"tilted_aipw",0.585432111405999,0.0128814496168749,0.000144364067032887,TRUE,0.0504943546354841,5000,3,10,"C1","none","superpopulation","facec"
50,"oracle_dr",0.597700563206026,0.0123200200589017,0.0124128158670599,TRUE,0.0482935912085165,5000,3,10,"C1","none","superpopulation","facec"
51,"one_round_crossfit",0.591745391702403,0.0101458162592468,0.00645764436343688,TRUE,0.0397708689237692,5000,3,10,"C1","none","superpopulation","facec"
51,"two_round_crossfit",0.594025297498132,0.010120246495337,0.00873755015916566,TRUE,0.0396706372910562,5000,3,10,"C1","none","superpopulation","facec"
51,"target_only",0.565654992114114,0.0182127873036891,-0.0196327552248526,TRUE,0.071392814346638,5000,3,10,"C1","none","superpopulation","facec"
51,"sample_size",0.601605037369786,0.0201798206054572,0.0163172900308197,TRUE,0.0791034432023507,5000,3,10,"C1","none","superpopulation","facec"
51,"inverse_variance",0.602113808300986,0.0200869068661347,0.0168260609620194,TRUE,0.0787392280368688,5000,3,10,"C1","none","superpopulation","facec"
51,"federated_dr",0.591984499431721,0.0114634334668027,0.00669675209275444,TRUE,0.0449358334682091,5000,3,10,"C1","none","superpopulation","facec"
51,"pooled_dr",0.589852145403493,0.0121728368409896,0.00456439806452646,TRUE,0.0477166435960439,5000,3,10,"C1","none","superpopulation","facec"
51,"tilted_aipw",0.588721768828387,0.0122169824072664,0.00343402148942096,TRUE,0.0478896910360032,5000,3,10,"C1","none","superpopulation","facec"
51,"oracle_dr",0.596327892018315,0.0120648294678871,0.0110401446793487,TRUE,0.0472932624733524,5000,3,10,"C1","none","superpopulation","facec"
52,"one_round_crossfit",0.58890626031795,0.0103434920710695,0.00361851297898386,TRUE,0.0405457438673436,5000,3,10,"C1","none","superpopulation","facec"
52,"two_round_crossfit",0.592340476753991,0.0104560453192791,0.00705272941502455,TRUE,0.0409869444930111,5000,3,10,"C1","none","superpopulation","facec"
52,"target_only",0.595231732050942,0.0185486885750649,0.00994398471197555,TRUE,0.0727095231351536,5000,3,10,"C1","none","superpopulation","facec"
52,"sample_size",0.606601899814664,0.0156918130513993,0.0213141524756971,TRUE,0.0615107768657563,5000,3,10,"C1","none","superpopulation","facec"
52,"inverse_variance",0.606226937283517,0.0166298441232998,0.0209391899445509,TRUE,0.0651877911003653,5000,3,10,"C1","none","superpopulation","facec"
52,"federated_dr",0.590903488567327,0.0120822164699151,0.00561574122836095,TRUE,0.0473614182689004,5000,3,10,"C1","none","superpopulation","facec"
52,"pooled_dr",0.592522191681157,0.0128938874449119,0.00723444434219045,TRUE,0.050543110025481,5000,3,10,"C1","none","superpopulation","facec"
52,"tilted_aipw",0.587213421199505,0.0137659266873944,0.00192567386053888,TRUE,0.0539614410422236,5000,3,10,"C1","none","superpopulation","facec"
52,"oracle_dr",0.587213793774377,0.0120193419065732,0.00192604643541083,TRUE,0.0471149545095129,5000,3,10,"C1","none","superpopulation","facec"
53,"one_round_crossfit",0.592415490011698,0.0102154752127398,0.00712774267273208,TRUE,0.0400439270038633,5000,3,10,"C1","none","superpopulation","facec"
53,"two_round_crossfit",0.592530420249736,0.010231264389226,0.00724267291076919,TRUE,0.0401058194383801,5000,3,10,"C1","none","superpopulation","facec"
53,"target_only",0.608741519303721,0.0180434191825854,0.0234537719647545,TRUE,0.070728903511653,5000,3,10,"C1","none","superpopulation","facec"
53,"sample_size",0.605566468615731,0.0194911139156091,0.0202787212767643,TRUE,0.0764037625863225,5000,3,10,"C1","none","superpopulation","facec"
53,"inverse_variance",0.604329910568534,0.0197173786895042,0.0190421632295673,TRUE,0.0772907042019317,5000,3,10,"C1","none","superpopulation","facec"
53,"federated_dr",0.5928486778517,0.0114807784537962,0.00756093051273354,TRUE,0.0450038245678481,5000,3,10,"C1","none","superpopulation","facec"
53,"pooled_dr",0.590566078735049,0.0121373507685425,0.00527833139608258,TRUE,0.0475775407481458,5000,3,10,"C1","none","superpopulation","facec"
53,"tilted_aipw",0.583356170431338,0.0127246015612662,-0.00193157690762813,TRUE,0.0498795215554078,5000,3,10,"C1","none","superpopulation","facec"
53,"oracle_dr",0.585622355319376,0.0123897178284094,0.000334607980409851,TRUE,0.0485668014445926,5000,3,10,"C1","none","superpopulation","facec"
54,"one_round_crossfit",0.610855566049728,0.0103004071818708,0.0255678187107621,FALSE,0.040376854205129,5000,3,10,"C1","none","superpopulation","facec"
54,"two_round_crossfit",0.612082705388343,0.0103887924851764,0.0267949580493765,FALSE,0.0407233182276123,5000,3,10,"C1","none","superpopulation","facec"
54,"target_only",0.594563424008853,0.0184251259179965,0.00927567666988616,TRUE,0.0722251664197775,5000,3,10,"C1","none","superpopulation","facec"
54,"sample_size",0.614822563171038,0.0136687347955023,0.0295348158320717,FALSE,0.053580455826828,5000,3,10,"C1","none","superpopulation","facec"
54,"inverse_variance",0.615321984319839,0.0153003785620238,0.0300342369808728,FALSE,0.0599763818627908,5000,3,10,"C1","none","superpopulation","facec"
54,"federated_dr",0.603354258295081,0.0123643043504684,0.0180665109561143,TRUE,0.0484671824416198,5000,3,10,"C1","none","superpopulation","facec"
54,"pooled_dr",0.599725635839489,0.01309380439551,0.0144378885005223,TRUE,0.0513267700716236,5000,3,10,"C1","none","superpopulation","facec"
54,"tilted_aipw",0.604551469002941,0.013790658913907,0.0192637216639751,TRUE,0.0540583895886679,5000,3,10,"C1","none","superpopulation","facec"
54,"oracle_dr",0.598817169802624,0.0120567514501218,0.0135294224636575,TRUE,0.0472615972255794,5000,3,10,"C1","none","superpopulation","facec"
55,"one_round_crossfit",0.596541978264965,0.0103201926462266,0.0112542309259991,TRUE,0.0404544118002388,5000,3,10,"C1","none","superpopulation","facec"
55,"two_round_crossfit",0.59332987314484,0.0102893057676767,0.0080421258058736,TRUE,0.040333337461133,5000,3,10,"C1","none","superpopulation","facec"
55,"target_only",0.586637373534644,0.0182977558740509,0.00134962619567769,TRUE,0.0717258850220919,5000,3,10,"C1","none","superpopulation","facec"
55,"sample_size",0.598704615336041,0.00969201232763458,0.0134168679970751,TRUE,0.0379919901997641,5000,3,10,"C1","none","superpopulation","facec"
55,"inverse_variance",0.599089886391554,0.0130005137991473,0.0138021390525874,TRUE,0.0509610776536895,5000,3,10,"C1","none","superpopulation","facec"
55,"federated_dr",0.585730133465774,0.0117403853361067,0.000442386126807803,TRUE,0.0460214648467825,5000,3,10,"C1","none","superpopulation","facec"
55,"pooled_dr",0.582585781914089,0.0123409143468295,-0.00270196542487766,TRUE,0.0483754953121587,5000,3,10,"C1","none","superpopulation","facec"
55,"tilted_aipw",0.581309850243244,0.0129414457339631,-0.00397789709572227,TRUE,0.0507295350928945,5000,3,10,"C1","none","superpopulation","facec"
55,"oracle_dr",0.579424373095473,0.0122060408541174,-0.00586337424349326,TRUE,0.0478468009357893,5000,3,10,"C1","none","superpopulation","facec"
56,"one_round_crossfit",0.586476493054805,0.0103401047880714,0.00118874571583849,TRUE,0.0405324659619803,5000,3,10,"C1","none","superpopulation","facec"
56,"two_round_crossfit",0.587407999330484,0.0103606636865613,0.00212025199151789,TRUE,0.0406130553631843,5000,3,10,"C1","none","superpopulation","facec"
56,"target_only",0.573175804894066,0.0186729971976062,-0.0121119424449007,TRUE,0.0731968039814508,5000,3,10,"C1","none","superpopulation","facec"
56,"sample_size",0.594188805050519,0.0204539648168167,0.00890105771155214,TRUE,0.0801780687640203,5000,3,10,"C1","none","superpopulation","facec"
56,"inverse_variance",0.592622541428722,0.020378489522113,0.00733479408975557,TRUE,0.0798822110453365,5000,3,10,"C1","none","superpopulation","facec"
56,"federated_dr",0.585070111625455,0.0119030464248414,-0.000217635713511632,TRUE,0.0466590845979948,5000,3,10,"C1","none","superpopulation","facec"
56,"pooled_dr",0.584145150050316,0.0124380642396802,-0.00114259728865029,TRUE,0.0487563158943374,5000,3,10,"C1","none","superpopulation","facec"
56,"tilted_aipw",0.583890147712845,0.0130005188800866,-0.00139759962612152,TRUE,0.0509610975706054,5000,3,10,"C1","none","superpopulation","facec"
56,"oracle_dr",0.590582678936198,0.0123191729985909,0.00529493159723127,TRUE,0.0482902707931128,5000,3,10,"C1","none","superpopulation","facec"
57,"one_round_crossfit",0.58158764414008,0.010180618551822,-0.00370010319888647,TRUE,0.039907291403823,5000,3,10,"C1","none","superpopulation","facec"
57,"two_round_crossfit",0.583422728591236,0.0101407455638533,-0.00186501874773015,TRUE,0.0397509921630734,5000,3,10,"C1","none","superpopulation","facec"
57,"target_only",0.59757250448169,0.0181987146290713,0.0122847571427235,TRUE,0.0713376504758039,5000,3,10,"C1","none","superpopulation","facec"
57,"sample_size",0.58838091270519,0.0106233753316421,0.00309316536622362,TRUE,0.0416428660885397,5000,3,10,"C1","none","superpopulation","facec"
57,"inverse_variance",0.588803925548579,0.0133680120360209,0.00351617820961292,TRUE,0.052401644270998,5000,3,10,"C1","none","superpopulation","facec"
57,"federated_dr",0.582635433426827,0.0114142753610141,-0.0026523139121396,TRUE,0.0447431372344209,5000,3,10,"C1","none","superpopulation","facec"
57,"pooled_dr",0.582562536241688,0.0119396274458561,-0.00272521109727819,TRUE,0.0468024795654078,5000,3,10,"C1","none","superpopulation","facec"
57,"tilted_aipw",0.579699036615137,0.0124835155919234,-0.00558871072382916,TRUE,0.0489344819212283,5000,3,10,"C1","none","superpopulation","facec"
57,"oracle_dr",0.581924195592371,0.012222142899756,-0.00336355174659564,TRUE,0.0479099197948474,5000,3,10,"C1","none","superpopulation","facec"
58,"one_round_crossfit",0.556735613841579,0.0104886789183346,-0.0285521334973869,FALSE,0.0411148658506808,5000,3,10,"C1","none","superpopulation","facec"
58,"two_round_crossfit",0.556202086511568,0.0105042148804427,-0.0290856608273981,FALSE,0.0411757657030747,5000,3,10,"C1","none","superpopulation","facec"
58,"target_only",0.544374735603876,0.0187846209195107,-0.0409130117350907,FALSE,0.0736343609309573,5000,3,10,"C1","none","superpopulation","facec"
58,"sample_size",0.576363867092365,0.0224943102356191,-0.00892388024660151,TRUE,0.0881760758377683,5000,3,10,"C1","none","superpopulation","facec"
58,"inverse_variance",0.575944778639252,0.0223943175445029,-0.00934296869971452,TRUE,0.0877841116911582,5000,3,10,"C1","none","superpopulation","facec"
58,"federated_dr",0.556854041401087,0.0119648241174949,-0.0284337059378799,FALSE,0.0469012487032925,5000,3,10,"C1","none","superpopulation","facec"
58,"pooled_dr",0.555205128738751,0.0126412406956283,-0.0300826186002153,FALSE,0.0495527529666671,5000,3,10,"C1","none","superpopulation","facec"
58,"tilted_aipw",0.551495848777058,0.0130119499223129,-0.0337918985619079,FALSE,0.0510059064327439,5000,3,10,"C1","none","superpopulation","facec"
58,"oracle_dr",0.555749382703464,0.0124587494651335,-0.0295383646355023,FALSE,0.0488374004881387,5000,3,10,"C1","none","superpopulation","facec"
59,"one_round_crossfit",0.58830183604759,0.0103634187043518,0.00301408870862407,TRUE,0.0406238548344764,5000,3,10,"C1","none","superpopulation","facec"
59,"two_round_crossfit",0.589952777050961,0.0103566932588131,0.00466502971199423,TRUE,0.040597491572405,5000,3,10,"C1","none","superpopulation","facec"
59,"target_only",0.610884104845595,0.0185800144387229,0.0255963575066286,TRUE,0.0728323182642623,5000,3,10,"C1","none","superpopulation","facec"
59,"sample_size",0.595235172402598,0.0201109218054158,0.00994742506363144,TRUE,0.0788333648690325,5000,3,10,"C1","none","superpopulation","facec"
59,"inverse_variance",0.593985824790159,0.0200828683853108,0.00869807745119233,TRUE,0.0787233974829344,5000,3,10,"C1","none","superpopulation","facec"
59,"federated_dr",0.585219147912543,0.0114256007979821,-6.85994264233436e-05,TRUE,0.0447875321315541,5000,3,10,"C1","none","superpopulation","facec"
59,"pooled_dr",0.585253837656173,0.0118391304625007,-3.39096827938201e-05,TRUE,0.046408538629545,5000,3,10,"C1","none","superpopulation","facec"
59,"tilted_aipw",0.580353663054297,0.0127071818091379,-0.0049340842846689,TRUE,0.0498112373818256,5000,3,10,"C1","none","superpopulation","facec"
59,"oracle_dr",0.57754019336112,0.0122230657776631,-0.00774755397784599,TRUE,0.0479135374097677,5000,3,10,"C1","none","superpopulation","facec"
60,"one_round_crossfit",0.590249360302908,0.0101042646745527,0.00496161296394115,TRUE,0.0396079897047672,5000,3,10,"C1","none","superpopulation","facec"
60,"two_round_crossfit",0.593615265125185,0.0101492133977407,0.00832751778621832,TRUE,0.0397841854619663,5000,3,10,"C1","none","superpopulation","facec"
60,"target_only",0.627151291660221,0.0180931872355888,0.0418635443212547,FALSE,0.0709239906945878,5000,3,10,"C1","none","superpopulation","facec"
60,"sample_size",0.595207113323613,0.0246169210517503,0.00991936598464693,TRUE,0.0964965573433931,5000,3,10,"C1","none","superpopulation","facec"
60,"inverse_variance",0.592456319417865,0.0245458698338667,0.00716857207889865,TRUE,0.0962180416871738,5000,3,10,"C1","none","superpopulation","facec"
60,"federated_dr",0.58712778849118,0.0116427299328568,0.00184004115221403,TRUE,0.0456386627002514,5000,3,10,"C1","none","superpopulation","facec"
60,"pooled_dr",0.585233268629932,0.0121407749338315,-5.44787090345222e-05,TRUE,0.0475909632294329,5000,3,10,"C1","none","superpopulation","facec"
60,"tilted_aipw",0.584330466342449,0.0127745421131896,-0.000957280996517151,TRUE,0.0500752849216834,5000,3,10,"C1","none","superpopulation","facec"
60,"oracle_dr",0.575058632675418,0.0125253984103379,-0.0102291146635483,TRUE,0.0490986595525549,5000,3,10,"C1","none","superpopulation","facec"
61,"one_round_crossfit",0.592215089233705,0.0101657473392053,0.00692734189473887,TRUE,0.0398489973215526,5000,3,10,"C1","none","superpopulation","facec"
61,"two_round_crossfit",0.591623277214297,0.0101624114654499,0.00633552987533093,TRUE,0.0398359209367174,5000,3,10,"C1","none","superpopulation","facec"
61,"target_only",0.586443636195796,0.0184757497938836,0.00115588885682916,TRUE,0.0724236083667702,5000,3,10,"C1","none","superpopulation","facec"
61,"sample_size",0.599412715906236,0.0146412581606327,0.0141249685672695,TRUE,0.0573926773663864,5000,3,10,"C1","none","superpopulation","facec"
61,"inverse_variance",0.599568930286916,0.01592707255007,0.0142811829479499,TRUE,0.0624329771545875,5000,3,10,"C1","none","superpopulation","facec"
61,"federated_dr",0.586738656726112,0.0117114853707044,0.00145090938714587,TRUE,0.0459081790640967,5000,3,10,"C1","none","superpopulation","facec"
61,"pooled_dr",0.584494784777807,0.0120928945797062,-0.000792962561159571,TRUE,0.0474032756901277,5000,3,10,"C1","none","superpopulation","facec"
61,"tilted_aipw",0.582947612575439,0.0129313566718224,-0.00234013476352746,TRUE,0.0506899866960271,5000,3,10,"C1","none","superpopulation","facec"
61,"oracle_dr",0.577335960080663,0.0124486541768973,-0.00795178725830348,TRUE,0.0487978276854257,5000,3,10,"C1","none","superpopulation","facec"
62,"one_round_crossfit",0.585663514944958,0.0102611140903961,0.000375767605991228,TRUE,0.0402228281168655,5000,3,10,"C1","none","superpopulation","facec"
62,"two_round_crossfit",0.589726792100899,0.0104115757906682,0.00443904476193302,TRUE,0.0408126271440377,5000,3,10,"C1","none","superpopulation","facec"
62,"target_only",0.572214573174623,0.0187656519255857,-0.0130731741643432,TRUE,0.0735600038411253,5000,3,10,"C1","none","superpopulation","facec"
62,"sample_size",0.601280657928683,0.0236124139557756,0.0159929105897171,TRUE,0.0925589618827425,5000,3,10,"C1","none","superpopulation","facec"
62,"inverse_variance",0.600103218452913,0.0235198289102442,0.0148154711139468,TRUE,0.0921960351732451,5000,3,10,"C1","none","superpopulation","facec"
62,"federated_dr",0.581851818074428,0.0116722106742412,-0.00343592926453862,TRUE,0.0457542250829535,5000,3,10,"C1","none","superpopulation","facec"
62,"pooled_dr",0.581408810929252,0.0120020459296712,-0.00387893640971426,TRUE,0.0470471555259024,5000,3,10,"C1","none","superpopulation","facec"
62,"tilted_aipw",0.581876851723716,0.012591435561993,-0.00341089561525054,TRUE,0.0493575204303265,5000,3,10,"C1","none","superpopulation","facec"
62,"oracle_dr",0.581298627890313,0.0122961222182887,-0.00398911944865343,TRUE,0.0481999133946971,5000,3,10,"C1","none","superpopulation","facec"
63,"one_round_crossfit",0.577125695042716,0.0101858147751537,-0.00816205229625022,TRUE,0.0399276602249943,5000,3,10,"C1","none","superpopulation","facec"
63,"two_round_crossfit",0.578902088996375,0.0103400146778444,-0.00638565834259108,TRUE,0.0405321127363811,5000,3,10,"C1","none","superpopulation","facec"
63,"target_only",0.568534862881058,0.0182766327018026,-0.0167528844579079,TRUE,0.0716430837084003,5000,3,10,"C1","none","superpopulation","facec"
63,"sample_size",0.585390114921942,0.0132117648534616,0.000102367582975882,TRUE,0.0517891665699937,5000,3,10,"C1","none","superpopulation","facec"
63,"inverse_variance",0.585442454092833,0.0149815751713972,0.000154706753866751,TRUE,0.0587266955352359,5000,3,10,"C1","none","superpopulation","facec"
63,"federated_dr",0.568699548589847,0.0120811748466149,-0.0165881987491195,TRUE,0.0473573351805929,5000,3,10,"C1","none","superpopulation","facec"
63,"pooled_dr",0.566908683635977,0.0127394569745781,-0.0183790637029898,TRUE,0.0499377537055414,5000,3,10,"C1","none","superpopulation","facec"
63,"tilted_aipw",0.562583628610372,0.0131942059639578,-0.0227041187285942,TRUE,0.0517203369879218,5000,3,10,"C1","none","superpopulation","facec"
63,"oracle_dr",0.573156565427689,0.0121051373910186,-0.0121311819112772,TRUE,0.0474512666286111,5000,3,10,"C1","none","superpopulation","facec"
64,"one_round_crossfit",0.556184396742534,0.0104269132333333,-0.0291033505964328,FALSE,0.0408727488145146,5000,3,10,"C1","none","superpopulation","facec"
64,"two_round_crossfit",0.556342937320083,0.0104402308574051,-0.0289448100188829,FALSE,0.0409249529415954,5000,3,10,"C1","none","superpopulation","facec"
64,"target_only",0.543986946652244,0.0189211653621946,-0.0413008006867228,FALSE,0.0741696053108565,5000,3,10,"C1","none","superpopulation","facec"
64,"sample_size",0.573808855906528,0.0192851939307208,-0.011478891432438,TRUE,0.0755965710781663,5000,3,10,"C1","none","superpopulation","facec"
64,"inverse_variance",0.573595057603064,0.0192700555908933,-0.0116926897359027,TRUE,0.0755372298764709,5000,3,10,"C1","none","superpopulation","facec"
64,"federated_dr",0.560827338885611,0.0124687386137497,-0.0244604084533558,FALSE,0.0488765572311864,5000,3,10,"C1","none","superpopulation","facec"
64,"pooled_dr",0.556610414642725,0.0134036162926824,-0.0286773326962416,FALSE,0.0525412103925036,5000,3,10,"C1","none","superpopulation","facec"
64,"tilted_aipw",0.56092285657141,0.0141954132251096,-0.0243648907675565,TRUE,0.0556449973337567,5000,3,10,"C1","none","superpopulation","facec"
64,"oracle_dr",0.568527205150547,0.0126710023914717,-0.0167605421884198,TRUE,0.0496694166706109,5000,3,10,"C1","none","superpopulation","facec"
65,"one_round_crossfit",0.589160975881111,0.0102569058460634,0.00387322854214489,TRUE,0.040206332102205,5000,3,10,"C1","none","superpopulation","facec"
65,"two_round_crossfit",0.591343065595049,0.0102606795638803,0.00605531825608274,TRUE,0.040221124804223,5000,3,10,"C1","none","superpopulation","facec"
65,"target_only",0.603724277069425,0.0185815017024625,0.0184365297304591,TRUE,0.0728381482309925,5000,3,10,"C1","none","superpopulation","facec"
65,"sample_size",0.601822436653046,0.0200731008493731,0.0165346893140792,TRUE,0.0786851094456231,5000,3,10,"C1","none","superpopulation","facec"
65,"inverse_variance",0.599930265767272,0.0200125688291144,0.0146425184283054,TRUE,0.0784478282863863,5000,3,10,"C1","none","superpopulation","facec"
65,"federated_dr",0.58889779238792,0.011781477321014,0.00361004504895346,TRUE,0.0461825424677258,5000,3,10,"C1","none","superpopulation","facec"
65,"pooled_dr",0.588023600885038,0.0120630112902027,0.00273585354607198,TRUE,0.0472861353477945,5000,3,10,"C1","none","superpopulation","facec"
65,"tilted_aipw",0.585443514201097,0.0133437044407661,0.000155766862130924,TRUE,0.0523063602484974,5000,3,10,"C1","none","superpopulation","facec"
65,"oracle_dr",0.586177635906993,0.0123017997955084,0.000889888568026187,TRUE,0.0482221690884372,5000,3,10,"C1","none","superpopulation","facec"
66,"one_round_crossfit",0.59626364930399,0.0100144370759847,0.0109759019650241,TRUE,0.0392558719887453,5000,3,10,"C1","none","superpopulation","facec"
66,"two_round_crossfit",0.595436460260409,0.0100684837705375,0.0101487129214428,TRUE,0.0394677311383591,5000,3,10,"C1","none","superpopulation","facec"
66,"target_only",0.598982591349059,0.0181669604347386,0.0136948440100928,TRUE,0.0712131763213038,5000,3,10,"C1","none","superpopulation","facec"
66,"sample_size",0.599751485786759,0.012160522451188,0.0144637384477921,TRUE,0.0476683720750382,5000,3,10,"C1","none","superpopulation","facec"
66,"inverse_variance",0.599526773866585,0.0142383577066221,0.0142390265276188,TRUE,0.0558133366079552,5000,3,10,"C1","none","superpopulation","facec"
66,"federated_dr",0.591823365854718,0.0116691229375582,0.00653561851575191,TRUE,0.0457421213775684,5000,3,10,"C1","none","superpopulation","facec"
66,"pooled_dr",0.591984816594892,0.0120275441361695,0.00669706925592606,TRUE,0.0471471066587161,5000,3,10,"C1","none","superpopulation","facec"
66,"tilted_aipw",0.585188349088451,0.0130791620832859,-9.93982505155255e-05,TRUE,0.0512693732624043,5000,3,10,"C1","none","superpopulation","facec"
66,"oracle_dr",0.590448033322099,0.0125085379067473,0.00516028598313256,TRUE,0.0490325675929577,5000,3,10,"C1","none","superpopulation","facec"
67,"one_round_crossfit",0.576744125147152,0.0104451938930877,-0.00854362219181404,TRUE,0.0409444076839793,5000,3,10,"C1","none","superpopulation","facec"
67,"two_round_crossfit",0.574638868907663,0.0105061072830602,-0.0106488784313037,TRUE,0.0411831837850236,5000,3,10,"C1","none","superpopulation","facec"
67,"target_only",0.586188890281347,0.0188241746028622,0.000901142942380306,TRUE,0.0737894085206068,5000,3,10,"C1","none","superpopulation","facec"
67,"sample_size",0.587423583335666,0.0204834942238394,0.00213583599669942,TRUE,0.0802938219125191,5000,3,10,"C1","none","superpopulation","facec"
67,"inverse_variance",0.585399883377909,0.0204175076166079,0.000112136038942778,TRUE,0.0800351591652475,5000,3,10,"C1","none","superpopulation","facec"
67,"federated_dr",0.575326972811521,0.0117375103858053,-0.00996077452744559,TRUE,0.0460101952486864,5000,3,10,"C1","none","superpopulation","facec"
67,"pooled_dr",0.570969814271467,0.0121019485763006,-0.0143179330674995,TRUE,0.0474387667046101,5000,3,10,"C1","none","superpopulation","facec"
67,"tilted_aipw",0.576237469765961,0.0130120088999695,-0.00905027757300492,TRUE,0.0510061376209097,5000,3,10,"C1","none","superpopulation","facec"
67,"oracle_dr",0.562659970057896,0.0126598923720206,-0.0226277772810708,TRUE,0.0496258661946274,5000,3,10,"C1","none","superpopulation","facec"
68,"one_round_crossfit",0.580301814137111,0.0101731613728468,-0.00498593320185547,TRUE,0.0398780597993873,5000,3,10,"C1","none","superpopulation","facec"
68,"two_round_crossfit",0.583109329427238,0.0101984673562793,-0.00217841791172835,TRUE,0.0399772574316297,5000,3,10,"C1","none","superpopulation","facec"
68,"target_only",0.576750339054602,0.0188990172153412,-0.008537408284364,TRUE,0.0740827861705424,5000,3,10,"C1","none","superpopulation","facec"
68,"sample_size",0.591073639856288,0.0165501907153486,0.0057858925173212,TRUE,0.064875555478705,5000,3,10,"C1","none","superpopulation","facec"
68,"inverse_variance",0.590850642787285,0.0171479723044616,0.00556289544831901,TRUE,0.0672188162492702,5000,3,10,"C1","none","superpopulation","facec"
68,"federated_dr",0.578954181739668,0.0112836031573432,-0.00633356559929887,TRUE,0.0442309116084703,5000,3,10,"C1","none","superpopulation","facec"
68,"pooled_dr",0.584912884935711,0.0114885261779597,-0.000374862403255682,TRUE,0.0450341950884934,5000,3,10,"C1","none","superpopulation","facec"
68,"tilted_aipw",0.573411004255062,0.0122992851513915,-0.011876743083904,TRUE,0.0482123118646312,5000,3,10,"C1","none","superpopulation","facec"
68,"oracle_dr",0.585012833214493,0.0126868323489864,-0.000274914124473113,TRUE,0.0497314689638222,5000,3,10,"C1","none","superpopulation","facec"
69,"one_round_crossfit",0.587286426197704,0.0102341697860513,0.00199867885873806,TRUE,0.040117208384657,5000,3,10,"C1","none","superpopulation","facec"
69,"two_round_crossfit",0.591225560800438,0.0102509763844835,0.0059378134614716,TRUE,0.0401830890399166,5000,3,10,"C1","none","superpopulation","facec"
69,"target_only",0.597378688163245,0.0182149659795113,0.0120909408242789,TRUE,0.0714013545989289,5000,3,10,"C1","none","superpopulation","facec"
69,"sample_size",0.599090648430089,0.0164136022308374,0.0138029010911224,TRUE,0.0643401384580153,5000,3,10,"C1","none","superpopulation","facec"
69,"inverse_variance",0.598325905792505,0.0172566493527774,0.0130381584535388,TRUE,0.0676448224505601,5000,3,10,"C1","none","superpopulation","facec"
69,"federated_dr",0.58735363220436,0.0119116996445975,0.00206588486539339,TRUE,0.0466930045961393,5000,3,10,"C1","none","superpopulation","facec"
69,"pooled_dr",0.583743675969886,0.0122528765442904,-0.00154407136908064,TRUE,0.0480303934676496,5000,3,10,"C1","none","superpopulation","facec"
69,"tilted_aipw",0.576864491130343,0.0130111220833147,-0.00842325620862305,TRUE,0.0510026613635011,5000,3,10,"C1","none","superpopulation","facec"
69,"oracle_dr",0.579734477324908,0.0124044013133937,-0.00555327001405792,TRUE,0.048624359648066,5000,3,10,"C1","none","superpopulation","facec"
70,"one_round_crossfit",0.593627124017453,0.0102970470239991,0.00833937667848639,TRUE,0.0403636826283074,5000,3,10,"C1","none","superpopulation","facec"
70,"two_round_crossfit",0.589185791717119,0.0104144050977194,0.00389804437815289,TRUE,0.0408237178238808,5000,3,10,"C1","none","superpopulation","facec"
70,"target_only",0.616143445010359,0.0178651254905907,0.0308556976713923,TRUE,0.0700300050816924,5000,3,10,"C1","none","superpopulation","facec"
70,"sample_size",0.601939366946255,0.0233611831752367,0.0166516196072887,TRUE,0.091574155319414,5000,3,10,"C1","none","superpopulation","facec"
70,"inverse_variance",0.600024052983159,0.0233001976788365,0.0147363056441926,TRUE,0.0913350965663664,5000,3,10,"C1","none","superpopulation","facec"
70,"federated_dr",0.588445877314325,0.0114445852895648,0.00315812997535891,TRUE,0.0448619499710878,5000,3,10,"C1","none","superpopulation","facec"
70,"pooled_dr",0.589213222696488,0.0120230000342422,0.00392547535752141,TRUE,0.0471292941064771,5000,3,10,"C1","none","superpopulation","facec"
70,"tilted_aipw",0.581278009648006,0.0124591243760664,-0.00400973769096069,TRUE,0.0488388701119906,5000,3,10,"C1","none","superpopulation","facec"
70,"oracle_dr",0.583585954130578,0.0120359247797026,-0.00170179320838848,TRUE,0.0471799581777004,5000,3,10,"C1","none","superpopulation","facec"
71,"one_round_crossfit",0.591844843322872,0.0102801828854036,0.00655709598390608,TRUE,0.0402975764197522,5000,3,10,"C1","none","superpopulation","facec"
71,"two_round_crossfit",0.594714440058955,0.0102585973431617,0.00942669271998842,TRUE,0.0402129626489904,5000,3,10,"C1","none","superpopulation","facec"
71,"target_only",0.598955572975155,0.018927483966284,0.013667825636189,TRUE,0.0741943737837518,5000,3,10,"C1","none","superpopulation","facec"
71,"sample_size",0.604983322502578,0.0238201362091189,0.0196955751636118,TRUE,0.093373218153423,5000,3,10,"C1","none","superpopulation","facec"
71,"inverse_variance",0.603101366325414,0.0237766348613839,0.017813618986448,TRUE,0.0932026960037438,5000,3,10,"C1","none","superpopulation","facec"
71,"federated_dr",0.592530511060423,0.0113474728939265,0.00724276372145671,TRUE,0.0444812763752811,5000,3,10,"C1","none","superpopulation","facec"
71,"pooled_dr",0.592479956280359,0.0114329647212298,0.0071922089413925,TRUE,0.044816398180255,5000,3,10,"C1","none","superpopulation","facec"
71,"tilted_aipw",0.589920666005428,0.012176163637164,0.00463291866646154,TRUE,0.0477296843974151,5000,3,10,"C1","none","superpopulation","facec"
71,"oracle_dr",0.593626237397978,0.0124909242062919,0.00833849005901155,TRUE,0.0489635231559034,5000,3,10,"C1","none","superpopulation","facec"
72,"one_round_crossfit",0.599812572545317,0.0102379530506263,0.0145248252063509,TRUE,0.0401320385092789,5000,3,10,"C1","none","superpopulation","facec"
72,"two_round_crossfit",0.598904766008603,0.0103353192655066,0.0136170186696364,TRUE,0.0405137070582315,5000,3,10,"C1","none","superpopulation","facec"
72,"target_only",0.594579603654408,0.0181239763694907,0.00929185631544149,TRUE,0.0710446818817134,5000,3,10,"C1","none","superpopulation","facec"
72,"sample_size",0.609303752670656,0.0192246604284663,0.0240160053316899,TRUE,0.0753592841096125,5000,3,10,"C1","none","superpopulation","facec"
72,"inverse_variance",0.608698799539877,0.0191898127606942,0.0234110522009104,TRUE,0.0752226837620555,5000,3,10,"C1","none","superpopulation","facec"
72,"federated_dr",0.594549359952472,0.0119933337050292,0.00926161261350567,TRUE,0.0470130042328551,5000,3,10,"C1","none","superpopulation","facec"
72,"pooled_dr",0.593080050999375,0.0127538234274446,0.00779230366040895,TRUE,0.0499940691659493,5000,3,10,"C1","none","superpopulation","facec"
72,"tilted_aipw",0.593819161977341,0.0136458081976545,0.00853141463837459,TRUE,0.0534905852146885,5000,3,10,"C1","none","superpopulation","facec"
72,"oracle_dr",0.590075765067517,0.0117406656940601,0.00478801772855064,TRUE,0.0460225638297653,5000,3,10,"C1","none","superpopulation","facec"
73,"one_round_crossfit",0.593461904865553,0.0100980514449613,0.00817415752658668,TRUE,0.0395836342923135,5000,3,10,"C1","none","superpopulation","facec"
73,"two_round_crossfit",0.598283213909859,0.0100823086700582,0.0129954665708921,TRUE,0.0395219237486601,5000,3,10,"C1","none","superpopulation","facec"
73,"target_only",0.593858656951693,0.017913617494989,0.00857090961272688,TRUE,0.0702200902460102,5000,3,10,"C1","none","superpopulation","facec"
73,"sample_size",0.60245262076576,0.021049181060525,0.0171648734267932,TRUE,0.0825112735653832,5000,3,10,"C1","none","superpopulation","facec"
73,"inverse_variance",0.600966425268802,0.0209768433297615,0.0156786779298357,TRUE,0.0822277148713437,5000,3,10,"C1","none","superpopulation","facec"
73,"federated_dr",0.589210479422213,0.0116780472787182,0.00392273208324623,TRUE,0.0457771041520874,5000,3,10,"C1","none","superpopulation","facec"
73,"pooled_dr",0.591384681383193,0.0124087109602689,0.00609693404422629,TRUE,0.0486412531533889,5000,3,10,"C1","none","superpopulation","facec"
73,"tilted_aipw",0.580121299806714,0.0133995813586029,-0.00516644753225226,TRUE,0.0525253937415517,5000,3,10,"C1","none","superpopulation","facec"
73,"oracle_dr",0.593064230370792,0.0122581901425843,0.0077764830318261,TRUE,0.0480512223902183,5000,3,10,"C1","none","superpopulation","facec"
74,"one_round_crossfit",0.582886550542347,0.0101886160967595,-0.00240119679661988,TRUE,0.0399386412039073,5000,3,10,"C1","none","superpopulation","facec"
74,"two_round_crossfit",0.587033285702442,0.0102850047757952,0.00174553836347591,TRUE,0.040316477882762,5000,3,10,"C1","none","superpopulation","facec"
74,"target_only",0.575804032510605,0.0177819354583314,-0.00948371482836097,TRUE,0.0697039061474904,5000,3,10,"C1","none","superpopulation","facec"
74,"sample_size",0.595756142306186,0.021797993787112,0.0104683949672201,TRUE,0.0854465655159347,5000,3,10,"C1","none","superpopulation","facec"
74,"inverse_variance",0.595444302240186,0.0217187526376766,0.0101565549012191,TRUE,0.0851359459179606,5000,3,10,"C1","none","superpopulation","facec"
74,"federated_dr",0.582315529442543,0.0117499070294244,-0.00297221789642366,TRUE,0.0460587891987316,5000,3,10,"C1","none","superpopulation","facec"
74,"pooled_dr",0.583240858088283,0.0123698350558366,-0.00204688925068341,TRUE,0.0484888624082813,5000,3,10,"C1","none","superpopulation","facec"
74,"tilted_aipw",0.579012556861615,0.0128979793979085,-0.00627519047735137,TRUE,0.0505591501864804,5000,3,10,"C1","none","superpopulation","facec"
74,"oracle_dr",0.589915443942647,0.012130461723927,0.00462769660368101,TRUE,0.0475505361894772,5000,3,10,"C1","none","superpopulation","facec"
75,"one_round_crossfit",0.583677211348271,0.0102038088687749,-0.00161053599069538,TRUE,0.0399981957758582,5000,3,10,"C1","none","superpopulation","facec"
75,"two_round_crossfit",0.585761526217121,0.0103050151146725,0.000473778878154252,TRUE,0.0403949169697979,5000,3,10,"C1","none","superpopulation","facec"
75,"target_only",0.580464319418503,0.0184766303946463,-0.00482342792046309,TRUE,0.0724270602583297,5000,3,10,"C1","none","superpopulation","facec"
75,"sample_size",0.593009848971683,0.0125665560453075,0.00772210163271669,TRUE,0.0492599945170136,5000,3,10,"C1","none","superpopulation","facec"
75,"inverse_variance",0.59327552088001,0.014675374872958,0.00798777354104374,TRUE,0.0575264124212433,5000,3,10,"C1","none","superpopulation","facec"
75,"federated_dr",0.582684770938065,0.0116485545466517,-0.0026029764009009,TRUE,0.0456614947667753,5000,3,10,"C1","none","superpopulation","facec"
75,"pooled_dr",0.583873352818215,0.0119427233350915,-0.00141439452075176,TRUE,0.0468146152282107,5000,3,10,"C1","none","superpopulation","facec"
75,"tilted_aipw",0.575473231120093,0.0129207586064176,-0.00981451621887364,TRUE,0.050648443043029,5000,3,10,"C1","none","superpopulation","facec"
75,"oracle_dr",0.58674826961572,0.0121964076859171,0.00146052227675364,TRUE,0.0478090396103301,5000,3,10,"C1","none","superpopulation","facec"
76,"one_round_crossfit",0.575244299740092,0.0103863274470649,-0.0100434475988744,TRUE,0.0407136554557739,5000,3,10,"C1","none","superpopulation","facec"
76,"two_round_crossfit",0.578656631624092,0.010313802465178,-0.0066311157148744,TRUE,0.0404293627508185,5000,3,10,"C1","none","superpopulation","facec"
76,"target_only",0.574444906230657,0.0180690220662838,-0.0108428411083092,TRUE,0.0708292649715516,5000,3,10,"C1","none","superpopulation","facec"
76,"sample_size",0.58581053589833,0.0098692269247956,0.000522788559363829,TRUE,0.0386866586557046,5000,3,10,"C1","none","superpopulation","facec"
76,"inverse_variance",0.585814615891707,0.0104762660765702,0.000526868552740756,TRUE,0.0410662084050728,5000,3,10,"C1","none","superpopulation","facec"
76,"federated_dr",0.574441740057502,0.0114218624830423,-0.0108460072814639,TRUE,0.0447728782062642,5000,3,10,"C1","none","superpopulation","facec"
76,"pooled_dr",0.576026327456785,0.0117894492678713,-0.00926141988218099,TRUE,0.0462137919251795,5000,3,10,"C1","none","superpopulation","facec"
76,"tilted_aipw",0.56420520765991,0.0125611346119293,-0.0210825396790568,TRUE,0.0492387428886818,5000,3,10,"C1","none","superpopulation","facec"
76,"oracle_dr",0.586362196869219,0.0121857740778794,0.00107444953025282,TRUE,0.0477673566327708,5000,3,10,"C1","none","superpopulation","facec"
77,"one_round_crossfit",0.576427270763169,0.0102172014601232,-0.00886047657579725,TRUE,0.0400506937692631,5000,3,10,"C1","none","superpopulation","facec"
77,"two_round_crossfit",0.576790637330792,0.0102842556689018,-0.0084971100081741,TRUE,0.0403135414376987,5000,3,10,"C1","none","superpopulation","facec"
77,"target_only",0.541634588147411,0.0185075057573209,-0.0436531591915552,FALSE,0.0725480894560335,5000,3,10,"C1","none","superpopulation","facec"
77,"sample_size",0.586209912067469,0.0210498656090149,0.000922164728502706,TRUE,0.0825139569461548,5000,3,10,"C1","none","superpopulation","facec"
77,"inverse_variance",0.586493763601929,0.0209648344228212,0.00120601626296291,TRUE,0.0821806408211501,5000,3,10,"C1","none","superpopulation","facec"
77,"federated_dr",0.570885199247088,0.01162685671796,-0.0144025480918781,TRUE,0.0455764408412183,5000,3,10,"C1","none","superpopulation","facec"
77,"pooled_dr",0.573765174582701,0.0121921868382484,-0.0115225727562652,TRUE,0.0477924941915002,5000,3,10,"C1","none","superpopulation","facec"
77,"tilted_aipw",0.56345797093533,0.0127581433688239,-0.0218297764036366,TRUE,0.050011003024987,5000,3,10,"C1","none","superpopulation","facec"
77,"oracle_dr",0.585397846156372,0.0122988782230304,0.000110098817405424,TRUE,0.048210716734767,5000,3,10,"C1","none","superpopulation","facec"
78,"one_round_crossfit",0.593706708118899,0.0101350033110109,0.00841896077993298,TRUE,0.0397284829455513,5000,3,10,"C1","none","superpopulation","facec"
78,"two_round_crossfit",0.591528346286706,0.0102091461988249,0.00624059894774009,TRUE,0.0400191177252018,5000,3,10,"C1","none","superpopulation","facec"
78,"target_only",0.597257908672405,0.0184104857649792,0.0119701613334391,TRUE,0.0721677780744931,5000,3,10,"C1","none","superpopulation","facec"
78,"sample_size",0.599168153732831,0.0160477583011938,0.0138804063938643,TRUE,0.0629060566058868,5000,3,10,"C1","none","superpopulation","facec"
78,"inverse_variance",0.597801430604732,0.0169637379467927,0.012513683265766,TRUE,0.0664966308377783,5000,3,10,"C1","none","superpopulation","facec"
78,"federated_dr",0.590940835928763,0.011636696943604,0.00565308858979674,TRUE,0.0456150138169422,5000,3,10,"C1","none","superpopulation","facec"
78,"pooled_dr",0.591932117400608,0.0119011786102714,0.00664437006164131,TRUE,0.0466517628994207,5000,3,10,"C1","none","superpopulation","facec"
78,"tilted_aipw",0.576947433688072,0.0128985715950114,-0.00834031365089438,TRUE,0.0505614715564675,5000,3,10,"C1","none","superpopulation","facec"
78,"oracle_dr",0.588218013714808,0.0122168458257968,0.00293026637584148,TRUE,0.0478891556464802,5000,3,10,"C1","none","superpopulation","facec"
79,"one_round_crossfit",0.598961725658479,0.0101637413401277,0.0136739783195122,TRUE,0.0398411339496625,5000,3,10,"C1","none","superpopulation","facec"
79,"two_round_crossfit",0.599273966452494,0.0101782844345861,0.0139862191135276,TRUE,0.0398981418323867,5000,3,10,"C1","none","superpopulation","facec"
79,"target_only",0.613867538612148,0.0184192370641815,0.0285797912731819,TRUE,0.072202082537002,5000,3,10,"C1","none","superpopulation","facec"
79,"sample_size",0.614895187114648,0.0130523397073834,0.0296074397756818,FALSE,0.0511642314809069,5000,3,10,"C1","none","superpopulation","facec"
79,"inverse_variance",0.614301631966049,0.0148110817750038,0.0290138846270825,TRUE,0.0580583737021698,5000,3,10,"C1","none","superpopulation","facec"
79,"federated_dr",0.600714865464146,0.011621851442436,0.0154271181251796,TRUE,0.045556820521699,5000,3,10,"C1","none","superpopulation","facec"
79,"pooled_dr",0.600113092695166,0.0122377105371902,0.0148253453561996,TRUE,0.047970943812238,5000,3,10,"C1","none","superpopulation","facec"
79,"tilted_aipw",0.594657455392934,0.01303319507525,0.00936970805396775,TRUE,0.0510891859019498,5000,3,10,"C1","none","superpopulation","facec"
79,"oracle_dr",0.592843913954071,0.0122786592317422,0.00755616661510483,TRUE,0.04813145974531,5000,3,10,"C1","none","superpopulation","facec"
80,"one_round_crossfit",0.581878381645471,0.0102552696116486,-0.0034093656934957,TRUE,0.0401999181811588,5000,3,10,"C1","none","superpopulation","facec"
80,"two_round_crossfit",0.586571740032377,0.0102336899132485,0.00128399269341106,TRUE,0.0401153273178356,5000,3,10,"C1","none","superpopulation","facec"
80,"target_only",0.599445722422195,0.0178357155073404,0.0141579750832286,TRUE,0.0699147200657793,5000,3,10,"C1","none","superpopulation","facec"
80,"sample_size",0.593932117314276,0.020450141544631,0.00864436997530971,TRUE,0.0801630818124461,5000,3,10,"C1","none","superpopulation","facec"
80,"inverse_variance",0.59213460838119,0.0204139511115393,0.00684686104222398,TRUE,0.0800212179215569,5000,3,10,"C1","none","superpopulation","facec"
80,"federated_dr",0.580486554817918,0.0120687159813831,-0.00480119252104827,TRUE,0.0473084973263076,5000,3,10,"C1","none","superpopulation","facec"
80,"pooled_dr",0.581114716840836,0.0124943177657186,-0.00417303049813011,TRUE,0.0489768256644147,5000,3,10,"C1","none","superpopulation","facec"
80,"tilted_aipw",0.586558409974676,0.0134869163013773,0.00127066263570952,TRUE,0.0528677404264113,5000,3,10,"C1","none","superpopulation","facec"
80,"oracle_dr",0.581649012186993,0.0123163276352205,-0.00363873515197322,TRUE,0.0482791171736552,5000,3,10,"C1","none","superpopulation","facec"
81,"one_round_crossfit",0.590189319723404,0.00995844566339099,0.00490157238443778,TRUE,0.039036389684491,5000,3,10,"C1","none","superpopulation","facec"
81,"two_round_crossfit",0.584767353569145,0.0100697418944242,-0.000520393769821381,TRUE,0.0394726628933713,5000,3,10,"C1","none","superpopulation","facec"
81,"target_only",0.574058884163864,0.0177642930990183,-0.0112288631751024,TRUE,0.0696347493697786,5000,3,10,"C1","none","superpopulation","facec"
81,"sample_size",0.596997671194521,0.0165657370383329,0.0117099238555546,TRUE,0.0649364959449874,5000,3,10,"C1","none","superpopulation","facec"
81,"inverse_variance",0.59743550546922,0.0172721812795983,0.0121477581302533,TRUE,0.0677057064849191,5000,3,10,"C1","none","superpopulation","facec"
81,"federated_dr",0.581832897599223,0.0112697138843077,-0.00345484973974342,TRUE,0.0441764666586282,5000,3,10,"C1","none","superpopulation","facec"
81,"pooled_dr",0.579469995578244,0.0118284474776104,-0.00581775176072286,TRUE,0.0463666620982803,5000,3,10,"C1","none","superpopulation","facec"
81,"tilted_aipw",0.579429035998078,0.0125084848205237,-0.00585871134088856,TRUE,0.0490323594987847,5000,3,10,"C1","none","superpopulation","facec"
81,"oracle_dr",0.580238513576311,0.0123725052526048,-0.00504923376265509,TRUE,0.0484993293872762,5000,3,10,"C1","none","superpopulation","facec"
82,"one_round_crossfit",0.592688431981729,0.0102673680605201,0.00740068464276311,TRUE,0.0402473432292727,5000,3,10,"C1","none","superpopulation","facec"
82,"two_round_crossfit",0.591589866298447,0.0103349571970948,0.00630211895948063,TRUE,0.0405122877761377,5000,3,10,"C1","none","superpopulation","facec"
82,"target_only",0.592316698567459,0.0182264514015592,0.00702895122849301,TRUE,0.0714463766260514,5000,3,10,"C1","none","superpopulation","facec"
82,"sample_size",0.598361005793586,0.0121653563351598,0.0130732584546196,TRUE,0.047687320552019,5000,3,10,"C1","none","superpopulation","facec"
82,"inverse_variance",0.598385609284908,0.0144812445283685,0.0130978619459413,TRUE,0.0567654354538401,5000,3,10,"C1","none","superpopulation","facec"
82,"federated_dr",0.591999647582665,0.0118018091250102,0.00671190024369817,TRUE,0.0462622416748724,5000,3,10,"C1","none","superpopulation","facec"
82,"pooled_dr",0.5865114273752,0.0125077067111267,0.00122368003623341,TRUE,0.0490293093659966,5000,3,10,"C1","none","superpopulation","facec"
82,"tilted_aipw",0.590187468038844,0.0127860469332431,0.00489972069987754,TRUE,0.0501203829875905,5000,3,10,"C1","none","superpopulation","facec"
82,"oracle_dr",0.585485528892756,0.0122617942491898,0.000197781553789134,TRUE,0.0480653502285049,5000,3,10,"C1","none","superpopulation","facec"
83,"one_round_crossfit",0.578919463194693,0.0102833069085539,-0.00636828414427315,TRUE,0.0403098223654752,5000,3,10,"C1","none","superpopulation","facec"
83,"two_round_crossfit",0.584874242447798,0.0103536941061683,-0.000413504891168648,TRUE,0.0405857351100689,5000,3,10,"C1","none","superpopulation","facec"
83,"target_only",0.601583942394457,0.0182728322158094,0.0162961950554911,TRUE,0.0716281860770591,5000,3,10,"C1","none","superpopulation","facec"
83,"sample_size",0.593096578430149,0.0262985848475073,0.00780883109118302,TRUE,0.10308855829097,5000,3,10,"C1","none","superpopulation","facec"
83,"inverse_variance",0.589601261157975,0.0261876856724136,0.00431351381900835,TRUE,0.102653841512772,5000,3,10,"C1","none","superpopulation","facec"
83,"federated_dr",0.581805102515322,0.0115636415303185,-0.00348264482364391,TRUE,0.0453286418591117,5000,3,10,"C1","none","superpopulation","facec"
83,"pooled_dr",0.581234526930593,0.0119415536890688,-0.00405322040837308,TRUE,0.0468100303000525,5000,3,10,"C1","none","superpopulation","facec"
83,"tilted_aipw",0.578159342984118,0.0129159771149911,-0.00712840435484874,TRUE,0.0506296999410523,5000,3,10,"C1","none","superpopulation","facec"
83,"oracle_dr",0.57590982743925,0.0123588897816535,-0.00937791989971648,TRUE,0.0484459577218819,5000,3,10,"C1","none","superpopulation","facec"
84,"one_round_crossfit",0.584814932387925,0.0103288586942034,-0.000472814951041345,TRUE,0.0404883820840842,5000,3,10,"C1","none","superpopulation","facec"
84,"two_round_crossfit",0.584467232453191,0.0103319816459866,-0.000820514885775059,TRUE,0.0405006238301253,5000,3,10,"C1","none","superpopulation","facec"
84,"target_only",0.584760048836684,0.0185119385321544,-0.000527698502282181,TRUE,0.0725654656140837,5000,3,10,"C1","none","superpopulation","facec"
84,"sample_size",0.601409459153918,0.00976444670260799,0.0161217118149513,TRUE,0.0382759277321452,5000,3,10,"C1","none","superpopulation","facec"
84,"inverse_variance",0.6019791825649,0.0128280705186455,0.0166914352259341,TRUE,0.0502851124153703,5000,3,10,"C1","none","superpopulation","facec"
84,"federated_dr",0.586062297178273,0.0119226026299077,0.00077454983930636,TRUE,0.0467357435132032,5000,3,10,"C1","none","superpopulation","facec"
84,"pooled_dr",0.586214653267499,0.0124913951252328,0.000926905928533062,TRUE,0.0489653691242309,5000,3,10,"C1","none","superpopulation","facec"
84,"tilted_aipw",0.583483283027442,0.013206119975103,-0.00180446431152426,TRUE,0.0517670390534337,5000,3,10,"C1","none","superpopulation","facec"
84,"oracle_dr",0.587492689709961,0.0120256470286377,0.00220494237099467,TRUE,0.047139670133842,5000,3,10,"C1","none","superpopulation","facec"
85,"one_round_crossfit",0.577002475794932,0.0100663457333342,-0.00828527154403413,TRUE,0.0394593501865268,5000,3,10,"C1","none","superpopulation","facec"
85,"two_round_crossfit",0.577054539053746,0.0100850306031048,-0.00823320828522023,TRUE,0.0395325935301392,5000,3,10,"C1","none","superpopulation","facec"
85,"target_only",0.562733777441055,0.0182570978850073,-0.0225539698979116,TRUE,0.0715665086336732,5000,3,10,"C1","none","superpopulation","facec"
85,"sample_size",0.587935064093993,0.0164461685777557,0.00264731675502627,TRUE,0.0644677961921509,5000,3,10,"C1","none","superpopulation","facec"
85,"inverse_variance",0.587531763587883,0.016880528048241,0.00224401624891701,TRUE,0.066170454029141,5000,3,10,"C1","none","superpopulation","facec"
85,"federated_dr",0.576314765860422,0.0118350000264464,-0.0089729814785442,TRUE,0.0463923476177313,5000,3,10,"C1","none","superpopulation","facec"
85,"pooled_dr",0.575533630687004,0.0124313497337004,-0.00975411665196224,TRUE,0.0487299955145486,5000,3,10,"C1","none","superpopulation","facec"
85,"tilted_aipw",0.575782759402239,0.0128196637840673,-0.00950498793672727,TRUE,0.0502521586213684,5000,3,10,"C1","none","superpopulation","facec"
85,"oracle_dr",0.586158542135178,0.0122727435619039,0.000870794796211216,TRUE,0.048108270745655,5000,3,10,"C1","none","superpopulation","facec"
86,"one_round_crossfit",0.584853853440736,0.0104189542846554,-0.000433893898230675,TRUE,0.0408415503089876,5000,3,10,"C1","none","superpopulation","facec"
86,"two_round_crossfit",0.5826596890637,0.0103332536128761,-0.00262805827526646,TRUE,0.0405056098487111,5000,3,10,"C1","none","superpopulation","facec"
86,"target_only",0.574624716057255,0.0184850086126144,-0.0106630312817114,TRUE,0.0724599022692736,5000,3,10,"C1","none","superpopulation","facec"
86,"sample_size",0.592545574657981,0.0188638831406668,0.00725782731901436,TRUE,0.0739450631285585,5000,3,10,"C1","none","superpopulation","facec"
86,"inverse_variance",0.591815436804725,0.0188112438934875,0.00652768946575821,TRUE,0.0737387210712692,5000,3,10,"C1","none","superpopulation","facec"
86,"federated_dr",0.58351833671195,0.0118110672029306,-0.00176941062701641,TRUE,0.0462985326734522,5000,3,10,"C1","none","superpopulation","facec"
86,"pooled_dr",0.581333608744716,0.0122662718953513,-0.00395413859425009,TRUE,0.0480829022789291,5000,3,10,"C1","none","superpopulation","facec"
86,"tilted_aipw",0.581415272047949,0.0129869209021819,-0.00387247529101709,TRUE,0.050907794476694,5000,3,10,"C1","none","superpopulation","facec"
86,"oracle_dr",0.583706900673818,0.0123965765519778,-0.00158084666514813,TRUE,0.0485936871469403,5000,3,10,"C1","none","superpopulation","facec"
87,"one_round_crossfit",0.584809810596507,0.0104055165446935,-0.00047793674245955,TRUE,0.04078887533627,5000,3,10,"C1","none","superpopulation","facec"
87,"two_round_crossfit",0.586160384184432,0.0105430657886858,0.000872636845465236,TRUE,0.0413280584649212,5000,3,10,"C1","none","superpopulation","facec"
87,"target_only",0.605708705602548,0.0187063049418836,0.0204209582635815,TRUE,0.073327367939831,5000,3,10,"C1","none","superpopulation","facec"
87,"sample_size",0.603994468374864,0.00992137369749066,0.0187067210358978,TRUE,0.0388910702484893,5000,3,10,"C1","none","superpopulation","facec"
87,"inverse_variance",0.604679468110406,0.0113805206626258,0.0193917207714398,TRUE,0.0446108212481209,5000,3,10,"C1","none","superpopulation","facec"
87,"federated_dr",0.588135359468062,0.0120228416992863,0.00284761212909534,TRUE,0.0471286734448548,5000,3,10,"C1","none","superpopulation","facec"
87,"pooled_dr",0.585702490555927,0.0125538290626181,0.000414743216960889,TRUE,0.0492101056616077,5000,3,10,"C1","none","superpopulation","facec"
87,"tilted_aipw",0.586732078967663,0.0138723659126845,0.00144433162869706,TRUE,0.0543786751384456,5000,3,10,"C1","none","superpopulation","facec"
87,"oracle_dr",0.572914440910704,0.0120356146069235,-0.0123733064282621,TRUE,0.0471787423227485,5000,3,10,"C1","none","superpopulation","facec"
88,"one_round_crossfit",0.584557738404623,0.0102408614512283,-0.000730008934343052,TRUE,0.0401434392301441,5000,3,10,"C1","none","superpopulation","facec"
88,"two_round_crossfit",0.581624832104312,0.0102878750950568,-0.00366291523465412,TRUE,0.0403277293275157,5000,3,10,"C1","none","superpopulation","facec"
88,"target_only",0.625927290312175,0.0179140717070375,0.0406395429732084,FALSE,0.070221870724523,5000,3,10,"C1","none","superpopulation","facec"
88,"sample_size",0.590065902405073,0.0166407230474456,0.00477815506610679,TRUE,0.0652304356993978,5000,3,10,"C1","none","superpopulation","facec"
88,"inverse_variance",0.588300155745386,0.0173670022791768,0.00301240840641959,TRUE,0.0680773979732232,5000,3,10,"C1","none","superpopulation","facec"
88,"federated_dr",0.580942753575441,0.0117073938462323,-0.00434499376352582,TRUE,0.045892140582882,5000,3,10,"C1","none","superpopulation","facec"
88,"pooled_dr",0.581785563457817,0.0122724781790105,-0.0035021838811492,TRUE,0.0481072304638284,5000,3,10,"C1","none","superpopulation","facec"
88,"tilted_aipw",0.570809876031325,0.0130375787629639,-0.0144778713076416,TRUE,0.0511063696420269,5000,3,10,"C1","none","superpopulation","facec"
88,"oracle_dr",0.577267619909048,0.0124954540817935,-0.00802012742991831,TRUE,0.0489812799415785,5000,3,10,"C1","none","superpopulation","facec"
89,"one_round_crossfit",0.58988145110227,0.0103690886587444,0.00459370376330315,TRUE,0.0406460806472835,5000,3,10,"C1","none","superpopulation","facec"
89,"two_round_crossfit",0.592925726758322,0.0103517856783687,0.00763797941935584,TRUE,0.0405782542105604,5000,3,10,"C1","none","superpopulation","facec"
89,"target_only",0.595122244545462,0.0181465953359992,0.00983449720649543,TRUE,0.0711333466011619,5000,3,10,"C1","none","superpopulation","facec"
89,"sample_size",0.603350282853551,0.0147757324355727,0.0180625355145845,TRUE,0.0579198068378455,5000,3,10,"C1","none","superpopulation","facec"
89,"inverse_variance",0.603381928152243,0.0159623956063284,0.0180941808132771,TRUE,0.0625714409907681,5000,3,10,"C1","none","superpopulation","facec"
89,"federated_dr",0.588754444714305,0.0120124051896545,0.00346669737533889,TRUE,0.0470877630788498,5000,3,10,"C1","none","superpopulation","facec"
89,"pooled_dr",0.589876789451422,0.0124897002681809,0.00458904211245592,TRUE,0.0489587254066695,5000,3,10,"C1","none","superpopulation","facec"
89,"tilted_aipw",0.585748593514536,0.0129012349580495,0.000460846175569296,TRUE,0.0505719117477323,5000,3,10,"C1","none","superpopulation","facec"
89,"oracle_dr",0.589504770874455,0.0122954382409156,0.00421702353548847,TRUE,0.048197232252662,5000,3,10,"C1","none","superpopulation","facec"
90,"one_round_crossfit",0.590541483040317,0.010069877109544,0.00525373570135068,TRUE,0.039473192926901,5000,3,10,"C1","none","superpopulation","facec"
90,"two_round_crossfit",0.590611288557642,0.0101469176139246,0.00532354121867595,TRUE,0.0397751861547748,5000,3,10,"C1","none","superpopulation","facec"
90,"target_only",0.59584682182926,0.0179847046445135,0.0105590744902937,TRUE,0.0704987467516733,5000,3,10,"C1","none","superpopulation","facec"
90,"sample_size",0.603991258038323,0.015474945743005,0.0187035106993565,TRUE,0.0606606726380023,5000,3,10,"C1","none","superpopulation","facec"
90,"inverse_variance",0.603419746244918,0.0164531657617317,0.0181319989059514,TRUE,0.0644952246493233,5000,3,10,"C1","none","superpopulation","facec"
90,"federated_dr",0.591221344862306,0.0112793404346839,0.00593359752334011,TRUE,0.0442142020426937,5000,3,10,"C1","none","superpopulation","facec"
90,"pooled_dr",0.593985531069442,0.0118269866633233,0.00869778373047592,TRUE,0.0463609358114985,5000,3,10,"C1","none","superpopulation","facec"
90,"tilted_aipw",0.582879163791614,0.0123517758513613,-0.00240858354735252,TRUE,0.0484180716275595,5000,3,10,"C1","none","superpopulation","facec"
90,"oracle_dr",0.590272183485119,0.0120579814899986,0.00498443614615218,TRUE,0.0472664188932956,5000,3,10,"C1","none","superpopulation","facec"
91,"one_round_crossfit",0.593052820877381,0.0101079745409672,0.00776507353841505,TRUE,0.0396225321138868,5000,3,10,"C1","none","superpopulation","facec"
91,"two_round_crossfit",0.590225462617634,0.0102070010059035,0.00493771527866771,TRUE,0.0400107087234698,5000,3,10,"C1","none","superpopulation","facec"
91,"target_only",0.599797573569629,0.0182668841933741,0.0145098262306629,TRUE,0.0716048702575547,5000,3,10,"C1","none","superpopulation","facec"
91,"sample_size",0.599499587290399,0.018480843534797,0.014211839951433,TRUE,0.0724435754642438,5000,3,10,"C1","none","superpopulation","facec"
91,"inverse_variance",0.598352875430468,0.0185634162534657,0.0130651280915021,TRUE,0.0727672545736364,5000,3,10,"C1","none","superpopulation","facec"
91,"federated_dr",0.587722209139043,0.011323348622631,0.00243446180007656,TRUE,0.044386710969496,5000,3,10,"C1","none","superpopulation","facec"
91,"pooled_dr",0.585665846048718,0.0117453469994157,0.000378098709751917,TRUE,0.0460409142095606,5000,3,10,"C1","none","superpopulation","facec"
91,"tilted_aipw",0.589662075262178,0.0124613095699177,0.00437432792321113,TRUE,0.0488474359144861,5000,3,10,"C1","none","superpopulation","facec"
91,"oracle_dr",0.583842692683798,0.0126318662201926,-0.00144505465516886,TRUE,0.0495160056982111,5000,3,10,"C1","none","superpopulation","facec"
92,"one_round_crossfit",0.569993029998751,0.0102288992027503,-0.0152947173402154,TRUE,0.0400965480777622,5000,3,10,"C1","none","superpopulation","facec"
92,"two_round_crossfit",0.570369455071707,0.0102486186342355,-0.0149182922672598,TRUE,0.0401738468287751,5000,3,10,"C1","none","superpopulation","facec"
92,"target_only",0.559736344398993,0.0181619387483005,-0.0255514029399729,TRUE,0.0711934916721828,5000,3,10,"C1","none","superpopulation","facec"
92,"sample_size",0.58343402689362,0.0130033857719635,-0.00185372044534626,TRUE,0.0509723355802578,5000,3,10,"C1","none","superpopulation","facec"
92,"inverse_variance",0.583925967919983,0.0149703263651054,-0.0013617794189833,TRUE,0.0586826010248338,5000,3,10,"C1","none","superpopulation","facec"
92,"federated_dr",0.571076564786276,0.0117170492863361,-0.0142111825526908,TRUE,0.0459299892125993,5000,3,10,"C1","none","superpopulation","facec"
92,"pooled_dr",0.572362473444523,0.0124036773610191,-0.0129252738944433,TRUE,0.0486215218069046,5000,3,10,"C1","none","superpopulation","facec"
92,"tilted_aipw",0.569530948303439,0.0128933112301344,-0.0157567990355276,TRUE,0.0505408513050585,5000,3,10,"C1","none","superpopulation","facec"
92,"oracle_dr",0.580339183298094,0.012155140771434,-0.00494856404087285,TRUE,0.04764727627805,5000,3,10,"C1","none","superpopulation","facec"
93,"one_round_crossfit",0.583693894903597,0.0101608426833116,-0.00159385243536958,TRUE,0.0398297714237363,5000,3,10,"C1","none","superpopulation","facec"
93,"two_round_crossfit",0.584257284425656,0.0101482953535029,-0.00103046291330999,TRUE,0.0397805867946814,5000,3,10,"C1","none","superpopulation","facec"
93,"target_only",0.584163875819181,0.0182496992423076,-0.00112387151978566,TRUE,0.0715375064872215,5000,3,10,"C1","none","superpopulation","facec"
93,"sample_size",0.595733039086807,0.0187764597436415,0.0104452917478404,TRUE,0.0736023697094073,5000,3,10,"C1","none","superpopulation","facec"
93,"inverse_variance",0.595658282738277,0.0187274833314798,0.010370535399311,TRUE,0.0734103857015491,5000,3,10,"C1","none","superpopulation","facec"
93,"federated_dr",0.588987316153569,0.0115752320584818,0.00369956881460265,TRUE,0.0453740758946355,5000,3,10,"C1","none","superpopulation","facec"
93,"pooled_dr",0.590210902084847,0.0122503990926089,0.00492315474588045,TRUE,0.0480206820355111,5000,3,10,"C1","none","superpopulation","facec"
93,"tilted_aipw",0.57610218656649,0.0130212465383328,-0.00918556077247656,TRUE,0.0510423484978981,5000,3,10,"C1","none","superpopulation","facec"
93,"oracle_dr",0.592709794009028,0.0122228737580993,0.00742204667006163,TRUE,0.0479127847069085,5000,3,10,"C1","none","superpopulation","facec"
94,"one_round_crossfit",0.584114193920328,0.0101923723903846,-0.00117355341863801,TRUE,0.0399533656043483,5000,3,10,"C1","none","superpopulation","facec"
94,"two_round_crossfit",0.584271994617624,0.0101737439356568,-0.00101575272134202,TRUE,0.0398803434036403,5000,3,10,"C1","none","superpopulation","facec"
94,"target_only",0.571508953647014,0.0184970085518306,-0.0137787936919522,TRUE,0.0725069411666348,5000,3,10,"C1","none","superpopulation","facec"
94,"sample_size",0.600775618591819,0.00996037401415229,0.0154878712528523,TRUE,0.0390439486805743,5000,3,10,"C1","none","superpopulation","facec"
94,"inverse_variance",0.60123353714411,0.0131142080067345,0.0159457898051441,TRUE,0.0514067507579328,5000,3,10,"C1","none","superpopulation","facec"
94,"federated_dr",0.584692185667974,0.0117576554033261,-0.000595561670992839,TRUE,0.046089162266304,5000,3,10,"C1","none","superpopulation","facec"
94,"pooled_dr",0.582936564544298,0.0121529921867802,-0.0023511827946685,TRUE,0.0476388539809718,5000,3,10,"C1","none","superpopulation","facec"
94,"tilted_aipw",0.582239771006143,0.0127024812906733,-0.00304797633282294,TRUE,0.0497928116880271,5000,3,10,"C1","none","superpopulation","facec"
94,"oracle_dr",0.58234242572831,0.0122779652949326,-0.00294532161065675,TRUE,0.048128739563001,5000,3,10,"C1","none","superpopulation","facec"
95,"one_round_crossfit",0.578442099379761,0.0101792099658873,-0.0068456479592055,TRUE,0.0399017698484208,5000,3,10,"C1","none","superpopulation","facec"
95,"two_round_crossfit",0.579939498377617,0.0101338678221936,-0.00534824896134922,TRUE,0.0397240319111778,5000,3,10,"C1","none","superpopulation","facec"
95,"target_only",0.57189032716719,0.0183328607003241,-0.0133974201717768,TRUE,0.07186349341245,5000,3,10,"C1","none","superpopulation","facec"
95,"sample_size",0.592662980932979,0.0221215631810277,0.00737523359401215,TRUE,0.0867149342330833,5000,3,10,"C1","none","superpopulation","facec"
95,"inverse_variance",0.592107016220321,0.0220394121634672,0.0068192688813542,TRUE,0.0863929081616595,5000,3,10,"C1","none","superpopulation","facec"
95,"federated_dr",0.578243491120058,0.0122113610840011,-0.00704425621890814,TRUE,0.0478676558537121,5000,3,10,"C1","none","superpopulation","facec"
95,"pooled_dr",0.578666657168731,0.0129602967647395,-0.0066210901702356,TRUE,0.050803429775681,5000,3,10,"C1","none","superpopulation","facec"
95,"tilted_aipw",0.576884126033417,0.0135629159648386,-0.00840362130554895,TRUE,0.0531656536328542,5000,3,10,"C1","none","superpopulation","facec"
95,"oracle_dr",0.583904768137048,0.0124498897064425,-0.00138297920191799,TRUE,0.0488026708722464,5000,3,10,"C1","none","superpopulation","facec"
96,"one_round_crossfit",0.590767154179228,0.0101446773387569,0.00547940684026138,TRUE,0.0397664044374864,5000,3,10,"C1","none","superpopulation","facec"
96,"two_round_crossfit",0.590683444071274,0.010164199980982,0.00539569673230733,TRUE,0.039842931788775,5000,3,10,"C1","none","superpopulation","facec"
96,"target_only",0.553898358507469,0.0181935877055967,-0.0313893888314971,TRUE,0.0713175533050805,5000,3,10,"C1","none","superpopulation","facec"
96,"sample_size",0.59694019934668,0.0189269357079392,0.0116524520077136,TRUE,0.074192224650532,5000,3,10,"C1","none","superpopulation","facec"
96,"inverse_variance",0.598277196682822,0.0188551836357012,0.0129894493438557,TRUE,0.0739109616957265,5000,3,10,"C1","none","superpopulation","facec"
96,"federated_dr",0.587159816437261,0.011495483999189,0.00187206909829452,TRUE,0.0450614692465336,5000,3,10,"C1","none","superpopulation","facec"
96,"pooled_dr",0.583927286806212,0.0120787330870502,-0.00136046053275429,TRUE,0.0473477636589814,5000,3,10,"C1","none","superpopulation","facec"
96,"tilted_aipw",0.586772543389895,0.0121599797958582,0.00148479605092877,TRUE,0.0476662449052336,5000,3,10,"C1","none","superpopulation","facec"
96,"oracle_dr",0.593332891180004,0.0123096025523778,0.00804514384103783,TRUE,0.0482527553333258,5000,3,10,"C1","none","superpopulation","facec"
97,"one_round_crossfit",0.591251981060496,0.0103191360162425,0.00596423372152943,TRUE,0.0404502698868108,5000,3,10,"C1","none","superpopulation","facec"
97,"two_round_crossfit",0.591075171830071,0.0104410429315769,0.0057874244911047,TRUE,0.0409281362138545,5000,3,10,"C1","none","superpopulation","facec"
97,"target_only",0.566014013649919,0.018565123183369,-0.0192737336890473,TRUE,0.0727739456159056,5000,3,10,"C1","none","superpopulation","facec"
97,"sample_size",0.599158592388632,0.0219747941822292,0.0138708450496661,TRUE,0.086139610329699,5000,3,10,"C1","none","superpopulation","facec"
97,"inverse_variance",0.598317250938027,0.0218927860505694,0.0130295035990609,TRUE,0.0858181443607138,5000,3,10,"C1","none","superpopulation","facec"
97,"federated_dr",0.591604592694921,0.0119128414407079,0.00631684535595456,TRUE,0.0466974803546474,5000,3,10,"C1","none","superpopulation","facec"
97,"pooled_dr",0.587780751328611,0.0123596583306291,0.00249300398964447,TRUE,0.0484489703785069,5000,3,10,"C1","none","superpopulation","facec"
97,"tilted_aipw",0.591522753502076,0.0135204445415826,0.00623500616311001,TRUE,0.0529991687129461,5000,3,10,"C1","none","superpopulation","facec"
97,"oracle_dr",0.587675968952412,0.0124660255247376,0.00238822161344521,TRUE,0.0488659221176853,5000,3,10,"C1","none","superpopulation","facec"
98,"one_round_crossfit",0.608212787901487,0.0102485322371918,0.0229250405625202,FALSE,0.040173508158587,5000,3,10,"C1","none","superpopulation","facec"
98,"two_round_crossfit",0.606005971348436,0.0103620193016622,0.0207182240094697,FALSE,0.0406183692767335,5000,3,10,"C1","none","superpopulation","facec"
98,"target_only",0.613912101567494,0.017778372958323,0.0286243542285275,TRUE,0.0696899414040677,5000,3,10,"C1","none","superpopulation","facec"
98,"sample_size",0.617626233652035,0.0181140232895412,0.0323384863130681,TRUE,0.071005666525241,5000,3,10,"C1","none","superpopulation","facec"
98,"inverse_variance",0.616554532707703,0.0182799917904013,0.0312667853687364,TRUE,0.0716562510937491,5000,3,10,"C1","none","superpopulation","facec"
98,"federated_dr",0.606046462625635,0.0114689095936708,0.0207587152866687,TRUE,0.0449572994910814,5000,3,10,"C1","none","superpopulation","facec"
98,"pooled_dr",0.603166137935072,0.0120658939825708,0.0178783905961056,TRUE,0.0472974352942344,5000,3,10,"C1","none","superpopulation","facec"
98,"tilted_aipw",0.602535143377189,0.0125483240128986,0.0172473960382222,TRUE,0.0491885262632406,5000,3,10,"C1","none","superpopulation","facec"
98,"oracle_dr",0.586563174989162,0.0123558882514208,0.0012754276501955,TRUE,0.0484341919395725,5000,3,10,"C1","none","superpopulation","facec"
99,"one_round_crossfit",0.611497320986573,0.0103037782106697,0.026209573647607,FALSE,0.0403900683952023,5000,3,10,"C1","none","superpopulation","facec"
99,"two_round_crossfit",0.608937509822057,0.0102719414438579,0.0236497624830906,FALSE,0.0402652705625317,5000,3,10,"C1","none","superpopulation","facec"
99,"target_only",0.601273515781642,0.0181666679121177,0.0159857684426755,TRUE,0.0712120296537002,5000,3,10,"C1","none","superpopulation","facec"
99,"sample_size",0.616855790081529,0.0106891904371499,0.0315680427425622,FALSE,0.0419008565614074,5000,3,10,"C1","none","superpopulation","facec"
99,"inverse_variance",0.61777964535882,0.0136984161319636,0.0324918980198539,FALSE,0.0536968045277821,5000,3,10,"C1","none","superpopulation","facec"
99,"federated_dr",0.608315201211702,0.0111705832833435,0.0230274538727361,FALSE,0.0437878818433168,5000,3,10,"C1","none","superpopulation","facec"
99,"pooled_dr",0.607343255598288,0.0117944845402868,0.0220555082593213,TRUE,0.0462335298303531,5000,3,10,"C1","none","superpopulation","facec"
99,"tilted_aipw",0.602746742942779,0.0121185163836838,0.0174589956038128,TRUE,0.0475037113161578,5000,3,10,"C1","none","superpopulation","facec"
99,"oracle_dr",0.604113167223341,0.0123287093378165,0.0188254198843743,TRUE,0.0483276525559659,5000,3,10,"C1","none","superpopulation","facec"
100,"one_round_crossfit",0.601575581694579,0.0102575379207368,0.0162878343556131,TRUE,0.040208809789396,5000,3,10,"C1","none","superpopulation","facec"
100,"two_round_crossfit",0.602687590408668,0.010314702645822,0.0173998430697019,TRUE,0.0404328913941021,5000,3,10,"C1","none","superpopulation","facec"
100,"target_only",0.620250751833146,0.0186063587416417,0.0349630044941792,TRUE,0.0729355860340997,5000,3,10,"C1","none","superpopulation","facec"
100,"sample_size",0.603611312782909,0.0211323710249475,0.0183235654439424,TRUE,0.0828373722336697,5000,3,10,"C1","none","superpopulation","facec"
100,"inverse_variance",0.601875492382253,0.021074881756576,0.0165877450432864,TRUE,0.0826120184426586,5000,3,10,"C1","none","superpopulation","facec"
100,"federated_dr",0.600550192505063,0.0117978890483255,0.0152624451660968,TRUE,0.0462468752566352,5000,3,10,"C1","none","superpopulation","facec"
100,"pooled_dr",0.599339977243109,0.0123243630438625,0.0140522299041427,TRUE,0.0483106153967336,5000,3,10,"C1","none","superpopulation","facec"
100,"tilted_aipw",0.596384916305962,0.0126111736004423,0.0110971689669961,TRUE,0.0494348921192984,5000,3,10,"C1","none","superpopulation","facec"
100,"oracle_dr",0.585527227652169,0.0120960355668502,0.000239480313202423,TRUE,0.0474155881334839,5000,3,10,"C1","none","superpopulation","facec"
101,"one_round_crossfit",0.577655418882501,0.0103067197134069,-0.00763232845646578,TRUE,0.0404015988740531,5000,3,10,"C1","none","superpopulation","facec"
101,"two_round_crossfit",0.577611541752718,0.0103529373483932,-0.00767620558624849,TRUE,0.0405827686741007,5000,3,10,"C1","none","superpopulation","facec"
101,"target_only",0.578437200388067,0.019051189973601,-0.00685054695089904,TRUE,0.074679292421777,5000,3,10,"C1","none","superpopulation","facec"
101,"sample_size",0.59287699355465,0.0115656970387121,0.0075892462156838,TRUE,0.0453366993039546,5000,3,10,"C1","none","superpopulation","facec"
101,"inverse_variance",0.592656939717316,0.0140546314571653,0.0073691923783501,TRUE,0.0550931429440553,5000,3,10,"C1","none","superpopulation","facec"
101,"federated_dr",0.579145177446677,0.0117939554020601,-0.00614256989228978,TRUE,0.0462314556466188,5000,3,10,"C1","none","superpopulation","facec"
101,"pooled_dr",0.583927174761116,0.011890385985158,-0.00136057257784994,TRUE,0.0466094565863788,5000,3,10,"C1","none","superpopulation","facec"
101,"tilted_aipw",0.567246613166349,0.0129349505794796,-0.0180411341726172,TRUE,0.0507040745551708,5000,3,10,"C1","none","superpopulation","facec"
101,"oracle_dr",0.585878145295978,0.0124193150999111,0.000590397957011213,TRUE,0.0486828206169603,5000,3,10,"C1","none","superpopulation","facec"
102,"one_round_crossfit",0.595252049221897,0.0102882748418115,0.00996430188293107,TRUE,0.0403292963060002,5000,3,10,"C1","none","superpopulation","facec"
102,"two_round_crossfit",0.59384642190948,0.0103121728638353,0.0085586745705134,TRUE,0.0404229748309368,5000,3,10,"C1","none","superpopulation","facec"
102,"target_only",0.569197463289933,0.0182750372899432,-0.0160902840490335,TRUE,0.0716368298088301,5000,3,10,"C1","none","superpopulation","facec"
102,"sample_size",0.600282418343065,0.0253028079646286,0.0149946710040989,TRUE,0.0991851846368106,5000,3,10,"C1","none","superpopulation","facec"
102,"inverse_variance",0.600275344299061,0.0251725785035748,0.014987596960095,TRUE,0.0986746945300276,5000,3,10,"C1","none","superpopulation","facec"
102,"federated_dr",0.592701810259254,0.011767472883702,0.00741406292028723,TRUE,0.0461276460822153,5000,3,10,"C1","none","superpopulation","facec"
102,"pooled_dr",0.58987563774653,0.0126578142268715,0.00458789040756336,TRUE,0.0496177200153336,5000,3,10,"C1","none","superpopulation","facec"
102,"tilted_aipw",0.591321956022129,0.013061715965381,0.00603420868316218,TRUE,0.0512009857368774,5000,3,10,"C1","none","superpopulation","facec"
102,"oracle_dr",0.591903410724127,0.0123109437397875,0.00661566338516018,TRUE,0.0482580126913645,5000,3,10,"C1","none","superpopulation","facec"
103,"one_round_crossfit",0.581990469716067,0.010163777259236,-0.003297277622899,TRUE,0.0398412747499794,5000,3,10,"C1","none","superpopulation","facec"
103,"two_round_crossfit",0.579942288394821,0.0102658458433141,-0.0053454589441454,TRUE,0.0402413762474718,5000,3,10,"C1","none","superpopulation","facec"
103,"target_only",0.586689887593233,0.018047254841661,0.00140214025426622,TRUE,0.0707439390189435,5000,3,10,"C1","none","superpopulation","facec"
103,"sample_size",0.591641758469673,0.0186944499858184,0.00635401113070655,TRUE,0.0732808973659786,5000,3,10,"C1","none","superpopulation","facec"
103,"inverse_variance",0.590924349125097,0.0187489111267016,0.00563660178613046,TRUE,0.073494381115355,5000,3,10,"C1","none","superpopulation","facec"
103,"federated_dr",0.57842083039123,0.0120161649154587,-0.00686691694773645,TRUE,0.0471025009331856,5000,3,10,"C1","none","superpopulation","facec"
103,"pooled_dr",0.583595011354851,0.0126917018727963,-0.00169273598411568,TRUE,0.0497505571464005,5000,3,10,"C1","none","superpopulation","facec"
103,"tilted_aipw",0.576286564652592,0.0134407443229995,-0.00900118268637429,TRUE,0.0526867495969803,5000,3,10,"C1","none","superpopulation","facec"
103,"oracle_dr",0.581091355225267,0.0125355359040583,-0.00419639211369982,TRUE,0.0491383977977262,5000,3,10,"C1","none","superpopulation","facec"
104,"one_round_crossfit",0.573586002010968,0.0102186665323963,-0.0117017453279984,TRUE,0.0400564367470431,5000,3,10,"C1","none","superpopulation","facec"
104,"two_round_crossfit",0.577444826260563,0.0102217765729886,-0.00784292107840312,TRUE,0.040068627882146,5000,3,10,"C1","none","superpopulation","facec"
104,"target_only",0.539165437203952,0.0181135481605979,-0.0461223101350146,FALSE,0.0710038040540071,5000,3,10,"C1","none","superpopulation","facec"
104,"sample_size",0.588302648263221,0.0232843395888761,0.00301490092425416,TRUE,0.0912729339959946,5000,3,10,"C1","none","superpopulation","facec"
104,"inverse_variance",0.589346411965926,0.0232078084276187,0.00405866462695981,TRUE,0.0909729373564756,5000,3,10,"C1","none","superpopulation","facec"
104,"federated_dr",0.574078292972646,0.0114184661085279,-0.0112094543663203,TRUE,0.0447595646628118,5000,3,10,"C1","none","superpopulation","facec"
104,"pooled_dr",0.573754503712075,0.0117207063521341,-0.011533243626891,TRUE,0.0459443246471054,5000,3,10,"C1","none","superpopulation","facec"
104,"tilted_aipw",0.575509204575137,0.0131145125656266,-0.00977854276382972,TRUE,0.0514079446068521,5000,3,10,"C1","none","superpopulation","facec"
104,"oracle_dr",0.585299256446483,0.0126925705128426,1.15091075169049e-05,TRUE,0.0497539621528131,5000,3,10,"C1","none","superpopulation","facec"
105,"one_round_crossfit",0.588369036086985,0.0101991191512909,0.00308128874801816,TRUE,0.0399798124211257,5000,3,10,"C1","none","superpopulation","facec"
105,"two_round_crossfit",0.585873852302939,0.0102106009627757,0.000586104963972156,TRUE,0.040024820295101,5000,3,10,"C1","none","superpopulation","facec"
105,"target_only",0.585764762257476,0.0176571050719376,0.000477014918509489,TRUE,0.0692145800244746,5000,3,10,"C1","none","superpopulation","facec"
105,"sample_size",0.595366635101648,0.0136045811876324,0.0100788877626821,TRUE,0.0533289783050215,5000,3,10,"C1","none","superpopulation","facec"
105,"inverse_variance",0.595592565350907,0.0153336022201077,0.0103048180119406,TRUE,0.0601066162093489,5000,3,10,"C1","none","superpopulation","facec"
105,"federated_dr",0.589057837279208,0.0115959125891544,0.00377008994024119,TRUE,0.0454551420852345,5000,3,10,"C1","none","superpopulation","facec"
105,"pooled_dr",0.584725386338737,0.0124173761796384,-0.000562361000228884,TRUE,0.0486752201891538,5000,3,10,"C1","none","superpopulation","facec"
105,"tilted_aipw",0.584973397096864,0.0132188325095998,-0.00031435024210269,TRUE,0.0518168712729659,5000,3,10,"C1","none","superpopulation","facec"
105,"oracle_dr",0.58592977604759,0.0123918829649923,0.000642028708623732,TRUE,0.0485752886240405,5000,3,10,"C1","none","superpopulation","facec"
106,"one_round_crossfit",0.591128956207435,0.0102875272071472,0.00584120886846895,TRUE,0.040326365631969,5000,3,10,"C1","none","superpopulation","facec"
106,"two_round_crossfit",0.592680692898286,0.0103265282794085,0.00739294555931935,TRUE,0.0404792470259503,5000,3,10,"C1","none","superpopulation","facec"
106,"target_only",0.592935979219671,0.0184139182727533,0.00764823188070463,TRUE,0.072181233257721,5000,3,10,"C1","none","superpopulation","facec"
106,"sample_size",0.603114341052583,0.0106409487688358,0.0178265937136163,TRUE,0.0417117526965081,5000,3,10,"C1","none","superpopulation","facec"
106,"inverse_variance",0.603979274169473,0.0135445910702601,0.0186915268305063,TRUE,0.0530938213660652,5000,3,10,"C1","none","superpopulation","facec"
106,"federated_dr",0.589645904337408,0.0114956179901798,0.00435815699844144,TRUE,0.0450619944815662,5000,3,10,"C1","none","superpopulation","facec"
106,"pooled_dr",0.589845795184231,0.0118386652389814,0.00455804784526437,TRUE,0.0464067149868599,5000,3,10,"C1","none","superpopulation","facec"
106,"tilted_aipw",0.578502196659912,0.0128551953471065,-0.00678555067905395,TRUE,0.0503914397891112,5000,3,10,"C1","none","superpopulation","facec"
106,"oracle_dr",0.591860874681793,0.0122923360086737,0.00657312734282689,TRUE,0.0481850717257306,5000,3,10,"C1","none","superpopulation","facec"
107,"one_round_crossfit",0.575475818646758,0.0102831182292984,-0.0098119286922087,TRUE,0.0403090827563843,5000,3,10,"C1","none","superpopulation","facec"
107,"two_round_crossfit",0.57645836468088,0.010273976063757,-0.00882938265808608,TRUE,0.0402732461259805,5000,3,10,"C1","none","superpopulation","facec"
107,"target_only",0.569520587074312,0.0188146323249515,-0.0157671602646541,TRUE,0.0737520034785362,5000,3,10,"C1","none","superpopulation","facec"
107,"sample_size",0.588420691822646,0.0200620062920692,0.00313294448367984,TRUE,0.0786416195801434,5000,3,10,"C1","none","superpopulation","facec"
107,"inverse_variance",0.587920768671769,0.020014773185334,0.00263302133280308,TRUE,0.0784564692039853,5000,3,10,"C1","none","superpopulation","facec"
107,"federated_dr",0.57494106731326,0.0120973196265958,-0.0103466800257059,TRUE,0.0474206215551947,5000,3,10,"C1","none","superpopulation","facec"
107,"pooled_dr",0.573013310710763,0.0125013757159344,-0.0122744366282035,TRUE,0.0490044923208701,5000,3,10,"C1","none","superpopulation","facec"
107,"tilted_aipw",0.569489683476597,0.0133006542197057,-0.0157980638623691,TRUE,0.0521376064828876,5000,3,10,"C1","none","superpopulation","facec"
107,"oracle_dr",0.579004722317869,0.0122481617704832,-0.00628302502109745,TRUE,0.0480119118939346,5000,3,10,"C1","none","superpopulation","facec"
108,"one_round_crossfit",0.584623064137344,0.0102342292162688,-0.000664683201622274,TRUE,0.040117441346829,5000,3,10,"C1","none","superpopulation","facec"
108,"two_round_crossfit",0.583520209349462,0.0102383383508641,-0.00176753798950446,TRUE,0.0401335488584575,5000,3,10,"C1","none","superpopulation","facec"
108,"target_only",0.558516429586681,0.0183520032837452,-0.0267713177522855,TRUE,0.0719385309606027,5000,3,10,"C1","none","superpopulation","facec"
108,"sample_size",0.590176492827717,0.0201377111112097,0.0048887454887504,TRUE,0.078938377018086,5000,3,10,"C1","none","superpopulation","facec"
108,"inverse_variance",0.591208273774694,0.020051994269553,0.00592052643572727,TRUE,0.0786023731730547,5000,3,10,"C1","none","superpopulation","facec"
108,"federated_dr",0.585625244623289,0.0114843502502392,0.000337497284322419,TRUE,0.045017825752625,5000,3,10,"C1","none","superpopulation","facec"
108,"pooled_dr",0.584652980674085,0.0121235166232849,-0.000634766664881603,TRUE,0.0475233118952221,5000,3,10,"C1","none","superpopulation","facec"
108,"tilted_aipw",0.578620681298907,0.0123811832911947,-0.00666706604005984,TRUE,0.0485333466734612,5000,3,10,"C1","none","superpopulation","facec"
108,"oracle_dr",0.597110589097162,0.0122524088004867,0.0118228417581957,TRUE,0.0480285599456309,5000,3,10,"C1","none","superpopulation","facec"
109,"one_round_crossfit",0.597307082467111,0.0100695537855143,0.0120193351281443,TRUE,0.0394719255199942,5000,3,10,"C1","none","superpopulation","facec"
109,"two_round_crossfit",0.596988392403302,0.0102107567426754,0.011700645064336,TRUE,0.0400254309410866,5000,3,10,"C1","none","superpopulation","facec"
109,"target_only",0.582038681799517,0.0180620902701524,-0.00324906553944893,TRUE,0.0708020928300201,5000,3,10,"C1","none","superpopulation","facec"
109,"sample_size",0.603146003018567,0.0201847404867852,0.0178582556796005,TRUE,0.0791227287827729,5000,3,10,"C1","none","superpopulation","facec"
109,"inverse_variance",0.602778292032226,0.0201243515421324,0.0174905446932592,TRUE,0.0788860084696053,5000,3,10,"C1","none","superpopulation","facec"
109,"federated_dr",0.595033053926979,0.0115718845238307,0.00974530658801309,TRUE,0.0453609537999291,5000,3,10,"C1","none","superpopulation","facec"
109,"pooled_dr",0.59287231498629,0.0120814911507576,0.00758456764732385,TRUE,0.0473585750700487,5000,3,10,"C1","none","superpopulation","facec"
109,"tilted_aipw",0.600644353751184,0.0125495601441547,0.015356606412218,TRUE,0.0491933718087252,5000,3,10,"C1","none","superpopulation","facec"
109,"oracle_dr",0.594874888532842,0.0122707003491407,0.00958714119387527,TRUE,0.0481002614987975,5000,3,10,"C1","none","superpopulation","facec"
110,"one_round_crossfit",0.577893615526535,0.0100872509612679,-0.00739413181243098,TRUE,0.0395412971742044,5000,3,10,"C1","none","superpopulation","facec"
110,"two_round_crossfit",0.578849941602727,0.0101281255404895,-0.00643780573623964,TRUE,0.0397015225805193,5000,3,10,"C1","none","superpopulation","facec"
110,"target_only",0.597650914882056,0.0184810350998232,0.0123631675430901,TRUE,0.072444326385348,5000,3,10,"C1","none","superpopulation","facec"
110,"sample_size",0.584925545279407,0.00977629526406354,-0.000362202059558947,TRUE,0.0383223732395881,5000,3,10,"C1","none","superpopulation","facec"
110,"inverse_variance",0.585139022989084,0.0114846698004936,-0.000148724349882556,TRUE,0.0450190783666047,5000,3,10,"C1","none","superpopulation","facec"
110,"federated_dr",0.580647183110405,0.0116964812741377,-0.00464056422856096,TRUE,0.045849364086314,5000,3,10,"C1","none","superpopulation","facec"
110,"pooled_dr",0.580425688167095,0.0122418028091036,-0.00486205917187177,TRUE,0.0479869852233685,5000,3,10,"C1","none","superpopulation","facec"
110,"tilted_aipw",0.576486884942215,0.0130026129320795,-0.00880086239675182,TRUE,0.0509693061035812,5000,3,10,"C1","none","superpopulation","facec"
110,"oracle_dr",0.580705847633328,0.0123804860821259,-0.00458189970563883,TRUE,0.0485306136641321,5000,3,10,"C1","none","superpopulation","facec"
111,"one_round_crossfit",0.596927136092178,0.0103140254148557,0.0116393887532118,TRUE,0.040430236697496,5000,3,10,"C1","none","superpopulation","facec"
111,"two_round_crossfit",0.595427008255417,0.0102379819986795,0.0101392609164509,TRUE,0.0401321519835625,5000,3,10,"C1","none","superpopulation","facec"
111,"target_only",0.58076461636741,0.0186736198887973,-0.00452313097155621,TRUE,0.073199244886067,5000,3,10,"C1","none","superpopulation","facec"
111,"sample_size",0.606537928672579,0.0193037992111363,0.0212501813336128,TRUE,0.0756695024372396,5000,3,10,"C1","none","superpopulation","facec"
111,"inverse_variance",0.605984792636386,0.0192556522970121,0.0206970452974193,TRUE,0.0754807700019393,5000,3,10,"C1","none","superpopulation","facec"
111,"federated_dr",0.594484390978053,0.0116119965251775,0.00919664363908612,TRUE,0.0455181899559043,5000,3,10,"C1","none","superpopulation","facec"
111,"pooled_dr",0.593666321730235,0.0119139434844907,0.00837857439126832,TRUE,0.0467018002868949,5000,3,10,"C1","none","superpopulation","facec"
111,"tilted_aipw",0.595846992299364,0.0128016074840957,0.0105592449603975,TRUE,0.0501813792260917,5000,3,10,"C1","none","superpopulation","facec"
111,"oracle_dr",0.598015729676685,0.012290768188423,0.0127279823377184,TRUE,0.0481789259832794,5000,3,10,"C1","none","superpopulation","facec"
112,"one_round_crossfit",0.589035744704304,0.0101123311652122,0.00374799736533771,TRUE,0.0396396097671157,5000,3,10,"C1","none","superpopulation","facec"
112,"two_round_crossfit",0.591466130066543,0.0102371178041562,0.00617838272757698,TRUE,0.0401287644032797,5000,3,10,"C1","none","superpopulation","facec"
112,"target_only",0.575135810521,0.0189538526259524,-0.0101519368179667,TRUE,0.0742977370302933,5000,3,10,"C1","none","superpopulation","facec"
112,"sample_size",0.600177195800596,0.0282345477116203,0.0148894484616293,TRUE,0.110677393269107,5000,3,10,"C1","none","superpopulation","facec"
112,"inverse_variance",0.598991466533029,0.0281463517455581,0.0137037191940625,TRUE,0.11033167143498,5000,3,10,"C1","none","superpopulation","facec"
112,"federated_dr",0.587659226878448,0.0117785414285475,0.0023714795394818,TRUE,0.0461710339807322,5000,3,10,"C1","none","superpopulation","facec"
112,"pooled_dr",0.587125111035784,0.0120125009316295,0.00183736369681775,TRUE,0.0470881383804951,5000,3,10,"C1","none","superpopulation","facec"
112,"tilted_aipw",0.593951139903323,0.0129176800310558,0.008663392564357,TRUE,0.0506363752493633,5000,3,10,"C1","none","superpopulation","facec"
112,"oracle_dr",0.59019093448302,0.0123046870448416,0.00490318714405324,TRUE,0.048233486897852,5000,3,10,"C1","none","superpopulation","facec"
113,"one_round_crossfit",0.584030787202029,0.0103261386617696,-0.00125696013693766,TRUE,0.0404777197528703,5000,3,10,"C1","none","superpopulation","facec"
113,"two_round_crossfit",0.58613029273137,0.010287565754146,0.000842545392403471,TRUE,0.0403265167334275,5000,3,10,"C1","none","superpopulation","facec"
113,"target_only",0.589234252401713,0.0180531420694058,0.0039465050627463,TRUE,0.0707670165276406,5000,3,10,"C1","none","superpopulation","facec"
113,"sample_size",0.60161909995497,0.0128809488450993,0.016331352616004,TRUE,0.0504923916461948,5000,3,10,"C1","none","superpopulation","facec"
113,"inverse_variance",0.60192072453119,0.0148148344409055,0.0166329771922238,TRUE,0.0580730838821968,5000,3,10,"C1","none","superpopulation","facec"
113,"federated_dr",0.586376648439547,0.0121176580607868,0.00108890110058057,TRUE,0.047500346752227,5000,3,10,"C1","none","superpopulation","facec"
113,"pooled_dr",0.586229436139927,0.0129801083968985,0.000941688800960461,TRUE,0.0508810899466943,5000,3,10,"C1","none","superpopulation","facec"
113,"tilted_aipw",0.581897546122754,0.0135923942552354,-0.00339020121621214,TRUE,0.0532812064078609,5000,3,10,"C1","none","superpopulation","facec"
113,"oracle_dr",0.580437630979598,0.0123804943636486,-0.00485011635936838,TRUE,0.0485306461271049,5000,3,10,"C1","none","superpopulation","facec"
114,"one_round_crossfit",0.589970603771673,0.0101863190747325,0.00468285643270683,TRUE,0.0399296370430182,5000,3,10,"C1","none","superpopulation","facec"
114,"two_round_crossfit",0.590100765485246,0.0103335495579709,0.00481301814627921,TRUE,0.0405067699321655,5000,3,10,"C1","none","superpopulation","facec"
114,"target_only",0.588581889345557,0.0191126322478232,0.00329414200659062,TRUE,0.0749201417109846,5000,3,10,"C1","none","superpopulation","facec"
114,"sample_size",0.603897166226636,0.018184420900725,0.0186094188876696,TRUE,0.0712816200902768,5000,3,10,"C1","none","superpopulation","facec"
114,"inverse_variance",0.603095979709862,0.0183824447960892,0.017808232370896,TRUE,0.0720578594962613,5000,3,10,"C1","none","superpopulation","facec"
114,"federated_dr",0.585722725553053,0.0118361440877199,0.000434978214086779,TRUE,0.0463968322555155,5000,3,10,"C1","none","superpopulation","facec"
114,"pooled_dr",0.583277385021879,0.0121929252835474,-0.00201036231708773,TRUE,0.0477953888438813,5000,3,10,"C1","none","superpopulation","facec"
114,"tilted_aipw",0.578878979368413,0.0130824471814689,-0.00640876797055334,TRUE,0.0512822506106529,5000,3,10,"C1","none","superpopulation","facec"
114,"oracle_dr",0.584154799627102,0.0124292588213578,-0.0011329477118639,TRUE,0.0487217992887761,5000,3,10,"C1","none","superpopulation","facec"
115,"one_round_crossfit",0.592384464773163,0.0102570471146491,0.00709671743419626,TRUE,0.0402068858648854,5000,3,10,"C1","none","superpopulation","facec"
115,"two_round_crossfit",0.592054139894237,0.0102550621588586,0.00676639255527056,TRUE,0.040199104981165,5000,3,10,"C1","none","superpopulation","facec"
115,"target_only",0.571675222298302,0.0183214972116183,-0.0136125250406647,TRUE,0.0718189493552459,5000,3,10,"C1","none","superpopulation","facec"
115,"sample_size",0.606974937166898,0.0256407678690318,0.0216871898279317,TRUE,0.100509963118508,5000,3,10,"C1","none","superpopulation","facec"
115,"inverse_variance",0.606643792543247,0.0255546606289726,0.0213560452042805,TRUE,0.10017242893986,5000,3,10,"C1","none","superpopulation","facec"
115,"federated_dr",0.597488868596151,0.0114995044609235,0.012201121257185,TRUE,0.0450772291669357,5000,3,10,"C1","none","superpopulation","facec"
115,"pooled_dr",0.597635403784827,0.0121028275574468,0.0123476564458604,TRUE,0.0474422122473894,5000,3,10,"C1","none","superpopulation","facec"
115,"tilted_aipw",0.597500476338322,0.0124292667408561,0.0122127289993554,TRUE,0.0487218303326389,5000,3,10,"C1","none","superpopulation","facec"
115,"oracle_dr",0.599462237687085,0.0122275014475025,0.0141744903481186,TRUE,0.0479309249160327,5000,3,10,"C1","none","superpopulation","facec"
116,"one_round_crossfit",0.598081760451731,0.0103643568856113,0.012794013112765,TRUE,0.0406275324374357,5000,3,10,"C1","none","superpopulation","facec"
116,"two_round_crossfit",0.600572090758126,0.0102619199211212,0.01528434341916,TRUE,0.0402259869152635,5000,3,10,"C1","none","superpopulation","facec"
116,"target_only",0.58907040268425,0.0178432617284652,0.00378265534528366,TRUE,0.0699443007090272,5000,3,10,"C1","none","superpopulation","facec"
116,"sample_size",0.617669333400856,0.0283998879117775,0.0323815860618895,TRUE,0.111325514944117,5000,3,10,"C1","none","superpopulation","facec"
116,"inverse_variance",0.616301449378749,0.0282570275530055,0.0310137020397829,TRUE,0.110765512628093,5000,3,10,"C1","none","superpopulation","facec"
116,"federated_dr",0.599592358435484,0.0117819499811678,0.0143046110965176,TRUE,0.0461843952614827,5000,3,10,"C1","none","superpopulation","facec"
116,"pooled_dr",0.602258683604538,0.0122300436394691,0.0169709362655716,TRUE,0.0479408901254252,5000,3,10,"C1","none","superpopulation","facec"
116,"tilted_aipw",0.595290785588531,0.0129353531114117,0.0100030382495642,TRUE,0.0507056524513503,5000,3,10,"C1","none","superpopulation","facec"
116,"oracle_dr",0.600949724055833,0.0120005886437571,0.0156619767168671,TRUE,0.0470414430700885,5000,3,10,"C1","none","superpopulation","facec"
117,"one_round_crossfit",0.587446309519111,0.0102739162133343,0.00215856218014421,TRUE,0.0402730115166348,5000,3,10,"C1","none","superpopulation","facec"
117,"two_round_crossfit",0.58922382658297,0.0102595646491266,0.00393607924400374,TRUE,0.0402167544186967,5000,3,10,"C1","none","superpopulation","facec"
117,"target_only",0.585915517570879,0.0182738282632156,0.000627770231912739,TRUE,0.0716320905111452,5000,3,10,"C1","none","superpopulation","facec"
117,"sample_size",0.601626229214152,0.0210736108909264,0.0163384818751855,TRUE,0.0826070367408533,5000,3,10,"C1","none","superpopulation","facec"
117,"inverse_variance",0.600756831832243,0.0210147276108354,0.0154690844932766,TRUE,0.0823762185243138,5000,3,10,"C1","none","superpopulation","facec"
117,"federated_dr",0.587088527388586,0.0114270910548873,0.00180078004961981,TRUE,0.044793373831278,5000,3,10,"C1","none","superpopulation","facec"
117,"pooled_dr",0.589155120909593,0.0118172866625246,0.00386737357062661,TRUE,0.0463229125070677,5000,3,10,"C1","none","superpopulation","facec"
117,"tilted_aipw",0.58518660167976,0.0124155407052804,-0.000101145659205937,TRUE,0.0486680252618812,5000,3,10,"C1","none","superpopulation","facec"
117,"oracle_dr",0.581124817989474,0.0124134611356606,-0.00416292934949203,TRUE,0.0486598734987651,5000,3,10,"C1","none","superpopulation","facec"
118,"one_round_crossfit",0.591516012271598,0.0101641757031901,0.00622826493263151,TRUE,0.0398428366215793,5000,3,10,"C1","none","superpopulation","facec"
118,"two_round_crossfit",0.592362282272096,0.010125304504743,0.00707453493312971,TRUE,0.0396904643235949,5000,3,10,"C1","none","superpopulation","facec"
118,"target_only",0.614016403442551,0.0181277930516692,0.0287286561035844,TRUE,0.071059643000934,5000,3,10,"C1","none","superpopulation","facec"
118,"sample_size",0.599049614081945,0.0125073943579807,0.0137618667429784,TRUE,0.0490280849641633,5000,3,10,"C1","none","superpopulation","facec"
118,"inverse_variance",0.598498024052311,0.0144758368080422,0.0132102767133451,TRUE,0.0567442375796838,5000,3,10,"C1","none","superpopulation","facec"
118,"federated_dr",0.593512497544167,0.0117619588662251,0.00822475020520086,TRUE,0.0461060315308854,5000,3,10,"C1","none","superpopulation","facec"
118,"pooled_dr",0.591842340594277,0.0121838091795457,0.00655459325531094,TRUE,0.0477596543728362,5000,3,10,"C1","none","superpopulation","facec"
118,"tilted_aipw",0.595137875597621,0.0129135361204315,0.0098501282586545,TRUE,0.0506201314182058,5000,3,10,"C1","none","superpopulation","facec"
118,"oracle_dr",0.584144117029703,0.0122443924067295,-0.00114363030926368,TRUE,0.0479971362595308,5000,3,10,"C1","none","superpopulation","facec"
119,"one_round_crossfit",0.593153263241229,0.0103130897118598,0.0078655159022627,TRUE,0.0404265688091516,5000,3,10,"C1","none","superpopulation","facec"
119,"two_round_crossfit",0.592666101791699,0.0103624194844256,0.00737835445273261,TRUE,0.0406199379643406,5000,3,10,"C1","none","superpopulation","facec"
119,"target_only",0.571439603211522,0.0183744821224954,-0.0138481441274443,TRUE,0.0720266463893322,5000,3,10,"C1","none","superpopulation","facec"
119,"sample_size",0.601894241270351,0.0217462840887475,0.0166064939313847,TRUE,0.0852438672230431,5000,3,10,"C1","none","superpopulation","facec"
119,"inverse_variance",0.601478318907772,0.0216866509256655,0.0161905715688061,TRUE,0.0850101095191931,5000,3,10,"C1","none","superpopulation","facec"
119,"federated_dr",0.590236505283129,0.0121931909061297,0.00494875794416272,TRUE,0.0477964300652709,5000,3,10,"C1","none","superpopulation","facec"
119,"pooled_dr",0.589813078427407,0.0125475938431971,0.004525331088441,TRUE,0.0491856640506056,5000,3,10,"C1","none","superpopulation","facec"
119,"tilted_aipw",0.589086366278856,0.0145290853889429,0.00379861893988998,TRUE,0.0569529681812704,5000,3,10,"C1","none","superpopulation","facec"
119,"oracle_dr",0.592348027959193,0.0125481667846749,0.00706028062022646,TRUE,0.0491879099399291,5000,3,10,"C1","none","superpopulation","facec"
120,"one_round_crossfit",0.588853539865451,0.0101437004397528,0.00356579252648481,TRUE,0.0397625750637574,5000,3,10,"C1","none","superpopulation","facec"
120,"two_round_crossfit",0.589911312316684,0.010191838394488,0.00462356497771732,TRUE,0.0399512723788977,5000,3,10,"C1","none","superpopulation","facec"
120,"target_only",0.539924305373788,0.0183038677483804,-0.0453634419651787,FALSE,0.0717498431292194,5000,3,10,"C1","none","superpopulation","facec"
120,"sample_size",0.597290065428126,0.0246707402444479,0.0120023180891596,TRUE,0.0967075247021216,5000,3,10,"C1","none","superpopulation","facec"
120,"inverse_variance",0.599899979553335,0.0245130578975399,0.0146122322143687,TRUE,0.0960894212602466,5000,3,10,"C1","none","superpopulation","facec"
120,"federated_dr",0.586735092159873,0.0109781655591376,0.00144734482090636,TRUE,0.0430336182244555,5000,3,10,"C1","none","superpopulation","facec"
120,"pooled_dr",0.586787454238733,0.0115575203490338,0.00149970689976631,TRUE,0.0453046472693899,5000,3,10,"C1","none","superpopulation","facec"
120,"tilted_aipw",0.579674278411678,0.0121301301138623,-0.00561346892728809,TRUE,0.0475492363019099,5000,3,10,"C1","none","superpopulation","facec"
120,"oracle_dr",0.590402680799543,0.0123748377032243,0.00511493346057668,TRUE,0.0485084724256959,5000,3,10,"C1","none","superpopulation","facec"
121,"one_round_crossfit",0.595302219533254,0.0100574419088701,0.0100144721942875,TRUE,0.0394244478359784,5000,3,10,"C1","none","superpopulation","facec"
121,"two_round_crossfit",0.594721064346671,0.010147908309035,0.009433317007705,TRUE,0.0397790696082465,5000,3,10,"C1","none","superpopulation","facec"
121,"target_only",0.593923094964862,0.0179546794592168,0.00863534762589513,TRUE,0.070381050188052,5000,3,10,"C1","none","superpopulation","facec"
121,"sample_size",0.59950130303195,0.0169616470664943,0.0142135556929835,TRUE,0.0664884347376165,5000,3,10,"C1","none","superpopulation","facec"
121,"inverse_variance",0.598611682607678,0.0177707856962708,0.0133239352687116,TRUE,0.0696601998833408,5000,3,10,"C1","none","superpopulation","facec"
121,"federated_dr",0.591523263362895,0.0114029180410608,0.00623551602392891,TRUE,0.0446986173582822,5000,3,10,"C1","none","superpopulation","facec"
121,"pooled_dr",0.591612567083249,0.0118823830205321,0.00632481974428234,TRUE,0.0465780855415063,5000,3,10,"C1","none","superpopulation","facec"
121,"tilted_aipw",0.58106865595414,0.012622064353862,-0.00421909138482612,TRUE,0.0494775830882326,5000,3,10,"C1","none","superpopulation","facec"
121,"oracle_dr",0.592012857348383,0.0126009252483127,0.00672511000941667,TRUE,0.0493947193171489,5000,3,10,"C1","none","superpopulation","facec"
122,"one_round_crossfit",0.594370866076593,0.0102412224526414,0.00908311873762691,TRUE,0.0401448543296801,5000,3,10,"C1","none","superpopulation","facec"
122,"two_round_crossfit",0.597511349110646,0.010135717289879,0.0122236017716799,TRUE,0.0397312816912856,5000,3,10,"C1","none","superpopulation","facec"
122,"target_only",0.587093643002455,0.0182443197715689,0.00180589566348899,TRUE,0.071516419349414,5000,3,10,"C1","none","superpopulation","facec"
122,"sample_size",0.605929927800182,0.0116404370827896,0.0206421804612155,TRUE,0.0456296748931442,5000,3,10,"C1","none","superpopulation","facec"
122,"inverse_variance",0.606653595331596,0.0140168251198842,0.0213658479926296,TRUE,0.0549449448251387,5000,3,10,"C1","none","superpopulation","facec"
122,"federated_dr",0.589509211116279,0.0118613050310184,0.00422146377731258,TRUE,0.0464954613408797,5000,3,10,"C1","none","superpopulation","facec"
122,"pooled_dr",0.589077707170905,0.0123393516953693,0.00378995983193819,TRUE,0.0483693698309944,5000,3,10,"C1","none","superpopulation","facec"
122,"tilted_aipw",0.584838498472686,0.01281070721697,-0.000449248866280394,TRUE,0.0502170495234973,5000,3,10,"C1","none","superpopulation","facec"
122,"oracle_dr",0.586144761548485,0.0121690860263016,0.000857014209519003,TRUE,0.0477019406726413,5000,3,10,"C1","none","superpopulation","facec"
123,"one_round_crossfit",0.617710182418791,0.00999767619493958,0.0324224350798249,FALSE,0.0391901705423501,5000,3,10,"C1","none","superpopulation","facec"
123,"two_round_crossfit",0.61434173917138,0.0100157819265303,0.029053991832414,FALSE,0.0392611437060133,5000,3,10,"C1","none","superpopulation","facec"
123,"target_only",0.621118031610134,0.01826957414995,0.0358302842711672,FALSE,0.0716154146935719,5000,3,10,"C1","none","superpopulation","facec"
123,"sample_size",0.619735222882164,0.0108001256550186,0.0344474755431978,FALSE,0.0423357146246872,5000,3,10,"C1","none","superpopulation","facec"
123,"inverse_variance",0.620130492758464,0.0133247813078703,0.0348427454194974,FALSE,0.0522321829305967,5000,3,10,"C1","none","superpopulation","facec"
123,"federated_dr",0.618260543906156,0.0118814994220737,0.0329727965671897,FALSE,0.0465746218991958,5000,3,10,"C1","none","superpopulation","facec"
123,"pooled_dr",0.614786505306561,0.0126938234103089,0.0294987579675944,FALSE,0.0497588734206336,5000,3,10,"C1","none","superpopulation","facec"
123,"tilted_aipw",0.621990566781856,0.0128469821666361,0.03670281944289,FALSE,0.0503592447132701,5000,3,10,"C1","none","superpopulation","facec"
123,"oracle_dr",0.603993341638924,0.012142487046227,0.0187055942999581,TRUE,0.0475976745866982,5000,3,10,"C1","none","superpopulation","facec"
124,"one_round_crossfit",0.597440338540718,0.010251492047015,0.0121525912017519,TRUE,0.0401851103998963,5000,3,10,"C1","none","superpopulation","facec"
124,"two_round_crossfit",0.595424502214292,0.0102236725292531,0.0101367548753255,TRUE,0.0400760598941352,5000,3,10,"C1","none","superpopulation","facec"
124,"target_only",0.632684793701545,0.0176472362391658,0.0473970463625789,FALSE,0.0691758949108701,5000,3,10,"C1","none","superpopulation","facec"
124,"sample_size",0.604937903244204,0.0145778553230137,0.019650155905238,TRUE,0.0571441428098844,5000,3,10,"C1","none","superpopulation","facec"
124,"inverse_variance",0.604326419401385,0.0159609379897473,0.0190386720624186,TRUE,0.0625657272387636,5000,3,10,"C1","none","superpopulation","facec"
124,"federated_dr",0.592515675180776,0.0116704037445785,0.00722792784180926,TRUE,0.0457471420488307,5000,3,10,"C1","none","superpopulation","facec"
124,"pooled_dr",0.595149586464532,0.0120445781510211,0.00986183912556515,TRUE,0.0472138787699588,5000,3,10,"C1","none","superpopulation","facec"
124,"tilted_aipw",0.579281045040497,0.0128676547418105,-0.00600670229846978,TRUE,0.0504402797188892,5000,3,10,"C1","none","superpopulation","facec"
124,"oracle_dr",0.582090946997751,0.0123205086379878,-0.0031968003412155,TRUE,0.0482955064033415,5000,3,10,"C1","none","superpopulation","facec"
125,"one_round_crossfit",0.584380812727135,0.0101762592809771,-0.000906934611831445,TRUE,0.039890203376113,5000,3,10,"C1","none","superpopulation","facec"
125,"two_round_crossfit",0.583524236825354,0.0102261369845484,-0.0017635105136119,TRUE,0.0400857203813758,5000,3,10,"C1","none","superpopulation","facec"
125,"target_only",0.57580565813794,0.0176932996090389,-0.00948208920102678,TRUE,0.0693564600027858,5000,3,10,"C1","none","superpopulation","facec"
125,"sample_size",0.597554867229263,0.023343471742964,0.0122671198902963,TRUE,0.0915047277806755,5000,3,10,"C1","none","superpopulation","facec"
125,"inverse_variance",0.596608735660369,0.0232257280988652,0.0113209883214022,TRUE,0.0910431811769914,5000,3,10,"C1","none","superpopulation","facec"
125,"federated_dr",0.582461880458926,0.0114775957702511,-0.0028258668800405,TRUE,0.0449913486776028,5000,3,10,"C1","none","superpopulation","facec"
125,"pooled_dr",0.584932230773987,0.012081885075777,-0.000355516564979452,TRUE,0.0473601192277497,5000,3,10,"C1","none","superpopulation","facec"
125,"tilted_aipw",0.582581265837506,0.0125039542049467,-0.00270648150146013,TRUE,0.0490145998120672,5000,3,10,"C1","none","superpopulation","facec"
125,"oracle_dr",0.588836855389421,0.0124860505292543,0.00354910805045483,TRUE,0.0489444186929715,5000,3,10,"C1","none","superpopulation","facec"
126,"one_round_crossfit",0.597970765637434,0.010064676557994,0.0126830182984672,TRUE,0.0394528071394258,5000,3,10,"C1","none","superpopulation","facec"
126,"two_round_crossfit",0.597666416252227,0.0101681732119789,0.0123786689132609,TRUE,0.0398585065680872,5000,3,10,"C1","none","superpopulation","facec"
126,"target_only",0.582342133873528,0.0180271497465479,-0.00294561346543809,TRUE,0.0706651284942885,5000,3,10,"C1","none","superpopulation","facec"
126,"sample_size",0.596611590123599,0.0328127463981742,0.0113238427846325,TRUE,0.128623602348536,5000,3,10,"C1","none","superpopulation","facec"
126,"inverse_variance",0.595168280190558,0.0326576315544815,0.00988053285159152,TRUE,0.128015563334325,5000,3,10,"C1","none","superpopulation","facec"
126,"federated_dr",0.591139189128999,0.0113265903984322,0.00585144179003294,TRUE,0.0443994184971286,5000,3,10,"C1","none","superpopulation","facec"
126,"pooled_dr",0.592676771439291,0.0117914075522492,0.00738902410032449,TRUE,0.0462214682588842,5000,3,10,"C1","none","superpopulation","facec"
126,"tilted_aipw",0.587761707069366,0.0127899103397163,0.00247395973039932,TRUE,0.0501355272626807,5000,3,10,"C1","none","superpopulation","facec"
126,"oracle_dr",0.591811077105011,0.0125363460098616,0.00652332976604497,TRUE,0.0491415733541223,5000,3,10,"C1","none","superpopulation","facec"
127,"one_round_crossfit",0.597403525230831,0.0102351833923125,0.0121157778918645,TRUE,0.0401211816481901,5000,3,10,"C1","none","superpopulation","facec"
127,"two_round_crossfit",0.601341732349998,0.0102614435859602,0.0160539850110312,TRUE,0.0402241197157431,5000,3,10,"C1","none","superpopulation","facec"
127,"target_only",0.593960846818714,0.0182885678555369,0.00867309947974804,TRUE,0.0716898686513385,5000,3,10,"C1","none","superpopulation","facec"
127,"sample_size",0.60540964400357,0.0186589348549309,0.020121896664604,TRUE,0.0731416806110874,5000,3,10,"C1","none","superpopulation","facec"
127,"inverse_variance",0.604808216467954,0.0187674023528214,0.0195204691289879,TRUE,0.0735668653898045,5000,3,10,"C1","none","superpopulation","facec"
127,"federated_dr",0.596281318376229,0.0116155314135403,0.0109935710372626,TRUE,0.0455320464636653,5000,3,10,"C1","none","superpopulation","facec"
127,"pooled_dr",0.598693150964459,0.0119136322042,0.0134054036254928,TRUE,0.0467005800905769,5000,3,10,"C1","none","superpopulation","facec"
127,"tilted_aipw",0.592479342510385,0.0127778116725629,0.00719159517141887,TRUE,0.0500881013589176,5000,3,10,"C1","none","superpopulation","facec"
127,"oracle_dr",0.600326875415113,0.0120390098800566,0.0150391280761466,TRUE,0.0471920515488655,5000,3,10,"C1","none","superpopulation","facec"
128,"one_round_crossfit",0.584989425959157,0.0102237514489484,-0.000298321379809674,TRUE,0.0400763692536559,5000,3,10,"C1","none","superpopulation","facec"
128,"two_round_crossfit",0.585021333577314,0.0102817658037235,-0.000266413761652817,TRUE,0.0403037813455471,5000,3,10,"C1","none","superpopulation","facec"
128,"target_only",0.561815024698594,0.0181461273305448,-0.0234727226403721,TRUE,0.0711315120534914,5000,3,10,"C1","none","superpopulation","facec"
128,"sample_size",0.597400181080903,0.020949548714514,0.0121124337419367,TRUE,0.0821207219456295,5000,3,10,"C1","none","superpopulation","facec"
128,"inverse_variance",0.59773482918602,0.0208853145561936,0.0124470818470539,TRUE,0.0818689286718592,5000,3,10,"C1","none","superpopulation","facec"
128,"federated_dr",0.581666805383993,0.0116846622969842,-0.00362094195497298,TRUE,0.0458030345472042,5000,3,10,"C1","none","superpopulation","facec"
128,"pooled_dr",0.582016127399505,0.0122602355899502,-0.00327161993946157,TRUE,0.0480592403965572,5000,3,10,"C1","none","superpopulation","facec"
128,"tilted_aipw",0.57957502059572,0.0128001967539912,-0.00571272674324663,TRUE,0.0501758492656985,5000,3,10,"C1","none","superpopulation","facec"
128,"oracle_dr",0.588611543668925,0.0120929854752594,0.00332379632995905,TRUE,0.0474036319941487,5000,3,10,"C1","none","superpopulation","facec"
129,"one_round_crossfit",0.57486308570127,0.0102527806553947,-0.0104246616376964,TRUE,0.0401901616519253,5000,3,10,"C1","none","superpopulation","facec"
129,"two_round_crossfit",0.575357761134584,0.0102764629070338,-0.0099299862043819,TRUE,0.0402829943724961,5000,3,10,"C1","none","superpopulation","facec"
129,"target_only",0.544880678340173,0.0181460379456246,-0.0404070689987938,FALSE,0.0711311616710428,5000,3,10,"C1","none","superpopulation","facec"
129,"sample_size",0.583428174265768,0.021751884067082,-0.0018595730731984,TRUE,0.0852658187347428,5000,3,10,"C1","none","superpopulation","facec"
129,"inverse_variance",0.58393734675471,0.0216568957492764,-0.00135040058425606,TRUE,0.0848934713710405,5000,3,10,"C1","none","superpopulation","facec"
129,"federated_dr",0.573133156755674,0.0118250695949865,-0.0121545905832926,TRUE,0.0463534210417063,5000,3,10,"C1","none","superpopulation","facec"
129,"pooled_dr",0.570219492646726,0.0125332564038501,-0.0150682546922407,TRUE,0.0491294623211043,5000,3,10,"C1","none","superpopulation","facec"
129,"tilted_aipw",0.569875469843496,0.0126891840105826,-0.0154122774954704,TRUE,0.0497406873078867,5000,3,10,"C1","none","superpopulation","facec"
129,"oracle_dr",0.583378485784708,0.0122298301693753,-0.00190926155425819,TRUE,0.0479400533380339,5000,3,10,"C1","none","superpopulation","facec"
130,"one_round_crossfit",0.581517614120061,0.0100754433193981,-0.00377013321890562,TRUE,0.03949501206859,5000,3,10,"C1","none","superpopulation","facec"
130,"two_round_crossfit",0.583029352581494,0.0101726966455255,-0.00225839475747269,TRUE,0.0398762381017628,5000,3,10,"C1","none","superpopulation","facec"
130,"target_only",0.563059308246213,0.0183722100876522,-0.0222284390927533,TRUE,0.0720177401764035,5000,3,10,"C1","none","superpopulation","facec"
130,"sample_size",0.593486163619164,0.023876560647499,0.00819841628019757,TRUE,0.0935943978875688,5000,3,10,"C1","none","superpopulation","facec"
130,"inverse_variance",0.593168829141265,0.0237683148855445,0.00788108180229874,TRUE,0.0931700822977488,5000,3,10,"C1","none","superpopulation","facec"
130,"federated_dr",0.581574923246883,0.0113379042594063,-0.00371282409208384,TRUE,0.0444437680171992,5000,3,10,"C1","none","superpopulation","facec"
130,"pooled_dr",0.583037329502964,0.0118972201416406,-0.00225041783600188,TRUE,0.0466362459875203,5000,3,10,"C1","none","superpopulation","facec"
130,"tilted_aipw",0.576148778778416,0.0123876639660796,-0.00913896856055074,TRUE,0.0485587504522014,5000,3,10,"C1","none","superpopulation","facec"
130,"oracle_dr",0.589617919794134,0.0122417277560594,0.00433017245516798,TRUE,0.0479866910208415,5000,3,10,"C1","none","superpopulation","facec"
131,"one_round_crossfit",0.59293787175989,0.0103521233901872,0.00765012442092339,TRUE,0.0405795780165632,5000,3,10,"C1","none","superpopulation","facec"
131,"two_round_crossfit",0.596358901603607,0.0103226388328401,0.0110711542646407,TRUE,0.0404640006755623,5000,3,10,"C1","none","superpopulation","facec"
131,"target_only",0.597088983722936,0.0185145248261717,0.0118012363839698,TRUE,0.0725756037003384,5000,3,10,"C1","none","superpopulation","facec"
131,"sample_size",0.598773209026829,0.0172750287431308,0.0134854616878628,TRUE,0.0677168683368612,5000,3,10,"C1","none","superpopulation","facec"
131,"inverse_variance",0.597911777495324,0.0179641531349173,0.0126240301563575,TRUE,0.0704181863144004,5000,3,10,"C1","none","superpopulation","facec"
131,"federated_dr",0.58835810819777,0.011920820257426,0.00307036085880386,TRUE,0.0467287567414609,5000,3,10,"C1","none","superpopulation","facec"
131,"pooled_dr",0.592263494115895,0.0125318432669942,0.00697574677692836,TRUE,0.0491239229264189,5000,3,10,"C1","none","superpopulation","facec"
131,"tilted_aipw",0.581670965285793,0.0135246506778453,-0.0036167820531734,TRUE,0.0530156564641242,5000,3,10,"C1","none","superpopulation","facec"
131,"oracle_dr",0.592191051929527,0.0121720627626844,0.0069033045905611,TRUE,0.0477136092648451,5000,3,10,"C1","none","superpopulation","facec"
132,"one_round_crossfit",0.589389080367253,0.0102951026768985,0.00410133302828686,TRUE,0.0403560609277258,5000,3,10,"C1","none","superpopulation","facec"
132,"two_round_crossfit",0.590591438232024,0.0103835785941115,0.0053036908930576,TRUE,0.0407028801501992,5000,3,10,"C1","none","superpopulation","facec"
132,"target_only",0.590843973154524,0.0182689587875317,0.00555622581555804,TRUE,0.0716130025172175,5000,3,10,"C1","none","superpopulation","facec"
132,"sample_size",0.595010540492356,0.0115058160362169,0.0097227931533892,TRUE,0.0451019700874571,5000,3,10,"C1","none","superpopulation","facec"
132,"inverse_variance",0.595588453243068,0.014169833570682,0.0103007059041019,TRUE,0.0555447269309266,5000,3,10,"C1","none","superpopulation","facec"
132,"federated_dr",0.584148327361023,0.0112795403516888,-0.00113941997794387,TRUE,0.0442149857029526,5000,3,10,"C1","none","superpopulation","facec"
132,"pooled_dr",0.586578095101668,0.0116770147291615,0.00129034776270132,TRUE,0.0457730566322003,5000,3,10,"C1","none","superpopulation","facec"
132,"tilted_aipw",0.57231936442418,0.0125029575633188,-0.0129683829147862,TRUE,0.0490106930486751,5000,3,10,"C1","none","superpopulation","facec"
132,"oracle_dr",0.587640840234067,0.012110430266522,0.00235309289510022,TRUE,0.0474720143193337,5000,3,10,"C1","none","superpopulation","facec"
133,"one_round_crossfit",0.572776786054274,0.0103721904988288,-0.0125109612846922,TRUE,0.0406582396369859,5000,3,10,"C1","none","superpopulation","facec"
133,"two_round_crossfit",0.573614894979574,0.0104402720492082,-0.0116728523593926,TRUE,0.0409251144104965,5000,3,10,"C1","none","superpopulation","facec"
133,"target_only",0.556143290779422,0.0189123023023854,-0.0291444565595445,TRUE,0.0741348627548186,5000,3,10,"C1","none","superpopulation","facec"
133,"sample_size",0.588033566309458,0.0165155531169558,0.00274581897049175,TRUE,0.0647397785879831,5000,3,10,"C1","none","superpopulation","facec"
133,"inverse_variance",0.587903855857637,0.0171048854984308,0.002616108518671,TRUE,0.0670499190732117,5000,3,10,"C1","none","superpopulation","facec"
133,"federated_dr",0.572344361751695,0.0116903307817853,-0.0129433855872714,TRUE,0.0458252545993185,5000,3,10,"C1","none","superpopulation","facec"
133,"pooled_dr",0.571705598654651,0.0121705254487292,-0.0135821486843153,TRUE,0.0477075831048748,5000,3,10,"C1","none","superpopulation","facec"
133,"tilted_aipw",0.561373611394743,0.0128865334957569,-0.0239141359442235,TRUE,0.0505142830745051,5000,3,10,"C1","none","superpopulation","facec"
133,"oracle_dr",0.581791216443768,0.0122202111399926,-0.00349653089519886,TRUE,0.0479023474357212,5000,3,10,"C1","none","superpopulation","facec"
134,"one_round_crossfit",0.581230727353871,0.0101372358493034,-0.00405701998509511,TRUE,0.0397372343348461,5000,3,10,"C1","none","superpopulation","facec"
134,"two_round_crossfit",0.5826706855406,0.0100571991832402,-0.00261706179836618,TRUE,0.039423496368993,5000,3,10,"C1","none","superpopulation","facec"
134,"target_only",0.579221075437186,0.0183315631820484,-0.0060666719017799,TRUE,0.0718584072342705,5000,3,10,"C1","none","superpopulation","facec"
134,"sample_size",0.591403856117362,0.0137829687376666,0.00611610877839586,TRUE,0.0540282446517362,5000,3,10,"C1","none","superpopulation","facec"
134,"inverse_variance",0.591649012717169,0.0154203932740697,0.00636126537820214,TRUE,0.0604468308892407,5000,3,10,"C1","none","superpopulation","facec"
134,"federated_dr",0.585354925654357,0.0114461857318011,6.71783153901595e-05,TRUE,0.0448682235893729,5000,3,10,"C1","none","superpopulation","facec"
134,"pooled_dr",0.583298579580846,0.0119509374413075,-0.00198916775812008,TRUE,0.0468468139329079,5000,3,10,"C1","none","superpopulation","facec"
134,"tilted_aipw",0.58706493190079,0.0128086711723942,0.00177718456182341,TRUE,0.0502090683754182,5000,3,10,"C1","none","superpopulation","facec"
134,"oracle_dr",0.585321720111555,0.0124646020288834,3.3972772589097e-05,TRUE,0.0488603421164728,5000,3,10,"C1","none","superpopulation","facec"
135,"one_round_crossfit",0.59292959668168,0.0102301153511105,0.00764184934271372,TRUE,0.0401013152917338,5000,3,10,"C1","none","superpopulation","facec"
135,"two_round_crossfit",0.594180950375989,0.0102968690617706,0.00889320303702268,TRUE,0.0403629850291902,5000,3,10,"C1","none","superpopulation","facec"
135,"target_only",0.613269284511594,0.0176855968428177,0.0279815371726273,TRUE,0.0693262657140361,5000,3,10,"C1","none","superpopulation","facec"
135,"sample_size",0.609355143652522,0.0189009996367785,0.0240673963135554,TRUE,0.0740905571197812,5000,3,10,"C1","none","superpopulation","facec"
135,"inverse_variance",0.607482058911383,0.0190566071897631,0.0221943115724168,TRUE,0.0747005275189254,5000,3,10,"C1","none","superpopulation","facec"
135,"federated_dr",0.597212038652331,0.0118991617030314,0.0119242913133643,TRUE,0.0466438567683198,5000,3,10,"C1","none","superpopulation","facec"
135,"pooled_dr",0.596563787837347,0.012715848217731,0.011276040498381,TRUE,0.0498452090792614,5000,3,10,"C1","none","superpopulation","facec"
135,"tilted_aipw",0.593664328104198,0.0138287521334466,0.0083765807652314,TRUE,0.0542077122653735,5000,3,10,"C1","none","superpopulation","facec"
135,"oracle_dr",0.589941892354236,0.0121929936416474,0.00465414501526984,TRUE,0.0477956568027096,5000,3,10,"C1","none","superpopulation","facec"
136,"one_round_crossfit",0.572323724404194,0.0102178418958319,-0.0129640229347719,TRUE,0.0400532042311099,5000,3,10,"C1","none","superpopulation","facec"
136,"two_round_crossfit",0.57276033149885,0.0102426532103442,-0.0125274158401166,TRUE,0.0401504627968163,5000,3,10,"C1","none","superpopulation","facec"
136,"target_only",0.560141158397773,0.0190664114123371,-0.0251465889411938,TRUE,0.0747389593652084,5000,3,10,"C1","none","superpopulation","facec"
136,"sample_size",0.585751621403551,0.0167553225115609,0.000463874064584813,TRUE,0.0656796573440253,5000,3,10,"C1","none","superpopulation","facec"
136,"inverse_variance",0.585692052524975,0.0175496870755918,0.000404305186008314,TRUE,0.0687935092162157,5000,3,10,"C1","none","superpopulation","facec"
136,"federated_dr",0.569407715330692,0.011756397143871,-0.0158800320082746,TRUE,0.0460842299798734,5000,3,10,"C1","none","superpopulation","facec"
136,"pooled_dr",0.569898079636636,0.0120153110646581,-0.0153896677023307,TRUE,0.0470991538995509,5000,3,10,"C1","none","superpopulation","facec"
136,"tilted_aipw",0.565640255021702,0.013005977228224,-0.019647492317264,TRUE,0.0509824939021342,5000,3,10,"C1","none","superpopulation","facec"
136,"oracle_dr",0.578846948942756,0.0124701399184409,-0.00644079839620992,TRUE,0.0488820502446388,5000,3,10,"C1","none","superpopulation","facec"
137,"one_round_crossfit",0.59605871358185,0.0102309299801421,0.0107709662428834,TRUE,0.0401045085788592,5000,3,10,"C1","none","superpopulation","facec"
137,"two_round_crossfit",0.591633306278382,0.0102281691800614,0.00634555893941546,TRUE,0.0400936864414057,5000,3,10,"C1","none","superpopulation","facec"
137,"target_only",0.582760215349147,0.0182871338295436,-0.00252753198981948,TRUE,0.071684247372739,5000,3,10,"C1","none","superpopulation","facec"
137,"sample_size",0.599846987996158,0.0139181891543084,0.0145592406571917,TRUE,0.0545582989449209,5000,3,10,"C1","none","superpopulation","facec"
137,"inverse_variance",0.599470148933944,0.0154967617435132,0.0141824015949775,TRUE,0.0607461897885682,5000,3,10,"C1","none","superpopulation","facec"
137,"federated_dr",0.590244523547997,0.0115512841260586,0.00495677620903079,TRUE,0.0452802017245282,5000,3,10,"C1","none","superpopulation","facec"
137,"pooled_dr",0.588821834514117,0.012041723344262,0.00353408717515025,TRUE,0.0472026881330974,5000,3,10,"C1","none","superpopulation","facec"
137,"tilted_aipw",0.585117218973025,0.0126275525380303,-0.000170528365941558,TRUE,0.0494990963748534,5000,3,10,"C1","none","superpopulation","facec"
137,"oracle_dr",0.586627157391115,0.0122002087855382,0.00133941005214877,TRUE,0.0478239396470481,5000,3,10,"C1","none","superpopulation","facec"
138,"one_round_crossfit",0.598294602483619,0.0103693264771957,0.0130068551446528,TRUE,0.0406470128784824,5000,3,10,"C1","none","superpopulation","facec"
138,"two_round_crossfit",0.599603154259147,0.0103686117690446,0.0143154069201806,TRUE,0.0406442112740113,5000,3,10,"C1","none","superpopulation","facec"
138,"target_only",0.600862495142299,0.0180764660659319,0.0155747478033321,TRUE,0.070858444913974,5000,3,10,"C1","none","superpopulation","facec"
138,"sample_size",0.605293478482113,0.0199276615653569,0.0200057311431467,TRUE,0.0781149979284053,5000,3,10,"C1","none","superpopulation","facec"
138,"inverse_variance",0.604194443754707,0.0198755583358069,0.0189066964157404,TRUE,0.0779107570216127,5000,3,10,"C1","none","superpopulation","facec"
138,"federated_dr",0.598585900816147,0.0117058534603761,0.0132981534771804,TRUE,0.0458861023812815,5000,3,10,"C1","none","superpopulation","facec"
138,"pooled_dr",0.596781062810964,0.0121912781919538,0.0114933154719978,TRUE,0.0477889323634759,5000,3,10,"C1","none","superpopulation","facec"
138,"tilted_aipw",0.596588150895557,0.0128697378484855,0.0113004035565909,TRUE,0.0504484453470073,5000,3,10,"C1","none","superpopulation","facec"
138,"oracle_dr",0.586078287700002,0.0121103948823652,0.000790540361035985,TRUE,0.047471875615988,5000,3,10,"C1","none","superpopulation","facec"
139,"one_round_crossfit",0.591083977476966,0.0102317729158765,0.00579623013799957,TRUE,0.0401078128262204,5000,3,10,"C1","none","superpopulation","facec"
139,"two_round_crossfit",0.590955715809866,0.0102956001684594,0.00566796847089968,TRUE,0.0403580110588098,5000,3,10,"C1","none","superpopulation","facec"
139,"target_only",0.587565477218842,0.0183771233061202,0.00227772987987562,TRUE,0.0720369996388943,5000,3,10,"C1","none","superpopulation","facec"
139,"sample_size",0.608850733007107,0.016549994595387,0.0235629856681411,TRUE,0.0648747867025821,5000,3,10,"C1","none","superpopulation","facec"
139,"inverse_variance",0.608152913624406,0.0170725004320044,0.0228651662854396,TRUE,0.0669229719455462,5000,3,10,"C1","none","superpopulation","facec"
139,"federated_dr",0.59340664719051,0.0121517024091718,0.00811889985154335,TRUE,0.0476337981456507,5000,3,10,"C1","none","superpopulation","facec"
139,"pooled_dr",0.593602215170628,0.0124590742920976,0.00831446783166168,TRUE,0.0488386737864406,5000,3,10,"C1","none","superpopulation","facec"
139,"tilted_aipw",0.58791471907867,0.013857699840916,0.00262697173970317,TRUE,0.0543211851935237,5000,3,10,"C1","none","superpopulation","facec"
139,"oracle_dr",0.592802984865883,0.0122456998928611,0.0075152375269163,TRUE,0.0480022615109874,5000,3,10,"C1","none","superpopulation","facec"
140,"one_round_crossfit",0.581844399676779,0.010303070749484,-0.00344334766218779,TRUE,0.0403872951983133,5000,3,10,"C1","none","superpopulation","facec"
140,"two_round_crossfit",0.579692756683455,0.010349234314407,-0.00559499065551183,TRUE,0.0405682530476077,5000,3,10,"C1","none","superpopulation","facec"
140,"target_only",0.581148878083573,0.0185721690590512,-0.00413886925539309,TRUE,0.0728015649410592,5000,3,10,"C1","none","superpopulation","facec"
140,"sample_size",0.586895228879698,0.0178058004243229,0.0016074815407312,TRUE,0.0697974550951619,5000,3,10,"C1","none","superpopulation","facec"
140,"inverse_variance",0.586370782008783,0.0181447456959653,0.00108303466981663,TRUE,0.0711260961454603,5000,3,10,"C1","none","superpopulation","facec"
140,"federated_dr",0.577244667471603,0.011582039037111,-0.0080430798673633,TRUE,0.0454007587605492,5000,3,10,"C1","none","superpopulation","facec"
140,"pooled_dr",0.575176942232694,0.012322867190876,-0.0101108051062719,TRUE,0.0483047517607744,5000,3,10,"C1","none","superpopulation","facec"
140,"tilted_aipw",0.578389918095331,0.0126639156929366,-0.00689782924363513,TRUE,0.0496416373228146,5000,3,10,"C1","none","superpopulation","facec"
140,"oracle_dr",0.57127868141095,0.0124333295041246,-0.0140090659280164,TRUE,0.048737756072007,5000,3,10,"C1","none","superpopulation","facec"
141,"one_round_crossfit",0.589543742489802,0.010388515524371,0.00425599515083608,TRUE,0.0407222325612049,5000,3,10,"C1","none","superpopulation","facec"
141,"two_round_crossfit",0.589539518796925,0.010267503893958,0.0042517714579583,TRUE,0.040247875686565,5000,3,10,"C1","none","superpopulation","facec"
141,"target_only",0.591540780177621,0.0181822412429628,0.00625303283865475,TRUE,0.0712730759888516,5000,3,10,"C1","none","superpopulation","facec"
141,"sample_size",0.599588840820181,0.0126469524490784,0.0143010934812149,TRUE,0.0495751426287687,5000,3,10,"C1","none","superpopulation","facec"
141,"inverse_variance",0.599702497967641,0.0146531604858751,0.0144147506286745,TRUE,0.0574393336240016,5000,3,10,"C1","none","superpopulation","facec"
141,"federated_dr",0.586280422922962,0.0116715399443767,0.000992675583995628,TRUE,0.0457515958701977,5000,3,10,"C1","none","superpopulation","facec"
141,"pooled_dr",0.587304545483273,0.0121825880457069,0.00201679814430711,TRUE,0.0477548676161472,5000,3,10,"C1","none","superpopulation","facec"
141,"tilted_aipw",0.577720295291229,0.0126344872064943,-0.00756745204773712,TRUE,0.0495262797757217,5000,3,10,"C1","none","superpopulation","facec"
141,"oracle_dr",0.586505030615041,0.0122883329923776,0.0012172832760744,TRUE,0.048169380190191,5000,3,10,"C1","none","superpopulation","facec"
142,"one_round_crossfit",0.582617143466157,0.0103389101477992,-0.0026706038728096,TRUE,0.0405277830581641,5000,3,10,"C1","none","superpopulation","facec"
142,"two_round_crossfit",0.586618724568883,0.0104122980575014,0.0013309772299166,TRUE,0.0408154583779983,5000,3,10,"C1","none","superpopulation","facec"
142,"target_only",0.572238113482275,0.0190980411964032,-0.0130496338566918,TRUE,0.0748629458404251,5000,3,10,"C1","none","superpopulation","facec"
142,"sample_size",0.592180540860934,0.0173984455669324,0.00689279352196737,TRUE,0.068200653396336,5000,3,10,"C1","none","superpopulation","facec"
142,"inverse_variance",0.592157894994456,0.0178629679543819,0.0068701476554901,TRUE,0.0700215476951633,5000,3,10,"C1","none","superpopulation","facec"
142,"federated_dr",0.579178706047262,0.0115385134532655,-0.00610904129170453,TRUE,0.0452301416070624,5000,3,10,"C1","none","superpopulation","facec"
142,"pooled_dr",0.581603251870423,0.011787331617176,-0.00368449546854344,TRUE,0.0462054908869902,5000,3,10,"C1","none","superpopulation","facec"
142,"tilted_aipw",0.5744323731042,0.0126673749021438,-0.010855374234766,TRUE,0.0496551971737369,5000,3,10,"C1","none","superpopulation","facec"
142,"oracle_dr",0.580734220756688,0.0122946632155169,-0.00455352658227859,TRUE,0.0481941942089252,5000,3,10,"C1","none","superpopulation","facec"
143,"one_round_crossfit",0.59023704439996,0.0102213914189205,0.00494929706099367,TRUE,0.0400671181059418,5000,3,10,"C1","none","superpopulation","facec"
143,"two_round_crossfit",0.5942948574427,0.0102442970563394,0.00900711010373345,TRUE,0.04015690655471,5000,3,10,"C1","none","superpopulation","facec"
143,"target_only",0.591487860174164,0.0183804050556555,0.0062001128351975,TRUE,0.0720498638606855,5000,3,10,"C1","none","superpopulation","facec"
143,"sample_size",0.602819262100006,0.0255176312563914,0.0175315147610399,TRUE,0.100027276466601,5000,3,10,"C1","none","superpopulation","facec"
143,"inverse_variance",0.601895367911492,0.0254528217769993,0.0166076205725261,TRUE,0.0997732279756709,5000,3,10,"C1","none","superpopulation","facec"
143,"federated_dr",0.585550136226256,0.0110799081890403,0.00026238888728991,TRUE,0.0434324420050587,5000,3,10,"C1","none","superpopulation","facec"
143,"pooled_dr",0.587542830318446,0.0114718691673152,0.00225508297948007,TRUE,0.0449689008065866,5000,3,10,"C1","none","superpopulation","facec"
143,"tilted_aipw",0.580995621801223,0.0118666525468097,-0.00429212553774383,TRUE,0.046516423217595,5000,3,10,"C1","none","superpopulation","facec"
143,"oracle_dr",0.5905329005545,0.0121212929412104,0.00524515321553343,TRUE,0.047514595221664,5000,3,10,"C1","none","superpopulation","facec"
144,"one_round_crossfit",0.584920848895352,0.0101503878334895,-0.000366898443614594,TRUE,0.039788789165506,5000,3,10,"C1","none","superpopulation","facec"
144,"two_round_crossfit",0.587846336924545,0.0102995382137711,0.00255858958557897,TRUE,0.0403734479127706,5000,3,10,"C1","none","superpopulation","facec"
144,"target_only",0.591167144774504,0.0179339970783912,0.005879397435538,TRUE,0.0702999767449866,5000,3,10,"C1","none","superpopulation","facec"
144,"sample_size",0.594678957521722,0.015053443972374,0.00939121018275557,TRUE,0.0590084160582893,5000,3,10,"C1","none","superpopulation","facec"
144,"inverse_variance",0.594404246790677,0.016213440009056,0.00911649945171034,TRUE,0.0635555169665012,5000,3,10,"C1","none","superpopulation","facec"
144,"federated_dr",0.587197450739572,0.0115023979183507,0.00190970340060559,TRUE,0.0450885713116318,5000,3,10,"C1","none","superpopulation","facec"
144,"pooled_dr",0.586893779760069,0.0120339215219064,0.00160603242110235,TRUE,0.047172105551436,5000,3,10,"C1","none","superpopulation","facec"
144,"tilted_aipw",0.580579580199882,0.0124815825133483,-0.00470816713908462,TRUE,0.0489269043924554,5000,3,10,"C1","none","superpopulation","facec"
144,"oracle_dr",0.587895937125365,0.0122444601745018,0.00260818978639854,TRUE,0.047997401904317,5000,3,10,"C1","none","superpopulation","facec"
145,"one_round_crossfit",0.581252593050605,0.00997145510058449,-0.00403515428836099,TRUE,0.0390873857412077,5000,3,10,"C1","none","superpopulation","facec"
145,"two_round_crossfit",0.582985588763516,0.0100072065256186,-0.00230215857545013,TRUE,0.0392275287521335,5000,3,10,"C1","none","superpopulation","facec"
145,"target_only",0.581169343029006,0.0188800251203179,-0.00411840430996036,TRUE,0.0740083385260693,5000,3,10,"C1","none","superpopulation","facec"
145,"sample_size",0.586950308348671,0.0188970335458537,0.00166256100970497,TRUE,0.0740750103290369,5000,3,10,"C1","none","superpopulation","facec"
145,"inverse_variance",0.584787070044295,0.0188244518048586,-0.000500677294670959,TRUE,0.0737904951324655,5000,3,10,"C1","none","superpopulation","facec"
145,"federated_dr",0.577489374287608,0.0117761097413181,-0.00779837305135822,TRUE,0.0461615019419495,5000,3,10,"C1","none","superpopulation","facec"
145,"pooled_dr",0.578335941233562,0.01205627766175,-0.00695180610540436,TRUE,0.0472597400092898,5000,3,10,"C1","none","superpopulation","facec"
145,"tilted_aipw",0.580330568171801,0.0129774858952651,-0.00495717916716498,TRUE,0.0508708099291924,5000,3,10,"C1","none","superpopulation","facec"
145,"oracle_dr",0.58449157957536,0.0128798517520325,-0.000796167763606359,TRUE,0.0504880911203975,5000,3,10,"C1","none","superpopulation","facec"
146,"one_round_crossfit",0.585784214607027,0.0103814846756864,0.000496467268060186,TRUE,0.0406946721407997,5000,3,10,"C1","none","superpopulation","facec"
146,"two_round_crossfit",0.586554665087109,0.0103862574271344,0.00126691774814292,TRUE,0.0407133809826901,5000,3,10,"C1","none","superpopulation","facec"
146,"target_only",0.599518145816586,0.0183309352126694,0.0142303984776198,TRUE,0.0718559456395385,5000,3,10,"C1","none","superpopulation","facec"
146,"sample_size",0.598055404407642,0.0186245974328736,0.012767657068676,TRUE,0.0730070803899787,5000,3,10,"C1","none","superpopulation","facec"
146,"inverse_variance",0.59681475235124,0.018696067811984,0.0115270050122733,TRUE,0.0732872391280144,5000,3,10,"C1","none","superpopulation","facec"
146,"federated_dr",0.583367154909765,0.0121038496156066,-0.0019205924292014,TRUE,0.0474462186417559,5000,3,10,"C1","none","superpopulation","facec"
146,"pooled_dr",0.584752602185192,0.0125031398623046,-0.000535145153774508,TRUE,0.0490114076475683,5000,3,10,"C1","none","superpopulation","facec"
146,"tilted_aipw",0.576242302992644,0.0138148921102822,-0.0090454443463226,TRUE,0.0541533819729192,5000,3,10,"C1","none","superpopulation","facec"
146,"oracle_dr",0.580262606500034,0.012362644152647,-0.00502514083893246,TRUE,0.0484606745857457,5000,3,10,"C1","none","superpopulation","facec"
147,"one_round_crossfit",0.599387249801209,0.0102696257266902,0.0140995024622429,TRUE,0.0402561931180374,5000,3,10,"C1","none","superpopulation","facec"
147,"two_round_crossfit",0.600957568331698,0.010338379612697,0.0156698209927314,TRUE,0.0405257033987785,5000,3,10,"C1","none","superpopulation","facec"
147,"target_only",0.597567952275102,0.0186247103489655,0.0122802049361359,TRUE,0.0730075230129255,5000,3,10,"C1","none","superpopulation","facec"
147,"sample_size",0.60779027873013,0.0179161897177553,0.0225025313911633,TRUE,0.0702301731739745,5000,3,10,"C1","none","superpopulation","facec"
147,"inverse_variance",0.607099829339326,0.0181414839113577,0.0218120820003598,TRUE,0.0711133101847476,5000,3,10,"C1","none","superpopulation","facec"
147,"federated_dr",0.598067219608552,0.0118440498367851,0.012779472269586,TRUE,0.0464278222223926,5000,3,10,"C1","none","superpopulation","facec"
147,"pooled_dr",0.599056288747711,0.0125447069158078,0.0137685414087449,TRUE,0.0491743475031874,5000,3,10,"C1","none","superpopulation","facec"
147,"tilted_aipw",0.597020104020971,0.0130179061923507,0.0117323566820048,TRUE,0.0510292545822566,5000,3,10,"C1","none","superpopulation","facec"
147,"oracle_dr",0.602295115078393,0.0118608235942163,0.017007367739427,TRUE,0.0464935741432939,5000,3,10,"C1","none","superpopulation","facec"
148,"one_round_crossfit",0.581837736786955,0.0100328653229982,-0.00345001055201155,TRUE,0.0393281093896345,5000,3,10,"C1","none","superpopulation","facec"
148,"two_round_crossfit",0.579410429699668,0.0100833921417683,-0.00587731763929822,TRUE,0.0395261708797203,5000,3,10,"C1","none","superpopulation","facec"
148,"target_only",0.602017486405444,0.0177161907075576,0.0167297390664776,TRUE,0.0694461914601123,5000,3,10,"C1","none","superpopulation","facec"
148,"sample_size",0.588261220581365,0.00974583007566083,0.00297347324239849,TRUE,0.0382029518954849,5000,3,10,"C1","none","superpopulation","facec"
148,"inverse_variance",0.588978922813299,0.0123613008398924,0.00369117547433273,TRUE,0.0484554088965079,5000,3,10,"C1","none","superpopulation","facec"
148,"federated_dr",0.578784267930108,0.0115068629850219,-0.00650347940885854,TRUE,0.0451060740513598,5000,3,10,"C1","none","superpopulation","facec"
148,"pooled_dr",0.577610106154511,0.011994001081748,-0.00767764118445502,TRUE,0.0470156203015208,5000,3,10,"C1","none","superpopulation","facec"
148,"tilted_aipw",0.575860872585674,0.0129126792407263,-0.0094268747532924,TRUE,0.0506167725114832,5000,3,10,"C1","none","superpopulation","facec"
148,"oracle_dr",0.571865771109992,0.0123959710654003,-0.0134219762289747,TRUE,0.0485913136831704,5000,3,10,"C1","none","superpopulation","facec"
149,"one_round_crossfit",0.605907962631582,0.0101136012224071,0.0206202152926157,FALSE,0.0396445882998366,5000,3,10,"C1","none","superpopulation","facec"
149,"two_round_crossfit",0.607500263154218,0.0101862864070847,0.0222125158152515,FALSE,0.0399295089881919,5000,3,10,"C1","none","superpopulation","facec"
149,"target_only",0.620921209716302,0.0190656636896536,0.0356334623773356,TRUE,0.0747360283461485,5000,3,10,"C1","none","superpopulation","facec"
149,"sample_size",0.609367571702775,0.0121050433658296,0.0240798243638084,FALSE,0.0474508980566433,5000,3,10,"C1","none","superpopulation","facec"
149,"inverse_variance",0.608967083404425,0.0142100404475985,0.023679336065459,TRUE,0.0557023349923009,5000,3,10,"C1","none","superpopulation","facec"
149,"federated_dr",0.603944540016759,0.0116611820804487,0.0186567926777927,TRUE,0.0457109937896867,5000,3,10,"C1","none","superpopulation","facec"
149,"pooled_dr",0.605990078876179,0.0117698892604066,0.0207023315372126,TRUE,0.0461371181048433,5000,3,10,"C1","none","superpopulation","facec"
149,"tilted_aipw",0.601898656398534,0.0130086544784634,0.0166109090595673,TRUE,0.0509929885302278,5000,3,10,"C1","none","superpopulation","facec"
149,"oracle_dr",0.601982335600619,0.0124610870076016,0.0166945882616527,TRUE,0.0488465634862381,5000,3,10,"C1","none","superpopulation","facec"
150,"one_round_crossfit",0.585495639474818,0.0103476812165144,0.000207892135851151,TRUE,0.0405621650157395,5000,3,10,"C1","none","superpopulation","facec"
150,"two_round_crossfit",0.584505643830983,0.0102816405914343,-0.000782103507983134,TRUE,0.0403032905223926,5000,3,10,"C1","none","superpopulation","facec"
150,"target_only",0.585687613450003,0.0184199520252376,0.000399866111036706,TRUE,0.0722048851328425,5000,3,10,"C1","none","superpopulation","facec"
150,"sample_size",0.597880798215894,0.0104075672486618,0.0125930508769281,TRUE,0.0407969139481115,5000,3,10,"C1","none","superpopulation","facec"
150,"inverse_variance",0.598604915331998,0.0134533769095802,0.0133171679930313,TRUE,0.0527362684264399,5000,3,10,"C1","none","superpopulation","facec"
150,"federated_dr",0.581657317478131,0.0116853179315229,-0.00363042986083506,TRUE,0.04580560458737,5000,3,10,"C1","none","superpopulation","facec"
150,"pooled_dr",0.578834264420463,0.0121108120810326,-0.00645348291850367,TRUE,0.0474735110047129,5000,3,10,"C1","none","superpopulation","facec"
150,"tilted_aipw",0.579378211861273,0.0124321386299497,-0.00590953547769368,TRUE,0.048733087931021,5000,3,10,"C1","none","superpopulation","facec"
150,"oracle_dr",0.577448195112358,0.0123416449596334,-0.00783955222660793,TRUE,0.0483783592617235,5000,3,10,"C1","none","superpopulation","facec"
151,"one_round_crossfit",0.578279056734412,0.0103131197585631,-0.00700869060455456,TRUE,0.0404266865900642,5000,3,10,"C1","none","superpopulation","facec"
151,"two_round_crossfit",0.580727801444336,0.0103138457591937,-0.00455994589463038,TRUE,0.0404295324602415,5000,3,10,"C1","none","superpopulation","facec"
151,"target_only",0.560955865496793,0.0188512786631969,-0.0243318818421729,TRUE,0.0738956544847886,5000,3,10,"C1","none","superpopulation","facec"
151,"sample_size",0.592074607469992,0.0202575184698125,0.00678686013102558,TRUE,0.079408013233975,5000,3,10,"C1","none","superpopulation","facec"
151,"inverse_variance",0.592507910721192,0.020192118311065,0.00722016338222531,TRUE,0.0791516493225182,5000,3,10,"C1","none","superpopulation","facec"
151,"federated_dr",0.579705417515557,0.0114152877635337,-0.00558232982340956,TRUE,0.0447471057793736,5000,3,10,"C1","none","superpopulation","facec"
151,"pooled_dr",0.579593339568176,0.0116884794077201,-0.00569440777079022,TRUE,0.0458179973463388,5000,3,10,"C1","none","superpopulation","facec"
151,"tilted_aipw",0.575867540832927,0.0126599000865357,-0.00942020650603981,TRUE,0.049625896434971,5000,3,10,"C1","none","superpopulation","facec"
151,"oracle_dr",0.587648216996885,0.012203889181073,0.00236046965791814,TRUE,0.047838366532442,5000,3,10,"C1","none","superpopulation","facec"
152,"one_round_crossfit",0.57595620263172,0.010298344351984,-0.00933154470724606,TRUE,0.0403687680605604,5000,3,10,"C1","none","superpopulation","facec"
152,"two_round_crossfit",0.575589987818224,0.0103011717161511,-0.00969775952074259,TRUE,0.0403798511244378,5000,3,10,"C1","none","superpopulation","facec"
152,"target_only",0.571814519527515,0.0184122629833561,-0.0134732278114511,TRUE,0.0721747446425158,5000,3,10,"C1","none","superpopulation","facec"
152,"sample_size",0.581901154990674,0.0218818231341014,-0.00338659234829197,TRUE,0.085775170517828,5000,3,10,"C1","none","superpopulation","facec"
152,"inverse_variance",0.581009344376902,0.0218584775313596,-0.0042784029620645,TRUE,0.0856836574366857,5000,3,10,"C1","none","superpopulation","facec"
152,"federated_dr",0.573645014283853,0.0121229270610328,-0.0116427330551139,TRUE,0.0475210008536606,5000,3,10,"C1","none","superpopulation","facec"
152,"pooled_dr",0.575976683829597,0.0123918288882829,-0.00931106350936928,TRUE,0.048575076647235,5000,3,10,"C1","none","superpopulation","facec"
152,"tilted_aipw",0.568156197443526,0.0138459140275416,-0.0171315498954406,TRUE,0.0542749856540388,5000,3,10,"C1","none","superpopulation","facec"
152,"oracle_dr",0.581098282537189,0.0123008370629246,-0.0041894648017774,TRUE,0.0482183952460555,5000,3,10,"C1","none","superpopulation","facec"
153,"one_round_crossfit",0.579329082199378,0.0101618302001515,-0.00595866513958887,TRUE,0.0398336424186168,5000,3,10,"C1","none","superpopulation","facec"
153,"two_round_crossfit",0.582722372343754,0.0102485678827526,-0.00256537499521214,TRUE,0.0401736478866179,5000,3,10,"C1","none","superpopulation","facec"
153,"target_only",0.581659185120976,0.0181064543508388,-0.00362856221799024,TRUE,0.0709759968307251,5000,3,10,"C1","none","superpopulation","facec"
153,"sample_size",0.59634716128301,0.00974586138291689,0.0110594139440439,TRUE,0.0382030746176736,5000,3,10,"C1","none","superpopulation","facec"
153,"inverse_variance",0.596800940890241,0.0126146190441937,0.011513193551275,TRUE,0.0494483980106255,5000,3,10,"C1","none","superpopulation","facec"
153,"federated_dr",0.580120297628244,0.0113200171480171,-0.00516744971072203,TRUE,0.0443736518289786,5000,3,10,"C1","none","superpopulation","facec"
153,"pooled_dr",0.579328309107965,0.0118123850246768,-0.00595943823100165,TRUE,0.0463036984397733,5000,3,10,"C1","none","superpopulation","facec"
153,"tilted_aipw",0.575334524056547,0.0124346257720549,-0.00995322328241954,TRUE,0.0487428373489223,5000,3,10,"C1","none","superpopulation","facec"
153,"oracle_dr",0.585293713804221,0.0117871429062362,5.9664652550806e-06,TRUE,0.0462047511536994,5000,3,10,"C1","none","superpopulation","facec"
154,"one_round_crossfit",0.597621271963766,0.0103528233978514,0.0123335246248,TRUE,0.0405823219961847,5000,3,10,"C1","none","superpopulation","facec"
154,"two_round_crossfit",0.594943788118108,0.0103038068896794,0.00965604077914184,TRUE,0.0403901808148546,5000,3,10,"C1","none","superpopulation","facec"
154,"target_only",0.614811035585505,0.0183573182975048,0.0295232882465384,TRUE,0.071959365431695,5000,3,10,"C1","none","superpopulation","facec"
154,"sample_size",0.606965247441453,0.0130740055175962,0.0216775001024867,TRUE,0.0512491598963329,5000,3,10,"C1","none","superpopulation","facec"
154,"inverse_variance",0.606542504397807,0.0149067122468539,0.0212547570588408,TRUE,0.0584332382634718,5000,3,10,"C1","none","superpopulation","facec"
154,"federated_dr",0.592178342388719,0.0117460872673015,0.00689059504975253,TRUE,0.046043816006351,5000,3,10,"C1","none","superpopulation","facec"
154,"pooled_dr",0.594600146174056,0.0119972690923814,0.00931239883508994,TRUE,0.0470284306678062,5000,3,10,"C1","none","superpopulation","facec"
154,"tilted_aipw",0.589740596242427,0.0127188230101477,0.00445284890346043,TRUE,0.0498568700512578,5000,3,10,"C1","none","superpopulation","facec"
154,"oracle_dr",0.585037274143375,0.0123107604720667,-0.00025047319559135,TRUE,0.0482572942951001,5000,3,10,"C1","none","superpopulation","facec"
155,"one_round_crossfit",0.58335005683784,0.0102258989332917,-0.00193769050112624,TRUE,0.0400847872375967,5000,3,10,"C1","none","superpopulation","facec"
155,"two_round_crossfit",0.586037137357481,0.0101610836766575,0.000749390018515039,TRUE,0.0398307161002931,5000,3,10,"C1","none","superpopulation","facec"
155,"target_only",0.595923937668254,0.0184406528414936,0.0106361903292878,TRUE,0.0722860308414672,5000,3,10,"C1","none","superpopulation","facec"
155,"sample_size",0.592465917510504,0.0173474683979181,0.0071781701715381,TRUE,0.0680008265657324,5000,3,10,"C1","none","superpopulation","facec"
155,"inverse_variance",0.590716073609044,0.0179887940046245,0.00542832627007761,TRUE,0.0705147767487482,5000,3,10,"C1","none","superpopulation","facec"
155,"federated_dr",0.580489057303792,0.0113630680142488,-0.00479869003517441,TRUE,0.0445424081236132,5000,3,10,"C1","none","superpopulation","facec"
155,"pooled_dr",0.581269392539238,0.0118010328931446,-0.00401835479972856,TRUE,0.0462591989018717,5000,3,10,"C1","none","superpopulation","facec"
155,"tilted_aipw",0.573954264176652,0.0124732759025997,-0.0113334831623144,TRUE,0.0488943430766535,5000,3,10,"C1","none","superpopulation","facec"
155,"oracle_dr",0.578566095076409,0.012307101257458,-0.00672165226255717,TRUE,0.0482429504374107,5000,3,10,"C1","none","superpopulation","facec"
156,"one_round_crossfit",0.58768107767269,0.0101436750647281,0.00239333033372335,TRUE,0.039762475595488,5000,3,10,"C1","none","superpopulation","facec"
156,"two_round_crossfit",0.590267078816069,0.0102040100437465,0.00497933147710294,TRUE,0.0399989843672564,5000,3,10,"C1","none","superpopulation","facec"
156,"target_only",0.58676395835498,0.0181697974818563,0.0014762110160137,TRUE,0.0712242973416499,5000,3,10,"C1","none","superpopulation","facec"
156,"sample_size",0.598307922562389,0.014681340117774,0.0130201752234225,TRUE,0.0575497957512403,5000,3,10,"C1","none","superpopulation","facec"
156,"inverse_variance",0.597974566758459,0.0159076331650473,0.0126868194194923,TRUE,0.0623567761655353,5000,3,10,"C1","none","superpopulation","facec"
156,"federated_dr",0.586397785249572,0.0115499939812438,0.00111003791060582,TRUE,0.0452751444497845,5000,3,10,"C1","none","superpopulation","facec"
156,"pooled_dr",0.5873342342021,0.0119987774931511,0.00204648686313336,TRUE,0.0470343434901719,5000,3,10,"C1","none","superpopulation","facec"
156,"tilted_aipw",0.583576643013673,0.0124020790098801,-0.00171110432529387,TRUE,0.0486152563855704,5000,3,10,"C1","none","superpopulation","facec"
156,"oracle_dr",0.58499691762735,0.0122111486694548,-0.000290829711616203,TRUE,0.0478668232039914,5000,3,10,"C1","none","superpopulation","facec"
157,"one_round_crossfit",0.570074788405253,0.0102899281376237,-0.0152129589337131,TRUE,0.0403357771064954,5000,3,10,"C1","none","superpopulation","facec"
157,"two_round_crossfit",0.570876611736509,0.0104148717495674,-0.014411135602457,TRUE,0.0408255470655117,5000,3,10,"C1","none","superpopulation","facec"
157,"target_only",0.581116339205515,0.0184009218862837,-0.00417140813345118,TRUE,0.0721302883589019,5000,3,10,"C1","none","superpopulation","facec"
157,"sample_size",0.581394133322097,0.0205843023014216,-0.00389361401686905,TRUE,0.0806889823153425,5000,3,10,"C1","none","superpopulation","facec"
157,"inverse_variance",0.579699568270701,0.0205242286186851,-0.00558817906826548,TRUE,0.0804534978061782,5000,3,10,"C1","none","superpopulation","facec"
157,"federated_dr",0.570159353077044,0.0117421699560952,-0.0151283942619224,TRUE,0.0460284604285899,5000,3,10,"C1","none","superpopulation","facec"
157,"pooled_dr",0.573479934783454,0.0120793204496117,-0.011807812555512,TRUE,0.047350066077914,5000,3,10,"C1","none","superpopulation","facec"
157,"tilted_aipw",0.563981703696579,0.0134217254054862,-0.0213060436423876,TRUE,0.0526121968102784,5000,3,10,"C1","none","superpopulation","facec"
157,"oracle_dr",0.577376068748233,0.0123597228159277,-0.00791167859073361,TRUE,0.0484492231562326,5000,3,10,"C1","none","superpopulation","facec"
158,"one_round_crossfit",0.579754529825827,0.0103454288066574,-0.00553321751313895,TRUE,0.0405533357313432,5000,3,10,"C1","none","superpopulation","facec"
158,"two_round_crossfit",0.579263544655168,0.0102986584867896,-0.00602420268379877,TRUE,0.0403699994463707,5000,3,10,"C1","none","superpopulation","facec"
158,"target_only",0.559859216434336,0.0183448426097093,-0.0254285309046305,TRUE,0.0719104616341721,5000,3,10,"C1","none","superpopulation","facec"
158,"sample_size",0.58096289975775,0.0175848023239188,-0.00432484758121654,TRUE,0.0689311584602741,5000,3,10,"C1","none","superpopulation","facec"
158,"inverse_variance",0.5803962445494,0.0177452917896033,-0.00489150278956596,TRUE,0.0695602656055536,5000,3,10,"C1","none","superpopulation","facec"
158,"federated_dr",0.572323272709133,0.0116059098431596,-0.0129644746298331,TRUE,0.0454943306008235,5000,3,10,"C1","none","superpopulation","facec"
158,"pooled_dr",0.571836466555646,0.0121444680297961,-0.0134512807833204,TRUE,0.0476054398995971,5000,3,10,"C1","none","superpopulation","facec"
158,"tilted_aipw",0.5698410424351,0.0129287715386098,-0.0154467049038667,TRUE,0.0506798531600432,5000,3,10,"C1","none","superpopulation","facec"
158,"oracle_dr",0.582255300644082,0.0126227552945659,-0.00303244669488412,TRUE,0.0494802915260228,5000,3,10,"C1","none","superpopulation","facec"
159,"one_round_crossfit",0.576774956690431,0.0103758309560126,-0.0085127906485355,TRUE,0.040672509966921,5000,3,10,"C1","none","superpopulation","facec"
159,"two_round_crossfit",0.578364061987671,0.0103542663896325,-0.00692368535129573,TRUE,0.0405879784200265,5000,3,10,"C1","none","superpopulation","facec"
159,"target_only",0.584473062172404,0.0185705490593569,-0.000814685166562357,TRUE,0.0727952146589472,5000,3,10,"C1","none","superpopulation","facec"
159,"sample_size",0.588357118856937,0.0115793036503495,0.00306937151797049,TRUE,0.0453900362414763,5000,3,10,"C1","none","superpopulation","facec"
159,"inverse_variance",0.588853948468417,0.0141571938791918,0.00356620112945094,TRUE,0.0554951802507337,5000,3,10,"C1","none","superpopulation","facec"
159,"federated_dr",0.575232286042898,0.0118351373294402,-0.0100554612960679,TRUE,0.0463928858355767,5000,3,10,"C1","none","superpopulation","facec"
159,"pooled_dr",0.57656140100089,0.0124704803362283,-0.0087263463380759,TRUE,0.0488833846578449,5000,3,10,"C1","none","superpopulation","facec"
159,"tilted_aipw",0.563764886703003,0.0132923680015941,-0.0215228606359633,TRUE,0.052105125104754,5000,3,10,"C1","none","superpopulation","facec"
159,"oracle_dr",0.58318757164165,0.0123613315967176,-0.00210017569731669,TRUE,0.0484555294610469,5000,3,10,"C1","none","superpopulation","facec"
160,"one_round_crossfit",0.571309231235037,0.0101829319316179,-0.0139785161039292,TRUE,0.0399163596859882,5000,3,10,"C1","none","superpopulation","facec"
160,"two_round_crossfit",0.575563289995844,0.0100931773605545,-0.00972445734312277,TRUE,0.0395645282325237,5000,3,10,"C1","none","superpopulation","facec"
160,"target_only",0.563652064028447,0.0185648937751456,-0.0216356833105197,TRUE,0.0727730463521943,5000,3,10,"C1","none","superpopulation","facec"
160,"sample_size",0.588063302756351,0.0130889915254458,0.00277555541738439,TRUE,0.0513079039676474,5000,3,10,"C1","none","superpopulation","facec"
160,"inverse_variance",0.588642100848048,0.0149398689285768,0.00335435350908131,TRUE,0.0585632100675191,5000,3,10,"C1","none","superpopulation","facec"
160,"federated_dr",0.572525477470953,0.0117077664618961,-0.0127622698680137,TRUE,0.0458936012094446,5000,3,10,"C1","none","superpopulation","facec"
160,"pooled_dr",0.570108529985913,0.0122821198900076,-0.0151792173530532,TRUE,0.0481450252764359,5000,3,10,"C1","none","superpopulation","facec"
160,"tilted_aipw",0.5705221305544,0.0129056481925026,-0.0147656167845662,TRUE,0.050589211308899,5000,3,10,"C1","none","superpopulation","facec"
160,"oracle_dr",0.568668627260243,0.0126230533310662,-0.0166191200787233,TRUE,0.0494814598076363,5000,3,10,"C1","none","superpopulation","facec"
161,"one_round_crossfit",0.574210993053113,0.0102372980098391,-0.0110767542858539,TRUE,0.0401294707965762,5000,3,10,"C1","none","superpopulation","facec"
161,"two_round_crossfit",0.575483895623063,0.0103655575201536,-0.00980385171590337,TRUE,0.0406322388383589,5000,3,10,"C1","none","superpopulation","facec"
161,"target_only",0.604449622251882,0.0181628897973745,0.0191618749129157,TRUE,0.071197219716048,5000,3,10,"C1","none","superpopulation","facec"
161,"sample_size",0.590140696470879,0.0143567787624396,0.00485294913191303,TRUE,0.0562775386167824,5000,3,10,"C1","none","superpopulation","facec"
161,"inverse_variance",0.588978115255737,0.0157678234383216,0.00369036791677091,TRUE,0.0618087321073939,5000,3,10,"C1","none","superpopulation","facec"
161,"federated_dr",0.576159488833988,0.0115954600534631,-0.00912825850497878,TRUE,0.045453368177921,5000,3,10,"C1","none","superpopulation","facec"
161,"pooled_dr",0.577097418247642,0.0123295458152236,-0.00819032909132467,TRUE,0.0483309314871498,5000,3,10,"C1","none","superpopulation","facec"
161,"tilted_aipw",0.567772162987574,0.0129716412668052,-0.0175155843513921,TRUE,0.0508478994066235,5000,3,10,"C1","none","superpopulation","facec"
161,"oracle_dr",0.572384680046961,0.012344758153021,-0.0129030672920054,TRUE,0.0483905627555568,5000,3,10,"C1","none","superpopulation","facec"
162,"one_round_crossfit",0.579026826618265,0.0102812176649596,-0.00626092072070095,TRUE,0.0403016326810754,5000,3,10,"C1","none","superpopulation","facec"
162,"two_round_crossfit",0.57678011487823,0.0103091006865959,-0.00850763246073627,TRUE,0.0404109321174502,5000,3,10,"C1","none","superpopulation","facec"
162,"target_only",0.552616976547996,0.0187842331774115,-0.0326707707909705,TRUE,0.0736328410098577,5000,3,10,"C1","none","superpopulation","facec"
162,"sample_size",0.588260675564034,0.0212036166677043,0.00297292822506789,TRUE,0.0831166500213874,5000,3,10,"C1","none","superpopulation","facec"
162,"inverse_variance",0.588731864639178,0.0211208525205358,0.00344411730021132,TRUE,0.0827922205260643,5000,3,10,"C1","none","superpopulation","facec"
162,"federated_dr",0.579193033035401,0.01203767546094,-0.00609471430356501,TRUE,0.0471868207220481,5000,3,10,"C1","none","superpopulation","facec"
162,"pooled_dr",0.581580122149954,0.0124932089812126,-0.00370762518901258,TRUE,0.048972479309018,5000,3,10,"C1","none","superpopulation","facec"
162,"tilted_aipw",0.578681724097841,0.0131502722356683,-0.00660602324112514,TRUE,0.0515481199376135,5000,3,10,"C1","none","superpopulation","facec"
162,"oracle_dr",0.59159957710535,0.0122842507415459,0.006311829766384,TRUE,0.0481533780609789,5000,3,10,"C1","none","superpopulation","facec"
163,"one_round_crossfit",0.606423615283789,0.0100230662674322,0.0211358679448225,FALSE,0.0392896977976509,5000,3,10,"C1","none","superpopulation","facec"
163,"two_round_crossfit",0.608319695260835,0.0100816454304293,0.0230319479218682,FALSE,0.0395193238970886,5000,3,10,"C1","none","superpopulation","facec"
163,"target_only",0.62462796262553,0.0177333123451647,0.0393402152865641,FALSE,0.0695133070462448,5000,3,10,"C1","none","superpopulation","facec"
163,"sample_size",0.614186659970477,0.010257114164699,0.028898912631511,FALSE,0.0402071486962514,5000,3,10,"C1","none","superpopulation","facec"
163,"inverse_variance",0.614775917658188,0.012996281836157,0.0294881703192218,FALSE,0.0509444886635995,5000,3,10,"C1","none","superpopulation","facec"
163,"federated_dr",0.604202276846381,0.0114521776060848,0.0189145295074143,TRUE,0.0448917113049647,5000,3,10,"C1","none","superpopulation","facec"
163,"pooled_dr",0.602673835753145,0.0122516025752163,0.0173860884141787,TRUE,0.0480253996006443,5000,3,10,"C1","none","superpopulation","facec"
163,"tilted_aipw",0.603874263646121,0.0124887158889736,0.0185865163071549,TRUE,0.0489548667110828,5000,3,10,"C1","none","superpopulation","facec"
163,"oracle_dr",0.590125866963237,0.0122789402151979,0.00483811962427083,TRUE,0.0481325611802168,5000,3,10,"C1","none","superpopulation","facec"
164,"one_round_crossfit",0.596030306602052,0.0104007722291864,0.0107425592630861,TRUE,0.0407702779612196,5000,3,10,"C1","none","superpopulation","facec"
164,"two_round_crossfit",0.598095252104817,0.0102295944639273,0.0128075047658508,TRUE,0.0400992734514958,5000,3,10,"C1","none","superpopulation","facec"
164,"target_only",0.611134433609218,0.0179742551469249,0.0258466862702512,TRUE,0.0704577854738131,5000,3,10,"C1","none","superpopulation","facec"
164,"sample_size",0.600030321059751,0.0196745516885161,0.0147425737207847,TRUE,0.0771228254429264,5000,3,10,"C1","none","superpopulation","facec"
164,"inverse_variance",0.598613230151038,0.0197519591337966,0.0133254828120718,TRUE,0.0774262570526965,5000,3,10,"C1","none","superpopulation","facec"
164,"federated_dr",0.593611768600804,0.0117710513347976,0.00832402126183807,TRUE,0.0461416733527509,5000,3,10,"C1","none","superpopulation","facec"
164,"pooled_dr",0.590983762840801,0.0124706215614545,0.00569601550183474,TRUE,0.048883938250559,5000,3,10,"C1","none","superpopulation","facec"
164,"tilted_aipw",0.589486108309772,0.0129197614501501,0.00419836097080517,TRUE,0.0506445342622865,5000,3,10,"C1","none","superpopulation","facec"
164,"oracle_dr",0.580378591166423,0.0122779932888909,-0.00490915617254362,TRUE,0.0481288492973015,5000,3,10,"C1","none","superpopulation","facec"
165,"one_round_crossfit",0.590545553901208,0.0102342059868712,0.00525780656224117,TRUE,0.0401173502892633,5000,3,10,"C1","none","superpopulation","facec"
165,"two_round_crossfit",0.587635617396573,0.0102493001631498,0.00234787005760639,TRUE,0.0401765183730285,5000,3,10,"C1","none","superpopulation","facec"
165,"target_only",0.6017859255397,0.0178831630923019,0.0164981782007337,TRUE,0.0701007111811351,5000,3,10,"C1","none","superpopulation","facec"
165,"sample_size",0.589396966372127,0.0182605546713435,0.00410921903316108,TRUE,0.0715800589871158,5000,3,10,"C1","none","superpopulation","facec"
165,"inverse_variance",0.587466074513977,0.0185840902463641,0.00217832717501065,TRUE,0.0728482951366314,5000,3,10,"C1","none","superpopulation","facec"
165,"federated_dr",0.582056126774013,0.0116235357897369,-0.00323162056495374,TRUE,0.0455634230417932,5000,3,10,"C1","none","superpopulation","facec"
165,"pooled_dr",0.581244582013729,0.0121768943282185,-0.00404316532523763,TRUE,0.0477325486537166,5000,3,10,"C1","none","superpopulation","facec"
165,"tilted_aipw",0.580189363705401,0.0123975756718839,-0.00509838363356574,TRUE,0.0485976036250049,5000,3,10,"C1","none","superpopulation","facec"
165,"oracle_dr",0.57947938789404,0.0123516011925199,-0.00580835944492608,TRUE,0.048417386977482,5000,3,10,"C1","none","superpopulation","facec"
166,"one_round_crossfit",0.576048588925351,0.0103585509274437,-0.00923915841361489,TRUE,0.0406047734996273,5000,3,10,"C1","none","superpopulation","facec"
166,"two_round_crossfit",0.578681226772675,0.010398067175113,-0.0066065205662913,TRUE,0.040759674344099,5000,3,10,"C1","none","superpopulation","facec"
166,"target_only",0.571428212718141,0.0186583747963299,-0.0138595346208249,TRUE,0.0731394852217131,5000,3,10,"C1","none","superpopulation","facec"
166,"sample_size",0.587409726560186,0.0194004960143246,0.00212197922121948,TRUE,0.0760485469405783,5000,3,10,"C1","none","superpopulation","facec"
166,"inverse_variance",0.586355281571134,0.0193318250077643,0.00106753423216721,TRUE,0.0757793615412976,5000,3,10,"C1","none","superpopulation","facec"
166,"federated_dr",0.575028865550305,0.0121710044039352,-0.010258881788661,TRUE,0.0477094605747828,5000,3,10,"C1","none","superpopulation","facec"
166,"pooled_dr",0.576491473980484,0.0127284709588269,-0.00879627335848232,TRUE,0.0498946893151295,5000,3,10,"C1","none","superpopulation","facec"
166,"tilted_aipw",0.578348875738405,0.0132094437273345,-0.00693887160056172,TRUE,0.0517800679227682,5000,3,10,"C1","none","superpopulation","facec"
166,"oracle_dr",0.581703351221239,0.012270020180898,-0.00358439611772732,TRUE,0.0480975952882796,5000,3,10,"C1","none","superpopulation","facec"
167,"one_round_crossfit",0.586927828338547,0.0104099864833833,0.00164008099958024,TRUE,0.0408063971739601,5000,3,10,"C1","none","superpopulation","facec"
167,"two_round_crossfit",0.591131246579268,0.0103146219850423,0.00584349924030181,TRUE,0.0404325752096559,5000,3,10,"C1","none","superpopulation","facec"
167,"target_only",0.604014375943441,0.0179618843660394,0.0187266286044744,TRUE,0.0704092929038207,5000,3,10,"C1","none","superpopulation","facec"
167,"sample_size",0.602022161632255,0.0121243147666223,0.0167344142932881,TRUE,0.0475264405596136,5000,3,10,"C1","none","superpopulation","facec"
167,"inverse_variance",0.60215493517378,0.0142624825372281,0.0168671878348139,TRUE,0.0559079042061972,5000,3,10,"C1","none","superpopulation","facec"
167,"federated_dr",0.588169060130151,0.0118248924957237,0.00288131279118486,TRUE,0.046352726825353,5000,3,10,"C1","none","superpopulation","facec"
167,"pooled_dr",0.586834778841481,0.0124887478819596,0.00154703150251501,TRUE,0.0489549921212833,5000,3,10,"C1","none","superpopulation","facec"
167,"tilted_aipw",0.585638434258576,0.0129285367334802,0.000350686919610044,TRUE,0.0506789327408486,5000,3,10,"C1","none","superpopulation","facec"
167,"oracle_dr",0.57941434687408,0.0124349766397026,-0.00587340046488605,TRUE,0.0487442127248279,5000,3,10,"C1","none","superpopulation","facec"
168,"one_round_crossfit",0.603903368985479,0.00987153347267518,0.0186156216465122,TRUE,0.0386957001572499,5000,3,10,"C1","none","superpopulation","facec"
168,"two_round_crossfit",0.606538447845824,0.0099773169132804,0.0212507005068578,FALSE,0.0391103636247438,5000,3,10,"C1","none","superpopulation","facec"
168,"target_only",0.602770178986902,0.0178347888805029,0.0174824316479352,TRUE,0.069911087755322,5000,3,10,"C1","none","superpopulation","facec"
168,"sample_size",0.61004215862528,0.0148801534229922,0.0247544112863138,TRUE,0.0583291295869903,5000,3,10,"C1","none","superpopulation","facec"
168,"inverse_variance",0.609717882216903,0.0162453697451028,0.0244301348779365,TRUE,0.063680679231876,5000,3,10,"C1","none","superpopulation","facec"
168,"federated_dr",0.600930313287149,0.0113504976832993,0.0156425659481829,TRUE,0.044493133331744,5000,3,10,"C1","none","superpopulation","facec"
168,"pooled_dr",0.603473005356748,0.0119779715601383,0.0181852580177811,TRUE,0.0469527857314322,5000,3,10,"C1","none","superpopulation","facec"
168,"tilted_aipw",0.588095875503483,0.0131002363284332,0.00280812816451703,TRUE,0.0513519827853846,5000,3,10,"C1","none","superpopulation","facec"
168,"oracle_dr",0.606474665752871,0.0123319459851789,0.0211869184139042,TRUE,0.0483403399804878,5000,3,10,"C1","none","superpopulation","facec"
169,"one_round_crossfit",0.567373051136891,0.0103069972724855,-0.0179146962020756,TRUE,0.0404026868856484,5000,3,10,"C1","none","superpopulation","facec"
169,"two_round_crossfit",0.567705457874638,0.0103325846620706,-0.0175822894643279,TRUE,0.0405029876097387,5000,3,10,"C1","none","superpopulation","facec"
169,"target_only",0.568568504684669,0.0186625758328704,-0.016719242654297,TRUE,0.0731559529823471,5000,3,10,"C1","none","superpopulation","facec"
169,"sample_size",0.576896100624404,0.0168437243123883,-0.0083916467145625,TRUE,0.0660261860356053,5000,3,10,"C1","none","superpopulation","facec"
169,"inverse_variance",0.575871684389426,0.0173897162061279,-0.00941606294954056,TRUE,0.0681664349307665,5000,3,10,"C1","none","superpopulation","facec"
169,"federated_dr",0.564408734688277,0.0117536860389553,-0.0208790126506895,TRUE,0.046073602643887,5000,3,10,"C1","none","superpopulation","facec"
169,"pooled_dr",0.565581510651008,0.0121065812601202,-0.019706236687958,TRUE,0.0474569264914864,5000,3,10,"C1","none","superpopulation","facec"
169,"tilted_aipw",0.555612081648291,0.0132259271631479,-0.0296756656906758,FALSE,0.0518446818038398,5000,3,10,"C1","none","superpopulation","facec"
169,"oracle_dr",0.571204915968356,0.0123813375720657,-0.0140828313706103,TRUE,0.0485339514433625,5000,3,10,"C1","none","superpopulation","facec"
170,"one_round_crossfit",0.591465920400719,0.0101653773419715,0.00617817306175217,TRUE,0.0398475469590474,5000,3,10,"C1","none","superpopulation","facec"
170,"two_round_crossfit",0.591928749641986,0.0102423282678891,0.00664100230301956,TRUE,0.0401491890457981,5000,3,10,"C1","none","superpopulation","facec"
170,"target_only",0.614623189233423,0.017916514715825,0.0293354418944562,TRUE,0.0702314471429977,5000,3,10,"C1","none","superpopulation","facec"
170,"sample_size",0.596744987078764,0.0198233658826931,0.0114572397397981,TRUE,0.077706166364877,5000,3,10,"C1","none","superpopulation","facec"
170,"inverse_variance",0.595047803157053,0.0199687428500391,0.00976005581808659,TRUE,0.0782760336052366,5000,3,10,"C1","none","superpopulation","facec"
170,"federated_dr",0.589444520071824,0.0115845646102298,0.00415677273285742,TRUE,0.0454106588252556,5000,3,10,"C1","none","superpopulation","facec"
170,"pooled_dr",0.59041110631266,0.0118658615634414,0.00512335897369398,TRUE,0.0465133226197665,5000,3,10,"C1","none","superpopulation","facec"
170,"tilted_aipw",0.585135466767307,0.0128221772793219,-0.000152280571659724,TRUE,0.0502620113417176,5000,3,10,"C1","none","superpopulation","facec"
170,"oracle_dr",0.582637971597933,0.012381827424624,-0.00264977574103376,TRUE,0.0485358716301068,5000,3,10,"C1","none","superpopulation","facec"
171,"one_round_crossfit",0.572664841399431,0.0102186245794486,-0.0126229059395355,TRUE,0.0400562722945099,5000,3,10,"C1","none","superpopulation","facec"
171,"two_round_crossfit",0.576491416727344,0.0103239402793132,-0.00879633061162233,TRUE,0.0404691022519923,5000,3,10,"C1","none","superpopulation","facec"
171,"target_only",0.55455107988973,0.0187282344604848,-0.0307366674492365,TRUE,0.0734133300731443,5000,3,10,"C1","none","superpopulation","facec"
171,"sample_size",0.584146714657417,0.0170122104518385,-0.00114103268154975,TRUE,0.0666866395660386,5000,3,10,"C1","none","superpopulation","facec"
171,"inverse_variance",0.584255302496758,0.0174353934612611,-0.00103244484220832,TRUE,0.0683454864807138,5000,3,10,"C1","none","superpopulation","facec"
171,"federated_dr",0.568884230149184,0.0125002787717084,-0.0164035171897824,TRUE,0.0490001923785179,5000,3,10,"C1","none","superpopulation","facec"
171,"pooled_dr",0.565997698111096,0.0131054600388125,-0.01929004922787,TRUE,0.0513724593538027,5000,3,10,"C1","none","superpopulation","facec"
171,"tilted_aipw",0.572935788070107,0.01410969639599,-0.0123519592688592,TRUE,0.0553089935378699,5000,3,10,"C1","none","superpopulation","facec"
171,"oracle_dr",0.567852500278236,0.012292520149381,-0.0174352470607303,TRUE,0.0481857935440395,5000,3,10,"C1","none","superpopulation","facec"
172,"one_round_crossfit",0.572575349213434,0.0103300249021002,-0.0127123981255324,TRUE,0.0404929535350367,5000,3,10,"C1","none","superpopulation","facec"
172,"two_round_crossfit",0.571828978428369,0.0103820958635518,-0.0134587689105971,TRUE,0.0406970679532077,5000,3,10,"C1","none","superpopulation","facec"
172,"target_only",0.595497247611129,0.0186500079691236,0.0102095002721628,TRUE,0.0731066878617346,5000,3,10,"C1","none","superpopulation","facec"
172,"sample_size",0.58847425174326,0.0232731836572185,0.00318650440429347,TRUE,0.0912292035474691,5000,3,10,"C1","none","superpopulation","facec"
172,"inverse_variance",0.586618918824077,0.0232203012311051,0.00133117148511086,TRUE,0.0910219082462742,5000,3,10,"C1","none","superpopulation","facec"
172,"federated_dr",0.575739518205999,0.0119096394545397,-0.00954822913296716,TRUE,0.0466849287995104,5000,3,10,"C1","none","superpopulation","facec"
172,"pooled_dr",0.577816876733172,0.012407791269904,-0.0074708706057941,TRUE,0.0486376480334048,5000,3,10,"C1","none","superpopulation","facec"
172,"tilted_aipw",0.572165847676508,0.0134520928905249,-0.0131218996624586,TRUE,0.0527312351642324,5000,3,10,"C1","none","superpopulation","facec"
172,"oracle_dr",0.582909077262964,0.0124293861338668,-0.00237867007600201,TRUE,0.0487222983446407,5000,3,10,"C1","none","superpopulation","facec"
173,"one_round_crossfit",0.603392962602978,0.0102704864495285,0.0181052152640118,TRUE,0.0402595670895649,5000,3,10,"C1","none","superpopulation","facec"
173,"two_round_crossfit",0.59859378305015,0.0102941699785725,0.0133060357111837,TRUE,0.0403524048174713,5000,3,10,"C1","none","superpopulation","facec"
173,"target_only",0.608134743187185,0.0188096714685423,0.0228469958482181,TRUE,0.0737325572787471,5000,3,10,"C1","none","superpopulation","facec"
173,"sample_size",0.612297062651644,0.0174111971921059,0.0270093153126778,TRUE,0.0682506388485047,5000,3,10,"C1","none","superpopulation","facec"
173,"inverse_variance",0.61137324490584,0.0177683981133522,0.0260854975668736,TRUE,0.0696508407302796,5000,3,10,"C1","none","superpopulation","facec"
173,"federated_dr",0.598588397564956,0.0121345032725948,0.0133006502259893,TRUE,0.0475663787691385,5000,3,10,"C1","none","superpopulation","facec"
173,"pooled_dr",0.594554539932473,0.0125309941006338,0.00926679259350704,TRUE,0.0491205942554525,5000,3,10,"C1","none","superpopulation","facec"
173,"tilted_aipw",0.599017801859233,0.0135432298836764,0.0137300545202663,TRUE,0.0530884856127045,5000,3,10,"C1","none","superpopulation","facec"
173,"oracle_dr",0.577011844591072,0.01228956164315,-0.00827590274789436,TRUE,0.0481741964127178,5000,3,10,"C1","none","superpopulation","facec"
174,"one_round_crossfit",0.598665866096826,0.0101911616296586,0.0133781187578601,TRUE,0.0399486195095147,5000,3,10,"C1","none","superpopulation","facec"
174,"two_round_crossfit",0.597491140439881,0.0101530923754701,0.0122033931009148,TRUE,0.0397993907752594,5000,3,10,"C1","none","superpopulation","facec"
174,"target_only",0.605721104625588,0.0185665646176993,0.020433357286622,TRUE,0.0727795959346527,5000,3,10,"C1","none","superpopulation","facec"
174,"sample_size",0.603155269246819,0.0151486231324086,0.0178675219078528,TRUE,0.0593815115097822,5000,3,10,"C1","none","superpopulation","facec"
174,"inverse_variance",0.602562163181709,0.0162675385238464,0.0172744158427421,TRUE,0.0637675792477137,5000,3,10,"C1","none","superpopulation","facec"
174,"federated_dr",0.596860106447188,0.0117961764857714,0.0115723591082215,TRUE,0.0462401621347803,5000,3,10,"C1","none","superpopulation","facec"
174,"pooled_dr",0.595970385029581,0.0123215366494635,0.0106826376906144,TRUE,0.0482995361342775,5000,3,10,"C1","none","superpopulation","facec"
174,"tilted_aipw",0.596640673608957,0.0124136008048506,0.011352926269991,TRUE,0.0486604209919295,5000,3,10,"C1","none","superpopulation","facec"
174,"oracle_dr",0.590102837761095,0.0124306270196688,0.00481509042212869,TRUE,0.0487271625276025,5000,3,10,"C1","none","superpopulation","facec"
175,"one_round_crossfit",0.586406505020554,0.0101505204897938,0.00111875768158765,TRUE,0.0397893091686636,5000,3,10,"C1","none","superpopulation","facec"
175,"two_round_crossfit",0.588593552686744,0.0102055780640298,0.00330580534777769,TRUE,0.040005130893821,5000,3,10,"C1","none","superpopulation","facec"
175,"target_only",0.590022061214509,0.0184303699718812,0.00473431387554268,TRUE,0.0722457227332711,5000,3,10,"C1","none","superpopulation","facec"
175,"sample_size",0.602349896006559,0.0130188607592964,0.0170621486675929,TRUE,0.0510329964159255,5000,3,10,"C1","none","superpopulation","facec"
175,"inverse_variance",0.602650776663477,0.0148908437888368,0.0173630293245102,TRUE,0.0583710350510644,5000,3,10,"C1","none","superpopulation","facec"
175,"federated_dr",0.587050744687631,0.0111381750867603,0.00176299734866503,TRUE,0.0436608440471029,5000,3,10,"C1","none","superpopulation","facec"
175,"pooled_dr",0.589460606571754,0.0114598876334984,0.0041728592327881,TRUE,0.0449219340570657,5000,3,10,"C1","none","superpopulation","facec"
175,"tilted_aipw",0.581519697734198,0.0121340696588749,-0.00376804960476851,TRUE,0.0475646790345903,5000,3,10,"C1","none","superpopulation","facec"
175,"oracle_dr",0.587159676117194,0.0123177821053477,0.00187192877822728,TRUE,0.0482848185917868,5000,3,10,"C1","none","superpopulation","facec"
176,"one_round_crossfit",0.600965850204326,0.0102431255490475,0.0156781028653596,TRUE,0.0401523143305103,5000,3,10,"C1","none","superpopulation","facec"
176,"two_round_crossfit",0.601737200207973,0.01023355242638,0.0164494528690062,TRUE,0.0401147883792146,5000,3,10,"C1","none","superpopulation","facec"
176,"target_only",0.604143928142237,0.0183528357009643,0.0188561808032703,TRUE,0.0719417939761418,5000,3,10,"C1","none","superpopulation","facec"
176,"sample_size",0.612071266098035,0.0185883814241392,0.0267835187590686,TRUE,0.0728651162444123,5000,3,10,"C1","none","superpopulation","facec"
176,"inverse_variance",0.611427239832024,0.0185942993812176,0.0261394924930579,TRUE,0.072888314209884,5000,3,10,"C1","none","superpopulation","facec"
176,"federated_dr",0.600226558106394,0.0116742007535472,0.0149388107674278,TRUE,0.0457620260504858,5000,3,10,"C1","none","superpopulation","facec"
176,"pooled_dr",0.599383477287809,0.0120189587700888,0.014095729948843,TRUE,0.0471134526420918,5000,3,10,"C1","none","superpopulation","facec"
176,"tilted_aipw",0.594069201716315,0.0127928513706269,0.00878145437734834,TRUE,0.0501470558920052,5000,3,10,"C1","none","superpopulation","facec"
176,"oracle_dr",0.588147149178764,0.0122424576714803,0.00285940183979794,TRUE,0.0479895522367151,5000,3,10,"C1","none","superpopulation","facec"
177,"one_round_crossfit",0.608551441524856,0.0103032785534036,0.0232636941858894,FALSE,0.0403881097747101,5000,3,10,"C1","none","superpopulation","facec"
177,"two_round_crossfit",0.610896241444329,0.010380334816138,0.0256084941053628,FALSE,0.0406901647741953,5000,3,10,"C1","none","superpopulation","facec"
177,"target_only",0.589976926390691,0.0182172088109436,0.00468917905172439,TRUE,0.0714101463365906,5000,3,10,"C1","none","superpopulation","facec"
177,"sample_size",0.614879544624223,0.0189472844848104,0.0295917972852562,TRUE,0.0742719903901261,5000,3,10,"C1","none","superpopulation","facec"
177,"inverse_variance",0.615010229933421,0.0189029367764482,0.0297224825944542,TRUE,0.0740981505677523,5000,3,10,"C1","none","superpopulation","facec"
177,"federated_dr",0.602126885809094,0.0118280630152136,0.016839138470128,TRUE,0.0463651550333777,5000,3,10,"C1","none","superpopulation","facec"
177,"pooled_dr",0.600518890427027,0.0124435768150416,0.0152311430880611,TRUE,0.0487779247926781,5000,3,10,"C1","none","superpopulation","facec"
177,"tilted_aipw",0.597949009553504,0.0133927801671871,0.0126612622145374,TRUE,0.052498733561098,5000,3,10,"C1","none","superpopulation","facec"
177,"oracle_dr",0.601818473602092,0.0123236058123757,0.0165307262631255,TRUE,0.0483076471038497,5000,3,10,"C1","none","superpopulation","facec"
178,"one_round_crossfit",0.578307422565432,0.0101376903650519,-0.00698032477353394,TRUE,0.0397390160038409,5000,3,10,"C1","none","superpopulation","facec"
178,"two_round_crossfit",0.581946579514845,0.0100844983044959,-0.00334116782412164,TRUE,0.0395305069579344,5000,3,10,"C1","none","superpopulation","facec"
178,"target_only",0.57540586559543,0.0183174111103433,-0.00988188174353621,TRUE,0.0718029321325733,5000,3,10,"C1","none","superpopulation","facec"
178,"sample_size",0.592423551175083,0.0152242400710403,0.00713580383611712,TRUE,0.0596779244624608,5000,3,10,"C1","none","superpopulation","facec"
178,"inverse_variance",0.592588130494563,0.0162569920592692,0.00730038315559678,TRUE,0.0637262378662427,5000,3,10,"C1","none","superpopulation","facec"
178,"federated_dr",0.579371978805302,0.0123790348932069,-0.00591576853366482,TRUE,0.0485249251081006,5000,3,10,"C1","none","superpopulation","facec"
178,"pooled_dr",0.579157952251079,0.0130544029930917,-0.00612979508788769,TRUE,0.0511723194122631,5000,3,10,"C1","none","superpopulation","facec"
178,"tilted_aipw",0.578588468868591,0.0140538741101643,-0.00669927847037488,TRUE,0.055090174198364,5000,3,10,"C1","none","superpopulation","facec"
178,"oracle_dr",0.583119580083286,0.0122752806367182,-0.00216816725568003,TRUE,0.048118215896179,5000,3,10,"C1","none","superpopulation","facec"
179,"one_round_crossfit",0.580717512761692,0.0104422677570234,-0.00457023457727468,TRUE,0.0409329374413794,5000,3,10,"C1","none","superpopulation","facec"
179,"two_round_crossfit",0.583070477374675,0.0104514113859359,-0.00221726996429095,TRUE,0.0409687798080924,5000,3,10,"C1","none","superpopulation","facec"
179,"target_only",0.590378250876713,0.0185992117949027,0.00509050353774632,TRUE,0.0729075705176838,5000,3,10,"C1","none","superpopulation","facec"
179,"sample_size",0.59986004529243,0.00982001854061714,0.0145722979534633,TRUE,0.0384937653342503,5000,3,10,"C1","none","superpopulation","facec"
179,"inverse_variance",0.600774766685333,0.0129380208149774,0.0154870193463668,TRUE,0.0507161096571707,5000,3,10,"C1","none","superpopulation","facec"
179,"federated_dr",0.582715708883518,0.0120675539180681,-0.0025720384554484,TRUE,0.0473039421218175,5000,3,10,"C1","none","superpopulation","facec"
179,"pooled_dr",0.582072829731065,0.0127030866483049,-0.00321491760790094,TRUE,0.0497951846463383,5000,3,10,"C1","none","superpopulation","facec"
179,"tilted_aipw",0.580593173294608,0.0134516180823226,-0.00469457404435825,TRUE,0.0527293739502799,5000,3,10,"C1","none","superpopulation","facec"
179,"oracle_dr",0.579728864229888,0.0120236716024989,-0.00555888310907826,TRUE,0.0471319266056698,5000,3,10,"C1","none","superpopulation","facec"
180,"one_round_crossfit",0.593011812052249,0.0102055313621467,0.00772406471328246,TRUE,0.0400049478258031,5000,3,10,"C1","none","superpopulation","facec"
180,"two_round_crossfit",0.593064005402367,0.0102803588023031,0.00777625806340021,TRUE,0.0402982660013267,5000,3,10,"C1","none","superpopulation","facec"
180,"target_only",0.607929482013272,0.0185485693997024,0.0226417346743055,TRUE,0.0727090559763166,5000,3,10,"C1","none","superpopulation","facec"
180,"sample_size",0.598534491943128,0.0230903280095996,0.0132467446041612,TRUE,0.0905124225800631,5000,3,10,"C1","none","superpopulation","facec"
180,"inverse_variance",0.595936172629477,0.0230127313138302,0.010648425290511,TRUE,0.0902082491220086,5000,3,10,"C1","none","superpopulation","facec"
180,"federated_dr",0.587096547208911,0.0116716810229018,0.00180879986994431,TRUE,0.0457521488878541,5000,3,10,"C1","none","superpopulation","facec"
180,"pooled_dr",0.589097247714993,0.0115701012938089,0.00380950037602668,TRUE,0.0453539636666913,5000,3,10,"C1","none","superpopulation","facec"
180,"tilted_aipw",0.587673194695997,0.0130178294536463,0.00238544735703039,TRUE,0.051028953772063,5000,3,10,"C1","none","superpopulation","facec"
180,"oracle_dr",0.577564954971706,0.0123060258023716,-0.00772279236726015,TRUE,0.0482387347309379,5000,3,10,"C1","none","superpopulation","facec"
181,"one_round_crossfit",0.587991335934654,0.0102915528229886,0.00270358859568776,TRUE,0.0403421457560984,5000,3,10,"C1","none","superpopulation","facec"
181,"two_round_crossfit",0.590151745086652,0.0102144263624199,0.00486399774768587,TRUE,0.040039815586159,5000,3,10,"C1","none","superpopulation","facec"
181,"target_only",0.595778058679291,0.0179952063871731,0.0104903113403251,TRUE,0.0705399128264486,5000,3,10,"C1","none","superpopulation","facec"
181,"sample_size",0.601786479894032,0.019030123248402,0.0164987325550652,TRUE,0.0745967123764526,5000,3,10,"C1","none","superpopulation","facec"
181,"inverse_variance",0.60037066229552,0.0189850177173942,0.0150829149565541,TRUE,0.0744199019438949,5000,3,10,"C1","none","superpopulation","facec"
181,"federated_dr",0.590451451601844,0.0115553972863108,0.00516370426287782,TRUE,0.045296325016442,5000,3,10,"C1","none","superpopulation","facec"
181,"pooled_dr",0.587940196297707,0.0123723968489427,0.00265244895874062,TRUE,0.0484989044527291,5000,3,10,"C1","none","superpopulation","facec"
181,"tilted_aipw",0.58460167585179,0.0129428499695846,-0.000686071487176365,TRUE,0.0507350395953825,5000,3,10,"C1","none","superpopulation","facec"
181,"oracle_dr",0.585035204902964,0.0123406615149027,-0.000252542436001923,TRUE,0.0483745042292174,5000,3,10,"C1","none","superpopulation","facec"
182,"one_round_crossfit",0.572065469307604,0.0101383703032219,-0.013222278031362,TRUE,0.0397416813124905,5000,3,10,"C1","none","superpopulation","facec"
182,"two_round_crossfit",0.573716661275946,0.0101763782134243,-0.0115710860630205,TRUE,0.0398906695827395,5000,3,10,"C1","none","superpopulation","facec"
182,"target_only",0.578756147792114,0.0181517265235286,-0.00653159954685223,TRUE,0.071153460486673,5000,3,10,"C1","none","superpopulation","facec"
182,"sample_size",0.586501057519744,0.0150044827694744,0.00121331018077808,TRUE,0.0588164916696432,5000,3,10,"C1","none","superpopulation","facec"
182,"inverse_variance",0.586607704417653,0.0160845629448592,0.00131995707868626,TRUE,0.0630503281579831,5000,3,10,"C1","none","superpopulation","facec"
182,"federated_dr",0.572599590124479,0.0116902852050303,-0.012688157214487,TRUE,0.0458250759417218,5000,3,10,"C1","none","superpopulation","facec"
182,"pooled_dr",0.570682576447698,0.0122278739794729,-0.0146051708912682,TRUE,0.0479323852145226,5000,3,10,"C1","none","superpopulation","facec"
182,"tilted_aipw",0.565773826788264,0.0130890610923003,-0.0195139205507019,TRUE,0.0513081766647063,5000,3,10,"C1","none","superpopulation","facec"
182,"oracle_dr",0.572072125066256,0.0126724211846712,-0.0132156222727104,TRUE,0.0496749782377559,5000,3,10,"C1","none","superpopulation","facec"
183,"one_round_crossfit",0.562560508847584,0.0101917852545164,-0.0227272384913827,FALSE,0.0399510640740373,5000,3,10,"C1","none","superpopulation","facec"
183,"two_round_crossfit",0.563186385868002,0.0101799706266964,-0.0221013614709642,FALSE,0.0399047515840012,5000,3,10,"C1","none","superpopulation","facec"
183,"target_only",0.583674298905017,0.0186138765282735,-0.00161344843394917,TRUE,0.0729650552161829,5000,3,10,"C1","none","superpopulation","facec"
183,"sample_size",0.578061457040477,0.0349571691775034,-0.00722629029848987,TRUE,0.137029585178761,5000,3,10,"C1","none","superpopulation","facec"
183,"inverse_variance",0.573528760181192,0.0347754048276373,-0.0117589871577746,TRUE,0.136317082019939,5000,3,10,"C1","none","superpopulation","facec"
183,"federated_dr",0.567480041803052,0.0117949532859709,-0.0178077055359147,TRUE,0.0462353672796705,5000,3,10,"C1","none","superpopulation","facec"
183,"pooled_dr",0.562921139863274,0.0125380905152845,-0.0223666074756926,TRUE,0.0491484116897218,5000,3,10,"C1","none","superpopulation","facec"
183,"tilted_aipw",0.570932782002315,0.0133913199048268,-0.0143549653366513,TRUE,0.0524930094378298,5000,3,10,"C1","none","superpopulation","facec"
183,"oracle_dr",0.559133195136101,0.0122928286138801,-0.0261545522028654,FALSE,0.0481870027026567,5000,3,10,"C1","none","superpopulation","facec"
184,"one_round_crossfit",0.591561888503585,0.0101839731196855,0.00627414116461844,TRUE,0.0399204410682152,5000,3,10,"C1","none","superpopulation","facec"
184,"two_round_crossfit",0.588667556002393,0.0103347613659963,0.00337980866342702,TRUE,0.0405115201323376,5000,3,10,"C1","none","superpopulation","facec"
184,"target_only",0.586282239107586,0.0182859233695315,0.000994491768619432,TRUE,0.0716795024566821,5000,3,10,"C1","none","superpopulation","facec"
184,"sample_size",0.596215449396546,0.0186462462873606,0.0109277020575798,TRUE,0.0730919423401808,5000,3,10,"C1","none","superpopulation","facec"
184,"inverse_variance",0.595544434829293,0.0188148700848759,0.0102566874903266,TRUE,0.0737529354803137,5000,3,10,"C1","none","superpopulation","facec"
184,"federated_dr",0.586756308731232,0.0114478204803934,0.00146856139226581,TRUE,0.0448746316861022,5000,3,10,"C1","none","superpopulation","facec"
184,"pooled_dr",0.585813998491167,0.0118983016741324,0.000526251152200174,TRUE,0.0466404855169844,5000,3,10,"C1","none","superpopulation","facec"
184,"tilted_aipw",0.584439224579801,0.0126043244337892,-0.000848522759165249,TRUE,0.04940804387937,5000,3,10,"C1","none","superpopulation","facec"
184,"oracle_dr",0.586476697211128,0.0124270293535644,0.00118894987216156,TRUE,0.0487130599356165,5000,3,10,"C1","none","superpopulation","facec"
185,"one_round_crossfit",0.586614573703532,0.010225828180593,0.0013268263645656,TRUE,0.0400845098921141,5000,3,10,"C1","none","superpopulation","facec"
185,"two_round_crossfit",0.589429072472963,0.0102986540606059,0.0041413251339969,TRUE,0.0403699820960493,5000,3,10,"C1","none","superpopulation","facec"
185,"target_only",0.561486952911385,0.0181664950622384,-0.023800794427581,TRUE,0.071211352094624,5000,3,10,"C1","none","superpopulation","facec"
185,"sample_size",0.599871575372863,0.0232873212395164,0.0145838280338964,TRUE,0.0912846218517336,5000,3,10,"C1","none","superpopulation","facec"
185,"inverse_variance",0.599495550384355,0.0231959212741495,0.0142078030453889,TRUE,0.0909263405711187,5000,3,10,"C1","none","superpopulation","facec"
185,"federated_dr",0.582680367265111,0.0113017316357957,-0.00260738007385575,TRUE,0.0443019739381929,5000,3,10,"C1","none","superpopulation","facec"
185,"pooled_dr",0.586409282247315,0.0114426404394356,0.00112153490834832,TRUE,0.0448543262986705,5000,3,10,"C1","none","superpopulation","facec"
185,"tilted_aipw",0.578490367947611,0.0123698864329528,-0.00679737939135538,TRUE,0.0484890638028761,5000,3,10,"C1","none","superpopulation","facec"
185,"oracle_dr",0.603311285021645,0.0124202899840797,0.0180235376826783,TRUE,0.0486866420926795,5000,3,10,"C1","none","superpopulation","facec"
186,"one_round_crossfit",0.601792936218654,0.0102964043901984,0.0165051888796873,TRUE,0.040361163550098,5000,3,10,"C1","none","superpopulation","facec"
186,"two_round_crossfit",0.60257638986969,0.0103342649676924,0.0172886425307234,TRUE,0.0405095742867421,5000,3,10,"C1","none","superpopulation","facec"
186,"target_only",0.575798298832526,0.0189951944541627,-0.00948944850643996,TRUE,0.0744597940189875,5000,3,10,"C1","none","superpopulation","facec"
186,"sample_size",0.607744114770841,0.0158906898155927,0.0224563674318745,TRUE,0.0622903594561182,5000,3,10,"C1","none","superpopulation","facec"
186,"inverse_variance",0.608600626560055,0.0167292200706561,0.0233128792210884,TRUE,0.0655773376558613,5000,3,10,"C1","none","superpopulation","facec"
186,"federated_dr",0.595986564565817,0.0116661614362573,0.0106988172268503,TRUE,0.045730512505789,5000,3,10,"C1","none","superpopulation","facec"
186,"pooled_dr",0.5948779681046,0.0121791977848138,0.00959022076563376,TRUE,0.04774157803765,5000,3,10,"C1","none","superpopulation","facec"
186,"tilted_aipw",0.590394707797446,0.0128462108481194,0.00510696045847914,TRUE,0.0503562212002435,5000,3,10,"C1","none","superpopulation","facec"
186,"oracle_dr",0.594344611578765,0.0120227010328473,0.0090568642397989,TRUE,0.0471281220425463,5000,3,10,"C1","none","superpopulation","facec"
187,"one_round_crossfit",0.587923624425469,0.0103927836175507,0.00263587708650237,TRUE,0.0407389631790345,5000,3,10,"C1","none","superpopulation","facec"
187,"two_round_crossfit",0.590158593931188,0.0103820201169008,0.00487084659222203,TRUE,0.0406967710317918,5000,3,10,"C1","none","superpopulation","facec"
187,"target_only",0.583918356912754,0.0187507715236485,-0.00136939042621254,TRUE,0.0735016737373806,5000,3,10,"C1","none","superpopulation","facec"
187,"sample_size",0.597552501184883,0.016321683554848,0.0122647538459171,TRUE,0.0639798238691236,5000,3,10,"C1","none","superpopulation","facec"
187,"inverse_variance",0.597466880125895,0.0171209018790327,0.0121791327869291,TRUE,0.0671127021314963,5000,3,10,"C1","none","superpopulation","facec"
187,"federated_dr",0.58709347332555,0.0118722292387795,0.00180572598658335,TRUE,0.0465382834484223,5000,3,10,"C1","none","superpopulation","facec"
187,"pooled_dr",0.587890444676702,0.0122779229837252,0.00260269733773533,TRUE,0.0481285737061159,5000,3,10,"C1","none","superpopulation","facec"
187,"tilted_aipw",0.586730975663949,0.0129995273647211,0.00144322832498289,TRUE,0.0509572109017926,5000,3,10,"C1","none","superpopulation","facec"
187,"oracle_dr",0.586839566894044,0.0126173083530811,0.00155181955507722,TRUE,0.0494589399077505,5000,3,10,"C1","none","superpopulation","facec"
188,"one_round_crossfit",0.589732800101325,0.010211861837539,0.00444505276235874,TRUE,0.040029762833351,5000,3,10,"C1","none","superpopulation","facec"
188,"two_round_crossfit",0.586755880981264,0.0102269144570782,0.00146813364229714,TRUE,0.0400887680176905,5000,3,10,"C1","none","superpopulation","facec"
188,"target_only",0.587030001419313,0.0183391671606271,0.00174225408034645,TRUE,0.0718882142825774,5000,3,10,"C1","none","superpopulation","facec"
188,"sample_size",0.594172597709504,0.0142490537905806,0.00888485037053788,TRUE,0.0558552644866239,5000,3,10,"C1","none","superpopulation","facec"
188,"inverse_variance",0.593909195739632,0.0156782913473102,0.00862144840066525,TRUE,0.0614577727597079,5000,3,10,"C1","none","superpopulation","facec"
188,"federated_dr",0.585668451207377,0.0114894140859811,0.000380703868410825,TRUE,0.0450376756239803,5000,3,10,"C1","none","superpopulation","facec"
188,"pooled_dr",0.583232416556727,0.0117577366623536,-0.00205533078223974,TRUE,0.0460894807958383,5000,3,10,"C1","none","superpopulation","facec"
188,"tilted_aipw",0.581986931614772,0.0124243178654657,-0.00330081572419483,TRUE,0.0487024310975805,5000,3,10,"C1","none","superpopulation","facec"
188,"oracle_dr",0.58230638028091,0.0124168235678886,-0.00298136705805607,TRUE,0.0486730539908997,5000,3,10,"C1","none","superpopulation","facec"
189,"one_round_crossfit",0.592530070120149,0.0101165267690686,0.0072423227811822,TRUE,0.0396560562320196,5000,3,10,"C1","none","superpopulation","facec"
189,"two_round_crossfit",0.59565641355641,0.0100707558057122,0.0103686662174439,TRUE,0.0394766373525872,5000,3,10,"C1","none","superpopulation","facec"
189,"target_only",0.590802277619299,0.0181576329026732,0.00551453028033255,TRUE,0.0711766130674778,5000,3,10,"C1","none","superpopulation","facec"
189,"sample_size",0.596025450866267,0.0135098732637922,0.0107377035273006,TRUE,0.0529577300654664,5000,3,10,"C1","none","superpopulation","facec"
189,"inverse_variance",0.596014997397208,0.0151569391116354,0.0107272500582412,TRUE,0.0594141095493439,5000,3,10,"C1","none","superpopulation","facec"
189,"federated_dr",0.593958772091741,0.0119876146989875,0.00867102475277415,TRUE,0.0469905861411168,5000,3,10,"C1","none","superpopulation","facec"
189,"pooled_dr",0.593370596111229,0.013088293154555,0.00808284877226217,TRUE,0.05130516640406,5000,3,10,"C1","none","superpopulation","facec"
189,"tilted_aipw",0.602970525429457,0.0136052357891306,0.0176827780904905,TRUE,0.0533315442957425,5000,3,10,"C1","none","superpopulation","facec"
189,"oracle_dr",0.595722534012069,0.0124765005799443,0.010434786673103,TRUE,0.0489069835795679,5000,3,10,"C1","none","superpopulation","facec"
190,"one_round_crossfit",0.57389368690637,0.0101465473488532,-0.0113940604325967,TRUE,0.0397737347423652,5000,3,10,"C1","none","superpopulation","facec"
190,"two_round_crossfit",0.573955266711304,0.0101289367140411,-0.0113324806276625,TRUE,0.039704702322412,5000,3,10,"C1","none","superpopulation","facec"
190,"target_only",0.588588828606299,0.0178521395071205,0.00330108126733297,TRUE,0.0699791009618815,5000,3,10,"C1","none","superpopulation","facec"
190,"sample_size",0.587756074738669,0.0181254021272928,0.00246832739970237,TRUE,0.071050270749599,5000,3,10,"C1","none","superpopulation","facec"
190,"inverse_variance",0.586889433668013,0.018451821602249,0.00160168632904623,TRUE,0.0723298115791327,5000,3,10,"C1","none","superpopulation","facec"
190,"federated_dr",0.576477292353091,0.0114926472538008,-0.00881045498587574,TRUE,0.0450503494089454,5000,3,10,"C1","none","superpopulation","facec"
190,"pooled_dr",0.578169812841258,0.0119208661384013,-0.00711793449770859,TRUE,0.0467289365915791,5000,3,10,"C1","none","superpopulation","facec"
190,"tilted_aipw",0.575756304438644,0.0128893348270098,-0.00953144290032193,TRUE,0.0505252640912341,5000,3,10,"C1","none","superpopulation","facec"
190,"oracle_dr",0.578310351994529,0.0123850163099805,-0.00697739534443698,TRUE,0.0485483718310058,5000,3,10,"C1","none","superpopulation","facec"
191,"one_round_crossfit",0.586963158586772,0.0101232805956177,0.00167541124780513,TRUE,0.0396825307456079,5000,3,10,"C1","none","superpopulation","facec"
191,"two_round_crossfit",0.58733257762366,0.0100122225061229,0.00204483028469349,TRUE,0.0392471910344045,5000,3,10,"C1","none","superpopulation","facec"
191,"target_only",0.603334300800016,0.0177464738832723,0.0180465534610501,TRUE,0.0695648993275886,5000,3,10,"C1","none","superpopulation","facec"
191,"sample_size",0.598541773233896,0.00958547823735466,0.0132540258949296,TRUE,0.0375743842396152,5000,3,10,"C1","none","superpopulation","facec"
191,"inverse_variance",0.599275251355368,0.0116208375166047,0.0139875040164019,TRUE,0.0455528460054742,5000,3,10,"C1","none","superpopulation","facec"
191,"federated_dr",0.588669417983937,0.0117770056110892,0.00338167064497097,TRUE,0.0461650136869221,5000,3,10,"C1","none","superpopulation","facec"
191,"pooled_dr",0.586714402260825,0.0123689555819064,0.00142665492185856,TRUE,0.0484854149338243,5000,3,10,"C1","none","superpopulation","facec"
191,"tilted_aipw",0.584941485666957,0.0132027795818914,-0.000346261672009462,TRUE,0.0517539449526561,5000,3,10,"C1","none","superpopulation","facec"
191,"oracle_dr",0.576710309703674,0.0127198852706675,-0.00857743763529273,TRUE,0.0498610340359795,5000,3,10,"C1","none","superpopulation","facec"
192,"one_round_crossfit",0.579559395006109,0.0103653390311106,-0.00572835233285729,TRUE,0.0406313823770483,5000,3,10,"C1","none","superpopulation","facec"
192,"two_round_crossfit",0.576245176215513,0.0103268074507327,-0.00904257112345352,TRUE,0.0404803413574319,5000,3,10,"C1","none","superpopulation","facec"
192,"target_only",0.559932636161754,0.0186546714753098,-0.0253551111772128,TRUE,0.0731249684700679,5000,3,10,"C1","none","superpopulation","facec"
192,"sample_size",0.584311215247103,0.017461323441321,-0.000976532091862881,TRUE,0.0684471301347882,5000,3,10,"C1","none","superpopulation","facec"
192,"inverse_variance",0.584399103691493,0.0177078738883489,-0.000888643647472986,TRUE,0.0694135901278823,5000,3,10,"C1","none","superpopulation","facec"
192,"federated_dr",0.575976546207731,0.011737660748942,-0.00931120113123529,TRUE,0.0460107846613513,5000,3,10,"C1","none","superpopulation","facec"
192,"pooled_dr",0.576578767304709,0.0122139362924909,-0.00870898003425757,TRUE,0.0478777504854977,5000,3,10,"C1","none","superpopulation","facec"
192,"tilted_aipw",0.568628322567245,0.0128533376420204,-0.0166594247717209,TRUE,0.0503841577189859,5000,3,10,"C1","none","superpopulation","facec"
192,"oracle_dr",0.588770280359292,0.0122881014837231,0.00348253302032575,TRUE,0.0481684726929408,5000,3,10,"C1","none","superpopulation","facec"
193,"one_round_crossfit",0.575116555386429,0.0102607960648216,-0.0101711919525372,TRUE,0.0402215814795215,5000,3,10,"C1","none","superpopulation","facec"
193,"two_round_crossfit",0.5739349737834,0.0102542229208484,-0.0113527735555663,TRUE,0.0401958152286159,5000,3,10,"C1","none","superpopulation","facec"
193,"target_only",0.573925819233036,0.018430896192884,-0.0113619281059306,TRUE,0.0722477854816981,5000,3,10,"C1","none","superpopulation","facec"
193,"sample_size",0.588172327056009,0.0188314392888586,0.00288457971704292,TRUE,0.0738178855664309,5000,3,10,"C1","none","superpopulation","facec"
193,"inverse_variance",0.587555854214532,0.0189194137261926,0.00226810687556522,TRUE,0.0741627390239006,5000,3,10,"C1","none","superpopulation","facec"
193,"federated_dr",0.574126249610187,0.0116224167838352,-0.0111614977287791,TRUE,0.0455590366192615,5000,3,10,"C1","none","superpopulation","facec"
193,"pooled_dr",0.573180483740085,0.0122016960367438,-0.0121072635988816,TRUE,0.0478297695646459,5000,3,10,"C1","none","superpopulation","facec"
193,"tilted_aipw",0.566948857723032,0.0126375382403039,-0.0183388896159348,TRUE,0.0495382396084867,5000,3,10,"C1","none","superpopulation","facec"
193,"oracle_dr",0.57334615476775,0.0127733909367233,-0.0119415925712161,TRUE,0.050070772392856,5000,3,10,"C1","none","superpopulation","facec"
194,"one_round_crossfit",0.579033456456646,0.0103095596218832,-0.00625429088232032,TRUE,0.0404127311107187,5000,3,10,"C1","none","superpopulation","facec"
194,"two_round_crossfit",0.579276491122326,0.0103040151149463,-0.00601125621663989,TRUE,0.0403909970429022,5000,3,10,"C1","none","superpopulation","facec"
194,"target_only",0.56224194640778,0.0183230031880881,-0.0230458009311868,TRUE,0.0718248526745306,5000,3,10,"C1","none","superpopulation","facec"
194,"sample_size",0.585636456310979,0.0212361771419943,0.000348708972012446,TRUE,0.083244284735243,5000,3,10,"C1","none","superpopulation","facec"
194,"inverse_variance",0.584940431091863,0.0211913665182504,-0.000347316247103047,TRUE,0.0830686303179176,5000,3,10,"C1","none","superpopulation","facec"
194,"federated_dr",0.572940275133803,0.0116361560996158,-0.0123474722051635,TRUE,0.045612893747466,5000,3,10,"C1","none","superpopulation","facec"
194,"pooled_dr",0.57079930777045,0.0122459562490368,-0.0144884395685168,TRUE,0.0480032664087306,5000,3,10,"C1","none","superpopulation","facec"
194,"tilted_aipw",0.570771103613681,0.0128917587423912,-0.0145166437252854,TRUE,0.0505347656649324,5000,3,10,"C1","none","superpopulation","facec"
194,"oracle_dr",0.566571242411732,0.0127524473634645,-0.0187165049272346,TRUE,0.0499886750942666,5000,3,10,"C1","none","superpopulation","facec"
195,"one_round_crossfit",0.604608444736987,0.0102598663945477,0.0193206973980203,TRUE,0.0402179372390126,5000,3,10,"C1","none","superpopulation","facec"
195,"two_round_crossfit",0.603156219387878,0.010243021613261,0.0178684720489114,TRUE,0.0401519069097138,5000,3,10,"C1","none","superpopulation","facec"
195,"target_only",0.604690192453908,0.0179707261647677,0.0194024451149419,TRUE,0.0704439521179525,5000,3,10,"C1","none","superpopulation","facec"
195,"sample_size",0.612494455456782,0.0175445833840198,0.0272067081178153,TRUE,0.0687735031128776,5000,3,10,"C1","none","superpopulation","facec"
195,"inverse_variance",0.611418880087951,0.0177667596405544,0.0261311327489844,TRUE,0.0696444180349329,5000,3,10,"C1","none","superpopulation","facec"
195,"federated_dr",0.601750481214558,0.0114704852482134,0.0164627338755912,TRUE,0.0449634759433926,5000,3,10,"C1","none","superpopulation","facec"
195,"pooled_dr",0.603054042171157,0.0119393483891365,0.0177662948321906,TRUE,0.0468013856831677,5000,3,10,"C1","none","superpopulation","facec"
195,"tilted_aipw",0.595861141276317,0.0128578100697405,0.010573393937351,TRUE,0.0504016893134958,5000,3,10,"C1","none","superpopulation","facec"
195,"oracle_dr",0.596903634732534,0.0122071725101408,0.0116158873935681,TRUE,0.0478512369458868,5000,3,10,"C1","none","superpopulation","facec"
196,"one_round_crossfit",0.59186533273996,0.0101260075625929,0.00657758540099362,TRUE,0.0396932202597247,5000,3,10,"C1","none","superpopulation","facec"
196,"two_round_crossfit",0.594104974091138,0.0101425779489798,0.00881722675217123,TRUE,0.0397581749807812,5000,3,10,"C1","none","superpopulation","facec"
196,"target_only",0.58896110358333,0.0184461027116175,0.00367335624436393,TRUE,0.0723073939397938,5000,3,10,"C1","none","superpopulation","facec"
196,"sample_size",0.600081674518178,0.00967347611769055,0.0147939271792115,TRUE,0.0379193295919635,5000,3,10,"C1","none","superpopulation","facec"
196,"inverse_variance",0.600457912463485,0.011680529749475,0.0151701651245182,TRUE,0.0457868352586392,5000,3,10,"C1","none","superpopulation","facec"
196,"federated_dr",0.586685425935439,0.0116305855644527,0.00139767859647233,TRUE,0.0455910576508773,5000,3,10,"C1","none","superpopulation","facec"
196,"pooled_dr",0.585432256823234,0.0120880466416158,0.000144509484267252,TRUE,0.0473842721220148,5000,3,10,"C1","none","superpopulation","facec"
196,"tilted_aipw",0.580581442106363,0.0124279453809814,-0.00470630523260296,TRUE,0.0487166506971088,5000,3,10,"C1","none","superpopulation","facec"
196,"oracle_dr",0.577700141247057,0.0122991082413489,-0.00758760609190912,TRUE,0.0482116183900074,5000,3,10,"C1","none","superpopulation","facec"
197,"one_round_crossfit",0.569666941394063,0.0102675665237767,-0.0156208059449037,TRUE,0.0402481211909427,5000,3,10,"C1","none","superpopulation","facec"
197,"two_round_crossfit",0.570358485216578,0.010340133294468,-0.014929262122388,TRUE,0.0405325777050016,5000,3,10,"C1","none","superpopulation","facec"
197,"target_only",0.554963777978148,0.0180831582380862,-0.0303239693608188,TRUE,0.0708846777467755,5000,3,10,"C1","none","superpopulation","facec"
197,"sample_size",0.577644795521796,0.00957474686081275,-0.00764295181717056,TRUE,0.0375323180165619,5000,3,10,"C1","none","superpopulation","facec"
197,"inverse_variance",0.577703937224695,0.0123572190309448,-0.00758381011427156,TRUE,0.0484394084994495,5000,3,10,"C1","none","superpopulation","facec"
197,"federated_dr",0.570680708622601,0.0123113129235375,-0.0146070387163655,TRUE,0.0482594598650723,5000,3,10,"C1","none","superpopulation","facec"
197,"pooled_dr",0.572533718640215,0.013000647165167,-0.0127540286987518,TRUE,0.05096160043888,5000,3,10,"C1","none","superpopulation","facec"
197,"tilted_aipw",0.561261446858459,0.0133293489035747,-0.024026300480507,TRUE,0.0522500875767495,5000,3,10,"C1","none","superpopulation","facec"
197,"oracle_dr",0.586946317393928,0.0125663978324469,0.00165857005496128,TRUE,0.0492593743339962,5000,3,10,"C1","none","superpopulation","facec"
198,"one_round_crossfit",0.585452168431077,0.0102850650897358,0.000164421092110456,TRUE,0.0403167143090648,5000,3,10,"C1","none","superpopulation","facec"
198,"two_round_crossfit",0.586217271103081,0.0103313841176993,0.000929523764114815,TRUE,0.0404982815622794,5000,3,10,"C1","none","superpopulation","facec"
198,"target_only",0.571938392198407,0.0187123754762446,-0.0133493551405589,TRUE,0.0733511639972599,5000,3,10,"C1","none","superpopulation","facec"
198,"sample_size",0.600926310969276,0.0254905176212801,0.01563856363031,TRUE,0.0999209929699851,5000,3,10,"C1","none","superpopulation","facec"
198,"inverse_variance",0.600750186202724,0.0253917684109629,0.0154624388637576,TRUE,0.0995339031785383,5000,3,10,"C1","none","superpopulation","facec"
198,"federated_dr",0.583085992173653,0.0112397853533116,-0.00220175516531329,TRUE,0.044059148972903,5000,3,10,"C1","none","superpopulation","facec"
198,"pooled_dr",0.583257275727522,0.0117634787681451,-0.00203047161144454,TRUE,0.0461119894369322,5000,3,10,"C1","none","superpopulation","facec"
198,"tilted_aipw",0.572307520618418,0.012506311938755,-0.0129802267205488,TRUE,0.0490238419587663,5000,3,10,"C1","none","superpopulation","facec"
198,"oracle_dr",0.589534626027236,0.0122537335059099,0.00424687868826934,TRUE,0.0480337526954702,5000,3,10,"C1","none","superpopulation","facec"
199,"one_round_crossfit",0.581309940517791,0.0102109216867017,-0.00397780682117588,TRUE,0.0400260775097885,5000,3,10,"C1","none","superpopulation","facec"
199,"two_round_crossfit",0.581605429570347,0.0101722472885995,-0.00368231776861971,TRUE,0.0398744766549806,5000,3,10,"C1","none","superpopulation","facec"
199,"target_only",0.561828873337671,0.0184513642201925,-0.0234588740012954,TRUE,0.0723280186744166,5000,3,10,"C1","none","superpopulation","facec"
199,"sample_size",0.594403131146478,0.0179210019780944,0.00911538380751153,TRUE,0.0702490368878721,5000,3,10,"C1","none","superpopulation","facec"
199,"inverse_variance",0.595205286214062,0.0179441078596465,0.00991753887509561,TRUE,0.0703396102792184,5000,3,10,"C1","none","superpopulation","facec"
199,"federated_dr",0.580767673919995,0.0118823529962318,-0.00452007341897165,TRUE,0.0465779678484119,5000,3,10,"C1","none","superpopulation","facec"
199,"pooled_dr",0.58117319766855,0.0123334565359136,-0.00411454967041658,TRUE,0.0483462612305614,5000,3,10,"C1","none","superpopulation","facec"
199,"tilted_aipw",0.578315999307189,0.0128615475974328,-0.00697174803177758,TRUE,0.0504163401528319,5000,3,10,"C1","none","superpopulation","facec"
199,"oracle_dr",0.591425157978341,0.0128028250493495,0.00613741063937456,TRUE,0.0501861519941846,5000,3,10,"C1","none","superpopulation","facec"
200,"one_round_crossfit",0.595687695919001,0.0103345994949906,0.0103999485800342,TRUE,0.0405108856096548,5000,3,10,"C1","none","superpopulation","facec"
200,"two_round_crossfit",0.59725530990527,0.0103408399773845,0.0119675625663036,TRUE,0.040535347851131,5000,3,10,"C1","none","superpopulation","facec"
200,"target_only",0.589266742546149,0.0188913137069179,0.00397899520718281,TRUE,0.0740525889724137,5000,3,10,"C1","none","superpopulation","facec"
200,"sample_size",0.605431918133706,0.0218111408038465,0.02014417079474,TRUE,0.0854981008745421,5000,3,10,"C1","none","superpopulation","facec"
200,"inverse_variance",0.6043911261853,0.021736829127887,0.0191033788463333,TRUE,0.0852068044575196,5000,3,10,"C1","none","superpopulation","facec"
200,"federated_dr",0.595465195708683,0.0117546131420959,0.010177448369717,TRUE,0.0460772368214184,5000,3,10,"C1","none","superpopulation","facec"
200,"pooled_dr",0.59408354441452,0.0121560602427644,0.00879579707555367,TRUE,0.0476508805394347,5000,3,10,"C1","none","superpopulation","facec"
200,"tilted_aipw",0.590037188248037,0.0126506811392804,0.00474944090907081,TRUE,0.0495897588257797,5000,3,10,"C1","none","superpopulation","facec"
200,"oracle_dr",0.589970288059918,0.0120978268345257,0.00468254072095209,TRUE,0.0474226097737449,5000,3,10,"C1","none","superpopulation","facec"
