"sim_id","method","estimate","se","bias","coverage","ci_width","n_total","K","p","config","heterogeneity_type","estimand_type","dgp_type"
1,"one_round_crossfit",0.592840683132187,0.0102717205225031,0.00755293579322103,TRUE,0.040264404566734,5000,3,10,"C1","none","superpopulation","facec"
1,"two_round_crossfit",0.594407207812212,0.0102933734474467,0.00911946047324586,TRUE,0.0403492824728331,5000,3,10,"C1","none","superpopulation","facec"
1,"target_only",0.586737703900085,0.0184023393608553,0.0014499565611189,TRUE,0.0721358447571203,5000,3,10,"C1","none","superpopulation","facec"
1,"sample_size",0.606527704455047,0.0154776679931451,0.0212399571160803,TRUE,0.0606713436624655,5000,3,10,"C1","none","superpopulation","facec"
1,"inverse_variance",0.606518429492686,0.0162894069634496,0.0212306821537197,TRUE,0.0638533019557543,5000,3,10,"C1","none","superpopulation","facec"
1,"federated_dr",0.595864941854274,0.0116598624986358,0.0105771945153075,TRUE,0.0457058211240309,5000,3,10,"C1","none","superpopulation","facec"
1,"pooled_dr",0.596911060353679,0.0122145299559893,0.0116233130147124,TRUE,0.0478800776036492,5000,3,10,"C1","none","superpopulation","facec"
1,"tilted_aipw",0.593292633180789,0.0130384230765285,0.00800488584182246,TRUE,0.0511096792903836,5000,3,10,"C1","none","superpopulation","facec"
1,"oracle_dr",0.598671863460811,0.0123197755642872,0.0133841161218449,TRUE,0.0482926328072391,5000,3,10,"C1","none","superpopulation","facec"
2,"one_round_crossfit",0.598389878003247,0.0103531059608121,0.013102130664281,TRUE,0.0405834296226373,5000,3,10,"C1","none","superpopulation","facec"
2,"two_round_crossfit",0.598476780832444,0.0102926550264152,0.0131890334934772,TRUE,0.0403464663141377,5000,3,10,"C1","none","superpopulation","facec"
2,"target_only",0.59853228762962,0.0182790320129159,0.0132445402906537,TRUE,0.0716524888351397,5000,3,10,"C1","none","superpopulation","facec"
2,"sample_size",0.60823101056872,0.021638108511053,0.0229432632297538,TRUE,0.084819826750467,5000,3,10,"C1","none","superpopulation","facec"
2,"inverse_variance",0.607593387249423,0.0215801790926762,0.0223056399104564,TRUE,0.0845927476031392,5000,3,10,"C1","none","superpopulation","facec"
2,"federated_dr",0.60203795101527,0.0115947360486068,0.0167502036763034,TRUE,0.0454505301310351,5000,3,10,"C1","none","superpopulation","facec"
2,"pooled_dr",0.600268744023572,0.0121877456527032,0.0149809966846057,TRUE,0.0477750850640659,5000,3,10,"C1","none","superpopulation","facec"
2,"tilted_aipw",0.600606908434652,0.0128388392136619,0.015319161095686,TRUE,0.0503273249241558,5000,3,10,"C1","none","superpopulation","facec"
2,"oracle_dr",0.594375355435679,0.0123385186907042,0.00908760809671216,TRUE,0.0483661045127088,5000,3,10,"C1","none","superpopulation","facec"
3,"one_round_crossfit",0.584881578725488,0.0102683294674452,-0.000406168613478752,TRUE,0.0402511118751678,5000,3,10,"C1","none","superpopulation","facec"
3,"two_round_crossfit",0.583567929233247,0.0103002848123586,-0.0017198181057192,TRUE,0.0403763745254555,5000,3,10,"C1","none","superpopulation","facec"
3,"target_only",0.572091474313157,0.0182403493308697,-0.0131962730258092,TRUE,0.0715008555078678,5000,3,10,"C1","none","superpopulation","facec"
3,"sample_size",0.603146671954117,0.0187753566634245,0.0178589246151506,TRUE,0.0735980457144121,5000,3,10,"C1","none","superpopulation","facec"
3,"inverse_variance",0.602834473910119,0.0187212382196584,0.0175467265711522,TRUE,0.0733859053130506,5000,3,10,"C1","none","superpopulation","facec"
3,"federated_dr",0.58618949880841,0.0117007830705599,0.000901751469443934,TRUE,0.0458662268184267,5000,3,10,"C1","none","superpopulation","facec"
3,"pooled_dr",0.584663712907707,0.0121691459413269,-0.000624034431259135,TRUE,0.0477021755352249,5000,3,10,"C1","none","superpopulation","facec"
3,"tilted_aipw",0.585794576631454,0.0126498439567497,0.000506829292487465,TRUE,0.0495864771305621,5000,3,10,"C1","none","superpopulation","facec"
3,"oracle_dr",0.587555456355589,0.0125621774145715,0.00226770901662277,TRUE,0.0492428305999253,5000,3,10,"C1","none","superpopulation","facec"
4,"one_round_crossfit",0.57965084896024,0.010318901207918,-0.00563689837872594,TRUE,0.0404493494550922,5000,3,10,"C1","none","superpopulation","facec"
4,"two_round_crossfit",0.577802412804965,0.0103988195169467,-0.00748533453400158,TRUE,0.0407626234698955,5000,3,10,"C1","none","superpopulation","facec"
4,"target_only",0.579211089944485,0.0187400857359014,-0.0060766573944816,TRUE,0.0734597862191191,5000,3,10,"C1","none","superpopulation","facec"
4,"sample_size",0.590220542197266,0.0183109315825663,0.00493279485829945,TRUE,0.0717775328504138,5000,3,10,"C1","none","superpopulation","facec"
4,"inverse_variance",0.589682020999415,0.0183435821093128,0.00439427366044876,TRUE,0.0719055205634125,5000,3,10,"C1","none","superpopulation","facec"
4,"federated_dr",0.580619185215638,0.0117624898713662,-0.00466856212332822,TRUE,0.0461081130327901,5000,3,10,"C1","none","superpopulation","facec"
4,"pooled_dr",0.58026018397932,0.0119413898818421,-0.00502756335964671,TRUE,0.0468093881875229,5000,3,10,"C1","none","superpopulation","facec"
4,"tilted_aipw",0.578577385199362,0.0130162514804059,-0.00671036213960419,TRUE,0.0510227682306237,5000,3,10,"C1","none","superpopulation","facec"
4,"oracle_dr",0.573210083129662,0.0124334450242487,-0.0120776642093046,TRUE,0.0487382089025723,5000,3,10,"C1","none","superpopulation","facec"
5,"one_round_crossfit",0.57438800526675,0.0104965914494963,-0.010899742072216,TRUE,0.0411458824028876,5000,3,10,"C1","none","superpopulation","facec"
5,"two_round_crossfit",0.574988027192612,0.0104620827697741,-0.0102997201463539,TRUE,0.0410106108640684,5000,3,10,"C1","none","superpopulation","facec"
5,"target_only",0.595842172286091,0.0186465278498435,0.0105544249471244,TRUE,0.0730930460448325,5000,3,10,"C1","none","superpopulation","facec"
5,"sample_size",0.588843838477027,0.0194402041336806,0.00355609113806099,TRUE,0.0762041999082412,5000,3,10,"C1","none","superpopulation","facec"
5,"inverse_variance",0.587113929192921,0.0193798019152414,0.00182618185395422,TRUE,0.0759674275627868,5000,3,10,"C1","none","superpopulation","facec"
5,"federated_dr",0.577191602040864,0.0117667245917434,-0.00809614529810221,TRUE,0.0461247128316375,5000,3,10,"C1","none","superpopulation","facec"
5,"pooled_dr",0.579713982075989,0.0123203551495136,-0.00557376526297715,TRUE,0.0482949047395786,5000,3,10,"C1","none","superpopulation","facec"
5,"tilted_aipw",0.577080861023824,0.01311674488926,-0.00820688631514266,TRUE,0.051416695154699,5000,3,10,"C1","none","superpopulation","facec"
5,"oracle_dr",0.57555850873139,0.0121455953041949,-0.00972923860757613,TRUE,0.0476098587340417,5000,3,10,"C1","none","superpopulation","facec"
6,"one_round_crossfit",0.572768237378084,0.0104076642082494,-0.0125195099608826,TRUE,0.0407972940227106,5000,3,10,"C1","none","superpopulation","facec"
6,"two_round_crossfit",0.574062036892801,0.0104136949994655,-0.0112257104461656,TRUE,0.0408209342898744,5000,3,10,"C1","none","superpopulation","facec"
6,"target_only",0.575730066699948,0.0185676369941688,-0.00955768063901852,TRUE,0.0727837995731688,5000,3,10,"C1","none","superpopulation","facec"
6,"sample_size",0.590013187028427,0.0097985573421817,0.00472543968946093,TRUE,0.0384096389822532,5000,3,10,"C1","none","superpopulation","facec"
6,"inverse_variance",0.590638107949615,0.0125620575868731,0.00535036061064853,TRUE,0.0492423608839789,5000,3,10,"C1","none","superpopulation","facec"
6,"federated_dr",0.572851044516566,0.0115939914037555,-0.0124367028224006,TRUE,0.0454476111768556,5000,3,10,"C1","none","superpopulation","facec"
6,"pooled_dr",0.575515155953566,0.012002855284417,-0.00977259138540076,TRUE,0.0470503281382071,5000,3,10,"C1","none","superpopulation","facec"
6,"tilted_aipw",0.567768959129248,0.012910699417303,-0.0175187882097185,TRUE,0.0506090117462723,5000,3,10,"C1","none","superpopulation","facec"
6,"oracle_dr",0.582829386197626,0.0124260852952192,-0.00245836114134046,TRUE,0.0487093592949051,5000,3,10,"C1","none","superpopulation","facec"
7,"one_round_crossfit",0.588040247900301,0.010549042779783,0.00275250056133458,TRUE,0.041351487839494,5000,3,10,"C1","none","superpopulation","facec"
7,"two_round_crossfit",0.587778289106932,0.0103886536563105,0.00249054176796559,TRUE,0.0407227740284577,5000,3,10,"C1","none","superpopulation","facec"
7,"target_only",0.576831119996412,0.0184955470647878,-0.00845662734255448,TRUE,0.0725012122426993,5000,3,10,"C1","none","superpopulation","facec"
7,"sample_size",0.597034504161311,0.0200605518198816,0.0117467568223447,TRUE,0.0786359181539347,5000,3,10,"C1","none","superpopulation","facec"
7,"inverse_variance",0.596173251132608,0.019989241145608,0.0108855037936415,TRUE,0.0783563854473557,5000,3,10,"C1","none","superpopulation","facec"
7,"federated_dr",0.589362313577055,0.0119710105057186,0.00407456623808911,TRUE,0.046925498899518,5000,3,10,"C1","none","superpopulation","facec"
7,"pooled_dr",0.590632649680881,0.0126169081155601,0.00534490234191498,TRUE,0.0494573710054977,5000,3,10,"C1","none","superpopulation","facec"
7,"tilted_aipw",0.588672913790755,0.0136183531939537,0.00338516645178899,TRUE,0.0533829635777905,5000,3,10,"C1","none","superpopulation","facec"
7,"oracle_dr",0.588900273079144,0.0123848561221983,0.00361252574017801,TRUE,0.0485477439064383,5000,3,10,"C1","none","superpopulation","facec"
8,"one_round_crossfit",0.580500194802728,0.0104180298896107,-0.00478755253623875,TRUE,0.0408379267469974,5000,3,10,"C1","none","superpopulation","facec"
8,"two_round_crossfit",0.582994829324106,0.0104538089501273,-0.00229291801486076,TRUE,0.040978178087024,5000,3,10,"C1","none","superpopulation","facec"
8,"target_only",0.549795075419347,0.0186384389167369,-0.0354926719196195,TRUE,0.073061338009708,5000,3,10,"C1","none","superpopulation","facec"
8,"sample_size",0.593534262247417,0.0223378669256864,0.00824651490845052,TRUE,0.0875628293315875,5000,3,10,"C1","none","superpopulation","facec"
8,"inverse_variance",0.593697827055325,0.022268402132115,0.00841007971635888,TRUE,0.0872905323444007,5000,3,10,"C1","none","superpopulation","facec"
8,"federated_dr",0.580841710774127,0.0114343280425346,-0.00444603656483933,TRUE,0.0448217423015684,5000,3,10,"C1","none","superpopulation","facec"
8,"pooled_dr",0.579630328787827,0.0117543218243375,-0.0056574185511391,TRUE,0.0460760948767893,5000,3,10,"C1","none","superpopulation","facec"
8,"tilted_aipw",0.577523143873474,0.0130545902424401,-0.0077646034654919,TRUE,0.0511730534162214,5000,3,10,"C1","none","superpopulation","facec"
8,"oracle_dr",0.585345277429768,0.0125078128318991,5.75300908017828e-05,TRUE,0.0490297253517802,5000,3,10,"C1","none","superpopulation","facec"
9,"one_round_crossfit",0.569710249975763,0.0103678785026999,-0.0155774973632031,TRUE,0.0406413369227578,5000,3,10,"C1","none","superpopulation","facec"
9,"two_round_crossfit",0.570748993293751,0.0102952359172138,-0.0145387540452152,TRUE,0.0403565832201642,5000,3,10,"C1","none","superpopulation","facec"
9,"target_only",0.5813214917362,0.0184134259221716,-0.00396625560276676,TRUE,0.0721793032789053,5000,3,10,"C1","none","superpopulation","facec"
9,"sample_size",0.581124547530648,0.0119400889429675,-0.00416319980831803,TRUE,0.0468042886008424,5000,3,10,"C1","none","superpopulation","facec"
9,"inverse_variance",0.581077980407119,0.0142532368982767,-0.00420976693184705,TRUE,0.0558716619674793,5000,3,10,"C1","none","superpopulation","facec"
9,"federated_dr",0.570758175545587,0.0114315156506865,-0.0145295717933791,TRUE,0.044810717928103,5000,3,10,"C1","none","superpopulation","facec"
9,"pooled_dr",0.572299754667235,0.0119067466016742,-0.0129879926717316,TRUE,0.0466735890246521,5000,3,10,"C1","none","superpopulation","facec"
9,"tilted_aipw",0.563408289970879,0.0125988970308485,-0.0218794573680874,TRUE,0.0493867688507834,5000,3,10,"C1","none","superpopulation","facec"
9,"oracle_dr",0.574086426811498,0.0121901954551246,-0.0112013205274688,TRUE,0.0477846881130959,5000,3,10,"C1","none","superpopulation","facec"
10,"one_round_crossfit",0.586918858474341,0.0103767805423955,0.00163111113537417,TRUE,0.0406762322771426,5000,3,10,"C1","none","superpopulation","facec"
10,"two_round_crossfit",0.58606402535484,0.0103863972908144,0.000776278015873322,TRUE,0.0407139292382412,5000,3,10,"C1","none","superpopulation","facec"
10,"target_only",0.587947400859721,0.0181217656912238,0.0026596535207547,TRUE,0.0710360161821444,5000,3,10,"C1","none","superpopulation","facec"
10,"sample_size",0.595324487810046,0.023489689756438,0.0100367404710799,TRUE,0.0920778918612757,5000,3,10,"C1","none","superpopulation","facec"
10,"inverse_variance",0.593299243022203,0.0233385539319994,0.00801149568323622,TRUE,0.0914854503159288,5000,3,10,"C1","none","superpopulation","facec"
10,"federated_dr",0.586145751142485,0.0113892940877866,0.000858003803518415,TRUE,0.0446452124427934,5000,3,10,"C1","none","superpopulation","facec"
10,"pooled_dr",0.583923366955613,0.0122782379530091,-0.00136438038335329,TRUE,0.0481298083630213,5000,3,10,"C1","none","superpopulation","facec"
10,"tilted_aipw",0.581049446252715,0.012519782844303,-0.00423830108625101,TRUE,0.0490766469381927,5000,3,10,"C1","none","superpopulation","facec"
10,"oracle_dr",0.5812026989429,0.0121487201539282,-0.00408504839606649,TRUE,0.0476221079199104,5000,3,10,"C1","none","superpopulation","facec"
11,"one_round_crossfit",0.595915909439001,0.0103362328871715,0.0106281621000346,TRUE,0.0405172883893492,5000,3,10,"C1","none","superpopulation","facec"
11,"two_round_crossfit",0.598731462696642,0.0103774910123688,0.0134437153576755,TRUE,0.0406790172682621,5000,3,10,"C1","none","superpopulation","facec"
11,"target_only",0.587797100856089,0.0184559786620429,0.00250935351712245,TRUE,0.0723461069540876,5000,3,10,"C1","none","superpopulation","facec"
11,"sample_size",0.60706120074133,0.012508359289047,0.0217734534023636,TRUE,0.0490318674244385,5000,3,10,"C1","none","superpopulation","facec"
11,"inverse_variance",0.607406978353849,0.0147263885019348,0.0221192310148828,TRUE,0.0577263821722738,5000,3,10,"C1","none","superpopulation","facec"
11,"federated_dr",0.598964029794509,0.0113009853822703,0.0136762824555424,TRUE,0.044299048678127,5000,3,10,"C1","none","superpopulation","facec"
11,"pooled_dr",0.599883567623135,0.0115247558895445,0.0145958202841684,TRUE,0.045176212948246,5000,3,10,"C1","none","superpopulation","facec"
11,"tilted_aipw",0.590151141615834,0.0126642214855086,0.00486339427686733,TRUE,0.0496428360076702,5000,3,10,"C1","none","superpopulation","facec"
11,"oracle_dr",0.599366473539112,0.0123887639290936,0.0140787262001452,TRUE,0.0485630622279847,5000,3,10,"C1","none","superpopulation","facec"
12,"one_round_crossfit",0.572941699830126,0.0102366253822523,-0.0123460475088404,TRUE,0.0401268341448862,5000,3,10,"C1","none","superpopulation","facec"
12,"two_round_crossfit",0.573843971089935,0.010230129862571,-0.0114437762490318,TRUE,0.0401013721756136,5000,3,10,"C1","none","superpopulation","facec"
12,"target_only",0.573447634245159,0.0180644719781144,-0.0118401130938075,TRUE,0.0708114289536745,5000,3,10,"C1","none","superpopulation","facec"
12,"sample_size",0.58366552909309,0.0146046840358999,-0.00162221824587649,TRUE,0.0572493094319015,5000,3,10,"C1","none","superpopulation","facec"
12,"inverse_variance",0.583809162372551,0.0159672732103435,-0.00147858496641562,TRUE,0.0625905608471689,5000,3,10,"C1","none","superpopulation","facec"
12,"federated_dr",0.574057969590641,0.0112543230810154,-0.0112297777483251,TRUE,0.044116135818336,5000,3,10,"C1","none","superpopulation","facec"
12,"pooled_dr",0.576790633646756,0.0116760115283463,-0.00849711369220996,TRUE,0.0457691241572662,5000,3,10,"C1","none","superpopulation","facec"
12,"tilted_aipw",0.572683075101628,0.0124416902355892,-0.0126046722373387,TRUE,0.048770529537117,5000,3,10,"C1","none","superpopulation","facec"
12,"oracle_dr",0.581714942167596,0.0123563510495769,-0.00357280517137082,TRUE,0.0484360060750089,5000,3,10,"C1","none","superpopulation","facec"
13,"one_round_crossfit",0.564669204188931,0.0103626213408455,-0.0206185431500352,FALSE,0.0406207292269667,5000,3,10,"C1","none","superpopulation","facec"
13,"two_round_crossfit",0.564294425376815,0.0104151973554357,-0.0209933219621513,FALSE,0.0408268234170617,5000,3,10,"C1","none","superpopulation","facec"
13,"target_only",0.554820190221092,0.0187493450174707,-0.0304675571178746,TRUE,0.0734960819359161,5000,3,10,"C1","none","superpopulation","facec"
13,"sample_size",0.578251633248321,0.0211705893555695,-0.00703611409064553,TRUE,0.0829871853368065,5000,3,10,"C1","none","superpopulation","facec"
13,"inverse_variance",0.577593546388392,0.0210977792932761,-0.00769420095057405,TRUE,0.0827017751371921,5000,3,10,"C1","none","superpopulation","facec"
13,"federated_dr",0.563374632216427,0.0118739524135452,-0.0219131151225389,TRUE,0.0465450381693819,5000,3,10,"C1","none","superpopulation","facec"
13,"pooled_dr",0.563647737033085,0.0123237246408782,-0.0216400103058809,TRUE,0.0483081129030201,5000,3,10,"C1","none","superpopulation","facec"
13,"tilted_aipw",0.557050021192199,0.0129903797237778,-0.0282377261467671,FALSE,0.0509213528082075,5000,3,10,"C1","none","superpopulation","facec"
13,"oracle_dr",0.578711434381182,0.0120534929286518,-0.00657631295778471,TRUE,0.0472488240561315,5000,3,10,"C1","none","superpopulation","facec"
14,"one_round_crossfit",0.596579688138193,0.0103211205722085,0.011291940799227,TRUE,0.0404580492032482,5000,3,10,"C1","none","superpopulation","facec"
14,"two_round_crossfit",0.59707368360285,0.0103080728146919,0.0117859362638832,TRUE,0.0404069029336249,5000,3,10,"C1","none","superpopulation","facec"
14,"target_only",0.593754330611395,0.018290559013607,0.00846658327242833,TRUE,0.0716976738475483,5000,3,10,"C1","none","superpopulation","facec"
14,"sample_size",0.607436144501699,0.00997746219621063,0.0221483971627323,FALSE,0.0391109331233654,5000,3,10,"C1","none","superpopulation","facec"
14,"inverse_variance",0.607200887143592,0.0113708450074219,0.0219131398046258,TRUE,0.044572893376668,5000,3,10,"C1","none","superpopulation","facec"
14,"federated_dr",0.595860239797763,0.011514935523144,0.0105724924587971,TRUE,0.0451377178193262,5000,3,10,"C1","none","superpopulation","facec"
14,"pooled_dr",0.594408626067012,0.0118380824774753,0.00912087872804546,TRUE,0.0464044306037326,5000,3,10,"C1","none","superpopulation","facec"
14,"tilted_aipw",0.588940817845611,0.0129129817621776,0.00365307050664498,TRUE,0.0506179583737814,5000,3,10,"C1","none","superpopulation","facec"
14,"oracle_dr",0.594117517167346,0.0122601654580599,0.00882976982837969,TRUE,0.0480589654845991,5000,3,10,"C1","none","superpopulation","facec"
15,"one_round_crossfit",0.593196628772125,0.0105748198304161,0.00790888143315893,TRUE,0.0414525320212309,5000,3,10,"C1","none","superpopulation","facec"
15,"two_round_crossfit",0.594590326867266,0.0106073778411518,0.0093025795282996,TRUE,0.0415801570781313,5000,3,10,"C1","none","superpopulation","facec"
15,"target_only",0.649513239162492,0.018026961946224,0.0642254918235254,FALSE,0.0706643923305463,5000,3,10,"C1","none","superpopulation","facec"
15,"sample_size",0.606598057149768,0.0234062628193212,0.0213103098108017,TRUE,0.091750864277097,5000,3,10,"C1","none","superpopulation","facec"
15,"inverse_variance",0.604360015458783,0.0233387633030364,0.0190722681198163,TRUE,0.0914862710353128,5000,3,10,"C1","none","superpopulation","facec"
15,"federated_dr",0.598063957335914,0.0117037218668441,0.0127762099969481,TRUE,0.0458777466881763,5000,3,10,"C1","none","superpopulation","facec"
15,"pooled_dr",0.594684094564232,0.0120420562709848,0.00939634722526583,TRUE,0.0472039931818697,5000,3,10,"C1","none","superpopulation","facec"
15,"tilted_aipw",0.590863537828164,0.0131930411648151,0.00557579048919765,TRUE,0.0517157710591838,5000,3,10,"C1","none","superpopulation","facec"
15,"oracle_dr",0.571709958518954,0.0120822638378333,-0.0135777888200126,TRUE,0.047361603947728,5000,3,10,"C1","none","superpopulation","facec"
16,"one_round_crossfit",0.589478408337087,0.0104161761960916,0.00419066099812104,TRUE,0.040830660401926,5000,3,10,"C1","none","superpopulation","facec"
16,"two_round_crossfit",0.591382527260224,0.010416507796889,0.00609477992125795,TRUE,0.0408319602531662,5000,3,10,"C1","none","superpopulation","facec"
16,"target_only",0.596396298674074,0.0188204692271018,0.0111085513351075,TRUE,0.073774883714528,5000,3,10,"C1","none","superpopulation","facec"
16,"sample_size",0.599890194007174,0.0228520260083309,0.014602446668208,TRUE,0.0895782959002021,5000,3,10,"C1","none","superpopulation","facec"
16,"inverse_variance",0.598252577174975,0.0227781475272587,0.0129648298360084,TRUE,0.0892886975759344,5000,3,10,"C1","none","superpopulation","facec"
16,"federated_dr",0.591094248210493,0.0116606902593328,0.00580650087152657,TRUE,0.0457090658863386,5000,3,10,"C1","none","superpopulation","facec"
16,"pooled_dr",0.593137788828031,0.0122358437076612,0.00785004148906465,TRUE,0.0479636259749538,5000,3,10,"C1","none","superpopulation","facec"
16,"tilted_aipw",0.580375313607574,0.0135361453966188,-0.00491243373139194,TRUE,0.0530607149337412,5000,3,10,"C1","none","superpopulation","facec"
16,"oracle_dr",0.58701478608181,0.012241272048777,0.00172703874284397,TRUE,0.0479849046811196,5000,3,10,"C1","none","superpopulation","facec"
17,"one_round_crossfit",0.594030481267974,0.0103080379194556,0.00874273392900748,TRUE,0.0404067661468122,5000,3,10,"C1","none","superpopulation","facec"
17,"two_round_crossfit",0.592774373123535,0.0103421316430206,0.0074866257845686,TRUE,0.0405404110873848,5000,3,10,"C1","none","superpopulation","facec"
17,"target_only",0.589343587529709,0.0184654395874405,0.00405584019074268,TRUE,0.0723831931001668,5000,3,10,"C1","none","superpopulation","facec"
17,"sample_size",0.601374005786971,0.00966321800966162,0.0160862584480042,TRUE,0.0378791185473912,5000,3,10,"C1","none","superpopulation","facec"
17,"inverse_variance",0.601918321375573,0.0129339937514001,0.0166305740366065,TRUE,0.0507003238580206,5000,3,10,"C1","none","superpopulation","facec"
17,"federated_dr",0.592251430131633,0.0116112651567238,0.00696368279266635,TRUE,0.0455153230442469,5000,3,10,"C1","none","superpopulation","facec"
17,"pooled_dr",0.59199166811373,0.0119018440266009,0.00670392077476356,TRUE,0.0466543712835019,5000,3,10,"C1","none","superpopulation","facec"
17,"tilted_aipw",0.587724810984164,0.0125140272353173,0.00243706364519758,TRUE,0.0490540853655503,5000,3,10,"C1","none","superpopulation","facec"
17,"oracle_dr",0.594428025694181,0.0123557196286956,0.00914027835521458,TRUE,0.0484335309506361,5000,3,10,"C1","none","superpopulation","facec"
18,"one_round_crossfit",0.582537247100975,0.0102594132089011,-0.00275050023799139,TRUE,0.0402161607839211,5000,3,10,"C1","none","superpopulation","facec"
18,"two_round_crossfit",0.583373320857194,0.0102563588283361,-0.00191442648177287,TRUE,0.0402041878321162,5000,3,10,"C1","none","superpopulation","facec"
18,"target_only",0.587816465763519,0.0179808913344209,0.00252871842455227,TRUE,0.0704837988507867,5000,3,10,"C1","none","superpopulation","facec"
18,"sample_size",0.600855329038892,0.0171617296780868,0.0155675816999258,TRUE,0.0672727441629244,5000,3,10,"C1","none","superpopulation","facec"
18,"inverse_variance",0.600215203197409,0.0175133739936147,0.0149274558584427,TRUE,0.0686511645505306,5000,3,10,"C1","none","superpopulation","facec"
18,"federated_dr",0.585217965174306,0.0116160989137653,-6.97821646608032e-05,TRUE,0.0455342710236697,5000,3,10,"C1","none","superpopulation","facec"
18,"pooled_dr",0.584238642805145,0.0120582045721915,-0.0010491045338209,TRUE,0.0472672933594229,5000,3,10,"C1","none","superpopulation","facec"
18,"tilted_aipw",0.578753874704479,0.013063034180418,-0.00653387263448724,TRUE,0.0512061530448698,5000,3,10,"C1","none","superpopulation","facec"
18,"oracle_dr",0.575377025149291,0.012561076954525,-0.00991072218967537,TRUE,0.04923851687581,5000,3,10,"C1","none","superpopulation","facec"
19,"one_round_crossfit",0.590355404446776,0.0103012337975726,0.00506765710780976,TRUE,0.0403800944791382,5000,3,10,"C1","none","superpopulation","facec"
19,"two_round_crossfit",0.589503800323191,0.010264192977392,0.00421605298422489,TRUE,0.0402348971321143,5000,3,10,"C1","none","superpopulation","facec"
19,"target_only",0.564716321266386,0.0182388220227312,-0.0205714260725801,TRUE,0.0714948685699783,5000,3,10,"C1","none","superpopulation","facec"
19,"sample_size",0.606484823698588,0.0286437536573735,0.0211970763596219,TRUE,0.112281451100979,5000,3,10,"C1","none","superpopulation","facec"
19,"inverse_variance",0.606027349912405,0.0285159289666887,0.0207396025734389,TRUE,0.111780387520825,5000,3,10,"C1","none","superpopulation","facec"
19,"federated_dr",0.589573588505397,0.0116184938787614,0.00428584116643027,TRUE,0.0455436591139426,5000,3,10,"C1","none","superpopulation","facec"
19,"pooled_dr",0.587525163344018,0.0123302422814038,0.0022374160050519,TRUE,0.048333661584409,5000,3,10,"C1","none","superpopulation","facec"
19,"tilted_aipw",0.588009438149264,0.0126500156343885,0.00272169081029738,TRUE,0.0495871500945404,5000,3,10,"C1","none","superpopulation","facec"
19,"oracle_dr",0.593672819385074,0.0121652829778836,0.00838507204610783,TRUE,0.04768703299678,5000,3,10,"C1","none","superpopulation","facec"
20,"one_round_crossfit",0.57061329137634,0.0104084423250518,-0.0146744559626264,TRUE,0.0408003441845279,5000,3,10,"C1","none","superpopulation","facec"
20,"two_round_crossfit",0.573476238463338,0.0104279756664394,-0.0118115088756283,TRUE,0.0408769134757625,5000,3,10,"C1","none","superpopulation","facec"
20,"target_only",0.54863769044132,0.0180979674874581,-0.0366500568976459,FALSE,0.0709427289375895,5000,3,10,"C1","none","superpopulation","facec"
20,"sample_size",0.582684229003605,0.022091890413792,-0.0026035183353611,TRUE,0.0865986191228758,5000,3,10,"C1","none","superpopulation","facec"
20,"inverse_variance",0.583001278793253,0.0220042754402888,-0.00228646854571324,TRUE,0.0862551747377307,5000,3,10,"C1","none","superpopulation","facec"
20,"federated_dr",0.566739741528085,0.0117779299211782,-0.0185480058108815,TRUE,0.0461686369158918,5000,3,10,"C1","none","superpopulation","facec"
20,"pooled_dr",0.566454373403703,0.0126549098000046,-0.0188333739352631,TRUE,0.0496063348712239,5000,3,10,"C1","none","superpopulation","facec"
20,"tilted_aipw",0.562066854436859,0.0130850671617578,-0.0232208929021076,TRUE,0.0512925207446662,5000,3,10,"C1","none","superpopulation","facec"
20,"oracle_dr",0.577750239352233,0.0121149001892118,-0.00753750798673292,TRUE,0.0474895360943051,5000,3,10,"C1","none","superpopulation","facec"
21,"one_round_crossfit",0.587737997530297,0.0103096075355542,0.00245025019133094,TRUE,0.040412918928858,5000,3,10,"C1","none","superpopulation","facec"
21,"two_round_crossfit",0.588900342083224,0.0103735653212987,0.00361259474425779,TRUE,0.0406636288420381,5000,3,10,"C1","none","superpopulation","facec"
21,"target_only",0.603213952315953,0.0182883370725202,0.0179262049769869,TRUE,0.0716889639985363,5000,3,10,"C1","none","superpopulation","facec"
21,"sample_size",0.600637125449641,0.0146888070969991,0.0153493781106747,TRUE,0.057579065771949,5000,3,10,"C1","none","superpopulation","facec"
21,"inverse_variance",0.600210418532179,0.0159178851989904,0.0149226711932126,TRUE,0.0623969634001289,5000,3,10,"C1","none","superpopulation","facec"
21,"federated_dr",0.58653944342333,0.0112284693939878,0.00125169608436382,TRUE,0.0440147912274529,5000,3,10,"C1","none","superpopulation","facec"
21,"pooled_dr",0.587986525142789,0.0113768746847361,0.00269877780382277,TRUE,0.0445965292774166,5000,3,10,"C1","none","superpopulation","facec"
21,"tilted_aipw",0.584040118618116,0.012038326257878,-0.00124762872085016,TRUE,0.0471893717991676,5000,3,10,"C1","none","superpopulation","facec"
21,"oracle_dr",0.580065450468823,0.0123176823230395,-0.00522229687014319,TRUE,0.0482844274523262,5000,3,10,"C1","none","superpopulation","facec"
22,"one_round_crossfit",0.584091669814205,0.0102401917043041,-0.00119607752476147,TRUE,0.0401408138704438,5000,3,10,"C1","none","superpopulation","facec"
22,"two_round_crossfit",0.584613167497365,0.0102555033709386,-0.000674579841601353,TRUE,0.0402008345007374,5000,3,10,"C1","none","superpopulation","facec"
22,"target_only",0.584731946281778,0.0183329211701447,-0.000555801057188554,TRUE,0.0718637304497911,5000,3,10,"C1","none","superpopulation","facec"
22,"sample_size",0.593411464816397,0.0177889367969081,0.00812371747743024,TRUE,0.0697313508903985,5000,3,10,"C1","none","superpopulation","facec"
22,"inverse_variance",0.592726889398788,0.018023802780771,0.00743914205982155,TRUE,0.0706520086295281,5000,3,10,"C1","none","superpopulation","facec"
22,"federated_dr",0.583417450153968,0.0119568566553115,-0.0018702971849982,TRUE,0.046870016825437,5000,3,10,"C1","none","superpopulation","facec"
22,"pooled_dr",0.584438495908707,0.0125476137651626,-0.000849251430259823,TRUE,0.0491857421432755,5000,3,10,"C1","none","superpopulation","facec"
22,"tilted_aipw",0.58218467941288,0.0129772385036554,-0.00310306792608683,TRUE,0.0508698401719019,5000,3,10,"C1","none","superpopulation","facec"
22,"oracle_dr",0.580828179026232,0.0122317138344423,-0.00445956831273464,TRUE,0.0479474371694146,5000,3,10,"C1","none","superpopulation","facec"
23,"one_round_crossfit",0.554914085429876,0.0105774605010959,-0.0303736619090905,FALSE,0.0414628832600858,5000,3,10,"C1","none","superpopulation","facec"
23,"two_round_crossfit",0.553985176178544,0.0106454949759798,-0.0313025711604223,FALSE,0.041729573501045,5000,3,10,"C1","none","superpopulation","facec"
23,"target_only",0.55341823226183,0.0185859456381174,-0.0318695150771361,TRUE,0.0728555681386587,5000,3,10,"C1","none","superpopulation","facec"
23,"sample_size",0.568677149572927,0.0101812079258081,-0.0166105977660393,TRUE,0.0399096017073954,5000,3,10,"C1","none","superpopulation","facec"
23,"inverse_variance",0.569404377528068,0.0135105485206058,-0.0158833698108981,TRUE,0.0529603770235365,5000,3,10,"C1","none","superpopulation","facec"
23,"federated_dr",0.556094591081543,0.0117253589942664,-0.0291931562574237,FALSE,0.0459625626691298,5000,3,10,"C1","none","superpopulation","facec"
23,"pooled_dr",0.554115658168195,0.0122165985150424,-0.0311720891707716,FALSE,0.0478881862061373,5000,3,10,"C1","none","superpopulation","facec"
23,"tilted_aipw",0.554786256648358,0.0140048060684615,-0.0305014906906081,FALSE,0.0548978310093049,5000,3,10,"C1","none","superpopulation","facec"
23,"oracle_dr",0.567013132376899,0.0120824647161767,-0.0182746149620678,TRUE,0.0473623913763646,5000,3,10,"C1","none","superpopulation","facec"
24,"one_round_crossfit",0.593119933872137,0.0103543686415621,0.00783218653317086,TRUE,0.0405883792402253,5000,3,10,"C1","none","superpopulation","facec"
24,"two_round_crossfit",0.594029690056385,0.010314697159167,0.0087419427174189,TRUE,0.0404328698868099,5000,3,10,"C1","none","superpopulation","facec"
24,"target_only",0.604539586398439,0.018593229639696,0.0192518390594724,TRUE,0.0728841209001734,5000,3,10,"C1","none","superpopulation","facec"
24,"sample_size",0.606057434425147,0.00976994650910914,0.0207696870861809,FALSE,0.0382974865774734,5000,3,10,"C1","none","superpopulation","facec"
24,"inverse_variance",0.606781085438997,0.0118468869638103,0.0214933381000306,TRUE,0.0464389435559704,5000,3,10,"C1","none","superpopulation","facec"
24,"federated_dr",0.593822462282852,0.0118295170180569,0.00853471494388547,TRUE,0.0463708546197903,5000,3,10,"C1","none","superpopulation","facec"
24,"pooled_dr",0.593339014800157,0.0122056620065088,0.00805126746119111,TRUE,0.0478453158804522,5000,3,10,"C1","none","superpopulation","facec"
24,"tilted_aipw",0.593224861387551,0.0125412362828867,0.00793711404858433,TRUE,0.0491607428721299,5000,3,10,"C1","none","superpopulation","facec"
24,"oracle_dr",0.590577509275648,0.0123144868992086,0.00528976193668207,TRUE,0.0482719016210782,5000,3,10,"C1","none","superpopulation","facec"
25,"one_round_crossfit",0.592970825196217,0.0102687910203267,0.00768307785725053,TRUE,0.0402529211292173,5000,3,10,"C1","none","superpopulation","facec"
25,"two_round_crossfit",0.592698179247454,0.0103577873056399,0.00741043190848745,TRUE,0.0406017801571605,5000,3,10,"C1","none","superpopulation","facec"
25,"target_only",0.571303661115787,0.0184544407453476,-0.013984086223179,TRUE,0.0723400784314197,5000,3,10,"C1","none","superpopulation","facec"
25,"sample_size",0.608395696283238,0.0176851635093061,0.0231079489442716,TRUE,0.0693245670778839,5000,3,10,"C1","none","superpopulation","facec"
25,"inverse_variance",0.608721837128241,0.0177980268140995,0.0234340897892743,TRUE,0.0697669831030263,5000,3,10,"C1","none","superpopulation","facec"
25,"federated_dr",0.595355887976519,0.0116019019558145,0.0100681406375529,TRUE,0.0454786199711223,5000,3,10,"C1","none","superpopulation","facec"
25,"pooled_dr",0.59385688672817,0.0118679971476108,0.00856913938920345,TRUE,0.0465216939558823,5000,3,10,"C1","none","superpopulation","facec"
25,"tilted_aipw",0.594696484833463,0.0132643127956787,0.00940873749449689,TRUE,0.051995150718408,5000,3,10,"C1","none","superpopulation","facec"
25,"oracle_dr",0.594250719306719,0.0123515700772318,0.0089629719677522,TRUE,0.0484172650077936,5000,3,10,"C1","none","superpopulation","facec"
26,"one_round_crossfit",0.593952143462805,0.0102821457149725,0.00866439612383851,TRUE,0.040305270570278,5000,3,10,"C1","none","superpopulation","facec"
26,"two_round_crossfit",0.593168798679375,0.0102766368589656,0.00788105134040906,TRUE,0.0402836762515388,5000,3,10,"C1","none","superpopulation","facec"
26,"target_only",0.608660152226381,0.0182438354565753,0.0233724048874149,TRUE,0.0715145208695249,5000,3,10,"C1","none","superpopulation","facec"
26,"sample_size",0.61257594106003,0.0108607531823287,0.0272881937210633,FALSE,0.0425733701646862,5000,3,10,"C1","none","superpopulation","facec"
26,"inverse_variance",0.61325395256927,0.0134938577182194,0.0279662052303039,FALSE,0.0528949502804359,5000,3,10,"C1","none","superpopulation","facec"
26,"federated_dr",0.596103197938746,0.0115287685845173,0.0108154505997797,TRUE,0.0451919424235012,5000,3,10,"C1","none","superpopulation","facec"
26,"pooled_dr",0.597348676694895,0.0120781931567367,0.0120609293559283,TRUE,0.0473456471710443,5000,3,10,"C1","none","superpopulation","facec"
26,"tilted_aipw",0.593307014594622,0.0130177082906801,0.00801926725565605,TRUE,0.0510284788219628,5000,3,10,"C1","none","superpopulation","facec"
26,"oracle_dr",0.589574892627431,0.0121270961791089,0.0042871452884643,TRUE,0.0475373434962134,5000,3,10,"C1","none","superpopulation","facec"
27,"one_round_crossfit",0.58967284286337,0.0103893720034498,0.00438509552440336,TRUE,0.0407255898975007,5000,3,10,"C1","none","superpopulation","facec"
27,"two_round_crossfit",0.588923028258885,0.0103541349604699,0.00363528091991894,TRUE,0.0405874632271763,5000,3,10,"C1","none","superpopulation","facec"
27,"target_only",0.590790575535885,0.0186515255805342,0.00550282819691861,TRUE,0.073112636789149,5000,3,10,"C1","none","superpopulation","facec"
27,"sample_size",0.59993737492547,0.00977582446317078,0.0146496275865031,TRUE,0.0383205277340006,5000,3,10,"C1","none","superpopulation","facec"
27,"inverse_variance",0.600436692236983,0.0122459074338461,0.0151489448980169,TRUE,0.0480030750566993,5000,3,10,"C1","none","superpopulation","facec"
27,"federated_dr",0.591211563510964,0.0113406691631304,0.00592381617199811,TRUE,0.0444546062406392,5000,3,10,"C1","none","superpopulation","facec"
27,"pooled_dr",0.591016296305678,0.0116872331644193,0.00572854896671204,TRUE,0.0458131121623679,5000,3,10,"C1","none","superpopulation","facec"
27,"tilted_aipw",0.588887776077424,0.0121501415060536,0.00360002873845811,TRUE,0.0476276795178605,5000,3,10,"C1","none","superpopulation","facec"
27,"oracle_dr",0.58821880227228,0.0122396116214365,0.00293105493331336,TRUE,0.0479783959255469,5000,3,10,"C1","none","superpopulation","facec"
28,"one_round_crossfit",0.586952983387477,0.0103471626387779,0.00166523604851054,TRUE,0.0405601322283664,5000,3,10,"C1","none","superpopulation","facec"
28,"two_round_crossfit",0.588399407139085,0.0104026184068076,0.00311165980011863,TRUE,0.0407775148445124,5000,3,10,"C1","none","superpopulation","facec"
28,"target_only",0.584409635784355,0.018508019572251,-0.00087811155461115,TRUE,0.072550103573549,5000,3,10,"C1","none","superpopulation","facec"
28,"sample_size",0.600292797560335,0.0290916204981237,0.0150050502213686,TRUE,0.114037056856459,5000,3,10,"C1","none","superpopulation","facec"
28,"inverse_variance",0.597561528811741,0.0289506191714635,0.0122737814727747,TRUE,0.113484341812407,5000,3,10,"C1","none","superpopulation","facec"
28,"federated_dr",0.587829190280382,0.0119676692643735,0.00254144294141612,TRUE,0.046912401474118,5000,3,10,"C1","none","superpopulation","facec"
28,"pooled_dr",0.589491810445252,0.0125967527102728,0.00420406310628552,TRUE,0.0493783632685842,5000,3,10,"C1","none","superpopulation","facec"
28,"tilted_aipw",0.58392070075907,0.0133531119415392,-0.00136704657989639,TRUE,0.052343236973897,5000,3,10,"C1","none","superpopulation","facec"
28,"oracle_dr",0.586079584608568,0.0122278854891651,0.000791837269601303,TRUE,0.047932430331687,5000,3,10,"C1","none","superpopulation","facec"
29,"one_round_crossfit",0.577308722377766,0.0103938576739112,-0.0079790249612004,TRUE,0.0407431734026025,5000,3,10,"C1","none","superpopulation","facec"
29,"two_round_crossfit",0.578029638508488,0.0103199717780781,-0.00725810883047828,TRUE,0.0404535460130058,5000,3,10,"C1","none","superpopulation","facec"
29,"target_only",0.584913389081101,0.0183498249437856,-0.00037435825786547,TRUE,0.071929992024869,5000,3,10,"C1","none","superpopulation","facec"
29,"sample_size",0.593699817091427,0.0145075041586764,0.00841206975246067,TRUE,0.0568683713131417,5000,3,10,"C1","none","superpopulation","facec"
29,"inverse_variance",0.593723196031736,0.0159281773638299,0.00843544869277002,TRUE,0.0624373079449456,5000,3,10,"C1","none","superpopulation","facec"
29,"federated_dr",0.578245391859407,0.0114728804062099,-0.00704235547955978,TRUE,0.0449728647902132,5000,3,10,"C1","none","superpopulation","facec"
29,"pooled_dr",0.582384530879381,0.0117731044643298,-0.00290321645958558,TRUE,0.0461497214726283,5000,3,10,"C1","none","superpopulation","facec"
29,"tilted_aipw",0.571824008345182,0.0129695077432619,-0.0134637389937848,TRUE,0.0508395361480134,5000,3,10,"C1","none","superpopulation","facec"
29,"oracle_dr",0.581567369982674,0.0124745980482759,-0.00372037735629227,TRUE,0.0488995257924689,5000,3,10,"C1","none","superpopulation","facec"
30,"one_round_crossfit",0.580749425520689,0.010379017473149,-0.00453832181827729,TRUE,0.0406850008845678,5000,3,10,"C1","none","superpopulation","facec"
30,"two_round_crossfit",0.580215275660103,0.010356879327606,-0.00507247167886349,TRUE,0.0405982209486704,5000,3,10,"C1","none","superpopulation","facec"
30,"target_only",0.578189978866509,0.0182684886968733,-0.00709776847245769,TRUE,0.0716111597956972,5000,3,10,"C1","none","superpopulation","facec"
30,"sample_size",0.589257492087364,0.0224165008453998,0.00396974474839795,TRUE,0.0878710686327904,5000,3,10,"C1","none","superpopulation","facec"
30,"inverse_variance",0.588883066783559,0.0223371326308239,0.00359531944459224,TRUE,0.0875599509486185,5000,3,10,"C1","none","superpopulation","facec"
30,"federated_dr",0.579647291035665,0.0117134089546381,-0.00564045630330168,TRUE,0.0459157193745594,5000,3,10,"C1","none","superpopulation","facec"
30,"pooled_dr",0.582513959276726,0.0121300244260855,-0.00277378806224082,TRUE,0.0475488220134372,5000,3,10,"C1","none","superpopulation","facec"
30,"tilted_aipw",0.574428856463194,0.0131287512792336,-0.010858890875772,TRUE,0.0514637593385641,5000,3,10,"C1","none","superpopulation","facec"
30,"oracle_dr",0.588643203334879,0.0122523646534305,0.0033554559959128,TRUE,0.0480283868923506,5000,3,10,"C1","none","superpopulation","facec"
31,"one_round_crossfit",0.566193551910966,0.0104223383463531,-0.0190941954280005,TRUE,0.0408548155870858,5000,3,10,"C1","none","superpopulation","facec"
31,"two_round_crossfit",0.566705458018984,0.0104282730281725,-0.0185822893199824,TRUE,0.0408780791123369,5000,3,10,"C1","none","superpopulation","facec"
31,"target_only",0.567863717256055,0.0190419514936742,-0.0174240300829118,TRUE,0.07464307824592,5000,3,10,"C1","none","superpopulation","facec"
31,"sample_size",0.585957590401561,0.0209342145091917,0.000669843062594544,TRUE,0.082060612965303,5000,3,10,"C1","none","superpopulation","facec"
31,"inverse_variance",0.584987754062605,0.020844463892164,-0.000299993276361876,TRUE,0.0817087970113741,5000,3,10,"C1","none","superpopulation","facec"
31,"federated_dr",0.568268635251467,0.0122830379811138,-0.017019112087499,TRUE,0.0481486241274414,5000,3,10,"C1","none","superpopulation","facec"
31,"pooled_dr",0.568462204964111,0.0129314822723065,-0.0168255423748551,TRUE,0.0506904790408778,5000,3,10,"C1","none","superpopulation","facec"
31,"tilted_aipw",0.568279045896,0.0138520670609335,-0.0170087014429666,TRUE,0.0542991051017265,5000,3,10,"C1","none","superpopulation","facec"
31,"oracle_dr",0.571390864036305,0.012247668747835,-0.0138968833026614,TRUE,0.0480099792806667,5000,3,10,"C1","none","superpopulation","facec"
32,"one_round_crossfit",0.590257865695366,0.0101532532597757,0.00497011835639916,TRUE,0.0398000214301486,5000,3,10,"C1","none","superpopulation","facec"
32,"two_round_crossfit",0.588147205422921,0.0101979860596537,0.00285945808395427,TRUE,0.0399753707835258,5000,3,10,"C1","none","superpopulation","facec"
32,"target_only",0.586630913005007,0.0184017050749466,0.00134316566604098,TRUE,0.0721333584020463,5000,3,10,"C1","none","superpopulation","facec"
32,"sample_size",0.595360498781857,0.0249030004245741,0.0100727514428911,TRUE,0.097617967878302,5000,3,10,"C1","none","superpopulation","facec"
32,"inverse_variance",0.593496299143067,0.0248484815028146,0.00820855180410085,TRUE,0.0974042576320528,5000,3,10,"C1","none","superpopulation","facec"
32,"federated_dr",0.587867843966152,0.0115250125027616,0.00258009662718517,TRUE,0.0451772188535733,5000,3,10,"C1","none","superpopulation","facec"
32,"pooled_dr",0.584235797039015,0.0117358277005548,-0.00105195029995142,TRUE,0.04600359924371,5000,3,10,"C1","none","superpopulation","facec"
32,"tilted_aipw",0.590630173949291,0.0125890746847581,0.00534242661032502,TRUE,0.0493482659616216,5000,3,10,"C1","none","superpopulation","facec"
32,"oracle_dr",0.577760185602923,0.0126336193780941,-0.00752756173604363,TRUE,0.0495228779509034,5000,3,10,"C1","none","superpopulation","facec"
33,"one_round_crossfit",0.610995201014207,0.0102466907399922,0.0257074536752407,FALSE,0.0401662896222097,5000,3,10,"C1","none","superpopulation","facec"
33,"two_round_crossfit",0.611223067329491,0.010241685615956,0.0259353199905243,FALSE,0.0401466698965116,5000,3,10,"C1","none","superpopulation","facec"
33,"target_only",0.597159141092425,0.018224289591347,0.0118713937534586,TRUE,0.0714379024857368,5000,3,10,"C1","none","superpopulation","facec"
33,"sample_size",0.620196284371937,0.0188457352583653,0.0349085370329701,TRUE,0.0738739247371452,5000,3,10,"C1","none","superpopulation","facec"
33,"inverse_variance",0.619570575847422,0.0188114135314018,0.034282828508456,TRUE,0.073739386039674,5000,3,10,"C1","none","superpopulation","facec"
33,"federated_dr",0.609938585491167,0.011457033884099,0.0246508381522005,FALSE,0.0449107475649781,5000,3,10,"C1","none","superpopulation","facec"
33,"pooled_dr",0.610454989597722,0.0117529610009987,0.0251672422587554,FALSE,0.0460707605473227,5000,3,10,"C1","none","superpopulation","facec"
33,"tilted_aipw",0.607832078597223,0.0129105809896638,0.0225443312582567,TRUE,0.050608547518457,5000,3,10,"C1","none","superpopulation","facec"
33,"oracle_dr",0.609747539115798,0.0120078957101864,0.0244597917768317,FALSE,0.0470700862441567,5000,3,10,"C1","none","superpopulation","facec"
34,"one_round_crossfit",0.594950468886699,0.0104561673708399,0.0096627215477324,TRUE,0.0409874229263381,5000,3,10,"C1","none","superpopulation","facec"
34,"two_round_crossfit",0.593490704201353,0.0103097729064259,0.00820295686238648,TRUE,0.0404135671707633,5000,3,10,"C1","none","superpopulation","facec"
34,"target_only",0.596327071652915,0.0187669873922715,0.0110393243139491,TRUE,0.0735652387743388,5000,3,10,"C1","none","superpopulation","facec"
34,"sample_size",0.604221390486,0.00975806364129703,0.0189336431470333,TRUE,0.0382509065915839,5000,3,10,"C1","none","superpopulation","facec"
34,"inverse_variance",0.604624108104161,0.0108724631611907,0.0193363607651947,TRUE,0.0426192724383445,5000,3,10,"C1","none","superpopulation","facec"
34,"federated_dr",0.593250452496962,0.0124074425987993,0.00796270515799591,TRUE,0.0486362812677892,5000,3,10,"C1","none","superpopulation","facec"
34,"pooled_dr",0.592854499345741,0.0129148132702408,0.00756675200677437,TRUE,0.0506251377534641,5000,3,10,"C1","none","superpopulation","facec"
34,"tilted_aipw",0.59501801171423,0.013987034355856,0.00973026437526392,TRUE,0.0548281671760042,5000,3,10,"C1","none","superpopulation","facec"
34,"oracle_dr",0.588112107480744,0.0123095266450967,0.00282436014177767,TRUE,0.0482524577822514,5000,3,10,"C1","none","superpopulation","facec"
35,"one_round_crossfit",0.579708059734485,0.0101866025770236,-0.00557968760448158,TRUE,0.0399307483515783,5000,3,10,"C1","none","superpopulation","facec"
35,"two_round_crossfit",0.582391880658252,0.0102676236210526,-0.0028958666807144,TRUE,0.0402483450081517,5000,3,10,"C1","none","superpopulation","facec"
35,"target_only",0.59854431730529,0.0176218395078944,0.0132565699663234,TRUE,0.0690763415536362,5000,3,10,"C1","none","superpopulation","facec"
35,"sample_size",0.58935742141296,0.0229483704775075,0.00406967407399383,TRUE,0.089955959279594,5000,3,10,"C1","none","superpopulation","facec"
35,"inverse_variance",0.586666977732281,0.0228202224348416,0.00137923039331433,TRUE,0.0894536281829648,5000,3,10,"C1","none","superpopulation","facec"
35,"federated_dr",0.581549851220086,0.0124186099739948,-0.00373789611888076,TRUE,0.0486800565741596,5000,3,10,"C1","none","superpopulation","facec"
35,"pooled_dr",0.580758410990981,0.0132675212162112,-0.00452933634798536,TRUE,0.05200772749579,5000,3,10,"C1","none","superpopulation","facec"
35,"tilted_aipw",0.583762389154215,0.0138863624428233,-0.00152535818475097,TRUE,0.0544335405284067,5000,3,10,"C1","none","superpopulation","facec"
35,"oracle_dr",0.58041701100708,0.0122544835129708,-0.0048707363318865,TRUE,0.0480366926691251,5000,3,10,"C1","none","superpopulation","facec"
36,"one_round_crossfit",0.571526165236128,0.010381036810933,-0.0137615821028388,TRUE,0.0406929165432264,5000,3,10,"C1","none","superpopulation","facec"
36,"two_round_crossfit",0.570819743928181,0.0103823541673428,-0.0144680034107855,TRUE,0.0406980804854626,5000,3,10,"C1","none","superpopulation","facec"
36,"target_only",0.581885478298573,0.0179454200205475,-0.00340226904039365,TRUE,0.0703447538554343,5000,3,10,"C1","none","superpopulation","facec"
36,"sample_size",0.586255888631199,0.0117213981687075,0.000968141292232549,TRUE,0.0459470365182408,5000,3,10,"C1","none","superpopulation","facec"
36,"inverse_variance",0.586066515799305,0.0140770897043939,0.000778768460338308,TRUE,0.0551811776555033,5000,3,10,"C1","none","superpopulation","facec"
36,"federated_dr",0.576137487010309,0.011901659735157,-0.00915026032865751,TRUE,0.0466536488743166,5000,3,10,"C1","none","superpopulation","facec"
36,"pooled_dr",0.574154819593812,0.0127170255347302,-0.0111329277451547,TRUE,0.0498498240770948,5000,3,10,"C1","none","superpopulation","facec"
36,"tilted_aipw",0.575506975615412,0.0135256780218238,-0.00978077172355463,TRUE,0.0530196835785191,5000,3,10,"C1","none","superpopulation","facec"
36,"oracle_dr",0.575514338551683,0.0121672208453577,-0.00977340878728317,TRUE,0.0476946292976921,5000,3,10,"C1","none","superpopulation","facec"
37,"one_round_crossfit",0.584823653643125,0.0103444091266597,-0.000464093695841328,TRUE,0.0405493386592009,5000,3,10,"C1","none","superpopulation","facec"
37,"two_round_crossfit",0.586183668571401,0.0102932709820899,0.000895921232435093,TRUE,0.0403488808160151,5000,3,10,"C1","none","superpopulation","facec"
37,"target_only",0.602954190945998,0.0184056704875609,0.017666443607032,TRUE,0.0721489025338624,5000,3,10,"C1","none","superpopulation","facec"
37,"sample_size",0.595641741301289,0.0188801279792574,0.0103539939623231,TRUE,0.0740087417257032,5000,3,10,"C1","none","superpopulation","facec"
37,"inverse_variance",0.593650175403845,0.0189783105385586,0.00836242806487875,TRUE,0.0743936102859835,5000,3,10,"C1","none","superpopulation","facec"
37,"federated_dr",0.584737106789264,0.0118885744367869,-0.000550640549702219,TRUE,0.0466023554472517,5000,3,10,"C1","none","superpopulation","facec"
37,"pooled_dr",0.583727888867858,0.0122698321819211,-0.00155985847110884,TRUE,0.0480968583458319,5000,3,10,"C1","none","superpopulation","facec"
37,"tilted_aipw",0.586226491835577,0.0139696250877482,0.000938744496610133,TRUE,0.0547599240990273,5000,3,10,"C1","none","superpopulation","facec"
37,"oracle_dr",0.573397099521689,0.0123332394689364,-0.0118906478172776,TRUE,0.0483454103436467,5000,3,10,"C1","none","superpopulation","facec"
38,"one_round_crossfit",0.593043813506022,0.0102322745991566,0.00775606616705582,TRUE,0.0401097793885419,5000,3,10,"C1","none","superpopulation","facec"
38,"two_round_crossfit",0.591107317951932,0.0102102008189365,0.00581957061296612,TRUE,0.0400232517600738,5000,3,10,"C1","none","superpopulation","facec"
38,"target_only",0.587669836955669,0.0183261283875328,0.0023820896167025,TRUE,0.0718371032312426,5000,3,10,"C1","none","superpopulation","facec"
38,"sample_size",0.602584287186285,0.010671186547859,0.0172965398473186,TRUE,0.0418302826122239,5000,3,10,"C1","none","superpopulation","facec"
38,"inverse_variance",0.602993828779317,0.0134468006134953,0.0177060814403505,TRUE,0.0527104898194839,5000,3,10,"C1","none","superpopulation","facec"
38,"federated_dr",0.592857091901722,0.011403498995276,0.00756934456275549,TRUE,0.0447008946569591,5000,3,10,"C1","none","superpopulation","facec"
38,"pooled_dr",0.590359031777343,0.0119123886252807,0.00507128443837646,TRUE,0.0466957053507895,5000,3,10,"C1","none","superpopulation","facec"
38,"tilted_aipw",0.580427824745679,0.012505641027709,-0.0048599225932876,TRUE,0.049021212035792,5000,3,10,"C1","none","superpopulation","facec"
38,"oracle_dr",0.587693126796277,0.0124091889490609,0.00240537945731023,TRUE,0.0486431268350236,5000,3,10,"C1","none","superpopulation","facec"
39,"one_round_crossfit",0.574558301919859,0.0104064884368198,-0.0107294454191075,TRUE,0.0407926850833986,5000,3,10,"C1","none","superpopulation","facec"
39,"two_round_crossfit",0.574740468672405,0.0104701970709132,-0.0105472786665616,TRUE,0.0410424183400533,5000,3,10,"C1","none","superpopulation","facec"
39,"target_only",0.565549570182112,0.0186623319860968,-0.0197381771568539,TRUE,0.0731549971205594,5000,3,10,"C1","none","superpopulation","facec"
39,"sample_size",0.592347390727696,0.0150224306629668,0.00705964338873011,TRUE,0.0588868461193301,5000,3,10,"C1","none","superpopulation","facec"
39,"inverse_variance",0.592504975726227,0.0162021124154809,0.00721722838726091,TRUE,0.0635111136156234,5000,3,10,"C1","none","superpopulation","facec"
39,"federated_dr",0.575904332513297,0.0115882639635809,-0.00938341482566951,TRUE,0.0454251600239237,5000,3,10,"C1","none","superpopulation","facec"
39,"pooled_dr",0.575455744076123,0.0120283036414984,-0.0098320032628435,TRUE,0.0471500838648977,5000,3,10,"C1","none","superpopulation","facec"
39,"tilted_aipw",0.573271641085803,0.0129682380707983,-0.0120161062531631,TRUE,0.0508345591234118,5000,3,10,"C1","none","superpopulation","facec"
39,"oracle_dr",0.581817671013591,0.0123382139439559,-0.00347007632537555,TRUE,0.0483649099274068,5000,3,10,"C1","none","superpopulation","facec"
40,"one_round_crossfit",0.571436426808114,0.0104789207139258,-0.0138513205308521,TRUE,0.0410766143922907,5000,3,10,"C1","none","superpopulation","facec"
40,"two_round_crossfit",0.572710988043088,0.0104578687587874,-0.0125767592958783,TRUE,0.0409940922445398,5000,3,10,"C1","none","superpopulation","facec"
40,"target_only",0.54637915817791,0.018962509723003,-0.0389085891610564,FALSE,0.074331672227153,5000,3,10,"C1","none","superpopulation","facec"
40,"sample_size",0.579854826594848,0.0182640757633748,-0.0054329207441185,TRUE,0.0715938614142508,5000,3,10,"C1","none","superpopulation","facec"
40,"inverse_variance",0.580261548428603,0.0183588886119505,-0.00502619891036327,TRUE,0.0719655209512111,5000,3,10,"C1","none","superpopulation","facec"
40,"federated_dr",0.571912712309919,0.0119178566539546,-0.0133750350290472,TRUE,0.0467171396293242,5000,3,10,"C1","none","superpopulation","facec"
40,"pooled_dr",0.570551589314025,0.0126519658184335,-0.0147361580249413,TRUE,0.0495947946755231,5000,3,10,"C1","none","superpopulation","facec"
40,"tilted_aipw",0.566406529714691,0.0129917919197048,-0.0188812176242752,TRUE,0.0509268885145198,5000,3,10,"C1","none","superpopulation","facec"
40,"oracle_dr",0.582659183122386,0.012323353199839,-0.00262856421658042,TRUE,0.0483066568809016,5000,3,10,"C1","none","superpopulation","facec"
41,"one_round_crossfit",0.591815946136333,0.0103913387932439,0.00652819879736621,TRUE,0.0407332995718239,5000,3,10,"C1","none","superpopulation","facec"
41,"two_round_crossfit",0.592737828125755,0.0104188671639125,0.0074500807867891,TRUE,0.0408412088019512,5000,3,10,"C1","none","superpopulation","facec"
41,"target_only",0.582777712048787,0.0185164027754719,-0.00251003529017912,TRUE,0.0725829651263246,5000,3,10,"C1","none","superpopulation","facec"
41,"sample_size",0.607048821510787,0.012431758041789,0.0217610741718203,TRUE,0.0487315960528452,5000,3,10,"C1","none","superpopulation","facec"
41,"inverse_variance",0.607580933146563,0.0145631665644613,0.0222931858075963,TRUE,0.057086563934404,5000,3,10,"C1","none","superpopulation","facec"
41,"federated_dr",0.591643903785227,0.0116742741602905,0.00635615644626042,TRUE,0.0457623137996319,5000,3,10,"C1","none","superpopulation","facec"
41,"pooled_dr",0.591455393207069,0.0121117674022613,0.00616764586810237,TRUE,0.0474772557951166,5000,3,10,"C1","none","superpopulation","facec"
41,"tilted_aipw",0.591326807276301,0.012563053715337,0.00603905993733489,TRUE,0.0492462656358053,5000,3,10,"C1","none","superpopulation","facec"
41,"oracle_dr",0.586476540826076,0.0125345706724781,0.00118879348710932,TRUE,0.0491346141594584,5000,3,10,"C1","none","superpopulation","facec"
42,"one_round_crossfit",0.5710266950502,0.0103184074400901,-0.0142610522887662,TRUE,0.0404474139207736,5000,3,10,"C1","none","superpopulation","facec"
42,"two_round_crossfit",0.574915303476699,0.0103202808580062,-0.0103724438622674,TRUE,0.0404547575840606,5000,3,10,"C1","none","superpopulation","facec"
42,"target_only",0.567021917153324,0.0186497154652977,-0.0182658301856428,TRUE,0.0731055412678061,5000,3,10,"C1","none","superpopulation","facec"
42,"sample_size",0.585995268229233,0.012129850135485,0.000707520890266489,TRUE,0.0475481388068375,5000,3,10,"C1","none","superpopulation","facec"
42,"inverse_variance",0.586579458526081,0.0143675345256384,0.00129171118711457,TRUE,0.0563197004337741,5000,3,10,"C1","none","superpopulation","facec"
42,"federated_dr",0.571682876772862,0.012097274558498,-0.0136048705661043,TRUE,0.0474204448914977,5000,3,10,"C1","none","superpopulation","facec"
42,"pooled_dr",0.571752350623763,0.012489323559755,-0.0135353967152031,TRUE,0.0489572487367747,5000,3,10,"C1","none","superpopulation","facec"
42,"tilted_aipw",0.573492656187758,0.0130257253192608,-0.0117950911512081,TRUE,0.0510599049965252,5000,3,10,"C1","none","superpopulation","facec"
42,"oracle_dr",0.574395288688231,0.0123715241449774,-0.0108924586507357,TRUE,0.0484954835160467,5000,3,10,"C1","none","superpopulation","facec"
43,"one_round_crossfit",0.586647970506484,0.0102326802211243,0.00136022316751805,TRUE,0.040111369397438,5000,3,10,"C1","none","superpopulation","facec"
43,"two_round_crossfit",0.585650782954566,0.0102657339273642,0.000363035615600027,TRUE,0.0402409375450097,5000,3,10,"C1","none","superpopulation","facec"
43,"target_only",0.588311336823613,0.018061692025437,0.00302358948464687,TRUE,0.0708005317394216,5000,3,10,"C1","none","superpopulation","facec"
43,"sample_size",0.5975151929168,0.0247868261454143,0.0122274455778341,TRUE,0.0971625730721357,5000,3,10,"C1","none","superpopulation","facec"
43,"inverse_variance",0.595810648514912,0.0246790271638322,0.0105229011759461,TRUE,0.0967400088291936,5000,3,10,"C1","none","superpopulation","facec"
43,"federated_dr",0.586098101005883,0.0114369302637656,0.000810353666916619,TRUE,0.0448319428213535,5000,3,10,"C1","none","superpopulation","facec"
43,"pooled_dr",0.587301655154299,0.0120342138272089,0.00201390781533273,TRUE,0.047173251367167,5000,3,10,"C1","none","superpopulation","facec"
43,"tilted_aipw",0.584557119266711,0.0125952352523354,-0.000730628072255657,TRUE,0.0493724149427732,5000,3,10,"C1","none","superpopulation","facec"
43,"oracle_dr",0.588081802060341,0.0122681927982645,0.00279405472137417,TRUE,0.0480904320799842,5000,3,10,"C1","none","superpopulation","facec"
44,"one_round_crossfit",0.600699460055259,0.0103919479490991,0.0154117127162926,TRUE,0.040735687418898,5000,3,10,"C1","none","superpopulation","facec"
44,"two_round_crossfit",0.599746282275169,0.010395553116196,0.0144585349362025,TRUE,0.0407498194142344,5000,3,10,"C1","none","superpopulation","facec"
44,"target_only",0.620708401891432,0.0182900380274246,0.0354206545524658,TRUE,0.0716956316192405,5000,3,10,"C1","none","superpopulation","facec"
44,"sample_size",0.6069735095246,0.0175415729754649,0.0216857621856339,TRUE,0.0687617025281846,5000,3,10,"C1","none","superpopulation","facec"
44,"inverse_variance",0.605596681497975,0.018131649420455,0.0203089341590086,TRUE,0.0710747596887966,5000,3,10,"C1","none","superpopulation","facec"
44,"federated_dr",0.60309801786319,0.0115086413076094,0.0178102705242233,TRUE,0.0451130449478088,5000,3,10,"C1","none","superpopulation","facec"
44,"pooled_dr",0.600700879840072,0.012208685507727,0.0154131325011054,TRUE,0.047857167787442,5000,3,10,"C1","none","superpopulation","facec"
44,"tilted_aipw",0.595149127497868,0.012726814592185,0.00986138015890137,TRUE,0.0498881964772027,5000,3,10,"C1","none","superpopulation","facec"
44,"oracle_dr",0.591939651763951,0.0119975634315332,0.00665190442498431,TRUE,0.0470295844560797,5000,3,10,"C1","none","superpopulation","facec"
45,"one_round_crossfit",0.571432642807443,0.0103476162191574,-0.0138551045315237,TRUE,0.0405619102307819,5000,3,10,"C1","none","superpopulation","facec"
45,"two_round_crossfit",0.569491791437864,0.0103667333273233,-0.0157959559011021,TRUE,0.0406368479177697,5000,3,10,"C1","none","superpopulation","facec"
45,"target_only",0.576754574246124,0.0185981998730495,-0.00853317309284285,TRUE,0.0729036038569086,5000,3,10,"C1","none","superpopulation","facec"
45,"sample_size",0.581172614470396,0.0128124002037959,-0.00411513286857013,TRUE,0.0502236859099074,5000,3,10,"C1","none","superpopulation","facec"
45,"inverse_variance",0.581282425771348,0.014780370419341,-0.00400532156761857,TRUE,0.0579379874001391,5000,3,10,"C1","none","superpopulation","facec"
45,"federated_dr",0.571388616717287,0.0120927624580048,-0.0138991306216794,TRUE,0.0474027577825746,5000,3,10,"C1","none","superpopulation","facec"
45,"pooled_dr",0.570763824523888,0.0128705561364548,-0.0145239228150782,TRUE,0.0504516529769048,5000,3,10,"C1","none","superpopulation","facec"
45,"tilted_aipw",0.563496599227453,0.0132149188818445,-0.0217911481115134,TRUE,0.0518015301340671,5000,3,10,"C1","none","superpopulation","facec"
45,"oracle_dr",0.576447194637665,0.0119297002012898,-0.00884055270130113,TRUE,0.0467635654817764,5000,3,10,"C1","none","superpopulation","facec"
46,"one_round_crossfit",0.591094281842396,0.0103383797232073,0.00580653450342961,TRUE,0.0405257038319708,5000,3,10,"C1","none","superpopulation","facec"
46,"two_round_crossfit",0.591697107671448,0.0104829815832347,0.00640936033248163,TRUE,0.0410925327074734,5000,3,10,"C1","none","superpopulation","facec"
46,"target_only",0.575769991970245,0.0187607926810734,-0.00951775536872124,TRUE,0.073540955952653,5000,3,10,"C1","none","superpopulation","facec"
46,"sample_size",0.603346775442048,0.0142421929430336,0.0180590281030812,TRUE,0.0558283704584328,5000,3,10,"C1","none","superpopulation","facec"
46,"inverse_variance",0.603550017621011,0.0156811041577758,0.018262270282045,TRUE,0.0614687987741238,5000,3,10,"C1","none","superpopulation","facec"
46,"federated_dr",0.592963159943787,0.0118414833698876,0.00767541260482107,TRUE,0.0464177618570192,5000,3,10,"C1","none","superpopulation","facec"
46,"pooled_dr",0.591528362111895,0.0123367223650424,0.00624061477292859,TRUE,0.048359063045506,5000,3,10,"C1","none","superpopulation","facec"
46,"tilted_aipw",0.586683728807661,0.0134850070798536,0.0013959814686948,TRUE,0.0528602564155614,5000,3,10,"C1","none","superpopulation","facec"
46,"oracle_dr",0.594591525668069,0.0123095853233218,0.00930377832910234,TRUE,0.0482526877966669,5000,3,10,"C1","none","superpopulation","facec"
47,"one_round_crossfit",0.575269012912804,0.0103765077651093,-0.0100187344261629,TRUE,0.0406751630098288,5000,3,10,"C1","none","superpopulation","facec"
47,"two_round_crossfit",0.576042490639854,0.0105093326881795,-0.00924525669911203,TRUE,0.0411958271407626,5000,3,10,"C1","none","superpopulation","facec"
47,"target_only",0.552083520966931,0.0192559635735303,-0.0332042263720352,TRUE,0.0754819901834689,5000,3,10,"C1","none","superpopulation","facec"
47,"sample_size",0.593239274524874,0.0214836334409829,0.00795152718590786,TRUE,0.0842142956027738,5000,3,10,"C1","none","superpopulation","facec"
47,"inverse_variance",0.593420455238507,0.0214326713439159,0.00813270789954035,TRUE,0.0840145278531177,5000,3,10,"C1","none","superpopulation","facec"
47,"federated_dr",0.576063385994579,0.0114144609556569,-0.00922436134438742,TRUE,0.0447438647520524,5000,3,10,"C1","none","superpopulation","facec"
47,"pooled_dr",0.577841722489665,0.0115665918737243,-0.00744602484930124,TRUE,0.0453402069927464,5000,3,10,"C1","none","superpopulation","facec"
47,"tilted_aipw",0.566810943756978,0.0126421316683945,-0.0184768035819881,TRUE,0.0495562455157332,5000,3,10,"C1","none","superpopulation","facec"
47,"oracle_dr",0.583956285176865,0.0122085311157853,-0.00133146216210089,TRUE,0.0478565625821514,5000,3,10,"C1","none","superpopulation","facec"
48,"one_round_crossfit",0.581203644473526,0.0104568999497901,-0.00408410286544048,TRUE,0.0409902945830545,5000,3,10,"C1","none","superpopulation","facec"
48,"two_round_crossfit",0.58068803168249,0.0104731645362207,-0.00459971565647654,TRUE,0.0410540505903094,5000,3,10,"C1","none","superpopulation","facec"
48,"target_only",0.557380072118142,0.0193241562985356,-0.0279076752208244,TRUE,0.0757493007535051,5000,3,10,"C1","none","superpopulation","facec"
48,"sample_size",0.594073942761808,0.0269783126760491,0.00878619542284187,TRUE,0.105753042417433,5000,3,10,"C1","none","superpopulation","facec"
48,"inverse_variance",0.59332429967778,0.0268737435549289,0.00803655233881317,TRUE,0.105343138994852,5000,3,10,"C1","none","superpopulation","facec"
48,"federated_dr",0.580122133763045,0.0116061553386096,-0.00516561357592105,TRUE,0.0454952929253043,5000,3,10,"C1","none","superpopulation","facec"
48,"pooled_dr",0.580744967001684,0.0119527633122117,-0.00454278033728195,TRUE,0.0468539712153331,5000,3,10,"C1","none","superpopulation","facec"
48,"tilted_aipw",0.567656001638772,0.0131452104118971,-0.0176317457001949,TRUE,0.0515282779530384,5000,3,10,"C1","none","superpopulation","facec"
48,"oracle_dr",0.586224127734151,0.0119502123408992,0.000936380395184622,TRUE,0.046843971591537,5000,3,10,"C1","none","superpopulation","facec"
49,"one_round_crossfit",0.60450003010095,0.0106416655205202,0.0192122827619835,TRUE,0.0417145623114825,5000,3,10,"C1","none","superpopulation","facec"
49,"two_round_crossfit",0.605984297268167,0.0105581498553999,0.0206965499292009,FALSE,0.0413871869199214,5000,3,10,"C1","none","superpopulation","facec"
49,"target_only",0.610272024960162,0.0183958884004972,0.0249842776211952,TRUE,0.0721105574571852,5000,3,10,"C1","none","superpopulation","facec"
49,"sample_size",0.618009161405119,0.0212754273787036,0.0327214140661527,TRUE,0.083398142835913,5000,3,10,"C1","none","superpopulation","facec"
49,"inverse_variance",0.617038087029367,0.0212083183053588,0.0317503396904004,TRUE,0.0831350801023294,5000,3,10,"C1","none","superpopulation","facec"
49,"federated_dr",0.603241547357847,0.0113554008837388,0.0179538000188807,TRUE,0.0445123535242848,5000,3,10,"C1","none","superpopulation","facec"
49,"pooled_dr",0.601870123893298,0.0118415862182859,0.016582376554332,TRUE,0.0464181650153324,5000,3,10,"C1","none","superpopulation","facec"
49,"tilted_aipw",0.596621504188241,0.0127022074083254,0.0113337568492742,TRUE,0.0497917380889514,5000,3,10,"C1","none","superpopulation","facec"
49,"oracle_dr",0.59171077211039,0.0119064709287982,0.00642302477142365,TRUE,0.0466725084068351,5000,3,10,"C1","none","superpopulation","facec"
50,"one_round_crossfit",0.587637336869062,0.0102356969724364,0.00234958953009579,TRUE,0.040123194845282,5000,3,10,"C1","none","superpopulation","facec"
50,"two_round_crossfit",0.590227507804452,0.0102610855963428,0.00493976046548517,TRUE,0.0402227164222291,5000,3,10,"C1","none","superpopulation","facec"
50,"target_only",0.563781599299202,0.0185992067108213,-0.0215061480397644,TRUE,0.0729075505884511,5000,3,10,"C1","none","superpopulation","facec"
50,"sample_size",0.599103252553966,0.0172143227999105,0.0138155052149996,TRUE,0.0674789054121425,5000,3,10,"C1","none","superpopulation","facec"
50,"inverse_variance",0.599357380987138,0.0174434773113694,0.0140696336481714,TRUE,0.068377174590851,5000,3,10,"C1","none","superpopulation","facec"
50,"federated_dr",0.587799043814005,0.011588840802752,0.00251129647503823,TRUE,0.0454274211919241,5000,3,10,"C1","none","superpopulation","facec"
50,"pooled_dr",0.588982486830133,0.0120345265102117,0.0036947394911665,TRUE,0.0471744770620148,5000,3,10,"C1","none","superpopulation","facec"
50,"tilted_aipw",0.585432111405999,0.0128814496168749,0.000144364067032887,TRUE,0.0504943546354841,5000,3,10,"C1","none","superpopulation","facec"
50,"oracle_dr",0.597700563206026,0.0123200200589017,0.0124128158670599,TRUE,0.0482935912085165,5000,3,10,"C1","none","superpopulation","facec"
51,"one_round_crossfit",0.593442692831088,0.0102944703343146,0.0081549454921217,TRUE,0.0403535821903453,5000,3,10,"C1","none","superpopulation","facec"
51,"two_round_crossfit",0.593729641933919,0.0103597595646221,0.00844189459495248,TRUE,0.0406095112703073,5000,3,10,"C1","none","superpopulation","facec"
51,"target_only",0.566278383669222,0.0182056563032408,-0.0190093636697439,TRUE,0.0713648613385331,5000,3,10,"C1","none","superpopulation","facec"
51,"sample_size",0.603017255854293,0.0201551731165981,0.0177295085153268,TRUE,0.0790068268214044,5000,3,10,"C1","none","superpopulation","facec"
51,"inverse_variance",0.603462502510982,0.0200593742433344,0.0181747551720157,TRUE,0.0786313021386917,5000,3,10,"C1","none","superpopulation","facec"
51,"federated_dr",0.59207481436051,0.0114573771557767,0.00678706702154375,TRUE,0.0449120931652285,5000,3,10,"C1","none","superpopulation","facec"
51,"pooled_dr",0.591723304294225,0.0120919038003712,0.00643555695525888,TRUE,0.047399391906501,5000,3,10,"C1","none","superpopulation","facec"
51,"tilted_aipw",0.588721768828387,0.0122169824072664,0.00343402148942096,TRUE,0.0478896910360032,5000,3,10,"C1","none","superpopulation","facec"
51,"oracle_dr",0.596327892018315,0.0120648294678871,0.0110401446793487,TRUE,0.0472932624733524,5000,3,10,"C1","none","superpopulation","facec"
52,"one_round_crossfit",0.592741989908414,0.0105466753585582,0.0074542425694476,TRUE,0.0413422077188204,5000,3,10,"C1","none","superpopulation","facec"
52,"two_round_crossfit",0.593059848005524,0.0105839248883739,0.00777210066655809,TRUE,0.0414882231925802,5000,3,10,"C1","none","superpopulation","facec"
52,"target_only",0.595228052008467,0.018580519395948,0.00994030466950035,TRUE,0.0728342976602119,5000,3,10,"C1","none","superpopulation","facec"
52,"sample_size",0.608401137485938,0.0147208385666186,0.0231133901469713,TRUE,0.0577046268256014,5000,3,10,"C1","none","superpopulation","facec"
52,"inverse_variance",0.608279468875309,0.0160191869587829,0.0229917215363424,TRUE,0.0627940590016565,5000,3,10,"C1","none","superpopulation","facec"
52,"federated_dr",0.592364280006031,0.0121021062118801,0.00707653266706498,TRUE,0.0474393846247267,5000,3,10,"C1","none","superpopulation","facec"
52,"pooled_dr",0.592960283463357,0.0129183460033273,0.00767253612439078,TRUE,0.050638985812697,5000,3,10,"C1","none","superpopulation","facec"
52,"tilted_aipw",0.587213421199505,0.0137659266873944,0.00192567386053888,TRUE,0.0539614410422236,5000,3,10,"C1","none","superpopulation","facec"
52,"oracle_dr",0.587213793774377,0.0120193419065732,0.00192604643541083,TRUE,0.0471149545095129,5000,3,10,"C1","none","superpopulation","facec"
53,"one_round_crossfit",0.595816915921773,0.0102340973699768,0.0105291685828063,TRUE,0.0401169245188613,5000,3,10,"C1","none","superpopulation","facec"
53,"two_round_crossfit",0.595871348245183,0.0102125182947243,0.0105836009062169,TRUE,0.040032336098232,5000,3,10,"C1","none","superpopulation","facec"
53,"target_only",0.608968160194335,0.0181021356143686,0.0236804128553683,TRUE,0.0709590676948444,5000,3,10,"C1","none","superpopulation","facec"
53,"sample_size",0.605183350504992,0.0207609247874965,0.019895603166026,TRUE,0.081381329738476,5000,3,10,"C1","none","superpopulation","facec"
53,"inverse_variance",0.603621887377439,0.0207118915588497,0.018334140038473,TRUE,0.0811891230140891,5000,3,10,"C1","none","superpopulation","facec"
53,"federated_dr",0.594095339729714,0.0114466732311728,0.00880759239074713,TRUE,0.0448701345517948,5000,3,10,"C1","none","superpopulation","facec"
53,"pooled_dr",0.592112878206173,0.0120179691720471,0.00682513086720626,TRUE,0.0471095734890496,5000,3,10,"C1","none","superpopulation","facec"
53,"tilted_aipw",0.583356170431338,0.0127246015612662,-0.00193157690762813,TRUE,0.0498795215554078,5000,3,10,"C1","none","superpopulation","facec"
53,"oracle_dr",0.585622355319376,0.0123897178284094,0.000334607980409851,TRUE,0.0485668014445926,5000,3,10,"C1","none","superpopulation","facec"
54,"one_round_crossfit",0.60748627906214,0.010407683655862,0.0221985317231734,FALSE,0.0407973702559514,5000,3,10,"C1","none","superpopulation","facec"
54,"two_round_crossfit",0.606625657518708,0.0104363726062137,0.0213379101797421,FALSE,0.0409098288748386,5000,3,10,"C1","none","superpopulation","facec"
54,"target_only",0.595903753755579,0.0184143377688485,0.0106160064166129,TRUE,0.0721828776521976,5000,3,10,"C1","none","superpopulation","facec"
54,"sample_size",0.612728896972267,0.0139773165148327,0.0274411496333008,FALSE,0.054790073939178,5000,3,10,"C1","none","superpopulation","facec"
54,"inverse_variance",0.613109599551048,0.015485928239164,0.0278218522120814,TRUE,0.0607037232318666,5000,3,10,"C1","none","superpopulation","facec"
54,"federated_dr",0.6022318442516,0.0123669227582361,0.0169440969126334,TRUE,0.048477446411463,5000,3,10,"C1","none","superpopulation","facec"
54,"pooled_dr",0.599439273071909,0.0130559325276666,0.0141515257329423,TRUE,0.051178315077623,5000,3,10,"C1","none","superpopulation","facec"
54,"tilted_aipw",0.604551469002941,0.013790658913907,0.0192637216639751,TRUE,0.0540583895886679,5000,3,10,"C1","none","superpopulation","facec"
54,"oracle_dr",0.598817169802624,0.0120567514501218,0.0135294224636575,TRUE,0.0472615972255794,5000,3,10,"C1","none","superpopulation","facec"
55,"one_round_crossfit",0.582429000804802,0.0103844956606156,-0.00285874653416407,TRUE,0.040706474984838,5000,3,10,"C1","none","superpopulation","facec"
55,"two_round_crossfit",0.581300613169406,0.0104759147090798,-0.00398713416956009,TRUE,0.0410648310698196,5000,3,10,"C1","none","superpopulation","facec"
55,"target_only",0.588281450378065,0.0182495224687563,0.00299370303909896,TRUE,0.0715368135476337,5000,3,10,"C1","none","superpopulation","facec"
55,"sample_size",0.59879929019086,0.0101544159343213,0.0135115428518936,TRUE,0.039804579030619,5000,3,10,"C1","none","superpopulation","facec"
55,"inverse_variance",0.599148580886767,0.0132633524905734,0.0138608335478007,TRUE,0.0519913863915669,5000,3,10,"C1","none","superpopulation","facec"
55,"federated_dr",0.583942601196929,0.0119435710821625,-0.00134514614203751,TRUE,0.0468179383356653,5000,3,10,"C1","none","superpopulation","facec"
55,"pooled_dr",0.58222112129843,0.0124289739343573,-0.00306662604053642,TRUE,0.0487206825522548,5000,3,10,"C1","none","superpopulation","facec"
55,"tilted_aipw",0.581309850243244,0.0129414457339631,-0.00397789709572227,TRUE,0.0507295350928945,5000,3,10,"C1","none","superpopulation","facec"
55,"oracle_dr",0.579424373095473,0.0122060408541174,-0.00586337424349326,TRUE,0.0478468009357893,5000,3,10,"C1","none","superpopulation","facec"
56,"one_round_crossfit",0.583294965624358,0.0103417226010411,-0.00199278171460826,TRUE,0.040538807672289,5000,3,10,"C1","none","superpopulation","facec"
56,"two_round_crossfit",0.583943708521462,0.010325326608944,-0.00134403881750467,TRUE,0.0404745365642865,5000,3,10,"C1","none","superpopulation","facec"
56,"target_only",0.573734469829797,0.0185601498637517,-0.0115532775091689,TRUE,0.0727544505612385,5000,3,10,"C1","none","superpopulation","facec"
56,"sample_size",0.593632934398808,0.02049969306061,0.00834518705984189,TRUE,0.0803573201858425,5000,3,10,"C1","none","superpopulation","facec"
56,"inverse_variance",0.592158960307067,0.0204254961673522,0.00687121296810067,TRUE,0.0800664737087424,5000,3,10,"C1","none","superpopulation","facec"
56,"federated_dr",0.586057079656642,0.0118422071815733,0.000769332317675842,TRUE,0.0464205991466904,5000,3,10,"C1","none","superpopulation","facec"
56,"pooled_dr",0.584157980699683,0.0124577723544133,-0.00112976663928321,TRUE,0.0488335702844975,5000,3,10,"C1","none","superpopulation","facec"
56,"tilted_aipw",0.583890147712845,0.0130005188800866,-0.00139759962612152,TRUE,0.0509610975706054,5000,3,10,"C1","none","superpopulation","facec"
56,"oracle_dr",0.590582678936198,0.0123191729985909,0.00529493159723127,TRUE,0.0482902707931128,5000,3,10,"C1","none","superpopulation","facec"
57,"one_round_crossfit",0.580263777269929,0.0102475455699038,-0.00502397006903788,TRUE,0.0401696404938889,5000,3,10,"C1","none","superpopulation","facec"
57,"two_round_crossfit",0.5809854012546,0.0102583380381267,-0.00430234608436675,TRUE,0.0402119461919312,5000,3,10,"C1","none","superpopulation","facec"
57,"target_only",0.596081475306954,0.0181913242433054,0.0107937279679881,TRUE,0.071308680695938,5000,3,10,"C1","none","superpopulation","facec"
57,"sample_size",0.588212451734506,0.0101112875680276,0.00292470439554005,TRUE,0.0396355189413233,5000,3,10,"C1","none","superpopulation","facec"
57,"inverse_variance",0.588756266667546,0.0130356593628599,0.00346851932857928,TRUE,0.0510988457318757,5000,3,10,"C1","none","superpopulation","facec"
57,"federated_dr",0.583104076809198,0.0113824908158573,-0.0021836705297682,TRUE,0.0446185441068765,5000,3,10,"C1","none","superpopulation","facec"
57,"pooled_dr",0.58259886726748,0.0119285413010277,-0.00268888007148593,TRUE,0.0467590226762256,5000,3,10,"C1","none","superpopulation","facec"
57,"tilted_aipw",0.579699036615137,0.0124835155919234,-0.00558871072382916,TRUE,0.0489344819212283,5000,3,10,"C1","none","superpopulation","facec"
57,"oracle_dr",0.581924195592371,0.012222142899756,-0.00336355174659564,TRUE,0.0479099197948474,5000,3,10,"C1","none","superpopulation","facec"
58,"one_round_crossfit",0.555051512291633,0.0104591182756743,-0.0302362350473332,FALSE,0.0409989902607326,5000,3,10,"C1","none","superpopulation","facec"
58,"two_round_crossfit",0.55330570321927,0.010509826623798,-0.0319820441196962,FALSE,0.0411977633328087,5000,3,10,"C1","none","superpopulation","facec"
58,"target_only",0.545344662500997,0.0187534784553998,-0.0399430848379689,FALSE,0.073512284714863,5000,3,10,"C1","none","superpopulation","facec"
58,"sample_size",0.576720778920277,0.0216866949965125,-0.00856696841868898,TRUE,0.0850102822737389,5000,3,10,"C1","none","superpopulation","facec"
58,"inverse_variance",0.576261541669366,0.0215926574909781,-0.00902620566960022,TRUE,0.084641662025652,5000,3,10,"C1","none","superpopulation","facec"
58,"federated_dr",0.555833061862862,0.0119789955761398,-0.0294546854761043,FALSE,0.0469567998003972,5000,3,10,"C1","none","superpopulation","facec"
58,"pooled_dr",0.555375197470153,0.0125932545100087,-0.0299125498688133,FALSE,0.0493646505755272,5000,3,10,"C1","none","superpopulation","facec"
58,"tilted_aipw",0.551495848777058,0.0130119499223129,-0.0337918985619079,FALSE,0.0510059064327439,5000,3,10,"C1","none","superpopulation","facec"
58,"oracle_dr",0.555749382703464,0.0124587494651335,-0.0295383646355023,FALSE,0.0488374004881387,5000,3,10,"C1","none","superpopulation","facec"
59,"one_round_crossfit",0.584527727595272,0.0104159818003197,-0.000760019743694329,TRUE,0.0408298983845023,5000,3,10,"C1","none","superpopulation","facec"
59,"two_round_crossfit",0.585509860965046,0.0103842172493478,0.000222113626079268,TRUE,0.0407053836327227,5000,3,10,"C1","none","superpopulation","facec"
59,"target_only",0.610653144560021,0.0185600948076674,0.0253653972210547,TRUE,0.072754234745354,5000,3,10,"C1","none","superpopulation","facec"
59,"sample_size",0.59732358073832,0.0206878601104711,0.0120358333993538,TRUE,0.0810949214674521,5000,3,10,"C1","none","superpopulation","facec"
59,"inverse_variance",0.596006314243523,0.0206599697870814,0.010718566904557,TRUE,0.0809855934087305,5000,3,10,"C1","none","superpopulation","facec"
59,"federated_dr",0.584482520251619,0.0115594117144536,-0.00080522708734776,TRUE,0.0453120612855991,5000,3,10,"C1","none","superpopulation","facec"
59,"pooled_dr",0.585530328015244,0.0117736474891893,0.000242580676277138,TRUE,0.046151850090963,5000,3,10,"C1","none","superpopulation","facec"
59,"tilted_aipw",0.580353663054297,0.0127071818091379,-0.0049340842846689,TRUE,0.0498112373818256,5000,3,10,"C1","none","superpopulation","facec"
59,"oracle_dr",0.57754019336112,0.0122230657776631,-0.00774755397784599,TRUE,0.0479135374097677,5000,3,10,"C1","none","superpopulation","facec"
60,"one_round_crossfit",0.585373938081418,0.0101285130636264,8.61907424516417e-05,TRUE,0.0397030416433024,5000,3,10,"C1","none","superpopulation","facec"
60,"two_round_crossfit",0.586352063973398,0.0102060033176737,0.00106431663443152,TRUE,0.0400067978574734,5000,3,10,"C1","none","superpopulation","facec"
60,"target_only",0.625572036521267,0.0181085797778441,0.0402842891823011,FALSE,0.0709843283514895,5000,3,10,"C1","none","superpopulation","facec"
60,"sample_size",0.595124761825485,0.024061325072933,0.00983701448651875,TRUE,0.0943186611265183,5000,3,10,"C1","none","superpopulation","facec"
60,"inverse_variance",0.592519658816533,0.0239958576161699,0.00723191147756674,TRUE,0.0940620334116882,5000,3,10,"C1","none","superpopulation","facec"
60,"federated_dr",0.585778534598527,0.0117234177634061,0.000490787259560421,TRUE,0.045954953183986,5000,3,10,"C1","none","superpopulation","facec"
60,"pooled_dr",0.586163261605864,0.0121280457712421,0.000875514266898025,TRUE,0.0475410658289754,5000,3,10,"C1","none","superpopulation","facec"
60,"tilted_aipw",0.584330466342449,0.0127745421131896,-0.000957280996517151,TRUE,0.0500752849216834,5000,3,10,"C1","none","superpopulation","facec"
60,"oracle_dr",0.575058632675418,0.0125253984103379,-0.0102291146635483,TRUE,0.0490986595525549,5000,3,10,"C1","none","superpopulation","facec"
61,"one_round_crossfit",0.587886728229671,0.0104326281081058,0.00259898089070487,TRUE,0.0408951507119752,5000,3,10,"C1","none","superpopulation","facec"
61,"two_round_crossfit",0.589270144359115,0.0104566696666136,0.00398239702014813,TRUE,0.0409893918895901,5000,3,10,"C1","none","superpopulation","facec"
61,"target_only",0.585431784342974,0.0184555397291907,0.00014403700400778,TRUE,0.0723443863689237,5000,3,10,"C1","none","superpopulation","facec"
61,"sample_size",0.599189176671511,0.0152482091518591,0.0139014293325446,TRUE,0.0597718815327557,5000,3,10,"C1","none","superpopulation","facec"
61,"inverse_variance",0.599160290593559,0.0163782336843036,0.0138725432545928,TRUE,0.0642014963032314,5000,3,10,"C1","none","superpopulation","facec"
61,"federated_dr",0.586560253480136,0.0117956873245628,0.00127250614116958,TRUE,0.0462382446580776,5000,3,10,"C1","none","superpopulation","facec"
61,"pooled_dr",0.584969453961165,0.0120913115505878,-0.000318293377801315,TRUE,0.0473970703300104,5000,3,10,"C1","none","superpopulation","facec"
61,"tilted_aipw",0.582947612575439,0.0129313566718224,-0.00234013476352746,TRUE,0.0506899866960271,5000,3,10,"C1","none","superpopulation","facec"
61,"oracle_dr",0.577335960080663,0.0124486541768973,-0.00795178725830348,TRUE,0.0487978276854257,5000,3,10,"C1","none","superpopulation","facec"
62,"one_round_crossfit",0.582628275123311,0.0103097949138777,-0.00265947221565566,TRUE,0.040413653438389,5000,3,10,"C1","none","superpopulation","facec"
62,"two_round_crossfit",0.583161616489268,0.0103541469492426,-0.00212613084969837,TRUE,0.0405875102223014,5000,3,10,"C1","none","superpopulation","facec"
62,"target_only",0.572320157228921,0.0187747864481603,-0.0129675901100454,TRUE,0.0735958105116497,5000,3,10,"C1","none","superpopulation","facec"
62,"sample_size",0.600422808530472,0.0239975373217756,0.0151350611915053,TRUE,0.0940686177366719,5000,3,10,"C1","none","superpopulation","facec"
62,"inverse_variance",0.599397678389841,0.0239004905570317,0.0141099310508748,TRUE,0.0936882014092437,5000,3,10,"C1","none","superpopulation","facec"
62,"federated_dr",0.581749861235985,0.0117229696937677,-0.00353788610298111,TRUE,0.0459531967832785,5000,3,10,"C1","none","superpopulation","facec"
62,"pooled_dr",0.582431328173291,0.0119627165918434,-0.00285641916567503,TRUE,0.0468929873545458,5000,3,10,"C1","none","superpopulation","facec"
62,"tilted_aipw",0.581876851723716,0.012591435561993,-0.00341089561525054,TRUE,0.0493575204303265,5000,3,10,"C1","none","superpopulation","facec"
62,"oracle_dr",0.581298627890313,0.0122961222182887,-0.00398911944865343,TRUE,0.0481999133946971,5000,3,10,"C1","none","superpopulation","facec"
63,"one_round_crossfit",0.570095687733843,0.0102971770078247,-0.0151920596051229,TRUE,0.0403641921555407,5000,3,10,"C1","none","superpopulation","facec"
63,"two_round_crossfit",0.570138844143576,0.0103221014250528,-0.0151489031953903,TRUE,0.0404618940757462,5000,3,10,"C1","none","superpopulation","facec"
63,"target_only",0.569199321531595,0.018318233450729,-0.0160884258073716,TRUE,0.0718061556476515,5000,3,10,"C1","none","superpopulation","facec"
63,"sample_size",0.585715318795774,0.0129082204916716,0.000427571456807607,TRUE,0.0505992945363563,5000,3,10,"C1","none","superpopulation","facec"
63,"inverse_variance",0.58568439339858,0.0148244317181995,0.000396646059613981,TRUE,0.0581107045178884,5000,3,10,"C1","none","superpopulation","facec"
63,"federated_dr",0.569073144657068,0.0120818245823891,-0.0162146026818981,TRUE,0.0473598820980266,5000,3,10,"C1","none","superpopulation","facec"
63,"pooled_dr",0.566837344926456,0.0127460691464836,-0.0184504024125101,TRUE,0.0499636729431301,5000,3,10,"C1","none","superpopulation","facec"
63,"tilted_aipw",0.562583628610372,0.0131942059639578,-0.0227041187285942,TRUE,0.0517203369879218,5000,3,10,"C1","none","superpopulation","facec"
63,"oracle_dr",0.573156565427689,0.0121051373910186,-0.0121311819112772,TRUE,0.0474512666286111,5000,3,10,"C1","none","superpopulation","facec"
64,"one_round_crossfit",0.557553757737773,0.0105167654430945,-0.0277339896011934,FALSE,0.0412249630046411,5000,3,10,"C1","none","superpopulation","facec"
64,"two_round_crossfit",0.559049333323046,0.0105183400716549,-0.0262384140159208,FALSE,0.0412311354351762,5000,3,10,"C1","none","superpopulation","facec"
64,"target_only",0.543794290928736,0.0186116186239819,-0.0414934564102307,FALSE,0.0729562043939986,5000,3,10,"C1","none","superpopulation","facec"
64,"sample_size",0.574871299098716,0.0192380573560141,-0.0104164482402505,TRUE,0.0754117991006071,5000,3,10,"C1","none","superpopulation","facec"
64,"inverse_variance",0.574762253231562,0.0192746551037801,-0.0105254941074048,TRUE,0.0755552596356801,5000,3,10,"C1","none","superpopulation","facec"
64,"federated_dr",0.560359003554871,0.0125010854486588,-0.0249287437840953,FALSE,0.049003354494058,5000,3,10,"C1","none","superpopulation","facec"
64,"pooled_dr",0.559339401938253,0.0133070477549483,-0.0259483454007131,TRUE,0.0521626686805068,5000,3,10,"C1","none","superpopulation","facec"
64,"tilted_aipw",0.56092285657141,0.0141954132251096,-0.0243648907675565,TRUE,0.0556449973337567,5000,3,10,"C1","none","superpopulation","facec"
64,"oracle_dr",0.568527205150547,0.0126710023914717,-0.0167605421884198,TRUE,0.0496694166706109,5000,3,10,"C1","none","superpopulation","facec"
65,"one_round_crossfit",0.587233204005137,0.0103287461450957,0.0019454566661703,TRUE,0.040487940899689,5000,3,10,"C1","none","superpopulation","facec"
65,"two_round_crossfit",0.589543365283305,0.0102837176984114,0.00425561794433882,TRUE,0.0403114326321268,5000,3,10,"C1","none","superpopulation","facec"
65,"target_only",0.601868319849785,0.0187043394466144,0.0165805725108181,TRUE,0.073319663339952,5000,3,10,"C1","none","superpopulation","facec"
65,"sample_size",0.602560990776731,0.0203624340719775,0.017273243437765,TRUE,0.0798192748372941,5000,3,10,"C1","none","superpopulation","facec"
65,"inverse_variance",0.600670061073695,0.0203015061194627,0.0153823137347288,TRUE,0.0795804416521328,5000,3,10,"C1","none","superpopulation","facec"
65,"federated_dr",0.589615613617642,0.0117337322317173,0.00432786627867587,TRUE,0.0459953851568056,5000,3,10,"C1","none","superpopulation","facec"
65,"pooled_dr",0.588640998826664,0.0120634346291896,0.00335325148769794,TRUE,0.0472877948061299,5000,3,10,"C1","none","superpopulation","facec"
65,"tilted_aipw",0.585443514201097,0.0133437044407661,0.000155766862130924,TRUE,0.0523063602484974,5000,3,10,"C1","none","superpopulation","facec"
65,"oracle_dr",0.586177635906993,0.0123017997955084,0.000889888568026187,TRUE,0.0482221690884372,5000,3,10,"C1","none","superpopulation","facec"
66,"one_round_crossfit",0.593989697455612,0.0100773685052286,0.00870195011664554,TRUE,0.0395025586583724,5000,3,10,"C1","none","superpopulation","facec"
66,"two_round_crossfit",0.592866318116432,0.0101848033458287,0.00757857077746527,TRUE,0.0399236954948947,5000,3,10,"C1","none","superpopulation","facec"
66,"target_only",0.599074143525541,0.018061887163998,0.0137863961865742,TRUE,0.070801296668525,5000,3,10,"C1","none","superpopulation","facec"
66,"sample_size",0.598556038827973,0.0115642721536139,0.0132682914890069,TRUE,0.0453311138570056,5000,3,10,"C1","none","superpopulation","facec"
66,"inverse_variance",0.598549383605964,0.013852931054988,0.0132616362669972,TRUE,0.0543024918961856,5000,3,10,"C1","none","superpopulation","facec"
66,"federated_dr",0.592134753670341,0.0116595043847243,0.00684700633137458,TRUE,0.045704417343293,5000,3,10,"C1","none","superpopulation","facec"
66,"pooled_dr",0.591004824252493,0.0120757659834228,0.00571707691352641,TRUE,0.0473361328264852,5000,3,10,"C1","none","superpopulation","facec"
66,"tilted_aipw",0.585188349088451,0.0130791620832859,-9.93982505155255e-05,TRUE,0.0512693732624043,5000,3,10,"C1","none","superpopulation","facec"
66,"oracle_dr",0.590448033322099,0.0125085379067473,0.00516028598313256,TRUE,0.0490325675929577,5000,3,10,"C1","none","superpopulation","facec"
67,"one_round_crossfit",0.576983681745695,0.0104389815769741,-0.00830406559327124,TRUE,0.0409200558522926,5000,3,10,"C1","none","superpopulation","facec"
67,"two_round_crossfit",0.577625790555737,0.0104284975071736,-0.00766195678322923,TRUE,0.0408789590538519,5000,3,10,"C1","none","superpopulation","facec"
67,"target_only",0.584743237297446,0.0187496336774252,-0.00054451004152023,TRUE,0.0734972134621454,5000,3,10,"C1","none","superpopulation","facec"
67,"sample_size",0.585928006348919,0.0200410825521235,0.000640259009952349,TRUE,0.0785596000267124,5000,3,10,"C1","none","superpopulation","facec"
67,"inverse_variance",0.584097562420577,0.0199812380656013,-0.00119018491838951,TRUE,0.0783250139501988,5000,3,10,"C1","none","superpopulation","facec"
67,"federated_dr",0.575628556546124,0.0117486028950993,-0.00965919079284216,TRUE,0.0460536770861153,5000,3,10,"C1","none","superpopulation","facec"
67,"pooled_dr",0.571466580336661,0.0121114441606558,-0.0138211670023054,TRUE,0.0474759887113065,5000,3,10,"C1","none","superpopulation","facec"
67,"tilted_aipw",0.576237469765961,0.0130120088999695,-0.00905027757300492,TRUE,0.0510061376209097,5000,3,10,"C1","none","superpopulation","facec"
67,"oracle_dr",0.562659970057896,0.0126598923720206,-0.0226277772810708,TRUE,0.0496258661946274,5000,3,10,"C1","none","superpopulation","facec"
68,"one_round_crossfit",0.579140288907451,0.0102505636685781,-0.00614745843151576,TRUE,0.0401814712232957,5000,3,10,"C1","none","superpopulation","facec"
68,"two_round_crossfit",0.578742759378376,0.0103056072820404,-0.00654498796058989,TRUE,0.0403972382232258,5000,3,10,"C1","none","superpopulation","facec"
68,"target_only",0.579291444911808,0.0188398210024396,-0.00599630242715843,TRUE,0.0738507412799259,5000,3,10,"C1","none","superpopulation","facec"
68,"sample_size",0.590286037186297,0.0164160878334589,0.0049982898473302,TRUE,0.0643498818412511,5000,3,10,"C1","none","superpopulation","facec"
68,"inverse_variance",0.589915136866588,0.017098679023407,0.00462738952762143,TRUE,0.0670255901381764,5000,3,10,"C1","none","superpopulation","facec"
68,"federated_dr",0.580527932704582,0.0112383957217425,-0.00475981463438413,TRUE,0.0440537017172484,5000,3,10,"C1","none","superpopulation","facec"
68,"pooled_dr",0.585884953557648,0.0115358848504063,0.000597206218681978,TRUE,0.0452198376731954,5000,3,10,"C1","none","superpopulation","facec"
68,"tilted_aipw",0.573411004255062,0.0122992851513915,-0.011876743083904,TRUE,0.0482123118646312,5000,3,10,"C1","none","superpopulation","facec"
68,"oracle_dr",0.585012833214493,0.0126868323489864,-0.000274914124473113,TRUE,0.0497314689638222,5000,3,10,"C1","none","superpopulation","facec"
69,"one_round_crossfit",0.58667135082761,0.0104160498620148,0.00138360348864408,TRUE,0.0408301651814447,5000,3,10,"C1","none","superpopulation","facec"
69,"two_round_crossfit",0.589332382799802,0.0103724478335963,0.00404463546083589,TRUE,0.0406592483707384,5000,3,10,"C1","none","superpopulation","facec"
69,"target_only",0.600929082050939,0.0182331474090086,0.0156413347119724,TRUE,0.0714726244929333,5000,3,10,"C1","none","superpopulation","facec"
69,"sample_size",0.599686057495978,0.0153779500862142,0.0143983101570119,TRUE,0.0602804566500688,5000,3,10,"C1","none","superpopulation","facec"
69,"inverse_variance",0.599159027643528,0.0164899874771951,0.0138712803045614,TRUE,0.0646395631216379,5000,3,10,"C1","none","superpopulation","facec"
69,"federated_dr",0.587175377465571,0.0118461856006491,0.00188763012660431,TRUE,0.0464361942628984,5000,3,10,"C1","none","superpopulation","facec"
69,"pooled_dr",0.584288787418604,0.0122222768444185,-0.000998959920362363,TRUE,0.0479104448482763,5000,3,10,"C1","none","superpopulation","facec"
69,"tilted_aipw",0.576864491130343,0.0130111220833147,-0.00842325620862305,TRUE,0.0510026613635011,5000,3,10,"C1","none","superpopulation","facec"
69,"oracle_dr",0.579734477324908,0.0124044013133937,-0.00555327001405792,TRUE,0.048624359648066,5000,3,10,"C1","none","superpopulation","facec"
70,"one_round_crossfit",0.587323598430982,0.0102898645602443,0.00203585109201554,TRUE,0.040335527887748,5000,3,10,"C1","none","superpopulation","facec"
70,"two_round_crossfit",0.588623304115217,0.0103864235153861,0.00333555677625086,TRUE,0.0407140320366735,5000,3,10,"C1","none","superpopulation","facec"
70,"target_only",0.615917160966699,0.0179414387308183,0.0306294136277324,TRUE,0.0703291474864718,5000,3,10,"C1","none","superpopulation","facec"
70,"sample_size",0.60246227197898,0.0238871386428645,0.0171745246400135,TRUE,0.0936358628674587,5000,3,10,"C1","none","superpopulation","facec"
70,"inverse_variance",0.600272344456885,0.0238214465456386,0.0149845971179184,TRUE,0.0933783545781952,5000,3,10,"C1","none","superpopulation","facec"
70,"federated_dr",0.588549793050562,0.0114812716787504,0.00326204571159583,TRUE,0.045005757974141,5000,3,10,"C1","none","superpopulation","facec"
70,"pooled_dr",0.59003232531723,0.0119588714466887,0.00474457797826389,TRUE,0.0468779146625085,5000,3,10,"C1","none","superpopulation","facec"
70,"tilted_aipw",0.581278009648006,0.0124591243760664,-0.00400973769096069,TRUE,0.0488388701119906,5000,3,10,"C1","none","superpopulation","facec"
70,"oracle_dr",0.583585954130578,0.0120359247797026,-0.00170179320838848,TRUE,0.0471799581777004,5000,3,10,"C1","none","superpopulation","facec"
71,"one_round_crossfit",0.592095088012633,0.0102907987332484,0.00680734067366651,TRUE,0.0403391897786345,5000,3,10,"C1","none","superpopulation","facec"
71,"two_round_crossfit",0.59223532382289,0.0103241890482589,0.00694757648392386,TRUE,0.0404700774083404,5000,3,10,"C1","none","superpopulation","facec"
71,"target_only",0.59791197094225,0.018947222899529,0.0126242236032841,TRUE,0.0742717489802587,5000,3,10,"C1","none","superpopulation","facec"
71,"sample_size",0.603684173829235,0.0238621893395898,0.018396426490269,TRUE,0.0935380633957432,5000,3,10,"C1","none","superpopulation","facec"
71,"inverse_variance",0.601731244926355,0.0238168687605242,0.0164434975873884,TRUE,0.0933604099902889,5000,3,10,"C1","none","superpopulation","facec"
71,"federated_dr",0.592667622645175,0.0113141609668643,0.00737987530620865,TRUE,0.0443506960206856,5000,3,10,"C1","none","superpopulation","facec"
71,"pooled_dr",0.593011549976948,0.0113727332335855,0.00772380263798211,TRUE,0.0445802950872185,5000,3,10,"C1","none","superpopulation","facec"
71,"tilted_aipw",0.589920666005428,0.012176163637164,0.00463291866646154,TRUE,0.0477296843974151,5000,3,10,"C1","none","superpopulation","facec"
71,"oracle_dr",0.593626237397978,0.0124909242062919,0.00833849005901155,TRUE,0.0489635231559034,5000,3,10,"C1","none","superpopulation","facec"
72,"one_round_crossfit",0.590405482301087,0.0105689917063766,0.00511773496212098,TRUE,0.0414296861948016,5000,3,10,"C1","none","superpopulation","facec"
72,"two_round_crossfit",0.591972723201997,0.010607776325572,0.00668497586303074,TRUE,0.0415817191083556,5000,3,10,"C1","none","superpopulation","facec"
72,"target_only",0.594286641877666,0.0181076303195774,0.00899889453869929,TRUE,0.0709806065434746,5000,3,10,"C1","none","superpopulation","facec"
72,"sample_size",0.610245468217211,0.0191558729193023,0.0249577208782448,TRUE,0.0750896420285172,5000,3,10,"C1","none","superpopulation","facec"
72,"inverse_variance",0.609638857093763,0.019076111979223,0.0243511097547964,TRUE,0.0747769848886604,5000,3,10,"C1","none","superpopulation","facec"
72,"federated_dr",0.594547460055594,0.0118823952519326,0.00925971271662729,TRUE,0.0465781334877153,5000,3,10,"C1","none","superpopulation","facec"
72,"pooled_dr",0.592149573236637,0.0127243530225848,0.00686182589767093,TRUE,0.0498785473016792,5000,3,10,"C1","none","superpopulation","facec"
72,"tilted_aipw",0.593819161977341,0.0136458081976545,0.00853141463837459,TRUE,0.0534905852146885,5000,3,10,"C1","none","superpopulation","facec"
72,"oracle_dr",0.590075765067517,0.0117406656940601,0.00478801772855064,TRUE,0.0460225638297653,5000,3,10,"C1","none","superpopulation","facec"
73,"one_round_crossfit",0.588797781216281,0.0102640515516487,0.00351003387731497,TRUE,0.0402343427533878,5000,3,10,"C1","none","superpopulation","facec"
73,"two_round_crossfit",0.589343003310094,0.0102808759686136,0.00405525597112788,TRUE,0.0403002932560121,5000,3,10,"C1","none","superpopulation","facec"
73,"target_only",0.592544340811057,0.0178956201009704,0.00725659347209029,TRUE,0.070149541757826,5000,3,10,"C1","none","superpopulation","facec"
73,"sample_size",0.597840044657571,0.023054492478408,0.012552297318605,TRUE,0.0903719498790585,5000,3,10,"C1","none","superpopulation","facec"
73,"inverse_variance",0.596261807352257,0.0229840878443746,0.0109740600132903,TRUE,0.0900959687849583,5000,3,10,"C1","none","superpopulation","facec"
73,"federated_dr",0.589599247747995,0.0116422733604204,0.00431150040902839,TRUE,0.0456368729691881,5000,3,10,"C1","none","superpopulation","facec"
73,"pooled_dr",0.590029192309781,0.0124988429357557,0.00474144497081419,TRUE,0.048994564005008,5000,3,10,"C1","none","superpopulation","facec"
73,"tilted_aipw",0.580121299806714,0.0133995813586029,-0.00516644753225226,TRUE,0.0525253937415517,5000,3,10,"C1","none","superpopulation","facec"
73,"oracle_dr",0.593064230370792,0.0122581901425843,0.0077764830318261,TRUE,0.0480512223902183,5000,3,10,"C1","none","superpopulation","facec"
74,"one_round_crossfit",0.581219104896964,0.0104300991420475,-0.00406864244200245,TRUE,0.0408852373471904,5000,3,10,"C1","none","superpopulation","facec"
74,"two_round_crossfit",0.581639698058253,0.0103298789767671,-0.00364804928071305,TRUE,0.0404923815182421,5000,3,10,"C1","none","superpopulation","facec"
74,"target_only",0.575582738903349,0.0177935260232954,-0.00970500843561772,TRUE,0.0697493403272704,5000,3,10,"C1","none","superpopulation","facec"
74,"sample_size",0.596307087770815,0.021581306863929,0.0110193404318486,TRUE,0.0845971683852158,5000,3,10,"C1","none","superpopulation","facec"
74,"inverse_variance",0.595988128931656,0.0215022528752975,0.0107003815926897,TRUE,0.0842872824441119,5000,3,10,"C1","none","superpopulation","facec"
74,"federated_dr",0.582585387948204,0.0117172633346144,-0.00270235939076258,TRUE,0.0459308282664319,5000,3,10,"C1","none","superpopulation","facec"
74,"pooled_dr",0.58327721928684,0.0123324361540052,-0.00201052805212643,TRUE,0.0483422614069795,5000,3,10,"C1","none","superpopulation","facec"
74,"tilted_aipw",0.579012556861615,0.0128979793979085,-0.00627519047735137,TRUE,0.0505591501864804,5000,3,10,"C1","none","superpopulation","facec"
74,"oracle_dr",0.589915443942647,0.012130461723927,0.00462769660368101,TRUE,0.0475505361894772,5000,3,10,"C1","none","superpopulation","facec"
75,"one_round_crossfit",0.579208179069895,0.0102679868887224,-0.00607956826907186,TRUE,0.0402497689912509,5000,3,10,"C1","none","superpopulation","facec"
75,"two_round_crossfit",0.582673189464917,0.0102934501432574,-0.00261455787404974,TRUE,0.0403495831148861,5000,3,10,"C1","none","superpopulation","facec"
75,"target_only",0.57976950748086,0.0185237673154608,-0.00551823985810662,TRUE,0.0726118335926065,5000,3,10,"C1","none","superpopulation","facec"
75,"sample_size",0.591789916811595,0.0124691121980434,0.00650216947262883,TRUE,0.0488780216547084,5000,3,10,"C1","none","superpopulation","facec"
75,"inverse_variance",0.592086867931425,0.0146137397394441,0.00679912059245824,TRUE,0.0572848071375045,5000,3,10,"C1","none","superpopulation","facec"
75,"federated_dr",0.583088598114603,0.0116509373981248,-0.00219914922436359,TRUE,0.0456708353729107,5000,3,10,"C1","none","superpopulation","facec"
75,"pooled_dr",0.583707392303761,0.011911462961896,-0.0015803550352057,TRUE,0.0466920768169978,5000,3,10,"C1","none","superpopulation","facec"
75,"tilted_aipw",0.575473231120093,0.0129207586064176,-0.00981451621887364,TRUE,0.050648443043029,5000,3,10,"C1","none","superpopulation","facec"
75,"oracle_dr",0.58674826961572,0.0121964076859171,0.00146052227675364,TRUE,0.0478090396103301,5000,3,10,"C1","none","superpopulation","facec"
76,"one_round_crossfit",0.570560565165712,0.0104427509056611,-0.0147271821732546,TRUE,0.0409348313492377,5000,3,10,"C1","none","superpopulation","facec"
76,"two_round_crossfit",0.569451022559234,0.0105303642568177,-0.0158367247797324,TRUE,0.0412782693749012,5000,3,10,"C1","none","superpopulation","facec"
76,"target_only",0.573346402331515,0.0180684521481108,-0.0119413450074517,TRUE,0.0708270309333652,5000,3,10,"C1","none","superpopulation","facec"
76,"sample_size",0.585309547341388,0.00985612982446327,2.18000024211351e-05,TRUE,0.0386353189657982,5000,3,10,"C1","none","superpopulation","facec"
76,"inverse_variance",0.585231682159389,0.0105456000356407,-5.6065179577125e-05,TRUE,0.04133799253044,5000,3,10,"C1","none","superpopulation","facec"
76,"federated_dr",0.574253932922057,0.0114244187912467,-0.0110338144169099,TRUE,0.0447828987502925,5000,3,10,"C1","none","superpopulation","facec"
76,"pooled_dr",0.575892306409288,0.0117622937174335,-0.00939544092967814,TRUE,0.0461073441235029,5000,3,10,"C1","none","superpopulation","facec"
76,"tilted_aipw",0.56420520765991,0.0125611346119293,-0.0210825396790568,TRUE,0.0492387428886818,5000,3,10,"C1","none","superpopulation","facec"
76,"oracle_dr",0.586362196869219,0.0121857740778794,0.00107444953025282,TRUE,0.0477673566327708,5000,3,10,"C1","none","superpopulation","facec"
77,"one_round_crossfit",0.571413930465988,0.0103289936057432,-0.0138738168729785,TRUE,0.0404889109276023,5000,3,10,"C1","none","superpopulation","facec"
77,"two_round_crossfit",0.57154014947613,0.0103644384702758,-0.0137475978628361,TRUE,0.0406278522434438,5000,3,10,"C1","none","superpopulation","facec"
77,"target_only",0.544261056400537,0.0184340479064046,-0.0410266909384296,FALSE,0.072260139971678,5000,3,10,"C1","none","superpopulation","facec"
77,"sample_size",0.585885779046321,0.0215738368970397,0.00059803170735484,TRUE,0.0845678866530784,5000,3,10,"C1","none","superpopulation","facec"
77,"inverse_variance",0.586287864741982,0.0214841329927095,0.00100011740301609,TRUE,0.0842162538095588,5000,3,10,"C1","none","superpopulation","facec"
77,"federated_dr",0.570731404161472,0.0116420254834812,-0.0145563431774943,TRUE,0.0456359013094412,5000,3,10,"C1","none","superpopulation","facec"
77,"pooled_dr",0.573762101699988,0.0121322559352084,-0.0115256456389785,TRUE,0.0475575693684616,5000,3,10,"C1","none","superpopulation","facec"
77,"tilted_aipw",0.56345797093533,0.0127581433688239,-0.0218297764036366,TRUE,0.050011003024987,5000,3,10,"C1","none","superpopulation","facec"
77,"oracle_dr",0.585397846156372,0.0122988782230304,0.000110098817405424,TRUE,0.048210716734767,5000,3,10,"C1","none","superpopulation","facec"
78,"one_round_crossfit",0.592062018833024,0.0104221205260585,0.00677427149405718,TRUE,0.0408539617472208,5000,3,10,"C1","none","superpopulation","facec"
78,"two_round_crossfit",0.590519528403701,0.0104906856664916,0.00523178106473432,TRUE,0.0411227321589085,5000,3,10,"C1","none","superpopulation","facec"
78,"target_only",0.597428831643431,0.0183262185548642,0.0121410843044641,TRUE,0.0718374566806868,5000,3,10,"C1","none","superpopulation","facec"
78,"sample_size",0.598976739435817,0.0161474623735164,0.0136889920968508,TRUE,0.0632968893876156,5000,3,10,"C1","none","superpopulation","facec"
78,"inverse_variance",0.597571905845551,0.0170159957022208,0.0122841585065846,TRUE,0.0667014774748822,5000,3,10,"C1","none","superpopulation","facec"
78,"federated_dr",0.591019718768433,0.0115774360769091,0.00573197142946669,TRUE,0.045382715488113,5000,3,10,"C1","none","superpopulation","facec"
78,"pooled_dr",0.591248343242022,0.0120025549416885,0.00596059590305609,TRUE,0.0470491508163453,5000,3,10,"C1","none","superpopulation","facec"
78,"tilted_aipw",0.576947433688072,0.0128985715950114,-0.00834031365089438,TRUE,0.0505614715564675,5000,3,10,"C1","none","superpopulation","facec"
78,"oracle_dr",0.588218013714808,0.0122168458257968,0.00293026637584148,TRUE,0.0478891556464802,5000,3,10,"C1","none","superpopulation","facec"
79,"one_round_crossfit",0.597767862168032,0.0103627792416477,0.012480114829066,TRUE,0.0406213481867377,5000,3,10,"C1","none","superpopulation","facec"
79,"two_round_crossfit",0.599218082083613,0.010286330916806,0.0139303347446463,TRUE,0.0403216762600014,5000,3,10,"C1","none","superpopulation","facec"
79,"target_only",0.61328238841283,0.0185173591781628,0.0279946410738638,TRUE,0.0725867141559824,5000,3,10,"C1","none","superpopulation","facec"
79,"sample_size",0.614223134287046,0.013787894220746,0.0289353869480795,FALSE,0.0540475521906203,5000,3,10,"C1","none","superpopulation","facec"
79,"inverse_variance",0.613563576457234,0.0152907097022643,0.028275829118268,TRUE,0.0599384806289904,5000,3,10,"C1","none","superpopulation","facec"
79,"federated_dr",0.601443035828545,0.0116608836993665,0.0161552884895788,TRUE,0.045709824157337,5000,3,10,"C1","none","superpopulation","facec"
79,"pooled_dr",0.600678575290405,0.012264465250223,0.0153908279514391,TRUE,0.0480758203601601,5000,3,10,"C1","none","superpopulation","facec"
79,"tilted_aipw",0.594657455392934,0.01303319507525,0.00936970805396775,TRUE,0.0510891859019498,5000,3,10,"C1","none","superpopulation","facec"
79,"oracle_dr",0.592843913954071,0.0122786592317422,0.00755616661510483,TRUE,0.04813145974531,5000,3,10,"C1","none","superpopulation","facec"
80,"one_round_crossfit",0.579278909731391,0.0102143080857167,-0.00600883760757565,TRUE,0.040039351950002,5000,3,10,"C1","none","superpopulation","facec"
80,"two_round_crossfit",0.581730867058771,0.0102967026539841,-0.00355688028019563,TRUE,0.0403623327226539,5000,3,10,"C1","none","superpopulation","facec"
80,"target_only",0.599074612554756,0.0178930983695263,0.0137868652157893,TRUE,0.0701396567522079,5000,3,10,"C1","none","superpopulation","facec"
80,"sample_size",0.594519249885749,0.019615232470527,0.0092315025467824,TRUE,0.076890298381227,5000,3,10,"C1","none","superpopulation","facec"
80,"inverse_variance",0.592787765381652,0.0195819955111629,0.00750001804268541,TRUE,0.0767600118946086,5000,3,10,"C1","none","superpopulation","facec"
80,"federated_dr",0.581472882459347,0.011921971530702,-0.00381486487961913,TRUE,0.0467332696497758,5000,3,10,"C1","none","superpopulation","facec"
80,"pooled_dr",0.581574820943926,0.0124050269861556,-0.00371292639504028,TRUE,0.0486268122402251,5000,3,10,"C1","none","superpopulation","facec"
80,"tilted_aipw",0.586558409974676,0.0134869163013773,0.00127066263570952,TRUE,0.0528677404264113,5000,3,10,"C1","none","superpopulation","facec"
80,"oracle_dr",0.581649012186993,0.0123163276352205,-0.00363873515197322,TRUE,0.0482791171736552,5000,3,10,"C1","none","superpopulation","facec"
81,"one_round_crossfit",0.58141188001037,0.0101341158429784,-0.00387586732859668,TRUE,0.0397250041347887,5000,3,10,"C1","none","superpopulation","facec"
81,"two_round_crossfit",0.5818903998512,0.0101433409997479,-0.00339734748776666,TRUE,0.0397611660848289,5000,3,10,"C1","none","superpopulation","facec"
81,"target_only",0.574293065630706,0.0178079041085087,-0.0109946817082599,TRUE,0.0698057013856397,5000,3,10,"C1","none","superpopulation","facec"
81,"sample_size",0.598595001440651,0.0171565718471144,0.0133072541016845,TRUE,0.0672525258370362,5000,3,10,"C1","none","superpopulation","facec"
81,"inverse_variance",0.599080833439534,0.0176870796744434,0.0137930861005675,TRUE,0.0693320783071989,5000,3,10,"C1","none","superpopulation","facec"
81,"federated_dr",0.58143026584065,0.0113366517267193,-0.00385748149831588,TRUE,0.0444388581792874,5000,3,10,"C1","none","superpopulation","facec"
81,"pooled_dr",0.57948436401378,0.011938282608716,-0.00580338332518637,TRUE,0.0467972079006886,5000,3,10,"C1","none","superpopulation","facec"
81,"tilted_aipw",0.579429035998078,0.0125084848205237,-0.00585871134088856,TRUE,0.0490323594987847,5000,3,10,"C1","none","superpopulation","facec"
81,"oracle_dr",0.580238513576311,0.0123725052526048,-0.00504923376265509,TRUE,0.0484993293872762,5000,3,10,"C1","none","superpopulation","facec"
82,"one_round_crossfit",0.591018382342675,0.010251128195041,0.00573063500370885,TRUE,0.040183684126367,5000,3,10,"C1","none","superpopulation","facec"
82,"two_round_crossfit",0.59187809435042,0.0103063811475564,0.00659034701145322,TRUE,0.0404002717203065,5000,3,10,"C1","none","superpopulation","facec"
82,"target_only",0.591233997887246,0.018150946179846,0.00594625054827913,TRUE,0.0711504015956461,5000,3,10,"C1","none","superpopulation","facec"
82,"sample_size",0.599428438311378,0.0116381223403364,0.0141406909724116,TRUE,0.0456206012694604,5000,3,10,"C1","none","superpopulation","facec"
82,"inverse_variance",0.5994160577913,0.0141009018911395,0.0141283104523338,TRUE,0.0552745197123323,5000,3,10,"C1","none","superpopulation","facec"
82,"federated_dr",0.592765440283843,0.0117671520628527,0.00747769294487666,TRUE,0.0461263884875951,5000,3,10,"C1","none","superpopulation","facec"
82,"pooled_dr",0.588082574094359,0.012454564524055,0.00279482675539222,TRUE,0.0488209958205561,5000,3,10,"C1","none","superpopulation","facec"
82,"tilted_aipw",0.590187468038844,0.0127860469332431,0.00489972069987754,TRUE,0.0501203829875905,5000,3,10,"C1","none","superpopulation","facec"
82,"oracle_dr",0.585485528892756,0.0122617942491898,0.000197781553789134,TRUE,0.0480653502285049,5000,3,10,"C1","none","superpopulation","facec"
83,"one_round_crossfit",0.578528393198621,0.01031742735234,-0.00675935414034567,TRUE,0.0404435720473897,5000,3,10,"C1","none","superpopulation","facec"
83,"two_round_crossfit",0.580687549395322,0.0103548234290066,-0.00460019794364475,TRUE,0.0405901619742488,5000,3,10,"C1","none","superpopulation","facec"
83,"target_only",0.603531259492911,0.0183516143396049,0.0182435121539447,TRUE,0.0719370063275888,5000,3,10,"C1","none","superpopulation","facec"
83,"sample_size",0.592702434427881,0.025905372850719,0.00741468708891446,TRUE,0.101547195586982,5000,3,10,"C1","none","superpopulation","facec"
83,"inverse_variance",0.589350489035172,0.0257994494821912,0.00406274169620535,TRUE,0.101131983612111,5000,3,10,"C1","none","superpopulation","facec"
83,"federated_dr",0.582317686565125,0.0115101985712375,-0.0029700607738411,TRUE,0.0451191493090597,5000,3,10,"C1","none","superpopulation","facec"
83,"pooled_dr",0.581703556728791,0.0119407397374502,-0.00358419061017567,TRUE,0.0468068396683374,5000,3,10,"C1","none","superpopulation","facec"
83,"tilted_aipw",0.578159342984118,0.0129159771149911,-0.00712840435484874,TRUE,0.0506296999410523,5000,3,10,"C1","none","superpopulation","facec"
83,"oracle_dr",0.57590982743925,0.0123588897816535,-0.00937791989971648,TRUE,0.0484459577218819,5000,3,10,"C1","none","superpopulation","facec"
84,"one_round_crossfit",0.5860801968372,0.0103983058203933,0.00079244949823376,TRUE,0.0407606098164082,5000,3,10,"C1","none","superpopulation","facec"
84,"two_round_crossfit",0.58487310603805,0.0105485402609665,-0.00041464130091684,TRUE,0.0413495180019301,5000,3,10,"C1","none","superpopulation","facec"
84,"target_only",0.584417411059597,0.0185021194378577,-0.000870336279369499,TRUE,0.0725269754717193,5000,3,10,"C1","none","superpopulation","facec"
84,"sample_size",0.601713366269967,0.00976924107796153,0.0164256189310003,TRUE,0.0382947213381877,5000,3,10,"C1","none","superpopulation","facec"
84,"inverse_variance",0.602290584018899,0.0127936780607003,0.0170028366799325,TRUE,0.0501502964575455,5000,3,10,"C1","none","superpopulation","facec"
84,"federated_dr",0.587011619416267,0.0119445259426246,0.00172387207730074,TRUE,0.0468216813198972,5000,3,10,"C1","none","superpopulation","facec"
84,"pooled_dr",0.586084526761637,0.012509977759987,0.000796779422670757,TRUE,0.0490382117139432,5000,3,10,"C1","none","superpopulation","facec"
84,"tilted_aipw",0.583483283027442,0.013206119975103,-0.00180446431152426,TRUE,0.0517670390534337,5000,3,10,"C1","none","superpopulation","facec"
84,"oracle_dr",0.587492689709961,0.0120256470286377,0.00220494237099467,TRUE,0.047139670133842,5000,3,10,"C1","none","superpopulation","facec"
85,"one_round_crossfit",0.575947515103717,0.0101069705172075,-0.00934023223524971,TRUE,0.0396185964130695,5000,3,10,"C1","none","superpopulation","facec"
85,"two_round_crossfit",0.575633944833827,0.0101667737913298,-0.00965380250513892,TRUE,0.0398530209399444,5000,3,10,"C1","none","superpopulation","facec"
85,"target_only",0.564716983929852,0.0182338661337877,-0.0205707634091142,TRUE,0.0714754418422971,5000,3,10,"C1","none","superpopulation","facec"
85,"sample_size",0.587958830183437,0.016583996303431,0.00267108284447048,TRUE,0.0650080709489405,5000,3,10,"C1","none","superpopulation","facec"
85,"inverse_variance",0.587584931704326,0.0169727066595594,0.00229718436535942,TRUE,0.0665317875457989,5000,3,10,"C1","none","superpopulation","facec"
85,"federated_dr",0.574867453628529,0.011881844177185,-0.0104202937104371,TRUE,0.0465759733143991,5000,3,10,"C1","none","superpopulation","facec"
85,"pooled_dr",0.577382871365916,0.012443594507456,-0.00790487597305045,TRUE,0.0487779941456683,5000,3,10,"C1","none","superpopulation","facec"
85,"tilted_aipw",0.575782759402239,0.0128196637840673,-0.00950498793672727,TRUE,0.0502521586213684,5000,3,10,"C1","none","superpopulation","facec"
85,"oracle_dr",0.586158542135178,0.0122727435619039,0.000870794796211216,TRUE,0.048108270745655,5000,3,10,"C1","none","superpopulation","facec"
86,"one_round_crossfit",0.583116859549427,0.0102675641472017,-0.00217088778953944,TRUE,0.0402481118749403,5000,3,10,"C1","none","superpopulation","facec"
86,"two_round_crossfit",0.580562086797356,0.0102576409676653,-0.00472566054161005,TRUE,0.0402092137259333,5000,3,10,"C1","none","superpopulation","facec"
86,"target_only",0.574403535768622,0.0184464719516398,-0.010884211570344,TRUE,0.0723088413340847,5000,3,10,"C1","none","superpopulation","facec"
86,"sample_size",0.592824042134435,0.0184187278257441,0.0075362947954688,TRUE,0.0722000863590082,5000,3,10,"C1","none","superpopulation","facec"
86,"inverse_variance",0.592100126522776,0.0185059430228899,0.0068123791838095,TRUE,0.0725419636496289,5000,3,10,"C1","none","superpopulation","facec"
86,"federated_dr",0.582983684381441,0.0118698406982572,-0.00230406295752505,TRUE,0.0465289205416239,5000,3,10,"C1","none","superpopulation","facec"
86,"pooled_dr",0.580937643212476,0.0123043408593768,-0.00435010412649017,TRUE,0.0482321298757664,5000,3,10,"C1","none","superpopulation","facec"
86,"tilted_aipw",0.581415272047949,0.0129869209021819,-0.00387247529101709,TRUE,0.050907794476694,5000,3,10,"C1","none","superpopulation","facec"
86,"oracle_dr",0.583706900673818,0.0123965765519778,-0.00158084666514813,TRUE,0.0485936871469403,5000,3,10,"C1","none","superpopulation","facec"
87,"one_round_crossfit",0.582216781450107,0.0105014637830801,-0.00307096588885958,TRUE,0.0411649815995774,5000,3,10,"C1","none","superpopulation","facec"
87,"two_round_crossfit",0.583301864848522,0.0106037394483594,-0.00198588249044407,TRUE,0.041565894840462,5000,3,10,"C1","none","superpopulation","facec"
87,"target_only",0.604481400396451,0.0187520242219483,0.0191936530574842,TRUE,0.0735065842244829,5000,3,10,"C1","none","superpopulation","facec"
87,"sample_size",0.604756069859966,0.00986551170800021,0.0194683225209998,FALSE,0.0386720952734774,5000,3,10,"C1","none","superpopulation","facec"
87,"inverse_variance",0.605365543328576,0.0113406508022959,0.0200777959896091,TRUE,0.0444545342674902,5000,3,10,"C1","none","superpopulation","facec"
87,"federated_dr",0.58530885009377,0.0120784156761187,2.11027548031595e-05,TRUE,0.0473465194309934,5000,3,10,"C1","none","superpopulation","facec"
87,"pooled_dr",0.585727448503891,0.0125798896653351,0.000439701164924311,TRUE,0.0493122613470887,5000,3,10,"C1","none","superpopulation","facec"
87,"tilted_aipw",0.586732078967663,0.0138723659126845,0.00144433162869706,TRUE,0.0543786751384456,5000,3,10,"C1","none","superpopulation","facec"
87,"oracle_dr",0.572914440910704,0.0120356146069235,-0.0123733064282621,TRUE,0.0471787423227485,5000,3,10,"C1","none","superpopulation","facec"
88,"one_round_crossfit",0.583445095560708,0.0104036464277591,-0.00184265177825826,TRUE,0.040781544612593,5000,3,10,"C1","none","superpopulation","facec"
88,"two_round_crossfit",0.582350889813804,0.0103640819667515,-0.00293685752516193,TRUE,0.0406264547753079,5000,3,10,"C1","none","superpopulation","facec"
88,"target_only",0.626079325027871,0.0179718961224793,0.0407915776889042,FALSE,0.070448538267909,5000,3,10,"C1","none","superpopulation","facec"
88,"sample_size",0.590009753568109,0.0169063468662871,0.00472200622914265,TRUE,0.0662716619361288,5000,3,10,"C1","none","superpopulation","facec"
88,"inverse_variance",0.588203235390258,0.017559795663642,0.00291548805129138,TRUE,0.0688331341532418,5000,3,10,"C1","none","superpopulation","facec"
88,"federated_dr",0.581362149029141,0.0116822884054117,-0.00392559830982575,TRUE,0.0457937290632335,5000,3,10,"C1","none","superpopulation","facec"
88,"pooled_dr",0.581479457215529,0.0122072066875788,-0.00380829012343764,TRUE,0.0478513709189818,5000,3,10,"C1","none","superpopulation","facec"
88,"tilted_aipw",0.570809876031325,0.0130375787629639,-0.0144778713076416,TRUE,0.0511063696420269,5000,3,10,"C1","none","superpopulation","facec"
88,"oracle_dr",0.577267619909048,0.0124954540817935,-0.00802012742991831,TRUE,0.0489812799415785,5000,3,10,"C1","none","superpopulation","facec"
89,"one_round_crossfit",0.589202544046191,0.0103359388611751,0.00391479670722428,TRUE,0.0405161358286223,5000,3,10,"C1","none","superpopulation","facec"
89,"two_round_crossfit",0.588438097997819,0.0103192900433474,0.00315035065885294,TRUE,0.0404508736619673,5000,3,10,"C1","none","superpopulation","facec"
89,"target_only",0.595520360176704,0.0182298228651473,0.0102326128377374,TRUE,0.0714595925204671,5000,3,10,"C1","none","superpopulation","facec"
89,"sample_size",0.601541116085405,0.0149715222104468,0.0162533687464386,TRUE,0.0586872886524343,5000,3,10,"C1","none","superpopulation","facec"
89,"inverse_variance",0.601472209349065,0.0160922425352796,0.0161844620100984,TRUE,0.0630804315992632,5000,3,10,"C1","none","superpopulation","facec"
89,"federated_dr",0.588752256485634,0.0119635790792933,0.00346450914666729,TRUE,0.0468963682432233,5000,3,10,"C1","none","superpopulation","facec"
89,"pooled_dr",0.590819069630816,0.0124916816758235,0.00553132229184938,TRUE,0.0489664923819058,5000,3,10,"C1","none","superpopulation","facec"
89,"tilted_aipw",0.585748593514536,0.0129012349580495,0.000460846175569296,TRUE,0.0505719117477323,5000,3,10,"C1","none","superpopulation","facec"
89,"oracle_dr",0.589504770874455,0.0122954382409156,0.00421702353548847,TRUE,0.048197232252662,5000,3,10,"C1","none","superpopulation","facec"
90,"one_round_crossfit",0.590403110932284,0.0102047634594537,0.00511536359331755,TRUE,0.0400019377025593,5000,3,10,"C1","none","superpopulation","facec"
90,"two_round_crossfit",0.588321197215993,0.0102344029990341,0.00303344987702614,TRUE,0.0401181225627509,5000,3,10,"C1","none","superpopulation","facec"
90,"target_only",0.599545047306258,0.0180368231955313,0.0142572999672915,TRUE,0.0707030477175161,5000,3,10,"C1","none","superpopulation","facec"
90,"sample_size",0.60424261982274,0.0161642863293615,0.0189548724837731,TRUE,0.0633628380826834,5000,3,10,"C1","none","superpopulation","facec"
90,"inverse_variance",0.603587137141921,0.0168764946461457,0.0182993898029551,TRUE,0.0661546433834572,5000,3,10,"C1","none","superpopulation","facec"
90,"federated_dr",0.591236184385783,0.011253184170429,0.00594843704681636,TRUE,0.0441116713708742,5000,3,10,"C1","none","superpopulation","facec"
90,"pooled_dr",0.594445503963145,0.01179658941789,0.00915775662417817,TRUE,0.0462417807989415,5000,3,10,"C1","none","superpopulation","facec"
90,"tilted_aipw",0.582879163791614,0.0123517758513613,-0.00240858354735252,TRUE,0.0484180716275595,5000,3,10,"C1","none","superpopulation","facec"
90,"oracle_dr",0.590272183485119,0.0120579814899986,0.00498443614615218,TRUE,0.0472664188932956,5000,3,10,"C1","none","superpopulation","facec"
91,"one_round_crossfit",0.587513918276051,0.0101287145969127,0.00222617093708488,TRUE,0.0397038316392682,5000,3,10,"C1","none","superpopulation","facec"
91,"two_round_crossfit",0.590423425922168,0.0101283509929643,0.00513567858320152,TRUE,0.0397024063379809,5000,3,10,"C1","none","superpopulation","facec"
91,"target_only",0.600776994290852,0.0183152506913723,0.0154892469518851,TRUE,0.0717944634458241,5000,3,10,"C1","none","superpopulation","facec"
91,"sample_size",0.599811988743953,0.0193656251041814,0.0145242414049864,TRUE,0.0759118554846006,5000,3,10,"C1","none","superpopulation","facec"
91,"inverse_variance",0.598608368551802,0.0192892916075277,0.0133206212128361,TRUE,0.0756126336760903,5000,3,10,"C1","none","superpopulation","facec"
91,"federated_dr",0.587463712734453,0.0113048194405079,0.00217596539548659,TRUE,0.0443140779102476,5000,3,10,"C1","none","superpopulation","facec"
91,"pooled_dr",0.58562456558333,0.0117153273843859,0.000336818244364046,TRUE,0.0459232394809845,5000,3,10,"C1","none","superpopulation","facec"
91,"tilted_aipw",0.589662075262178,0.0124613095699177,0.00437432792321113,TRUE,0.0488474359144861,5000,3,10,"C1","none","superpopulation","facec"
91,"oracle_dr",0.583842692683798,0.0126318662201926,-0.00144505465516886,TRUE,0.0495160056982111,5000,3,10,"C1","none","superpopulation","facec"
92,"one_round_crossfit",0.569959921859656,0.0102536180154957,-0.0153278254793104,TRUE,0.0401934440432055,5000,3,10,"C1","none","superpopulation","facec"
92,"two_round_crossfit",0.571370684911846,0.0103297945020295,-0.0139170624271208,TRUE,0.0404920503833555,5000,3,10,"C1","none","superpopulation","facec"
92,"target_only",0.558100182516267,0.0181780221039707,-0.0271875648226989,TRUE,0.071256537267911,5000,3,10,"C1","none","superpopulation","facec"
92,"sample_size",0.581970610065695,0.0130676431765539,-0.00331713727327143,TRUE,0.0512242199777324,5000,3,10,"C1","none","superpopulation","facec"
92,"inverse_variance",0.582510053126194,0.0149778720376862,-0.00277769421277196,TRUE,0.0587121795178291,5000,3,10,"C1","none","superpopulation","facec"
92,"federated_dr",0.57118768386394,0.0117353314073406,-0.0141000634750259,TRUE,0.0460016538100585,5000,3,10,"C1","none","superpopulation","facec"
92,"pooled_dr",0.572243116833178,0.0123745664874347,-0.0130446305057881,TRUE,0.0485074092793365,5000,3,10,"C1","none","superpopulation","facec"
92,"tilted_aipw",0.569530948303439,0.0128933112301344,-0.0157567990355276,TRUE,0.0505408513050585,5000,3,10,"C1","none","superpopulation","facec"
92,"oracle_dr",0.580339183298094,0.012155140771434,-0.00494856404087285,TRUE,0.04764727627805,5000,3,10,"C1","none","superpopulation","facec"
93,"one_round_crossfit",0.584768981075885,0.0103415946655739,-0.00051876626308156,TRUE,0.0405383061744728,5000,3,10,"C1","none","superpopulation","facec"
93,"two_round_crossfit",0.586834905590777,0.0102140309276257,0.00154715825181051,TRUE,0.0400382655102491,5000,3,10,"C1","none","superpopulation","facec"
93,"target_only",0.584011324136847,0.0182715182845394,-0.00127642320211963,TRUE,0.0716230355611245,5000,3,10,"C1","none","superpopulation","facec"
93,"sample_size",0.597186965605623,0.01930112904299,0.0118992182666569,TRUE,0.075659035570441,5000,3,10,"C1","none","superpopulation","facec"
93,"inverse_variance",0.597057764107074,0.0192535853656409,0.0117700167681077,TRUE,0.0754726677798474,5000,3,10,"C1","none","superpopulation","facec"
93,"federated_dr",0.588842294062711,0.0116125668654461,0.00355454672374456,TRUE,0.0455204256486752,5000,3,10,"C1","none","superpopulation","facec"
93,"pooled_dr",0.589749262362974,0.0122244581511507,0.0044615150240076,TRUE,0.0479189954135448,5000,3,10,"C1","none","superpopulation","facec"
93,"tilted_aipw",0.57610218656649,0.0130212465383328,-0.00918556077247656,TRUE,0.0510423484978981,5000,3,10,"C1","none","superpopulation","facec"
93,"oracle_dr",0.592709794009028,0.0122228737580993,0.00742204667006163,TRUE,0.0479127847069085,5000,3,10,"C1","none","superpopulation","facec"
94,"one_round_crossfit",0.584126516201624,0.0102558404364569,-0.00116123113734201,TRUE,0.0402021557732899,5000,3,10,"C1","none","superpopulation","facec"
94,"two_round_crossfit",0.58446135054148,0.01019001448558,-0.000826396797485973,TRUE,0.0399441227873565,5000,3,10,"C1","none","superpopulation","facec"
94,"target_only",0.573547260405426,0.0185248433605789,-0.0117404869335399,TRUE,0.0726160516119612,5000,3,10,"C1","none","superpopulation","facec"
94,"sample_size",0.601494161946916,0.0100076190579042,0.0162064146079498,TRUE,0.039229145848978,5000,3,10,"C1","none","superpopulation","facec"
94,"inverse_variance",0.601905278119892,0.0131779037363315,0.0166175307809253,TRUE,0.0516564334298912,5000,3,10,"C1","none","superpopulation","facec"
94,"federated_dr",0.585353292690246,0.0116752381339026,6.55453512798942e-05,TRUE,0.0457660925067553,5000,3,10,"C1","none","superpopulation","facec"
94,"pooled_dr",0.582655352693117,0.0121522516437646,-0.00263239464584952,TRUE,0.0476359511056925,5000,3,10,"C1","none","superpopulation","facec"
94,"tilted_aipw",0.582239771006143,0.0127024812906733,-0.00304797633282294,TRUE,0.0497928116880271,5000,3,10,"C1","none","superpopulation","facec"
94,"oracle_dr",0.58234242572831,0.0122779652949326,-0.00294532161065675,TRUE,0.048128739563001,5000,3,10,"C1","none","superpopulation","facec"
95,"one_round_crossfit",0.577225118688308,0.010227966686229,-0.00806262865065821,TRUE,0.0400928926801689,5000,3,10,"C1","none","superpopulation","facec"
95,"two_round_crossfit",0.577418383435074,0.0102971773831528,-0.00786936390389259,TRUE,0.0403641936267998,5000,3,10,"C1","none","superpopulation","facec"
95,"target_only",0.569617728841101,0.018351837478321,-0.0156700184978651,TRUE,0.0719378810152829,5000,3,10,"C1","none","superpopulation","facec"
95,"sample_size",0.593048786479987,0.0218422390579233,0.007761039141021,TRUE,0.0856200037904873,5000,3,10,"C1","none","superpopulation","facec"
95,"inverse_variance",0.592578807796176,0.021765713245055,0.00729106045720918,TRUE,0.0853200281162683,5000,3,10,"C1","none","superpopulation","facec"
95,"federated_dr",0.578968518560528,0.0121834854723023,-0.00631922877843849,TRUE,0.0477583854637591,5000,3,10,"C1","none","superpopulation","facec"
95,"pooled_dr",0.579931795563428,0.0129191239114245,-0.00535595177553849,TRUE,0.0506420351564043,5000,3,10,"C1","none","superpopulation","facec"
95,"tilted_aipw",0.576884126033417,0.0135629159648386,-0.00840362130554895,TRUE,0.0531656536328542,5000,3,10,"C1","none","superpopulation","facec"
95,"oracle_dr",0.583904768137048,0.0124498897064425,-0.00138297920191799,TRUE,0.0488026708722464,5000,3,10,"C1","none","superpopulation","facec"
96,"one_round_crossfit",0.587385753575036,0.0102775927088367,0.00209800623606993,TRUE,0.0402874231141828,5000,3,10,"C1","none","superpopulation","facec"
96,"two_round_crossfit",0.586380472675512,0.0102990729662956,0.00109272533654581,TRUE,0.0403716241761789,5000,3,10,"C1","none","superpopulation","facec"
96,"target_only",0.552988036959478,0.0182258275721205,-0.032299710379488,TRUE,0.0714439312595865,5000,3,10,"C1","none","superpopulation","facec"
96,"sample_size",0.597274790567142,0.0190678683814599,0.011987043228176,TRUE,0.0747446705792227,5000,3,10,"C1","none","superpopulation","facec"
96,"inverse_variance",0.598621338359506,0.0189962289713823,0.0133335910205394,TRUE,0.0744638492519711,5000,3,10,"C1","none","superpopulation","facec"
96,"federated_dr",0.587181117353781,0.0114436877466451,0.00189337001481471,TRUE,0.0448584316674936,5000,3,10,"C1","none","superpopulation","facec"
96,"pooled_dr",0.583981559938407,0.0120409568047214,-0.0013061874005591,TRUE,0.0471996833533128,5000,3,10,"C1","none","superpopulation","facec"
96,"tilted_aipw",0.586772543389895,0.0121599797958582,0.00148479605092877,TRUE,0.0476662449052336,5000,3,10,"C1","none","superpopulation","facec"
96,"oracle_dr",0.593332891180004,0.0123096025523778,0.00804514384103783,TRUE,0.0482527553333258,5000,3,10,"C1","none","superpopulation","facec"
97,"one_round_crossfit",0.592137152309675,0.0102733134833163,0.00684940497070874,TRUE,0.0402706488583795,5000,3,10,"C1","none","superpopulation","facec"
97,"two_round_crossfit",0.59078919309293,0.010396385064671,0.00550144575396383,TRUE,0.0407530805923304,5000,3,10,"C1","none","superpopulation","facec"
97,"target_only",0.56835978302289,0.0185615347483258,-0.0169279643160765,TRUE,0.0727598792090145,5000,3,10,"C1","none","superpopulation","facec"
97,"sample_size",0.599331027802657,0.021708956655628,0.0140432804636903,TRUE,0.0850975463739441,5000,3,10,"C1","none","superpopulation","facec"
97,"inverse_variance",0.598537220042195,0.021625499932191,0.0132494727032284,TRUE,0.0847704020295352,5000,3,10,"C1","none","superpopulation","facec"
97,"federated_dr",0.591958170355957,0.0118581113143383,0.00667042301699072,TRUE,0.0464829422015398,5000,3,10,"C1","none","superpopulation","facec"
97,"pooled_dr",0.588342162398326,0.0123809542063461,0.00305441505935955,TRUE,0.0485324486773562,5000,3,10,"C1","none","superpopulation","facec"
97,"tilted_aipw",0.591522753502076,0.0135204445415826,0.00623500616311001,TRUE,0.0529991687129461,5000,3,10,"C1","none","superpopulation","facec"
97,"oracle_dr",0.587675968952412,0.0124660255247376,0.00238822161344521,TRUE,0.0488659221176853,5000,3,10,"C1","none","superpopulation","facec"
98,"one_round_crossfit",0.602585236936098,0.010358319289677,0.0172974895971317,TRUE,0.040603865496267,5000,3,10,"C1","none","superpopulation","facec"
98,"two_round_crossfit",0.604145729092295,0.0100923318391772,0.0188579817533282,TRUE,0.0395612138496284,5000,3,10,"C1","none","superpopulation","facec"
98,"target_only",0.612439427831124,0.0177129508206612,0.0271516804921572,TRUE,0.0694334913368502,5000,3,10,"C1","none","superpopulation","facec"
98,"sample_size",0.615881854296397,0.0182404989713029,0.0305941069574309,TRUE,0.0715014420875872,5000,3,10,"C1","none","superpopulation","facec"
98,"inverse_variance",0.614586886464133,0.0183987779990385,0.029299139125167,TRUE,0.0721218844753269,5000,3,10,"C1","none","superpopulation","facec"
98,"federated_dr",0.604756706819415,0.0114784392354651,0.0194689594804486,TRUE,0.0449946550004861,5000,3,10,"C1","none","superpopulation","facec"
98,"pooled_dr",0.603163855336652,0.0120740586176333,0.0178761079976851,TRUE,0.0473294400755733,5000,3,10,"C1","none","superpopulation","facec"
98,"tilted_aipw",0.602535143377189,0.0125483240128986,0.0172473960382222,TRUE,0.0491885262632406,5000,3,10,"C1","none","superpopulation","facec"
98,"oracle_dr",0.586563174989162,0.0123558882514208,0.0012754276501955,TRUE,0.0484341919395725,5000,3,10,"C1","none","superpopulation","facec"
99,"one_round_crossfit",0.605605856247673,0.0101462454128342,0.0203181089087068,FALSE,0.0397725511749196,5000,3,10,"C1","none","superpopulation","facec"
99,"two_round_crossfit",0.606054931750646,0.0101513366341261,0.02076718441168,FALSE,0.0397925083956585,5000,3,10,"C1","none","superpopulation","facec"
99,"target_only",0.599089871451432,0.0181864287130007,0.013802124112466,TRUE,0.071289490569773,5000,3,10,"C1","none","superpopulation","facec"
99,"sample_size",0.617819545604166,0.00971700700115195,0.0325317982651991,FALSE,0.0380899675195627,5000,3,10,"C1","none","superpopulation","facec"
99,"inverse_variance",0.618790319248298,0.0132552003200714,0.0335025719093313,FALSE,0.0519594304704076,5000,3,10,"C1","none","superpopulation","facec"
99,"federated_dr",0.607861308945231,0.0111451161379477,0.0225735616062642,FALSE,0.0436880524677872,5000,3,10,"C1","none","superpopulation","facec"
99,"pooled_dr",0.606752422676572,0.0117726898538586,0.0214646753376059,TRUE,0.046148096229446,5000,3,10,"C1","none","superpopulation","facec"
99,"tilted_aipw",0.602746742942779,0.0121185163836838,0.0174589956038128,TRUE,0.0475037113161578,5000,3,10,"C1","none","superpopulation","facec"
99,"oracle_dr",0.604113167223341,0.0123287093378165,0.0188254198843743,TRUE,0.0483276525559659,5000,3,10,"C1","none","superpopulation","facec"
100,"one_round_crossfit",0.59871457848287,0.0102687710417585,0.013426831143904,TRUE,0.0402528428146691,5000,3,10,"C1","none","superpopulation","facec"
100,"two_round_crossfit",0.599352255803951,0.010317074219717,0.0140645084649842,TRUE,0.0404421877929437,5000,3,10,"C1","none","superpopulation","facec"
100,"target_only",0.619880639229563,0.0186225339173369,0.0345928918905963,TRUE,0.0729989915577118,5000,3,10,"C1","none","superpopulation","facec"
100,"sample_size",0.603107898815106,0.0216075277598238,0.0178201514761391,TRUE,0.0846999524084082,5000,3,10,"C1","none","superpopulation","facec"
100,"inverse_variance",0.60117721810814,0.0215451218266765,0.0158894707691735,TRUE,0.0844553256456277,5000,3,10,"C1","none","superpopulation","facec"
100,"federated_dr",0.600655563151937,0.0117312547676222,0.0153678158129705,TRUE,0.0459856736760067,5000,3,10,"C1","none","superpopulation","facec"
100,"pooled_dr",0.598896191036341,0.0122534448810274,0.0136084436973745,TRUE,0.0480326213067208,5000,3,10,"C1","none","superpopulation","facec"
100,"tilted_aipw",0.596384916305962,0.0126111736004423,0.0110971689669961,TRUE,0.0494348921192984,5000,3,10,"C1","none","superpopulation","facec"
100,"oracle_dr",0.585527227652169,0.0120960355668502,0.000239480313202423,TRUE,0.0474155881334839,5000,3,10,"C1","none","superpopulation","facec"
101,"one_round_crossfit",0.57909331729157,0.0103122316617524,-0.00619443004739684,TRUE,0.0404232053145368,5000,3,10,"C1","none","superpopulation","facec"
101,"two_round_crossfit",0.5806694305811,0.0103636033454478,-0.00461831675786595,TRUE,0.0406245786142732,5000,3,10,"C1","none","superpopulation","facec"
101,"target_only",0.578594271546188,0.0190764332889882,-0.00669347579277835,TRUE,0.0747782443997955,5000,3,10,"C1","none","superpopulation","facec"
101,"sample_size",0.592315332133818,0.0120662283387996,0.00702758479485133,TRUE,0.0472987459465677,5000,3,10,"C1","none","superpopulation","facec"
101,"inverse_variance",0.592089271293454,0.0143666036277213,0.0068015239544873,TRUE,0.0563160513809924,5000,3,10,"C1","none","superpopulation","facec"
101,"federated_dr",0.580510678571525,0.0117723070452626,-0.00477706876744111,TRUE,0.0461465956473235,5000,3,10,"C1","none","superpopulation","facec"
101,"pooled_dr",0.585587817226186,0.0118920892749994,0.000300069887219867,TRUE,0.0466161333598678,5000,3,10,"C1","none","superpopulation","facec"
101,"tilted_aipw",0.567246613166349,0.0129349505794796,-0.0180411341726172,TRUE,0.0507040745551708,5000,3,10,"C1","none","superpopulation","facec"
101,"oracle_dr",0.585878145295978,0.0124193150999111,0.000590397957011213,TRUE,0.0486828206169603,5000,3,10,"C1","none","superpopulation","facec"
102,"one_round_crossfit",0.590978820866229,0.0104342348287026,0.00569107352726272,TRUE,0.0409014489409814,5000,3,10,"C1","none","superpopulation","facec"
102,"two_round_crossfit",0.591248065156166,0.0104185820838048,0.00596031781719986,TRUE,0.0408400913084634,5000,3,10,"C1","none","superpopulation","facec"
102,"target_only",0.569611919158627,0.018229152223789,-0.0156758281803397,TRUE,0.0714569636546492,5000,3,10,"C1","none","superpopulation","facec"
102,"sample_size",0.601475521483102,0.0250670016529499,0.0161877741441353,TRUE,0.0982608408803756,5000,3,10,"C1","none","superpopulation","facec"
102,"inverse_variance",0.601572972214668,0.0249387354725583,0.0162852248757019,TRUE,0.0977580466923715,5000,3,10,"C1","none","superpopulation","facec"
102,"federated_dr",0.594505745584795,0.0116510960339134,0.00921799824582858,TRUE,0.0456714572137753,5000,3,10,"C1","none","superpopulation","facec"
102,"pooled_dr",0.591437594372265,0.0125032030427771,0.00614984703329813,TRUE,0.0490116553104696,5000,3,10,"C1","none","superpopulation","facec"
102,"tilted_aipw",0.591321956022129,0.013061715965381,0.00603420868316218,TRUE,0.0512009857368774,5000,3,10,"C1","none","superpopulation","facec"
102,"oracle_dr",0.591903410724127,0.0123109437397875,0.00661566338516018,TRUE,0.0482580126913645,5000,3,10,"C1","none","superpopulation","facec"
103,"one_round_crossfit",0.578553564228682,0.0104024316807937,-0.00673418311028462,TRUE,0.0407767828919881,5000,3,10,"C1","none","superpopulation","facec"
103,"two_round_crossfit",0.57812746691187,0.0103710694355582,-0.00716028042709682,TRUE,0.0406538451497167,5000,3,10,"C1","none","superpopulation","facec"
103,"target_only",0.585339815649226,0.018049712491293,5.2068310259723e-05,TRUE,0.0707535728284741,5000,3,10,"C1","none","superpopulation","facec"
103,"sample_size",0.591868593717211,0.0189102610916743,0.00658084637824474,TRUE,0.0741268613558614,5000,3,10,"C1","none","superpopulation","facec"
103,"inverse_variance",0.591219418877752,0.0188964480333812,0.00593167153878515,TRUE,0.0740727151623195,5000,3,10,"C1","none","superpopulation","facec"
103,"federated_dr",0.579065453649802,0.0118607340711658,-0.00622229368916449,TRUE,0.0464932232193844,5000,3,10,"C1","none","superpopulation","facec"
103,"pooled_dr",0.583414368240642,0.012748956296704,-0.00187337909832475,TRUE,0.0499749903640301,5000,3,10,"C1","none","superpopulation","facec"
103,"tilted_aipw",0.576286564652592,0.0134407443229995,-0.00900118268637429,TRUE,0.0526867495969803,5000,3,10,"C1","none","superpopulation","facec"
103,"oracle_dr",0.581091355225267,0.0125355359040583,-0.00419639211369982,TRUE,0.0491383977977262,5000,3,10,"C1","none","superpopulation","facec"
104,"one_round_crossfit",0.570591659475107,0.0102817914902468,-0.0146960878638589,TRUE,0.0403038820348682,5000,3,10,"C1","none","superpopulation","facec"
104,"two_round_crossfit",0.572891546005293,0.0102746705625705,-0.012396201333673,TRUE,0.0402759685113041,5000,3,10,"C1","none","superpopulation","facec"
104,"target_only",0.539357651485464,0.0180925875823819,-0.0459300958535021,FALSE,0.0709216400972104,5000,3,10,"C1","none","superpopulation","facec"
104,"sample_size",0.588430744661126,0.0234471217788127,0.00314299732215917,TRUE,0.0919110284551954,5000,3,10,"C1","none","superpopulation","facec"
104,"inverse_variance",0.589507413541782,0.0233704213197715,0.00421966620281566,TRUE,0.0916103681805585,5000,3,10,"C1","none","superpopulation","facec"
104,"federated_dr",0.573686331272199,0.0114000985258399,-0.011601416066767,TRUE,0.0446875650617087,5000,3,10,"C1","none","superpopulation","facec"
104,"pooled_dr",0.573594454748272,0.0117467908869693,-0.0116932925906944,TRUE,0.0460465741447662,5000,3,10,"C1","none","superpopulation","facec"
104,"tilted_aipw",0.575509204575137,0.0131145125656266,-0.00977854276382972,TRUE,0.0514079446068521,5000,3,10,"C1","none","superpopulation","facec"
104,"oracle_dr",0.585299256446483,0.0126925705128426,1.15091075169049e-05,TRUE,0.0497539621528131,5000,3,10,"C1","none","superpopulation","facec"
105,"one_round_crossfit",0.587456426476951,0.0101906758012096,0.00216867913798457,TRUE,0.0399467150969892,5000,3,10,"C1","none","superpopulation","facec"
105,"two_round_crossfit",0.587123384128144,0.0102184795081901,0.00183563678917764,TRUE,0.0400557036256262,5000,3,10,"C1","none","superpopulation","facec"
105,"target_only",0.58641909876101,0.0175949938443686,0.00113135142204335,TRUE,0.0689711084863329,5000,3,10,"C1","none","superpopulation","facec"
105,"sample_size",0.596615435214587,0.0134062656106767,0.0113276878756207,TRUE,0.0525515955282083,5000,3,10,"C1","none","superpopulation","facec"
105,"inverse_variance",0.596823175946697,0.0151358093208058,0.0115354286077309,TRUE,0.0593312822912901,5000,3,10,"C1","none","superpopulation","facec"
105,"federated_dr",0.58747619811863,0.0116786716583878,0.00218845077966401,TRUE,0.0457795516754176,5000,3,10,"C1","none","superpopulation","facec"
105,"pooled_dr",0.585521653963547,0.0124301127756026,0.000233906624580782,TRUE,0.0487251467279046,5000,3,10,"C1","none","superpopulation","facec"
105,"tilted_aipw",0.584973397096864,0.0132188325095998,-0.00031435024210269,TRUE,0.0518168712729659,5000,3,10,"C1","none","superpopulation","facec"
105,"oracle_dr",0.58592977604759,0.0123918829649923,0.000642028708623732,TRUE,0.0485752886240405,5000,3,10,"C1","none","superpopulation","facec"
106,"one_round_crossfit",0.59137448054201,0.0105587747913733,0.00608673320304343,TRUE,0.0413896366239221,5000,3,10,"C1","none","superpopulation","facec"
106,"two_round_crossfit",0.591414031830604,0.0104887216739523,0.00612628449163721,TRUE,0.0411150334496222,5000,3,10,"C1","none","superpopulation","facec"
106,"target_only",0.585257069816152,0.0186277618566906,-3.06775228141598e-05,TRUE,0.0730194847034051,5000,3,10,"C1","none","superpopulation","facec"
106,"sample_size",0.604870330214148,0.0098197331467482,0.0195825828751821,FALSE,0.0384926466108413,5000,3,10,"C1","none","superpopulation","facec"
106,"inverse_variance",0.605703083143262,0.0130184135322671,0.0204153358042956,TRUE,0.0510312433181848,5000,3,10,"C1","none","superpopulation","facec"
106,"federated_dr",0.588365463650142,0.011410543479683,0.00307771631117537,TRUE,0.0447285085284141,5000,3,10,"C1","none","superpopulation","facec"
106,"pooled_dr",0.589705416773016,0.0118680059119785,0.00441766943404986,TRUE,0.0465217283115729,5000,3,10,"C1","none","superpopulation","facec"
106,"tilted_aipw",0.578502196659912,0.0128551953471065,-0.00678555067905395,TRUE,0.0503914397891112,5000,3,10,"C1","none","superpopulation","facec"
106,"oracle_dr",0.591860874681793,0.0122923360086737,0.00657312734282689,TRUE,0.0481850717257306,5000,3,10,"C1","none","superpopulation","facec"
107,"one_round_crossfit",0.574140522571413,0.0104587338998995,-0.0111472247675531,TRUE,0.0409974835353821,5000,3,10,"C1","none","superpopulation","facec"
107,"two_round_crossfit",0.571812381092123,0.0104820205855346,-0.0134753662468432,TRUE,0.0410887656657106,5000,3,10,"C1","none","superpopulation","facec"
107,"target_only",0.57010077100404,0.0188344959928904,-0.0151869763349262,TRUE,0.0738298676260583,5000,3,10,"C1","none","superpopulation","facec"
107,"sample_size",0.587854128009424,0.0211420141779504,0.00256638067045722,TRUE,0.0828751726988357,5000,3,10,"C1","none","superpopulation","facec"
107,"inverse_variance",0.587303914657245,0.0210875083291249,0.00201616731827903,TRUE,0.0826615136975462,5000,3,10,"C1","none","superpopulation","facec"
107,"federated_dr",0.574185778335164,0.012089495602339,-0.0111019690038028,TRUE,0.0473899519436796,5000,3,10,"C1","none","superpopulation","facec"
107,"pooled_dr",0.573469025829195,0.0124381823251643,-0.0118187215097714,TRUE,0.0487567787809293,5000,3,10,"C1","none","superpopulation","facec"
107,"tilted_aipw",0.569489683476597,0.0133006542197057,-0.0157980638623691,TRUE,0.0521376064828876,5000,3,10,"C1","none","superpopulation","facec"
107,"oracle_dr",0.579004722317869,0.0122481617704832,-0.00628302502109745,TRUE,0.0480119118939346,5000,3,10,"C1","none","superpopulation","facec"
108,"one_round_crossfit",0.584756808333028,0.0102091560011677,-0.000530939005938591,TRUE,0.0400191561496794,5000,3,10,"C1","none","superpopulation","facec"
108,"two_round_crossfit",0.584307469269908,0.0102167913692638,-0.000980278069058205,TRUE,0.0400490862426333,5000,3,10,"C1","none","superpopulation","facec"
108,"target_only",0.559461304771293,0.0183601083782212,-0.0258264425676736,TRUE,0.0719703023471312,5000,3,10,"C1","none","superpopulation","facec"
108,"sample_size",0.589683185555167,0.0203218979406435,0.00439543821620081,TRUE,0.0796603761223198,5000,3,10,"C1","none","superpopulation","facec"
108,"inverse_variance",0.590750585285693,0.0202365849939146,0.00546283794672675,TRUE,0.0793259555163126,5000,3,10,"C1","none","superpopulation","facec"
108,"federated_dr",0.586009705523945,0.0114623543366508,0.000721958184978222,TRUE,0.0449316033557443,5000,3,10,"C1","none","superpopulation","facec"
108,"pooled_dr",0.585417138148644,0.0120402172435804,0.000129390809677332,TRUE,0.0471967843269117,5000,3,10,"C1","none","superpopulation","facec"
108,"tilted_aipw",0.578620681298907,0.0123811832911947,-0.00666706604005984,TRUE,0.0485333466734612,5000,3,10,"C1","none","superpopulation","facec"
108,"oracle_dr",0.597110589097162,0.0122524088004867,0.0118228417581957,TRUE,0.0480285599456309,5000,3,10,"C1","none","superpopulation","facec"
109,"one_round_crossfit",0.591965284587058,0.0100759853634457,0.00667753724809128,TRUE,0.0394971368422126,5000,3,10,"C1","none","superpopulation","facec"
109,"two_round_crossfit",0.592713614103665,0.0101868434259626,0.00742586676469859,TRUE,0.0399316924620707,5000,3,10,"C1","none","superpopulation","facec"
109,"target_only",0.582573448136776,0.0180828186947486,-0.00271429920219035,TRUE,0.0708833467613497,5000,3,10,"C1","none","superpopulation","facec"
109,"sample_size",0.6024117541322,0.0201915849918973,0.0171240067932337,TRUE,0.0791495587497963,5000,3,10,"C1","none","superpopulation","facec"
109,"inverse_variance",0.601998025022856,0.0201295650771067,0.0167102776838901,TRUE,0.0789064451511687,5000,3,10,"C1","none","superpopulation","facec"
109,"federated_dr",0.595292171502836,0.0114720541853547,0.0100044241638692,TRUE,0.0449696260639745,5000,3,10,"C1","none","superpopulation","facec"
109,"pooled_dr",0.592598302793623,0.0121935627000586,0.00731055545465675,TRUE,0.0477978874706917,5000,3,10,"C1","none","superpopulation","facec"
109,"tilted_aipw",0.600644353751184,0.0125495601441547,0.015356606412218,TRUE,0.0491933718087252,5000,3,10,"C1","none","superpopulation","facec"
109,"oracle_dr",0.594874888532842,0.0122707003491407,0.00958714119387527,TRUE,0.0481002614987975,5000,3,10,"C1","none","superpopulation","facec"
110,"one_round_crossfit",0.581075044903161,0.0102484170645567,-0.00421270243580585,TRUE,0.0401730566901539,5000,3,10,"C1","none","superpopulation","facec"
110,"two_round_crossfit",0.580206278079804,0.010304552742467,-0.00508146925916264,TRUE,0.0403931045040578,5000,3,10,"C1","none","superpopulation","facec"
110,"target_only",0.599799761879844,0.0185386385205122,0.0145120145408777,TRUE,0.0726701276452215,5000,3,10,"C1","none","superpopulation","facec"
110,"sample_size",0.582564586789276,0.0099305627249625,-0.00272316054969035,TRUE,0.0389270905742849,5000,3,10,"C1","none","superpopulation","facec"
110,"inverse_variance",0.583270891288674,0.0119199751086198,-0.00201685605029189,TRUE,0.0467254438190177,5000,3,10,"C1","none","superpopulation","facec"
110,"federated_dr",0.580209414945356,0.0116917990351716,-0.00507833239361033,TRUE,0.0458310100468329,5000,3,10,"C1","none","superpopulation","facec"
110,"pooled_dr",0.581399454467725,0.0122434270986515,-0.00388829287124171,TRUE,0.0479933523213971,5000,3,10,"C1","none","superpopulation","facec"
110,"tilted_aipw",0.576486884942215,0.0130026129320795,-0.00880086239675182,TRUE,0.0509693061035812,5000,3,10,"C1","none","superpopulation","facec"
110,"oracle_dr",0.580705847633328,0.0123804860821259,-0.00458189970563883,TRUE,0.0485306136641321,5000,3,10,"C1","none","superpopulation","facec"
111,"one_round_crossfit",0.597672507887316,0.0102527303130092,0.0123847605483494,TRUE,0.0401899643134003,5000,3,10,"C1","none","superpopulation","facec"
111,"two_round_crossfit",0.595548797615937,0.0103219542944363,0.0102610502769704,TRUE,0.0404613173343271,5000,3,10,"C1","none","superpopulation","facec"
111,"target_only",0.580119180354893,0.0187025919227977,-0.0051685669840732,TRUE,0.0733128131724663,5000,3,10,"C1","none","superpopulation","facec"
111,"sample_size",0.605185340294781,0.019425058846526,0.0198975929558144,TRUE,0.0761448314735242,5000,3,10,"C1","none","superpopulation","facec"
111,"inverse_variance",0.604719311958305,0.0193767614927783,0.0194315646193388,TRUE,0.0759555093257362,5000,3,10,"C1","none","superpopulation","facec"
111,"federated_dr",0.594985361635668,0.0116640618475412,0.00969761429670191,TRUE,0.0457222822692571,5000,3,10,"C1","none","superpopulation","facec"
111,"pooled_dr",0.592151916715325,0.0120097115642634,0.00686416937635859,TRUE,0.0470772042613408,5000,3,10,"C1","none","superpopulation","facec"
111,"tilted_aipw",0.595846992299364,0.0128016074840957,0.0105592449603975,TRUE,0.0501813792260917,5000,3,10,"C1","none","superpopulation","facec"
111,"oracle_dr",0.598015729676685,0.012290768188423,0.0127279823377184,TRUE,0.0481789259832794,5000,3,10,"C1","none","superpopulation","facec"
112,"one_round_crossfit",0.587210562662752,0.0102634001286372,0.00192281532378547,TRUE,0.0402317892221054,5000,3,10,"C1","none","superpopulation","facec"
112,"two_round_crossfit",0.587206271862781,0.0102680067506767,0.00191852452381469,TRUE,0.0402498468486812,5000,3,10,"C1","none","superpopulation","facec"
112,"target_only",0.57610196998982,0.0189576814420427,-0.00918577734914661,TRUE,0.0743127457135742,5000,3,10,"C1","none","superpopulation","facec"
112,"sample_size",0.599489347669997,0.0280431613576218,0.0142016003310308,TRUE,0.109927172547168,5000,3,10,"C1","none","superpopulation","facec"
112,"inverse_variance",0.598262277593528,0.0279571523997008,0.0129745302545614,TRUE,0.109590023627422,5000,3,10,"C1","none","superpopulation","facec"
112,"federated_dr",0.589143839804639,0.0117455437542868,0.00385609246567242,TRUE,0.046041685474483,5000,3,10,"C1","none","superpopulation","facec"
112,"pooled_dr",0.587825018311831,0.0121140030541908,0.00253727097286449,TRUE,0.0474860193896443,5000,3,10,"C1","none","superpopulation","facec"
112,"tilted_aipw",0.593951139903323,0.0129176800310558,0.008663392564357,TRUE,0.0506363752493633,5000,3,10,"C1","none","superpopulation","facec"
112,"oracle_dr",0.59019093448302,0.0123046870448416,0.00490318714405324,TRUE,0.048233486897852,5000,3,10,"C1","none","superpopulation","facec"
113,"one_round_crossfit",0.586661695602577,0.0103692805405569,0.00137394826361092,TRUE,0.0406468328101672,5000,3,10,"C1","none","superpopulation","facec"
113,"two_round_crossfit",0.587650427788116,0.0103528383996031,0.00236268044914945,TRUE,0.0405823808019707,5000,3,10,"C1","none","superpopulation","facec"
113,"target_only",0.591572527465881,0.0180633557570724,0.0062847801269148,TRUE,0.0708070534475924,5000,3,10,"C1","none","superpopulation","facec"
113,"sample_size",0.601331433389831,0.0133388448580505,0.0160436860508641,TRUE,0.0522873110342927,5000,3,10,"C1","none","superpopulation","facec"
113,"inverse_variance",0.601557725165745,0.0150877031644191,0.016269977826779,TRUE,0.0591427096233847,5000,3,10,"C1","none","superpopulation","facec"
113,"federated_dr",0.586364951698745,0.0120569012688854,0.00107720435977909,TRUE,0.0472621845043415,5000,3,10,"C1","none","superpopulation","facec"
113,"pooled_dr",0.587066604858873,0.0129748254936219,0.0017788575199067,TRUE,0.0508603813463819,5000,3,10,"C1","none","superpopulation","facec"
113,"tilted_aipw",0.581897546122754,0.0135923942552354,-0.00339020121621214,TRUE,0.0532812064078609,5000,3,10,"C1","none","superpopulation","facec"
113,"oracle_dr",0.580437630979598,0.0123804943636486,-0.00485011635936838,TRUE,0.0485306461271049,5000,3,10,"C1","none","superpopulation","facec"
114,"one_round_crossfit",0.583843117438982,0.010510871206839,-0.00144462989998417,TRUE,0.0412018580230871,5000,3,10,"C1","none","superpopulation","facec"
114,"two_round_crossfit",0.587004097853855,0.0104611826465747,0.00171635051488894,TRUE,0.0410070824459634,5000,3,10,"C1","none","superpopulation","facec"
114,"target_only",0.589373194417594,0.0192534582259032,0.0040854470786279,TRUE,0.0754721694012335,5000,3,10,"C1","none","superpopulation","facec"
114,"sample_size",0.603387453768034,0.0177010177549243,0.0180997064290678,TRUE,0.0693867145787113,5000,3,10,"C1","none","superpopulation","facec"
114,"inverse_variance",0.602671320565467,0.0180579743021804,0.017383573226501,TRUE,0.0707859585320467,5000,3,10,"C1","none","superpopulation","facec"
114,"federated_dr",0.585915325156487,0.0119197696066419,0.000627577817521097,TRUE,0.0467246382660664,5000,3,10,"C1","none","superpopulation","facec"
114,"pooled_dr",0.582024161370259,0.0121801289674767,-0.00326358596870735,TRUE,0.0477452282066149,5000,3,10,"C1","none","superpopulation","facec"
114,"tilted_aipw",0.578878979368413,0.0130824471814689,-0.00640876797055334,TRUE,0.0512822506106529,5000,3,10,"C1","none","superpopulation","facec"
114,"oracle_dr",0.584154799627102,0.0124292588213578,-0.0011329477118639,TRUE,0.0487217992887761,5000,3,10,"C1","none","superpopulation","facec"
115,"one_round_crossfit",0.599372535642201,0.0101201791305651,0.0140847883032346,TRUE,0.0396703732260029,5000,3,10,"C1","none","superpopulation","facec"
115,"two_round_crossfit",0.598026968977297,0.0102060933351651,0.0127392216383304,TRUE,0.0400071507195559,5000,3,10,"C1","none","superpopulation","facec"
115,"target_only",0.572625779376982,0.0182198226965091,-0.0126619679619845,TRUE,0.0714203925797263,5000,3,10,"C1","none","superpopulation","facec"
115,"sample_size",0.60704921628754,0.0255739629803202,0.021761468948574,TRUE,0.100248092766776,5000,3,10,"C1","none","superpopulation","facec"
115,"inverse_variance",0.606771689907066,0.0254890864694411,0.0214839425680993,TRUE,0.0999153829578636,5000,3,10,"C1","none","superpopulation","facec"
115,"federated_dr",0.596936864454948,0.0115266049662719,0.0116491171159812,TRUE,0.0451834611958268,5000,3,10,"C1","none","superpopulation","facec"
115,"pooled_dr",0.597533816056209,0.0120580038875011,0.0122460687172423,TRUE,0.0472665066898923,5000,3,10,"C1","none","superpopulation","facec"
115,"tilted_aipw",0.597500476338322,0.0124292667408561,0.0122127289993554,TRUE,0.0487218303326389,5000,3,10,"C1","none","superpopulation","facec"
115,"oracle_dr",0.599462237687085,0.0122275014475025,0.0141744903481186,TRUE,0.0479309249160327,5000,3,10,"C1","none","superpopulation","facec"
116,"one_round_crossfit",0.597936605207715,0.0103539796300033,0.0126488578687486,TRUE,0.0405868543429357,5000,3,10,"C1","none","superpopulation","facec"
116,"two_round_crossfit",0.597945482481514,0.0104487335469723,0.0126577351425474,TRUE,0.0409582828722423,5000,3,10,"C1","none","superpopulation","facec"
116,"target_only",0.588628999773209,0.0178874878121317,0.00334125243424233,TRUE,0.0701176637713545,5000,3,10,"C1","none","superpopulation","facec"
116,"sample_size",0.617993834834053,0.0274071301396369,0.0327060874950869,TRUE,0.107433975986581,5000,3,10,"C1","none","superpopulation","facec"
116,"inverse_variance",0.616652246479413,0.0272660149534125,0.0313644991404467,TRUE,0.106880814621238,5000,3,10,"C1","none","superpopulation","facec"
116,"federated_dr",0.599191011023373,0.0118247840490609,0.0139032636844066,TRUE,0.046352301722246,5000,3,10,"C1","none","superpopulation","facec"
116,"pooled_dr",0.601503585204902,0.0123373968663144,0.0162158378659357,TRUE,0.0483617070419069,5000,3,10,"C1","none","superpopulation","facec"
116,"tilted_aipw",0.595290785588531,0.0129353531114117,0.0100030382495642,TRUE,0.0507056524513503,5000,3,10,"C1","none","superpopulation","facec"
116,"oracle_dr",0.600949724055833,0.0120005886437571,0.0156619767168671,TRUE,0.0470414430700885,5000,3,10,"C1","none","superpopulation","facec"
117,"one_round_crossfit",0.586588102911747,0.010341280813235,0.00130035557278085,TRUE,0.0405370758959114,5000,3,10,"C1","none","superpopulation","facec"
117,"two_round_crossfit",0.587038648340384,0.0103740420088933,0.00175090100141762,TRUE,0.0406654974230729,5000,3,10,"C1","none","superpopulation","facec"
117,"target_only",0.585338134023696,0.0183168039745845,5.03866847293422e-05,TRUE,0.0718005522041316,5000,3,10,"C1","none","superpopulation","facec"
117,"sample_size",0.60243659765997,0.0210299856482267,0.0171488503210039,TRUE,0.0824360289318371,5000,3,10,"C1","none","superpopulation","facec"
117,"inverse_variance",0.601748131560924,0.0209732766291877,0.0164603842219578,TRUE,0.082213733662007,5000,3,10,"C1","none","superpopulation","facec"
117,"federated_dr",0.587700898351625,0.0114053247340122,0.00241315101265815,TRUE,0.0447080514212956,5000,3,10,"C1","none","superpopulation","facec"
117,"pooled_dr",0.589298227860478,0.0117618777168947,0.00401048052151176,TRUE,0.0461057134313556,5000,3,10,"C1","none","superpopulation","facec"
117,"tilted_aipw",0.58518660167976,0.0124155407052804,-0.000101145659205937,TRUE,0.0486680252618812,5000,3,10,"C1","none","superpopulation","facec"
117,"oracle_dr",0.581124817989474,0.0124134611356606,-0.00416292934949203,TRUE,0.0486598734987651,5000,3,10,"C1","none","superpopulation","facec"
118,"one_round_crossfit",0.592328379471041,0.0101950451780765,0.00704063213207506,TRUE,0.0399638427395772,5000,3,10,"C1","none","superpopulation","facec"
118,"two_round_crossfit",0.592511689697825,0.0102947091275585,0.00722394235885815,TRUE,0.0403545182426608,5000,3,10,"C1","none","superpopulation","facec"
118,"target_only",0.614336850814672,0.018143908281862,0.0290491034757053,TRUE,0.0711228135424948,5000,3,10,"C1","none","superpopulation","facec"
118,"sample_size",0.597835244298239,0.0124744757709903,0.0125474969592723,TRUE,0.0488990464743171,5000,3,10,"C1","none","superpopulation","facec"
118,"inverse_variance",0.597300038696994,0.0144902301222544,0.0120122913580272,TRUE,0.0568006583346321,5000,3,10,"C1","none","superpopulation","facec"
118,"federated_dr",0.592560515676655,0.0117344400243222,0.00727276833768853,TRUE,0.0459981596528338,5000,3,10,"C1","none","superpopulation","facec"
118,"pooled_dr",0.591836626592489,0.012199813195803,0.00654887925352221,TRUE,0.0478223889637808,5000,3,10,"C1","none","superpopulation","facec"
118,"tilted_aipw",0.595137875597621,0.0129135361204315,0.0098501282586545,TRUE,0.0506201314182058,5000,3,10,"C1","none","superpopulation","facec"
118,"oracle_dr",0.584144117029703,0.0122443924067295,-0.00114363030926368,TRUE,0.0479971362595308,5000,3,10,"C1","none","superpopulation","facec"
119,"one_round_crossfit",0.589299678950291,0.0102739523812568,0.00401193161132485,TRUE,0.0402731532922858,5000,3,10,"C1","none","superpopulation","facec"
119,"two_round_crossfit",0.58811829872362,0.0102399224174554,0.0028305513846536,TRUE,0.0401397582853937,5000,3,10,"C1","none","superpopulation","facec"
119,"target_only",0.571970995531318,0.0184736585368379,-0.0133167518076485,TRUE,0.0724154107897863,5000,3,10,"C1","none","superpopulation","facec"
119,"sample_size",0.602232101390909,0.0208894472847163,0.0169443540519425,TRUE,0.0818851286699842,5000,3,10,"C1","none","superpopulation","facec"
119,"inverse_variance",0.601815646277355,0.0208311639026487,0.016527898938389,TRUE,0.0816566620104844,5000,3,10,"C1","none","superpopulation","facec"
119,"federated_dr",0.59059039930151,0.0121826936829206,0.0053026519625432,TRUE,0.047755281706416,5000,3,10,"C1","none","superpopulation","facec"
119,"pooled_dr",0.590455217489115,0.0125136462552299,0.00516747015014829,TRUE,0.0490525919510505,5000,3,10,"C1","none","superpopulation","facec"
119,"tilted_aipw",0.589086366278856,0.0145290853889429,0.00379861893988998,TRUE,0.0569529681812704,5000,3,10,"C1","none","superpopulation","facec"
119,"oracle_dr",0.592348027959193,0.0125481667846749,0.00706028062022646,TRUE,0.0491879099399291,5000,3,10,"C1","none","superpopulation","facec"
120,"one_round_crossfit",0.586832576388407,0.0101377971564424,0.00154482904944075,TRUE,0.0397394346183995,5000,3,10,"C1","none","superpopulation","facec"
120,"two_round_crossfit",0.58607769084677,0.0101650294707765,0.000789943507804036,TRUE,0.0398461833290205,5000,3,10,"C1","none","superpopulation","facec"
120,"target_only",0.539838968335495,0.0184455289246009,-0.0454487790034712,FALSE,0.072305144736019,5000,3,10,"C1","none","superpopulation","facec"
120,"sample_size",0.597738817519213,0.0247880502891996,0.0124510701802466,TRUE,0.0971673716275978,5000,3,10,"C1","none","superpopulation","facec"
120,"inverse_variance",0.600321235562604,0.0246285317047324,0.0150334882236377,TRUE,0.0965420702667568,5000,3,10,"C1","none","superpopulation","facec"
120,"federated_dr",0.585623681641544,0.0110907038285279,0.000335934302577612,TRUE,0.0434747601342305,5000,3,10,"C1","none","superpopulation","facec"
120,"pooled_dr",0.587976030754802,0.0114998486994472,0.00268828341583527,TRUE,0.0450785785571526,5000,3,10,"C1","none","superpopulation","facec"
120,"tilted_aipw",0.579674278411678,0.0121301301138623,-0.00561346892728809,TRUE,0.0475492363019099,5000,3,10,"C1","none","superpopulation","facec"
120,"oracle_dr",0.590402680799543,0.0123748377032243,0.00511493346057668,TRUE,0.0485084724256959,5000,3,10,"C1","none","superpopulation","facec"
121,"one_round_crossfit",0.587659757049394,0.0100778724715479,0.0023720097104275,TRUE,0.0395045341700433,5000,3,10,"C1","none","superpopulation","facec"
121,"two_round_crossfit",0.59252468637533,0.010094569394148,0.00723693903636358,TRUE,0.0395699849039408,5000,3,10,"C1","none","superpopulation","facec"
121,"target_only",0.593588010608692,0.0178648136010778,0.00830026326972555,TRUE,0.0700287824972678,5000,3,10,"C1","none","superpopulation","facec"
121,"sample_size",0.599614235932689,0.0162426241509724,0.0143264885937222,TRUE,0.0636699167006529,5000,3,10,"C1","none","superpopulation","facec"
121,"inverse_variance",0.598809275683246,0.0171992384524545,0.01352152834428,TRUE,0.0674197758566546,5000,3,10,"C1","none","superpopulation","facec"
121,"federated_dr",0.591354616804012,0.0114815412986734,0.00606686946504598,TRUE,0.0450068148648184,5000,3,10,"C1","none","superpopulation","facec"
121,"pooled_dr",0.591657862263302,0.0118484766238557,0.0063701149243357,TRUE,0.0464451749088439,5000,3,10,"C1","none","superpopulation","facec"
121,"tilted_aipw",0.58106865595414,0.012622064353862,-0.00421909138482612,TRUE,0.0494775830882326,5000,3,10,"C1","none","superpopulation","facec"
121,"oracle_dr",0.592012857348383,0.0126009252483127,0.00672511000941667,TRUE,0.0493947193171489,5000,3,10,"C1","none","superpopulation","facec"
122,"one_round_crossfit",0.590423165209847,0.0102926365116239,0.00513541787088057,TRUE,0.0403463937374897,5000,3,10,"C1","none","superpopulation","facec"
122,"two_round_crossfit",0.589636609789458,0.0103472863009321,0.00434886245049126,TRUE,0.0405606169751032,5000,3,10,"C1","none","superpopulation","facec"
122,"target_only",0.587458809781413,0.0182961654093228,0.00217106244244669,TRUE,0.0717196505149205,5000,3,10,"C1","none","superpopulation","facec"
122,"sample_size",0.605678602600528,0.0119002413371973,0.0203908552615619,TRUE,0.0466480888564829,5000,3,10,"C1","none","superpopulation","facec"
122,"inverse_variance",0.606392043210515,0.0141439306746112,0.0211042958715483,TRUE,0.0554431894441387,5000,3,10,"C1","none","superpopulation","facec"
122,"federated_dr",0.590632072520988,0.0118184579823002,0.00534432518202133,TRUE,0.0463275039962165,5000,3,10,"C1","none","superpopulation","facec"
122,"pooled_dr",0.588303862495461,0.0123927973706932,0.00301611515649458,TRUE,0.0485788730285226,5000,3,10,"C1","none","superpopulation","facec"
122,"tilted_aipw",0.584838498472686,0.01281070721697,-0.000449248866280394,TRUE,0.0502170495234973,5000,3,10,"C1","none","superpopulation","facec"
122,"oracle_dr",0.586144761548485,0.0121690860263016,0.000857014209519003,TRUE,0.0477019406726413,5000,3,10,"C1","none","superpopulation","facec"
123,"one_round_crossfit",0.616396786518984,0.0102417493028454,0.0311090391800173,FALSE,0.0401469195445303,5000,3,10,"C1","none","superpopulation","facec"
123,"two_round_crossfit",0.613819377739232,0.0101743214703143,0.0285316304002656,FALSE,0.0398826072978971,5000,3,10,"C1","none","superpopulation","facec"
123,"target_only",0.619106626120064,0.0182897080242403,0.0338188787810971,TRUE,0.0716943380305286,5000,3,10,"C1","none","superpopulation","facec"
123,"sample_size",0.618939331731869,0.0108043969871409,0.0336515843929026,FALSE,0.0423524579389383,5000,3,10,"C1","none","superpopulation","facec"
123,"inverse_variance",0.61938978207952,0.0133592134687882,0.0341020347405536,FALSE,0.0523671545212145,5000,3,10,"C1","none","superpopulation","facec"
123,"federated_dr",0.618434345072935,0.0118107159713982,0.0331465977339686,FALSE,0.0462971558711449,5000,3,10,"C1","none","superpopulation","facec"
123,"pooled_dr",0.614271178663835,0.0126939797289141,0.0289834313248685,FALSE,0.0497594861783062,5000,3,10,"C1","none","superpopulation","facec"
123,"tilted_aipw",0.621990566781856,0.0128469821666361,0.03670281944289,FALSE,0.0503592447132701,5000,3,10,"C1","none","superpopulation","facec"
123,"oracle_dr",0.603993341638924,0.012142487046227,0.0187055942999581,TRUE,0.0475976745866982,5000,3,10,"C1","none","superpopulation","facec"
124,"one_round_crossfit",0.591754376099403,0.0102419230619371,0.00646662876043624,TRUE,0.0401476006676538,5000,3,10,"C1","none","superpopulation","facec"
124,"two_round_crossfit",0.592286586912087,0.0102431418243806,0.00699883957312053,TRUE,0.0401523781286437,5000,3,10,"C1","none","superpopulation","facec"
124,"target_only",0.633833745687491,0.0177055598350543,0.048545998348525,FALSE,0.0694045192056507,5000,3,10,"C1","none","superpopulation","facec"
124,"sample_size",0.605328418950987,0.0146149016624001,0.0200406716120202,TRUE,0.0572893617917978,5000,3,10,"C1","none","superpopulation","facec"
124,"inverse_variance",0.60469419629062,0.0159935409055211,0.0194064489516539,TRUE,0.0626935283201788,5000,3,10,"C1","none","superpopulation","facec"
124,"federated_dr",0.593480538627374,0.0114736971315352,0.00819279128840722,TRUE,0.044976066294659,5000,3,10,"C1","none","superpopulation","facec"
124,"pooled_dr",0.59471685755132,0.0120919731314735,0.00942911021235349,TRUE,0.0473996636794283,5000,3,10,"C1","none","superpopulation","facec"
124,"tilted_aipw",0.579281045040497,0.0128676547418105,-0.00600670229846978,TRUE,0.0504402797188892,5000,3,10,"C1","none","superpopulation","facec"
124,"oracle_dr",0.582090946997751,0.0123205086379878,-0.0031968003412155,TRUE,0.0482955064033415,5000,3,10,"C1","none","superpopulation","facec"
125,"one_round_crossfit",0.582356853695171,0.0101983132651068,-0.00293089364379528,TRUE,0.039976653405333,5000,3,10,"C1","none","superpopulation","facec"
125,"two_round_crossfit",0.582853356331108,0.0102561906529921,-0.00243439100785803,TRUE,0.0402035285968818,5000,3,10,"C1","none","superpopulation","facec"
125,"target_only",0.580555277944426,0.017633657468375,-0.00473246939454075,TRUE,0.0691226671074616,5000,3,10,"C1","none","superpopulation","facec"
125,"sample_size",0.597917972772021,0.0240265626964377,0.0126302254330544,TRUE,0.0941823951146228,5000,3,10,"C1","none","superpopulation","facec"
125,"inverse_variance",0.59700119910976,0.0239016658154165,0.0117134517707939,TRUE,0.0936928083374571,5000,3,10,"C1","none","superpopulation","facec"
125,"federated_dr",0.582312673776905,0.0114668002609259,-0.00297507356206095,TRUE,0.0449490310586584,5000,3,10,"C1","none","superpopulation","facec"
125,"pooled_dr",0.585330001727999,0.0120971035480669,4.22543890324922e-05,TRUE,0.0474197745429257,5000,3,10,"C1","none","superpopulation","facec"
125,"tilted_aipw",0.582581265837506,0.0125039542049467,-0.00270648150146013,TRUE,0.0490145998120672,5000,3,10,"C1","none","superpopulation","facec"
125,"oracle_dr",0.588836855389421,0.0124860505292543,0.00354910805045483,TRUE,0.0489444186929715,5000,3,10,"C1","none","superpopulation","facec"
126,"one_round_crossfit",0.590431212128166,0.0101119172143679,0.00514346478920003,TRUE,0.0396379871096233,5000,3,10,"C1","none","superpopulation","facec"
126,"two_round_crossfit",0.590773665209638,0.0103002624307477,0.00548591787067121,TRUE,0.040376286791153,5000,3,10,"C1","none","superpopulation","facec"
126,"target_only",0.581522813510601,0.018036969018692,-0.00376493382836585,TRUE,0.070703619333802,5000,3,10,"C1","none","superpopulation","facec"
126,"sample_size",0.597030056249743,0.0321724169506531,0.011742308910777,TRUE,0.126113557037772,5000,3,10,"C1","none","superpopulation","facec"
126,"inverse_variance",0.595511464014341,0.0320233790143007,0.0102237166753743,TRUE,0.12552933906261,5000,3,10,"C1","none","superpopulation","facec"
126,"federated_dr",0.591162485337446,0.0113768241226262,0.00587473799848004,TRUE,0.0445963310775879,5000,3,10,"C1","none","superpopulation","facec"
126,"pooled_dr",0.593300220310245,0.0118200437730641,0.00801247297127816,TRUE,0.0463337201817851,5000,3,10,"C1","none","superpopulation","facec"
126,"tilted_aipw",0.587761707069366,0.0127899103397163,0.00247395973039932,TRUE,0.0501355272626807,5000,3,10,"C1","none","superpopulation","facec"
126,"oracle_dr",0.591811077105011,0.0125363460098616,0.00652332976604497,TRUE,0.0491415733541223,5000,3,10,"C1","none","superpopulation","facec"
127,"one_round_crossfit",0.595604769147731,0.0103466504763421,0.0103170218087643,TRUE,0.0405581245885096,5000,3,10,"C1","none","superpopulation","facec"
127,"two_round_crossfit",0.595755396130695,0.0104769484446809,0.0104676487917282,TRUE,0.0410688832389152,5000,3,10,"C1","none","superpopulation","facec"
127,"target_only",0.593574807378335,0.0182600685796014,0.00828706003936897,TRUE,0.0715781535425004,5000,3,10,"C1","none","superpopulation","facec"
127,"sample_size",0.60652659444669,0.0186770712257006,0.0212388471077234,TRUE,0.073212773878125,5000,3,10,"C1","none","superpopulation","facec"
127,"inverse_variance",0.605868533474971,0.0187786406788763,0.0205807861360051,TRUE,0.0736109188184324,5000,3,10,"C1","none","superpopulation","facec"
127,"federated_dr",0.596281132838758,0.0116124031787346,0.0109933854997917,TRUE,0.0455197840085564,5000,3,10,"C1","none","superpopulation","facec"
127,"pooled_dr",0.599023718407683,0.0119619348044221,0.0137359710687164,TRUE,0.046889922804167,5000,3,10,"C1","none","superpopulation","facec"
127,"tilted_aipw",0.592479342510385,0.0127778116725629,0.00719159517141887,TRUE,0.0500881013589176,5000,3,10,"C1","none","superpopulation","facec"
127,"oracle_dr",0.600326875415113,0.0120390098800566,0.0150391280761466,TRUE,0.0471920515488655,5000,3,10,"C1","none","superpopulation","facec"
128,"one_round_crossfit",0.584044217225792,0.0102997243176108,-0.00124353011317413,TRUE,0.0403741774264172,5000,3,10,"C1","none","superpopulation","facec"
128,"two_round_crossfit",0.584943217152295,0.0103401180127574,-0.000344530186671577,TRUE,0.040532517801797,5000,3,10,"C1","none","superpopulation","facec"
128,"target_only",0.561029067900259,0.0181222956173143,-0.024258679438707,TRUE,0.0710380934542483,5000,3,10,"C1","none","superpopulation","facec"
128,"sample_size",0.598406309862919,0.0212580022817606,0.0131185625239523,TRUE,0.0833298377110421,5000,3,10,"C1","none","superpopulation","facec"
128,"inverse_variance",0.598886076743255,0.0211932980394862,0.0135983294042885,TRUE,0.0830762017420326,5000,3,10,"C1","none","superpopulation","facec"
128,"federated_dr",0.58019366124996,0.011764273479328,-0.0050940860890063,TRUE,0.0461151046475252,5000,3,10,"C1","none","superpopulation","facec"
128,"pooled_dr",0.582511523178444,0.0122587803572834,-0.00277622416052192,TRUE,0.0480535359893248,5000,3,10,"C1","none","superpopulation","facec"
128,"tilted_aipw",0.57957502059572,0.0128001967539912,-0.00571272674324663,TRUE,0.0501758492656985,5000,3,10,"C1","none","superpopulation","facec"
128,"oracle_dr",0.588611543668925,0.0120929854752594,0.00332379632995905,TRUE,0.0474036319941487,5000,3,10,"C1","none","superpopulation","facec"
129,"one_round_crossfit",0.575066820376032,0.0104465241740793,-0.0102209269629348,TRUE,0.0409496222896448,5000,3,10,"C1","none","superpopulation","facec"
129,"two_round_crossfit",0.571305779624871,0.0104370886204628,-0.0139819677140954,TRUE,0.0409126355991198,5000,3,10,"C1","none","superpopulation","facec"
129,"target_only",0.544683694507487,0.0181100309992322,-0.0406040528314796,FALSE,0.0709900170347981,5000,3,10,"C1","none","superpopulation","facec"
129,"sample_size",0.584154313353733,0.0216995109388937,-0.00113343398523313,TRUE,0.0850605198447294,5000,3,10,"C1","none","superpopulation","facec"
129,"inverse_variance",0.584581180679123,0.0216031790149845,-0.000706566659843033,TRUE,0.0846829056418823,5000,3,10,"C1","none","superpopulation","facec"
129,"federated_dr",0.572979560242321,0.0117995635584762,-0.0123081870966454,TRUE,0.0462534392158094,5000,3,10,"C1","none","superpopulation","facec"
129,"pooled_dr",0.570355141370528,0.0125572268054183,-0.014932605968438,TRUE,0.0492234245686416,5000,3,10,"C1","none","superpopulation","facec"
129,"tilted_aipw",0.569875469843496,0.0126891840105826,-0.0154122774954704,TRUE,0.0497406873078867,5000,3,10,"C1","none","superpopulation","facec"
129,"oracle_dr",0.583378485784708,0.0122298301693753,-0.00190926155425819,TRUE,0.0479400533380339,5000,3,10,"C1","none","superpopulation","facec"
130,"one_round_crossfit",0.580701425464554,0.0102630667673076,-0.00458632187441288,TRUE,0.0402304824697057,5000,3,10,"C1","none","superpopulation","facec"
130,"two_round_crossfit",0.580883875233313,0.0103618773538144,-0.00440387210565352,TRUE,0.0406178128513948,5000,3,10,"C1","none","superpopulation","facec"
130,"target_only",0.563164672077278,0.0184260073549515,-0.0221230752616882,TRUE,0.0722286215891501,5000,3,10,"C1","none","superpopulation","facec"
130,"sample_size",0.594545629045871,0.0241446324279876,0.00925788170690423,TRUE,0.0946452199576273,5000,3,10,"C1","none","superpopulation","facec"
130,"inverse_variance",0.594278258553666,0.0240337777897243,0.0089905112146994,TRUE,0.0942106777605967,5000,3,10,"C1","none","superpopulation","facec"
130,"federated_dr",0.580822062027983,0.0115300687016537,-0.00446568531098313,TRUE,0.0451970387890275,5000,3,10,"C1","none","superpopulation","facec"
130,"pooled_dr",0.582175920263249,0.0119244526799108,-0.00311182707571711,TRUE,0.0467429955759546,5000,3,10,"C1","none","superpopulation","facec"
130,"tilted_aipw",0.576148778778416,0.0123876639660796,-0.00913896856055074,TRUE,0.0485587504522014,5000,3,10,"C1","none","superpopulation","facec"
130,"oracle_dr",0.589617919794134,0.0122417277560594,0.00433017245516798,TRUE,0.0479866910208415,5000,3,10,"C1","none","superpopulation","facec"
131,"one_round_crossfit",0.586798639531392,0.0104372233452815,0.00151089219242551,TRUE,0.0409131637107047,5000,3,10,"C1","none","superpopulation","facec"
131,"two_round_crossfit",0.58772964648771,0.010484345886964,0.00244189914874338,TRUE,0.0410978806798201,5000,3,10,"C1","none","superpopulation","facec"
131,"target_only",0.594772221943594,0.0186082842265447,0.00948447460462754,TRUE,0.072943133796225,5000,3,10,"C1","none","superpopulation","facec"
131,"sample_size",0.598502570648533,0.0169374758571663,0.013214823309567,TRUE,0.0663936853381253,5000,3,10,"C1","none","superpopulation","facec"
131,"inverse_variance",0.597674881825999,0.0176715449627761,0.0123871344870331,TRUE,0.0692711833564426,5000,3,10,"C1","none","superpopulation","facec"
131,"federated_dr",0.588219383097018,0.0120630628724193,0.00293163575805133,TRUE,0.0472863375463681,5000,3,10,"C1","none","superpopulation","facec"
131,"pooled_dr",0.592410084254888,0.0125434038386632,0.00712233691592112,TRUE,0.0491692395346426,5000,3,10,"C1","none","superpopulation","facec"
131,"tilted_aipw",0.581670965285793,0.0135246506778453,-0.0036167820531734,TRUE,0.0530156564641242,5000,3,10,"C1","none","superpopulation","facec"
131,"oracle_dr",0.592191051929527,0.0121720627626844,0.0069033045905611,TRUE,0.0477136092648451,5000,3,10,"C1","none","superpopulation","facec"
132,"one_round_crossfit",0.581301887128541,0.0105130981174714,-0.00398586021042513,TRUE,0.0412105873523596,5000,3,10,"C1","none","superpopulation","facec"
132,"two_round_crossfit",0.581713470455878,0.010525334381937,-0.00357427688308798,TRUE,0.0412585526276754,5000,3,10,"C1","none","superpopulation","facec"
132,"target_only",0.589017228498462,0.0181404724423296,0.0037294811594959,TRUE,0.0711093452990146,5000,3,10,"C1","none","superpopulation","facec"
132,"sample_size",0.595177888605876,0.0111874633218586,0.00989014126690924,TRUE,0.0438540503784113,5000,3,10,"C1","none","superpopulation","facec"
132,"inverse_variance",0.595525614790386,0.0139437384798871,0.0102378674514194,TRUE,0.0546584504608478,5000,3,10,"C1","none","superpopulation","facec"
132,"federated_dr",0.584550414972112,0.0113022552259797,-0.000737332366854249,TRUE,0.0443040263739998,5000,3,10,"C1","none","superpopulation","facec"
132,"pooled_dr",0.58553843274943,0.0117654062354028,0.000250685410463913,TRUE,0.0461195449697449,5000,3,10,"C1","none","superpopulation","facec"
132,"tilted_aipw",0.57231936442418,0.0125029575633188,-0.0129683829147862,TRUE,0.0490106930486751,5000,3,10,"C1","none","superpopulation","facec"
132,"oracle_dr",0.587640840234067,0.012110430266522,0.00235309289510022,TRUE,0.0474720143193337,5000,3,10,"C1","none","superpopulation","facec"
133,"one_round_crossfit",0.575671725912285,0.0104549533343422,-0.00961602142668105,TRUE,0.0409826639907154,5000,3,10,"C1","none","superpopulation","facec"
133,"two_round_crossfit",0.574352108470427,0.0104179773140256,-0.010935638868539,TRUE,0.040837720654491,5000,3,10,"C1","none","superpopulation","facec"
133,"target_only",0.554383317381814,0.0188529409193108,-0.0309044299571523,TRUE,0.0739021704090213,5000,3,10,"C1","none","superpopulation","facec"
133,"sample_size",0.588326297824429,0.017413231401634,0.0030385504854622,TRUE,0.0682586128033291,5000,3,10,"C1","none","superpopulation","facec"
133,"inverse_variance",0.588190610481781,0.01769693666117,0.00290286314281429,TRUE,0.0693707169851594,5000,3,10,"C1","none","superpopulation","facec"
133,"federated_dr",0.571472779299751,0.0117100375959025,-0.0138149680392158,TRUE,0.0459025038911576,5000,3,10,"C1","none","superpopulation","facec"
133,"pooled_dr",0.57072219672161,0.0121009507399162,-0.0145655506173568,TRUE,0.0474348552578581,5000,3,10,"C1","none","superpopulation","facec"
133,"tilted_aipw",0.561373611394743,0.0128865334957569,-0.0239141359442235,TRUE,0.0505142830745051,5000,3,10,"C1","none","superpopulation","facec"
133,"oracle_dr",0.581791216443768,0.0122202111399926,-0.00349653089519886,TRUE,0.0479023474357212,5000,3,10,"C1","none","superpopulation","facec"
134,"one_round_crossfit",0.585491078810658,0.0102718149904813,0.000203331471691159,TRUE,0.0402647748744038,5000,3,10,"C1","none","superpopulation","facec"
134,"two_round_crossfit",0.581646681251971,0.0100962732233216,-0.00364106608699555,TRUE,0.0395766637915731,5000,3,10,"C1","none","superpopulation","facec"
134,"target_only",0.577113904901739,0.0184847455205271,-0.00817384243722763,TRUE,0.0724588709672422,5000,3,10,"C1","none","superpopulation","facec"
134,"sample_size",0.591413832309599,0.0145753151246874,0.00612608497063261,TRUE,0.0571341854154186,5000,3,10,"C1","none","superpopulation","facec"
134,"inverse_variance",0.591584180680106,0.0158898152653504,0.00629643334113983,TRUE,0.062286931282163,5000,3,10,"C1","none","superpopulation","facec"
134,"federated_dr",0.584295382206267,0.0116260465389388,-0.000992365132699735,TRUE,0.0455732649978131,5000,3,10,"C1","none","superpopulation","facec"
134,"pooled_dr",0.583223503285346,0.0119467437661078,-0.00206424405362082,TRUE,0.0468303750281995,5000,3,10,"C1","none","superpopulation","facec"
134,"tilted_aipw",0.58706493190079,0.0128086711723942,0.00177718456182341,TRUE,0.0502090683754182,5000,3,10,"C1","none","superpopulation","facec"
134,"oracle_dr",0.585321720111555,0.0124646020288834,3.3972772589097e-05,TRUE,0.0488603421164728,5000,3,10,"C1","none","superpopulation","facec"
135,"one_round_crossfit",0.594031839062984,0.0103072000956717,0.00874409172401791,TRUE,0.0404034819379286,5000,3,10,"C1","none","superpopulation","facec"
135,"two_round_crossfit",0.594031749260934,0.0103752031173203,0.00874400192196767,TRUE,0.0406700488844709,5000,3,10,"C1","none","superpopulation","facec"
135,"target_only",0.612461910274207,0.0177865652514664,0.0271741629352407,TRUE,0.0697220546030917,5000,3,10,"C1","none","superpopulation","facec"
135,"sample_size",0.609638475075924,0.019710597821733,0.0243507277369576,TRUE,0.0772641236887008,5000,3,10,"C1","none","superpopulation","facec"
135,"inverse_variance",0.607522773670693,0.019722308327424,0.0222350263317268,TRUE,0.077310028027491,5000,3,10,"C1","none","superpopulation","facec"
135,"federated_dr",0.594032317999895,0.0120787484362542,0.00874457066092837,TRUE,0.0473478238267555,5000,3,10,"C1","none","superpopulation","facec"
135,"pooled_dr",0.594814560841702,0.0127647401772146,0.0095268135027361,TRUE,0.0500368620387039,5000,3,10,"C1","none","superpopulation","facec"
135,"tilted_aipw",0.593664328104198,0.0138287521334466,0.0083765807652314,TRUE,0.0542077122653735,5000,3,10,"C1","none","superpopulation","facec"
135,"oracle_dr",0.589941892354236,0.0121929936416474,0.00465414501526984,TRUE,0.0477956568027096,5000,3,10,"C1","none","superpopulation","facec"
136,"one_round_crossfit",0.568779652994077,0.0104456164841925,-0.0165080943448899,TRUE,0.0409460642106705,5000,3,10,"C1","none","superpopulation","facec"
136,"two_round_crossfit",0.567844623705448,0.0105322070521383,-0.0174431236335189,TRUE,0.0412854929998197,5000,3,10,"C1","none","superpopulation","facec"
136,"target_only",0.561171625956265,0.0190409464613142,-0.0241161213827009,TRUE,0.0746391385914622,5000,3,10,"C1","none","superpopulation","facec"
136,"sample_size",0.584145498679994,0.0178903596419761,-0.00114224865897272,TRUE,0.0701289211374843,5000,3,10,"C1","none","superpopulation","facec"
136,"inverse_variance",0.583512015746966,0.0182345443961175,-0.00177573159200084,TRUE,0.071478100581774,5000,3,10,"C1","none","superpopulation","facec"
136,"federated_dr",0.568818800693807,0.0117885256450958,-0.0164689466451593,TRUE,0.0462101713904293,5000,3,10,"C1","none","superpopulation","facec"
136,"pooled_dr",0.57084983246586,0.0120217679266877,-0.0144379148731065,TRUE,0.0471244643336133,5000,3,10,"C1","none","superpopulation","facec"
136,"tilted_aipw",0.565640255021702,0.013005977228224,-0.019647492317264,TRUE,0.0509824939021342,5000,3,10,"C1","none","superpopulation","facec"
136,"oracle_dr",0.578846948942756,0.0124701399184409,-0.00644079839620992,TRUE,0.0488820502446388,5000,3,10,"C1","none","superpopulation","facec"
137,"one_round_crossfit",0.589689327606005,0.0103280762956806,0.0044015802670383,TRUE,0.0404853151382318,5000,3,10,"C1","none","superpopulation","facec"
137,"two_round_crossfit",0.588591015757258,0.0103149266809927,0.00330326841829143,TRUE,0.0404337695958341,5000,3,10,"C1","none","superpopulation","facec"
137,"target_only",0.583944311040189,0.0182549275527812,-0.00134343629877764,TRUE,0.0715580010876782,5000,3,10,"C1","none","superpopulation","facec"
137,"sample_size",0.600558670376735,0.0142820209032202,0.0152709230377683,TRUE,0.0559844931935196,5000,3,10,"C1","none","superpopulation","facec"
137,"inverse_variance",0.600240337628252,0.0157063738588418,0.0149525902892852,TRUE,0.0615678541821028,5000,3,10,"C1","none","superpopulation","facec"
137,"federated_dr",0.588575699273877,0.0116103366388491,0.00328795193491038,TRUE,0.0455116833210603,5000,3,10,"C1","none","superpopulation","facec"
137,"pooled_dr",0.589248884580435,0.0119517957788699,0.00396113724146896,TRUE,0.0468501785543256,5000,3,10,"C1","none","superpopulation","facec"
137,"tilted_aipw",0.585117218973025,0.0126275525380303,-0.000170528365941558,TRUE,0.0494990963748534,5000,3,10,"C1","none","superpopulation","facec"
137,"oracle_dr",0.586627157391115,0.0122002087855382,0.00133941005214877,TRUE,0.0478239396470481,5000,3,10,"C1","none","superpopulation","facec"
138,"one_round_crossfit",0.594624211655822,0.0105256027739142,0.00933646431685531,TRUE,0.0412596047048932,5000,3,10,"C1","none","superpopulation","facec"
138,"two_round_crossfit",0.59524965241152,0.010650344938201,0.00996190507255357,TRUE,0.0417485850036048,5000,3,10,"C1","none","superpopulation","facec"
138,"target_only",0.602869038456345,0.0181226775641499,0.0175812911173788,TRUE,0.0710395906583317,5000,3,10,"C1","none","superpopulation","facec"
138,"sample_size",0.605107867972967,0.0199823297241776,0.019820120634001,TRUE,0.0783292931731845,5000,3,10,"C1","none","superpopulation","facec"
138,"inverse_variance",0.60393729547622,0.0199308465138042,0.0186495481372533,TRUE,0.0781274826969038,5000,3,10,"C1","none","superpopulation","facec"
138,"federated_dr",0.598003500253059,0.0116760992688774,0.0127157529140924,TRUE,0.0457694680938285,5000,3,10,"C1","none","superpopulation","facec"
138,"pooled_dr",0.596786645871866,0.0123117681829954,0.0114988985328998,TRUE,0.0482612444493542,5000,3,10,"C1","none","superpopulation","facec"
138,"tilted_aipw",0.596588150895557,0.0128697378484855,0.0113004035565909,TRUE,0.0504484453470073,5000,3,10,"C1","none","superpopulation","facec"
138,"oracle_dr",0.586078287700002,0.0121103948823652,0.000790540361035985,TRUE,0.047471875615988,5000,3,10,"C1","none","superpopulation","facec"
139,"one_round_crossfit",0.592606541142816,0.0102336733665412,0.00731879380384948,TRUE,0.0401152624559349,5000,3,10,"C1","none","superpopulation","facec"
139,"two_round_crossfit",0.592842066416099,0.0103233420031872,0.00755431907713278,TRUE,0.0404667570526729,5000,3,10,"C1","none","superpopulation","facec"
139,"target_only",0.586843339635358,0.0184321872801157,0.00155559229639146,TRUE,0.072252846450648,5000,3,10,"C1","none","superpopulation","facec"
139,"sample_size",0.607274827394971,0.0162644437025654,0.0219870800560047,TRUE,0.0637554477712148,5000,3,10,"C1","none","superpopulation","facec"
139,"inverse_variance",0.606620591283401,0.0168860441662586,0.0213328439444342,TRUE,0.0661920768144388,5000,3,10,"C1","none","superpopulation","facec"
139,"federated_dr",0.593980941371293,0.012120689132838,0.00869319403232638,TRUE,0.0475122283363372,5000,3,10,"C1","none","superpopulation","facec"
139,"pooled_dr",0.593576826778724,0.0125212501886911,0.0082890794397581,TRUE,0.0490823988224998,5000,3,10,"C1","none","superpopulation","facec"
139,"tilted_aipw",0.58791471907867,0.013857699840916,0.00262697173970317,TRUE,0.0543211851935237,5000,3,10,"C1","none","superpopulation","facec"
139,"oracle_dr",0.592802984865883,0.0122456998928611,0.0075152375269163,TRUE,0.0480022615109874,5000,3,10,"C1","none","superpopulation","facec"
140,"one_round_crossfit",0.574377367564025,0.0104013342610666,-0.0109103797749417,TRUE,0.0407724810857062,5000,3,10,"C1","none","superpopulation","facec"
140,"two_round_crossfit",0.575828652966625,0.0104391180205377,-0.00945909437234105,TRUE,0.040920590701234,5000,3,10,"C1","none","superpopulation","facec"
140,"target_only",0.580432500754487,0.0184574766306649,-0.00485524658447956,TRUE,0.0723519788831859,5000,3,10,"C1","none","superpopulation","facec"
140,"sample_size",0.5875170622132,0.0169131053909254,0.00222931487423406,TRUE,0.0662981548658881,5000,3,10,"C1","none","superpopulation","facec"
140,"inverse_variance",0.587172330477797,0.0175590753664128,0.001884583138831,TRUE,0.068830310639987,5000,3,10,"C1","none","superpopulation","facec"
140,"federated_dr",0.577337563791685,0.0116566763749598,-0.00795018354728105,TRUE,0.0456933317487203,5000,3,10,"C1","none","superpopulation","facec"
140,"pooled_dr",0.575885407671387,0.0123498957156673,-0.00940233966757908,TRUE,0.0484107016310669,5000,3,10,"C1","none","superpopulation","facec"
140,"tilted_aipw",0.578389918095331,0.0126639156929366,-0.00689782924363513,TRUE,0.0496416373228146,5000,3,10,"C1","none","superpopulation","facec"
140,"oracle_dr",0.57127868141095,0.0124333295041246,-0.0140090659280164,TRUE,0.048737756072007,5000,3,10,"C1","none","superpopulation","facec"
141,"one_round_crossfit",0.585131076914974,0.0103131017819516,-0.000156670423992145,TRUE,0.0404266161230422,5000,3,10,"C1","none","superpopulation","facec"
141,"two_round_crossfit",0.587552615268714,0.010288761147413,0.00226486792974756,TRUE,0.0403312025889291,5000,3,10,"C1","none","superpopulation","facec"
141,"target_only",0.590526371151938,0.0182071213171664,0.00523862381297191,TRUE,0.0713706040875952,5000,3,10,"C1","none","superpopulation","facec"
141,"sample_size",0.600076036540104,0.0125994176492058,0.0147882892011378,TRUE,0.0493888096372435,5000,3,10,"C1","none","superpopulation","facec"
141,"inverse_variance",0.60034130240138,0.0146365478265836,0.0150535550624132,TRUE,0.0573742131962036,5000,3,10,"C1","none","superpopulation","facec"
141,"federated_dr",0.586306748113868,0.011589694013353,0.00101900077490136,TRUE,0.0454307657160229,5000,3,10,"C1","none","superpopulation","facec"
141,"pooled_dr",0.58758120979674,0.0121422881161892,0.00229346245777362,TRUE,0.047596894795279,5000,3,10,"C1","none","superpopulation","facec"
141,"tilted_aipw",0.577720295291229,0.0126344872064943,-0.00756745204773712,TRUE,0.0495262797757217,5000,3,10,"C1","none","superpopulation","facec"
141,"oracle_dr",0.586505030615041,0.0122883329923776,0.0012172832760744,TRUE,0.048169380190191,5000,3,10,"C1","none","superpopulation","facec"
142,"one_round_crossfit",0.575907900715408,0.0104363126680901,-0.00937984662355873,TRUE,0.0409095939217112,5000,3,10,"C1","none","superpopulation","facec"
142,"two_round_crossfit",0.573403492100986,0.0105706833580773,-0.0118842552379801,TRUE,0.0414363173476167,5000,3,10,"C1","none","superpopulation","facec"
142,"target_only",0.572133780305497,0.0191679144386959,-0.013153967033469,TRUE,0.0751368439171785,5000,3,10,"C1","none","superpopulation","facec"
142,"sample_size",0.593067100341776,0.0170846617509615,0.00777935300280996,TRUE,0.0669706434398671,5000,3,10,"C1","none","superpopulation","facec"
142,"inverse_variance",0.593128884165931,0.0176990739129455,0.00784113682696486,TRUE,0.069379094858171,5000,3,10,"C1","none","superpopulation","facec"
142,"federated_dr",0.5783484010137,0.0115504925688086,-0.00693934632526683,TRUE,0.0452770988771247,5000,3,10,"C1","none","superpopulation","facec"
142,"pooled_dr",0.580584415558126,0.011801974927095,-0.00470333178084059,TRUE,0.046262891607102,5000,3,10,"C1","none","superpopulation","facec"
142,"tilted_aipw",0.5744323731042,0.0126673749021438,-0.010855374234766,TRUE,0.0496551971737369,5000,3,10,"C1","none","superpopulation","facec"
142,"oracle_dr",0.580734220756688,0.0122946632155169,-0.00455352658227859,TRUE,0.0481941942089252,5000,3,10,"C1","none","superpopulation","facec"
143,"one_round_crossfit",0.585846191048905,0.010262618731805,0.00055844370993885,TRUE,0.0402287262028078,5000,3,10,"C1","none","superpopulation","facec"
143,"two_round_crossfit",0.586244893349494,0.0103142798962676,0.000957146010527765,TRUE,0.0404312342463,5000,3,10,"C1","none","superpopulation","facec"
143,"target_only",0.590970463752509,0.0184440169488722,0.00568271641354257,TRUE,0.0722992179000719,5000,3,10,"C1","none","superpopulation","facec"
143,"sample_size",0.604608818925893,0.0257122020242649,0.0193210715869265,TRUE,0.100789979861554,5000,3,10,"C1","none","superpopulation","facec"
143,"inverse_variance",0.603826199636138,0.0256475205836605,0.0185384522971718,TRUE,0.100536433273449,5000,3,10,"C1","none","superpopulation","facec"
143,"federated_dr",0.583532869478208,0.0111068972365718,-0.00175487786075801,TRUE,0.0435382371273363,5000,3,10,"C1","none","superpopulation","facec"
143,"pooled_dr",0.585853023306558,0.0114870767280171,0.000565275967591705,TRUE,0.0450285133491235,5000,3,10,"C1","none","superpopulation","facec"
143,"tilted_aipw",0.580995621801223,0.0118666525468097,-0.00429212553774383,TRUE,0.046516423217595,5000,3,10,"C1","none","superpopulation","facec"
143,"oracle_dr",0.5905329005545,0.0121212929412104,0.00524515321553343,TRUE,0.047514595221664,5000,3,10,"C1","none","superpopulation","facec"
144,"one_round_crossfit",0.584471570752249,0.0102990314149561,-0.00081617658671751,TRUE,0.0403714612979211,5000,3,10,"C1","none","superpopulation","facec"
144,"two_round_crossfit",0.585486367180409,0.010312277695202,0.000198619841442871,TRUE,0.0404233857623431,5000,3,10,"C1","none","superpopulation","facec"
144,"target_only",0.592162737218562,0.0178846144784082,0.00687498987959556,TRUE,0.0701064005101275,5000,3,10,"C1","none","superpopulation","facec"
144,"sample_size",0.595688858189572,0.0134589148514114,0.0104011108506058,TRUE,0.0527579767595152,5000,3,10,"C1","none","superpopulation","facec"
144,"inverse_variance",0.595823889936873,0.0151562376066395,0.0105361425979068,TRUE,0.0594113597002899,5000,3,10,"C1","none","superpopulation","facec"
144,"federated_dr",0.585718576801715,0.0116031509239092,0.000430829462748528,TRUE,0.0454835158360891,5000,3,10,"C1","none","superpopulation","facec"
144,"pooled_dr",0.588854253654485,0.0120581013351289,0.0035665063155188,TRUE,0.0472668886775738,5000,3,10,"C1","none","superpopulation","facec"
144,"tilted_aipw",0.580579580199882,0.0124815825133483,-0.00470816713908462,TRUE,0.0489269043924554,5000,3,10,"C1","none","superpopulation","facec"
144,"oracle_dr",0.587895937125365,0.0122444601745018,0.00260818978639854,TRUE,0.047997401904317,5000,3,10,"C1","none","superpopulation","facec"
145,"one_round_crossfit",0.5796125450314,0.0102124304001551,-0.00567520230756646,TRUE,0.0400319915578518,5000,3,10,"C1","none","superpopulation","facec"
145,"two_round_crossfit",0.579996770021407,0.0102739634379423,-0.0052909773175589,TRUE,0.0402731966336962,5000,3,10,"C1","none","superpopulation","facec"
145,"target_only",0.584636852497461,0.0188259023586023,-0.000650894841505378,TRUE,0.0737961811986563,5000,3,10,"C1","none","superpopulation","facec"
145,"sample_size",0.586081290938592,0.0186791512409716,0.000793543599625357,TRUE,0.0732209273881619,5000,3,10,"C1","none","superpopulation","facec"
145,"inverse_variance",0.583997767202094,0.0186088162720299,-0.00128998013687287,TRUE,0.0729452193762032,5000,3,10,"C1","none","superpopulation","facec"
145,"federated_dr",0.580462596843105,0.0117166994726623,-0.00482515049586119,TRUE,0.0459286179681953,5000,3,10,"C1","none","superpopulation","facec"
145,"pooled_dr",0.578846301962305,0.0120754417964742,-0.00644144537666136,TRUE,0.0473348620369984,5000,3,10,"C1","none","superpopulation","facec"
145,"tilted_aipw",0.580330568171801,0.0129774858952651,-0.00495717916716498,TRUE,0.0508708099291924,5000,3,10,"C1","none","superpopulation","facec"
145,"oracle_dr",0.58449157957536,0.0128798517520325,-0.000796167763606359,TRUE,0.0504880911203975,5000,3,10,"C1","none","superpopulation","facec"
146,"one_round_crossfit",0.582624984087179,0.0103792788897489,-0.00266276325178705,TRUE,0.0406860256188095,5000,3,10,"C1","none","superpopulation","facec"
146,"two_round_crossfit",0.583847544066678,0.0104487266760888,-0.00144020327228878,TRUE,0.0409582559388741,5000,3,10,"C1","none","superpopulation","facec"
146,"target_only",0.598228408152908,0.0183589981049069,0.0129406608139417,TRUE,0.0719659501557133,5000,3,10,"C1","none","superpopulation","facec"
146,"sample_size",0.596982485345869,0.0182724607253875,0.011694738006903,TRUE,0.0716267298613642,5000,3,10,"C1","none","superpopulation","facec"
146,"inverse_variance",0.595755169056897,0.0184595054615066,0.0104674217179304,TRUE,0.0723599317539467,5000,3,10,"C1","none","superpopulation","facec"
146,"federated_dr",0.583527328789441,0.0120381362672701,-0.00176041854952536,TRUE,0.0471886270496695,5000,3,10,"C1","none","superpopulation","facec"
146,"pooled_dr",0.584870081887271,0.0125234437706572,-0.000417665451695082,TRUE,0.0490909975058011,5000,3,10,"C1","none","superpopulation","facec"
146,"tilted_aipw",0.576242302992644,0.0138148921102822,-0.0090454443463226,TRUE,0.0541533819729192,5000,3,10,"C1","none","superpopulation","facec"
146,"oracle_dr",0.580262606500034,0.012362644152647,-0.00502514083893246,TRUE,0.0484606745857457,5000,3,10,"C1","none","superpopulation","facec"
147,"one_round_crossfit",0.596118519490334,0.0103529559627364,0.0108307721513676,TRUE,0.040582841640985,5000,3,10,"C1","none","superpopulation","facec"
147,"two_round_crossfit",0.595502224149905,0.0103161895143305,0.0102144768109382,TRUE,0.040438719811555,5000,3,10,"C1","none","superpopulation","facec"
147,"target_only",0.598621181048175,0.0186971270634995,0.0133334337092083,TRUE,0.0732913913176563,5000,3,10,"C1","none","superpopulation","facec"
147,"sample_size",0.60852565785567,0.0172577139076776,0.0232379105167032,TRUE,0.0676489954290882,5000,3,10,"C1","none","superpopulation","facec"
147,"inverse_variance",0.607949371764178,0.0177097713802738,0.0226616244252114,TRUE,0.06942102815955,5000,3,10,"C1","none","superpopulation","facec"
147,"federated_dr",0.598263278930306,0.0119509637426442,0.01297553159134,TRUE,0.0468469170322532,5000,3,10,"C1","none","superpopulation","facec"
147,"pooled_dr",0.599110722822889,0.0125552440798133,0.0138229754839223,TRUE,0.0492156524270875,5000,3,10,"C1","none","superpopulation","facec"
147,"tilted_aipw",0.597020104020971,0.0130179061923507,0.0117323566820048,TRUE,0.0510292545822566,5000,3,10,"C1","none","superpopulation","facec"
147,"oracle_dr",0.602295115078393,0.0118608235942163,0.017007367739427,TRUE,0.0464935741432939,5000,3,10,"C1","none","superpopulation","facec"
148,"one_round_crossfit",0.582400685627588,0.0101653753372837,-0.0028870617113782,TRUE,0.0398475391008155,5000,3,10,"C1","none","superpopulation","facec"
148,"two_round_crossfit",0.5776104402134,0.0102341868200569,-0.00767730712556647,TRUE,0.040117275156732,5000,3,10,"C1","none","superpopulation","facec"
148,"target_only",0.602606685292212,0.0176693342250304,0.0173189379532457,TRUE,0.0692625174237211,5000,3,10,"C1","none","superpopulation","facec"
148,"sample_size",0.588618830546582,0.00979828114974545,0.00333108320761533,TRUE,0.0384085563277976,5000,3,10,"C1","none","superpopulation","facec"
148,"inverse_variance",0.589416124674368,0.0122161273395145,0.00412837733540139,TRUE,0.0478863392320072,5000,3,10,"C1","none","superpopulation","facec"
148,"federated_dr",0.578744994396958,0.0115194691515461,-0.00654275294200879,TRUE,0.0451554893161008,5000,3,10,"C1","none","superpopulation","facec"
148,"pooled_dr",0.577223535899849,0.0120486377512262,-0.0080642114391174,TRUE,0.0472297921103459,5000,3,10,"C1","none","superpopulation","facec"
148,"tilted_aipw",0.575860872585674,0.0129126792407263,-0.0094268747532924,TRUE,0.0506167725114832,5000,3,10,"C1","none","superpopulation","facec"
148,"oracle_dr",0.571865771109992,0.0123959710654003,-0.0134219762289747,TRUE,0.0485913136831704,5000,3,10,"C1","none","superpopulation","facec"
149,"one_round_crossfit",0.603038637931163,0.0100962318625174,0.0177508905921969,TRUE,0.0395765016601997,5000,3,10,"C1","none","superpopulation","facec"
149,"two_round_crossfit",0.602717644219722,0.010146931534354,0.0174298968807557,TRUE,0.039775240721855,5000,3,10,"C1","none","superpopulation","facec"
149,"target_only",0.618088796796993,0.0189926270888247,0.0328010494580264,TRUE,0.0744497301317923,5000,3,10,"C1","none","superpopulation","facec"
149,"sample_size",0.60886055145552,0.0114881366955438,0.0235728041165532,FALSE,0.0450326683454776,5000,3,10,"C1","none","superpopulation","facec"
149,"inverse_variance",0.608676202437611,0.0138207766965099,0.0233884550986445,TRUE,0.05417644912706,5000,3,10,"C1","none","superpopulation","facec"
149,"federated_dr",0.602488528941838,0.0116837984210331,0.0172007816028716,TRUE,0.0457996482157017,5000,3,10,"C1","none","superpopulation","facec"
149,"pooled_dr",0.605444965870011,0.0117403722847692,0.0201572185310447,TRUE,0.0460214136864798,5000,3,10,"C1","none","superpopulation","facec"
149,"tilted_aipw",0.601898656398534,0.0130086544784634,0.0166109090595673,TRUE,0.0509929885302278,5000,3,10,"C1","none","superpopulation","facec"
149,"oracle_dr",0.601982335600619,0.0124610870076016,0.0166945882616527,TRUE,0.0488465634862381,5000,3,10,"C1","none","superpopulation","facec"
150,"one_round_crossfit",0.577738357926488,0.0102775936258295,-0.00754938941247885,TRUE,0.0402874267087285,5000,3,10,"C1","none","superpopulation","facec"
150,"two_round_crossfit",0.578123432273324,0.0103229610344194,-0.00716431506564286,TRUE,0.0404652636825447,5000,3,10,"C1","none","superpopulation","facec"
150,"target_only",0.587840361065305,0.0183656381604997,0.00255261372633842,TRUE,0.0719919786953476,5000,3,10,"C1","none","superpopulation","facec"
150,"sample_size",0.597366386954202,0.0102739421599101,0.0120786396152353,TRUE,0.0402731132253429,5000,3,10,"C1","none","superpopulation","facec"
150,"inverse_variance",0.598093366304913,0.0134235560039484,0.0128056189659469,TRUE,0.0526193726243904,5000,3,10,"C1","none","superpopulation","facec"
150,"federated_dr",0.580725828777051,0.0116879965188684,-0.00456191856191546,TRUE,0.045816104456823,5000,3,10,"C1","none","superpopulation","facec"
150,"pooled_dr",0.579791620893021,0.0120207101753704,-0.00549612644594544,TRUE,0.0471203180246405,5000,3,10,"C1","none","superpopulation","facec"
150,"tilted_aipw",0.579378211861273,0.0124321386299497,-0.00590953547769368,TRUE,0.048733087931021,5000,3,10,"C1","none","superpopulation","facec"
150,"oracle_dr",0.577448195112358,0.0123416449596334,-0.00783955222660793,TRUE,0.0483783592617235,5000,3,10,"C1","none","superpopulation","facec"
151,"one_round_crossfit",0.57577427155176,0.0103298422234228,-0.00951347578720629,TRUE,0.0404922374477796,5000,3,10,"C1","none","superpopulation","facec"
151,"two_round_crossfit",0.576841049177238,0.0103559778932152,-0.00844669816172816,TRUE,0.0405946873907894,5000,3,10,"C1","none","superpopulation","facec"
151,"target_only",0.558350818407282,0.0190203812232686,-0.0269369289316845,TRUE,0.0745585243396565,5000,3,10,"C1","none","superpopulation","facec"
151,"sample_size",0.592649116300007,0.0200987990913311,0.00736136896104078,TRUE,0.0787858447030305,5000,3,10,"C1","none","superpopulation","facec"
151,"inverse_variance",0.593102417048429,0.0200337203247256,0.00781466970946276,TRUE,0.0785307406256206,5000,3,10,"C1","none","superpopulation","facec"
151,"federated_dr",0.580379084728326,0.0114939773483925,-0.0049086626106406,TRUE,0.0450555632839371,5000,3,10,"C1","none","superpopulation","facec"
151,"pooled_dr",0.581306081652738,0.0116541321560614,-0.00398166568622849,TRUE,0.0456833585939009,5000,3,10,"C1","none","superpopulation","facec"
151,"tilted_aipw",0.575867540832927,0.0126599000865357,-0.00942020650603981,TRUE,0.049625896434971,5000,3,10,"C1","none","superpopulation","facec"
151,"oracle_dr",0.587648216996885,0.012203889181073,0.00236046965791814,TRUE,0.047838366532442,5000,3,10,"C1","none","superpopulation","facec"
152,"one_round_crossfit",0.572719120048555,0.0103360637497146,-0.0125686272904114,TRUE,0.0405166253827014,5000,3,10,"C1","none","superpopulation","facec"
152,"two_round_crossfit",0.573985705822879,0.0104346823889954,-0.0113020415160873,TRUE,0.0409032033450907,5000,3,10,"C1","none","superpopulation","facec"
152,"target_only",0.572192342005876,0.0184199203221064,-0.0130954053330904,TRUE,0.0722047608588519,5000,3,10,"C1","none","superpopulation","facec"
152,"sample_size",0.580308364797839,0.0221864121277704,-0.00497938254112784,TRUE,0.0869691374331854,5000,3,10,"C1","none","superpopulation","facec"
152,"inverse_variance",0.57934054487573,0.0221615365992598,-0.00594720246323688,TRUE,0.086871627153231,5000,3,10,"C1","none","superpopulation","facec"
152,"federated_dr",0.571734757877902,0.0121750572589942,-0.0135529894610648,TRUE,0.0477253474746833,5000,3,10,"C1","none","superpopulation","facec"
152,"pooled_dr",0.57563508641793,0.0124479683591432,-0.00965266092103589,TRUE,0.0487951393292296,5000,3,10,"C1","none","superpopulation","facec"
152,"tilted_aipw",0.568156197443526,0.0138459140275416,-0.0171315498954406,TRUE,0.0542749856540388,5000,3,10,"C1","none","superpopulation","facec"
152,"oracle_dr",0.581098282537189,0.0123008370629246,-0.0041894648017774,TRUE,0.0482183952460555,5000,3,10,"C1","none","superpopulation","facec"
153,"one_round_crossfit",0.579548286663427,0.0103240407728491,-0.00573946067553988,TRUE,0.0404694961794145,5000,3,10,"C1","none","superpopulation","facec"
153,"two_round_crossfit",0.579687862879629,0.0102404168048873,-0.0055998844593369,TRUE,0.0401416962485157,5000,3,10,"C1","none","superpopulation","facec"
153,"target_only",0.581771629976006,0.0180875415550491,-0.00351611736296087,TRUE,0.0709018600335356,5000,3,10,"C1","none","superpopulation","facec"
153,"sample_size",0.596104776035085,0.00975261121378342,0.0108170286961184,TRUE,0.0382295334684739,5000,3,10,"C1","none","superpopulation","facec"
153,"inverse_variance",0.596509008044085,0.0125635579048695,0.0112212607051185,TRUE,0.0492482420224556,5000,3,10,"C1","none","superpopulation","facec"
153,"federated_dr",0.580279048926987,0.0113743488392498,-0.00500869841197982,TRUE,0.0445866281450491,5000,3,10,"C1","none","superpopulation","facec"
153,"pooled_dr",0.579751853494563,0.0118190715629501,-0.00553589384440345,TRUE,0.0463299091881673,5000,3,10,"C1","none","superpopulation","facec"
153,"tilted_aipw",0.575334524056547,0.0124346257720549,-0.00995322328241954,TRUE,0.0487428373489223,5000,3,10,"C1","none","superpopulation","facec"
153,"oracle_dr",0.585293713804221,0.0117871429062362,5.9664652550806e-06,TRUE,0.0462047511536994,5000,3,10,"C1","none","superpopulation","facec"
154,"one_round_crossfit",0.59264996784059,0.0103875178285667,0.00736222050162338,TRUE,0.0407183216655167,5000,3,10,"C1","none","superpopulation","facec"
154,"two_round_crossfit",0.593861827646821,0.0103730373088774,0.00857408030785511,TRUE,0.0406615590713799,5000,3,10,"C1","none","superpopulation","facec"
154,"target_only",0.616696519663771,0.0184065222151888,0.0314087723248049,TRUE,0.072152241244813,5000,3,10,"C1","none","superpopulation","facec"
154,"sample_size",0.608420833627498,0.0124534430072593,0.0231330862885313,TRUE,0.0488165995555006,5000,3,10,"C1","none","superpopulation","facec"
154,"inverse_variance",0.608226995092229,0.0144856267445397,0.0229392477532625,TRUE,0.056782613425576,5000,3,10,"C1","none","superpopulation","facec"
154,"federated_dr",0.592995861959418,0.0117615049153402,0.00770811462045118,TRUE,0.0461042520761152,5000,3,10,"C1","none","superpopulation","facec"
154,"pooled_dr",0.592107141383647,0.0120179881354301,0.00681939404468102,TRUE,0.0471096478241453,5000,3,10,"C1","none","superpopulation","facec"
154,"tilted_aipw",0.589740596242427,0.0127188230101477,0.00445284890346043,TRUE,0.0498568700512578,5000,3,10,"C1","none","superpopulation","facec"
154,"oracle_dr",0.585037274143375,0.0123107604720667,-0.00025047319559135,TRUE,0.0482572942951001,5000,3,10,"C1","none","superpopulation","facec"
155,"one_round_crossfit",0.583356958367429,0.0103202245373347,-0.00193078897153731,TRUE,0.0404545368110851,5000,3,10,"C1","none","superpopulation","facec"
155,"two_round_crossfit",0.583662958465373,0.0102384089147227,-0.0016247888735933,TRUE,0.0401338254637007,5000,3,10,"C1","none","superpopulation","facec"
155,"target_only",0.596530939198385,0.0183942793499441,0.0112431918594185,TRUE,0.0721042500949185,5000,3,10,"C1","none","superpopulation","facec"
155,"sample_size",0.591329442738976,0.0170487683422028,0.00604169540001009,TRUE,0.0668299438629683,5000,3,10,"C1","none","superpopulation","facec"
155,"inverse_variance",0.589753959437157,0.0177574393836412,0.00446621209819065,TRUE,0.0696078832991798,5000,3,10,"C1","none","superpopulation","facec"
155,"federated_dr",0.580764249712044,0.0113709530466098,-0.00452349762692261,TRUE,0.0445733168825024,5000,3,10,"C1","none","superpopulation","facec"
155,"pooled_dr",0.580851129886206,0.0118047658302196,-0.00443661745276014,TRUE,0.0462738317463187,5000,3,10,"C1","none","superpopulation","facec"
155,"tilted_aipw",0.573954264176652,0.0124732759025997,-0.0113334831623144,TRUE,0.0488943430766535,5000,3,10,"C1","none","superpopulation","facec"
155,"oracle_dr",0.578566095076409,0.012307101257458,-0.00672165226255717,TRUE,0.0482429504374107,5000,3,10,"C1","none","superpopulation","facec"
156,"one_round_crossfit",0.587798322537089,0.0102175880031969,0.0025105751981227,TRUE,0.0400522089902688,5000,3,10,"C1","none","superpopulation","facec"
156,"two_round_crossfit",0.588271991306639,0.0102670245648873,0.00298424396767216,TRUE,0.0402459967511342,5000,3,10,"C1","none","superpopulation","facec"
156,"target_only",0.588626503202586,0.0181558445362223,0.00333875586361942,TRUE,0.0711696027998081,5000,3,10,"C1","none","superpopulation","facec"
156,"sample_size",0.598161052349035,0.0149581549384638,0.0128733050100686,TRUE,0.058634889909118,5000,3,10,"C1","none","superpopulation","facec"
156,"inverse_variance",0.597691858802302,0.0161051372661018,0.0124041114633353,TRUE,0.0631309780152669,5000,3,10,"C1","none","superpopulation","facec"
156,"federated_dr",0.58587707789274,0.0114915412865659,0.000589330553773415,TRUE,0.0450460140970483,5000,3,10,"C1","none","superpopulation","facec"
156,"pooled_dr",0.586557050422838,0.011993717882115,0.00126930308387196,TRUE,0.0470145101793589,5000,3,10,"C1","none","superpopulation","facec"
156,"tilted_aipw",0.583576643013673,0.0124020790098801,-0.00171110432529387,TRUE,0.0486152563855704,5000,3,10,"C1","none","superpopulation","facec"
156,"oracle_dr",0.58499691762735,0.0122111486694548,-0.000290829711616203,TRUE,0.0478668232039914,5000,3,10,"C1","none","superpopulation","facec"
157,"one_round_crossfit",0.566798320553057,0.0104075189743148,-0.0184894267859096,TRUE,0.0407967247161487,5000,3,10,"C1","none","superpopulation","facec"
157,"two_round_crossfit",0.566938434399751,0.0105848366195727,-0.0183493129392156,TRUE,0.0414917971132065,5000,3,10,"C1","none","superpopulation","facec"
157,"target_only",0.579749934434498,0.0183664162738932,-0.00553781290446842,TRUE,0.071995028843802,5000,3,10,"C1","none","superpopulation","facec"
157,"sample_size",0.58120835641279,0.0196410495967842,-0.00407939092617671,TRUE,0.0769914996565237,5000,3,10,"C1","none","superpopulation","facec"
157,"inverse_variance",0.579705863936342,0.0195939945124791,-0.00558188340262455,TRUE,0.0768070471154692,5000,3,10,"C1","none","superpopulation","facec"
157,"federated_dr",0.570048420839865,0.0117773372395845,-0.0152393264991014,TRUE,0.0461663136467361,5000,3,10,"C1","none","superpopulation","facec"
157,"pooled_dr",0.57472594251217,0.0120422294275744,-0.0105618048267965,TRUE,0.0472046719432286,5000,3,10,"C1","none","superpopulation","facec"
157,"tilted_aipw",0.563981703696579,0.0134217254054862,-0.0213060436423876,TRUE,0.0526121968102784,5000,3,10,"C1","none","superpopulation","facec"
157,"oracle_dr",0.577376068748233,0.0123597228159277,-0.00791167859073361,TRUE,0.0484492231562326,5000,3,10,"C1","none","superpopulation","facec"
158,"one_round_crossfit",0.572041148579361,0.0103110997039015,-0.0132465987596053,TRUE,0.0404187681212971,5000,3,10,"C1","none","superpopulation","facec"
158,"two_round_crossfit",0.57485814670635,0.0103350236332171,-0.0104296006326168,TRUE,0.0405125482009516,5000,3,10,"C1","none","superpopulation","facec"
158,"target_only",0.5620139852491,0.018350980344683,-0.0232737620898668,TRUE,0.0719345211131621,5000,3,10,"C1","none","superpopulation","facec"
158,"sample_size",0.583028696571991,0.0183480923541149,-0.00225905076697563,TRUE,0.07192320039816,5000,3,10,"C1","none","superpopulation","facec"
158,"inverse_variance",0.582756036521965,0.0183083715737338,-0.00253171081700132,TRUE,0.0717674978001901,5000,3,10,"C1","none","superpopulation","facec"
158,"federated_dr",0.571304503644751,0.0116374224441523,-0.0139832436942157,TRUE,0.0456178577268334,5000,3,10,"C1","none","superpopulation","facec"
158,"pooled_dr",0.571830378292484,0.012148612683828,-0.0134573690464829,TRUE,0.0476216866448587,5000,3,10,"C1","none","superpopulation","facec"
158,"tilted_aipw",0.5698410424351,0.0129287715386098,-0.0154467049038667,TRUE,0.0506798531600432,5000,3,10,"C1","none","superpopulation","facec"
158,"oracle_dr",0.582255300644082,0.0126227552945659,-0.00303244669488412,TRUE,0.0494802915260228,5000,3,10,"C1","none","superpopulation","facec"
159,"one_round_crossfit",0.576444258020587,0.010460173002434,-0.00884348931837931,TRUE,0.0410031247136575,5000,3,10,"C1","none","superpopulation","facec"
159,"two_round_crossfit",0.576369466727837,0.0105008544262212,-0.00891828061112976,TRUE,0.0411625929645829,5000,3,10,"C1","none","superpopulation","facec"
159,"target_only",0.587460930180953,0.0185620614138472,0.00217318284198642,TRUE,0.0727619436999221,5000,3,10,"C1","none","superpopulation","facec"
159,"sample_size",0.588037596149529,0.0114487169768143,0.00274984881056239,TRUE,0.0448781458874965,5000,3,10,"C1","none","superpopulation","facec"
159,"inverse_variance",0.588474145777018,0.0140685591815358,0.0031863984380518,TRUE,0.0551477386203609,5000,3,10,"C1","none","superpopulation","facec"
159,"federated_dr",0.575308936489176,0.0118274641403319,-0.00997881084979013,TRUE,0.0463628074869789,5000,3,10,"C1","none","superpopulation","facec"
159,"pooled_dr",0.576373063208417,0.012390644765888,-0.00891468413054941,TRUE,0.0485704349727405,5000,3,10,"C1","none","superpopulation","facec"
159,"tilted_aipw",0.563764886703003,0.0132923680015941,-0.0215228606359633,TRUE,0.052105125104754,5000,3,10,"C1","none","superpopulation","facec"
159,"oracle_dr",0.58318757164165,0.0123613315967176,-0.00210017569731669,TRUE,0.0484555294610469,5000,3,10,"C1","none","superpopulation","facec"
160,"one_round_crossfit",0.571275003147632,0.0103299509959869,-0.0140127441913348,TRUE,0.040492663828396,5000,3,10,"C1","none","superpopulation","facec"
160,"two_round_crossfit",0.570134370181811,0.0102694624816321,-0.015153377157155,TRUE,0.0402555532091686,5000,3,10,"C1","none","superpopulation","facec"
160,"target_only",0.562374276459409,0.0185186034511217,-0.0229134708795573,TRUE,0.0725915916163555,5000,3,10,"C1","none","superpopulation","facec"
160,"sample_size",0.58934590053657,0.0125917474187358,0.00405815319760328,TRUE,0.0493587428862949,5000,3,10,"C1","none","superpopulation","facec"
160,"inverse_variance",0.589885060072764,0.0146293735490248,0.00459731273379793,TRUE,0.057346090544943,5000,3,10,"C1","none","superpopulation","facec"
160,"federated_dr",0.572866359376241,0.0117502960279253,-0.0124213879627255,TRUE,0.0460603140448352,5000,3,10,"C1","none","superpopulation","facec"
160,"pooled_dr",0.57004463042382,0.0122619315168375,-0.0152431169151468,TRUE,0.0480658883077962,5000,3,10,"C1","none","superpopulation","facec"
160,"tilted_aipw",0.5705221305544,0.0129056481925026,-0.0147656167845662,TRUE,0.050589211308899,5000,3,10,"C1","none","superpopulation","facec"
160,"oracle_dr",0.568668627260243,0.0126230533310662,-0.0166191200787233,TRUE,0.0494814598076363,5000,3,10,"C1","none","superpopulation","facec"
161,"one_round_crossfit",0.574526587691362,0.0103328220510101,-0.0107611596476039,TRUE,0.0405039181572819,5000,3,10,"C1","none","superpopulation","facec"
161,"two_round_crossfit",0.574694108533024,0.0104392873692086,-0.0105936388059428,TRUE,0.0409212545358253,5000,3,10,"C1","none","superpopulation","facec"
161,"target_only",0.605052280921209,0.017891881193488,0.0197645335822427,TRUE,0.0701348855098121,5000,3,10,"C1","none","superpopulation","facec"
161,"sample_size",0.589947940621222,0.0135926995982523,0.00466019328225609,TRUE,0.0532824033304931,5000,3,10,"C1","none","superpopulation","facec"
161,"inverse_variance",0.588982139726452,0.015266097428197,0.00369439238748515,TRUE,0.0598420022874913,5000,3,10,"C1","none","superpopulation","facec"
161,"federated_dr",0.574942577526107,0.0115433318492553,-0.0103451698128598,TRUE,0.0452490293722692,5000,3,10,"C1","none","superpopulation","facec"
161,"pooled_dr",0.576984932483627,0.0122649686737277,-0.00830281485533968,TRUE,0.0480777937440366,5000,3,10,"C1","none","superpopulation","facec"
161,"tilted_aipw",0.567772162987574,0.0129716412668052,-0.0175155843513921,TRUE,0.0508478994066235,5000,3,10,"C1","none","superpopulation","facec"
161,"oracle_dr",0.572384680046961,0.012344758153021,-0.0129030672920054,TRUE,0.0483905627555568,5000,3,10,"C1","none","superpopulation","facec"
162,"one_round_crossfit",0.579728309595811,0.0103722234770747,-0.00555943774315537,TRUE,0.0406583689093343,5000,3,10,"C1","none","superpopulation","facec"
162,"two_round_crossfit",0.581835929317002,0.0103816216959161,-0.00345181802196459,TRUE,0.0406952092502304,5000,3,10,"C1","none","superpopulation","facec"
162,"target_only",0.551772268604266,0.0187057247083134,-0.0335154787347,TRUE,0.0733250934660306,5000,3,10,"C1","none","superpopulation","facec"
162,"sample_size",0.58886061552458,0.0214862333359972,0.00357286818561398,TRUE,0.0842244870039568,5000,3,10,"C1","none","superpopulation","facec"
162,"inverse_variance",0.589344298872187,0.0214011527116797,0.00405655153322049,TRUE,0.0838909770850678,5000,3,10,"C1","none","superpopulation","facec"
162,"federated_dr",0.580911537792437,0.0119081860984644,-0.00437620954652895,TRUE,0.0466792317483817,5000,3,10,"C1","none","superpopulation","facec"
162,"pooled_dr",0.580753156213928,0.0125510600192726,-0.00453459112503862,TRUE,0.0491992512111499,5000,3,10,"C1","none","superpopulation","facec"
162,"tilted_aipw",0.578681724097841,0.0131502722356683,-0.00660602324112514,TRUE,0.0515481199376135,5000,3,10,"C1","none","superpopulation","facec"
162,"oracle_dr",0.59159957710535,0.0122842507415459,0.006311829766384,TRUE,0.0481533780609789,5000,3,10,"C1","none","superpopulation","facec"
163,"one_round_crossfit",0.605151509379813,0.0101028879579303,0.0198637620408471,FALSE,0.0396025930747737,5000,3,10,"C1","none","superpopulation","facec"
163,"two_round_crossfit",0.604697171772851,0.0100962164500266,0.0194094244338847,TRUE,0.039576441244346,5000,3,10,"C1","none","superpopulation","facec"
163,"target_only",0.626693786259517,0.0175907528836892,0.0414060389205507,FALSE,0.06895448422595,5000,3,10,"C1","none","superpopulation","facec"
163,"sample_size",0.614284413684304,0.0098769497686854,0.0289966663453379,FALSE,0.0387169316474691,5000,3,10,"C1","none","superpopulation","facec"
163,"inverse_variance",0.615238256916161,0.0126975321378796,0.0299505095771946,FALSE,0.0497734113655677,5000,3,10,"C1","none","superpopulation","facec"
163,"federated_dr",0.604557507612614,0.0114140878959225,0.0192697602736474,TRUE,0.0447424023847653,5000,3,10,"C1","none","superpopulation","facec"
163,"pooled_dr",0.603633514302998,0.0121971296334599,0.0183457669640313,TRUE,0.0478118695926952,5000,3,10,"C1","none","superpopulation","facec"
163,"tilted_aipw",0.603874263646121,0.0124887158889736,0.0185865163071549,TRUE,0.0489548667110828,5000,3,10,"C1","none","superpopulation","facec"
163,"oracle_dr",0.590125866963237,0.0122789402151979,0.00483811962427083,TRUE,0.0481325611802168,5000,3,10,"C1","none","superpopulation","facec"
164,"one_round_crossfit",0.594710586525692,0.0104888013251851,0.00942283918672537,TRUE,0.0411153456767177,5000,3,10,"C1","none","superpopulation","facec"
164,"two_round_crossfit",0.593158438940938,0.0104872348374223,0.00787069160197118,TRUE,0.041109205157523,5000,3,10,"C1","none","superpopulation","facec"
164,"target_only",0.609617122785966,0.0179517313226842,0.0243293754469995,TRUE,0.0703694937052015,5000,3,10,"C1","none","superpopulation","facec"
164,"sample_size",0.6007748608892,0.020449492704577,0.0154871135502332,TRUE,0.0801605384061708,5000,3,10,"C1","none","superpopulation","facec"
164,"inverse_variance",0.599224908459176,0.0204039944600235,0.0139371611202095,TRUE,0.0799821885648015,5000,3,10,"C1","none","superpopulation","facec"
164,"federated_dr",0.592100263566395,0.0119608891053187,0.00681251622742907,TRUE,0.0468858237390042,5000,3,10,"C1","none","superpopulation","facec"
164,"pooled_dr",0.590831830776273,0.012499244700726,0.0055440834373065,TRUE,0.048996138894752,5000,3,10,"C1","none","superpopulation","facec"
164,"tilted_aipw",0.589486108309772,0.0129197614501501,0.00419836097080517,TRUE,0.0506445342622865,5000,3,10,"C1","none","superpopulation","facec"
164,"oracle_dr",0.580378591166423,0.0122779932888909,-0.00490915617254362,TRUE,0.0481288492973015,5000,3,10,"C1","none","superpopulation","facec"
165,"one_round_crossfit",0.578411899324092,0.0103728716117261,-0.00687584801487429,TRUE,0.0406609095504822,5000,3,10,"C1","none","superpopulation","facec"
165,"two_round_crossfit",0.579340923153173,0.0103356391500502,-0.00594682418579373,TRUE,0.040514960982601,5000,3,10,"C1","none","superpopulation","facec"
165,"target_only",0.601538150557487,0.0178733408174219,0.0162504032185208,TRUE,0.0700622085711133,5000,3,10,"C1","none","superpopulation","facec"
165,"sample_size",0.589866936131992,0.0180976428796882,0.00457918879302532,TRUE,0.0709414564985131,5000,3,10,"C1","none","superpopulation","facec"
165,"inverse_variance",0.587956287322975,0.0185010045027381,0.00266853998400884,TRUE,0.0725226050063603,5000,3,10,"C1","none","superpopulation","facec"
165,"federated_dr",0.583378471051112,0.0115558943981733,-0.00190927628785476,TRUE,0.0452982736591356,5000,3,10,"C1","none","superpopulation","facec"
165,"pooled_dr",0.58121588793074,0.0121537481060814,-0.00407185940822641,TRUE,0.0476418171301827,5000,3,10,"C1","none","superpopulation","facec"
165,"tilted_aipw",0.580189363705401,0.0123975756718839,-0.00509838363356574,TRUE,0.0485976036250049,5000,3,10,"C1","none","superpopulation","facec"
165,"oracle_dr",0.57947938789404,0.0123516011925199,-0.00580835944492608,TRUE,0.048417386977482,5000,3,10,"C1","none","superpopulation","facec"
166,"one_round_crossfit",0.571550178634743,0.0104704239174442,-0.0137375687042233,TRUE,0.0410433075621148,5000,3,10,"C1","none","superpopulation","facec"
166,"two_round_crossfit",0.571653570495087,0.0105208994616471,-0.0136341768438795,TRUE,0.0412411680595903,5000,3,10,"C1","none","superpopulation","facec"
166,"target_only",0.573103628499932,0.0185758648192163,-0.0121841188390348,TRUE,0.072816052054697,5000,3,10,"C1","none","superpopulation","facec"
166,"sample_size",0.586545271780987,0.0191965082958832,0.00125752444202054,TRUE,0.0752489297777108,5000,3,10,"C1","none","superpopulation","facec"
166,"inverse_variance",0.585582280811094,0.0191310573858119,0.000294533472127601,TRUE,0.0749923669247203,5000,3,10,"C1","none","superpopulation","facec"
166,"federated_dr",0.575603643803466,0.0121120303078813,-0.0096841035355002,TRUE,0.0474782863662098,5000,3,10,"C1","none","superpopulation","facec"
166,"pooled_dr",0.576225137531222,0.0127760318804685,-0.00906260980774454,TRUE,0.0500811247021076,5000,3,10,"C1","none","superpopulation","facec"
166,"tilted_aipw",0.578348875738405,0.0132094437273345,-0.00693887160056172,TRUE,0.0517800679227682,5000,3,10,"C1","none","superpopulation","facec"
166,"oracle_dr",0.581703351221239,0.012270020180898,-0.00358439611772732,TRUE,0.0480975952882796,5000,3,10,"C1","none","superpopulation","facec"
167,"one_round_crossfit",0.590492291602312,0.0103193595156189,0.00520454426334571,TRUE,0.0404511459882675,5000,3,10,"C1","none","superpopulation","facec"
167,"two_round_crossfit",0.58831467564319,0.0103267429497357,0.00302692830422313,TRUE,0.0404800885181698,5000,3,10,"C1","none","superpopulation","facec"
167,"target_only",0.602014863875188,0.0180408043336479,0.0167271165362215,TRUE,0.070718653492168,5000,3,10,"C1","none","superpopulation","facec"
167,"sample_size",0.601414490259714,0.0122714994989783,0.0161267429207481,TRUE,0.0481033941085978,5000,3,10,"C1","none","superpopulation","facec"
167,"inverse_variance",0.601472765669639,0.0143573976324601,0.0161850183306727,TRUE,0.0562799645426848,5000,3,10,"C1","none","superpopulation","facec"
167,"federated_dr",0.587837680307965,0.0119095644128864,0.00254993296899908,TRUE,0.0466846346416345,5000,3,10,"C1","none","superpopulation","facec"
167,"pooled_dr",0.586782272586368,0.0124649477705479,0.00149452524740112,TRUE,0.0488616973988933,5000,3,10,"C1","none","superpopulation","facec"
167,"tilted_aipw",0.585638434258576,0.0129285367334802,0.000350686919610044,TRUE,0.0506789327408486,5000,3,10,"C1","none","superpopulation","facec"
167,"oracle_dr",0.57941434687408,0.0124349766397026,-0.00587340046488605,TRUE,0.0487442127248279,5000,3,10,"C1","none","superpopulation","facec"
168,"one_round_crossfit",0.605005502737296,0.0102418191948807,0.0197177553983299,TRUE,0.0401471935162745,5000,3,10,"C1","none","superpopulation","facec"
168,"two_round_crossfit",0.603752252216659,0.0103408814587997,0.0184645048776922,TRUE,0.0405355104552909,5000,3,10,"C1","none","superpopulation","facec"
168,"target_only",0.601423934624033,0.0178301230712016,0.0161361872850665,TRUE,0.0698927981189434,5000,3,10,"C1","none","superpopulation","facec"
168,"sample_size",0.609415762122796,0.0164524220812168,0.0241280147838301,TRUE,0.0644923094752727,5000,3,10,"C1","none","superpopulation","facec"
168,"inverse_variance",0.60859316347295,0.0173370524232846,0.0233054161339837,TRUE,0.0679599966954414,5000,3,10,"C1","none","superpopulation","facec"
168,"federated_dr",0.599610817285159,0.0114452248169964,0.0143230699461923,TRUE,0.044864456872554,5000,3,10,"C1","none","superpopulation","facec"
168,"pooled_dr",0.602890439284097,0.0120277249740428,0.0176026919451304,TRUE,0.0471478155301535,5000,3,10,"C1","none","superpopulation","facec"
168,"tilted_aipw",0.588095875503483,0.0131002363284332,0.00280812816451703,TRUE,0.0513519827853846,5000,3,10,"C1","none","superpopulation","facec"
168,"oracle_dr",0.606474665752871,0.0123319459851789,0.0211869184139042,TRUE,0.0483403399804878,5000,3,10,"C1","none","superpopulation","facec"
169,"one_round_crossfit",0.564722907851875,0.0102895580896524,-0.0205648394870919,FALSE,0.0403343265451028,5000,3,10,"C1","none","superpopulation","facec"
169,"two_round_crossfit",0.565618741340378,0.0103379908109271,-0.0196690059985888,TRUE,0.0405241793238462,5000,3,10,"C1","none","superpopulation","facec"
169,"target_only",0.567453683732213,0.0186938278886982,-0.0178340636067538,TRUE,0.0732784587900777,5000,3,10,"C1","none","superpopulation","facec"
169,"sample_size",0.577546612702965,0.0159357145992002,-0.00774113463600123,TRUE,0.0624668533646833,5000,3,10,"C1","none","superpopulation","facec"
169,"inverse_variance",0.57667616505082,0.0167953974027047,-0.00861158228814607,TRUE,0.0658367480306776,5000,3,10,"C1","none","superpopulation","facec"
169,"federated_dr",0.565387419974294,0.0116953084860514,-0.0199003273646727,TRUE,0.0458447668414927,5000,3,10,"C1","none","superpopulation","facec"
169,"pooled_dr",0.565381696355869,0.0120996359148638,-0.0199060509830974,TRUE,0.0474297012383607,5000,3,10,"C1","none","superpopulation","facec"
169,"tilted_aipw",0.555612081648291,0.0132259271631479,-0.0296756656906758,FALSE,0.0518446818038398,5000,3,10,"C1","none","superpopulation","facec"
169,"oracle_dr",0.571204915968356,0.0123813375720657,-0.0140828313706103,TRUE,0.0485339514433625,5000,3,10,"C1","none","superpopulation","facec"
170,"one_round_crossfit",0.591287138224994,0.0102206371256558,0.00599939088602719,TRUE,0.0400641613306765,5000,3,10,"C1","none","superpopulation","facec"
170,"two_round_crossfit",0.588993365317102,0.0102289059851312,0.00370561797813573,TRUE,0.0400965746642068,5000,3,10,"C1","none","superpopulation","facec"
170,"target_only",0.615038001622191,0.0178697324002656,0.0297502542832246,TRUE,0.0700480638357781,5000,3,10,"C1","none","superpopulation","facec"
170,"sample_size",0.596941447192748,0.0205265729448119,0.0116536998537821,TRUE,0.0804626873957313,5000,3,10,"C1","none","superpopulation","facec"
170,"inverse_variance",0.595050593934384,0.020562388221545,0.00976284659541726,TRUE,0.0806030807007176,5000,3,10,"C1","none","superpopulation","facec"
170,"federated_dr",0.589964878465819,0.0115254700726573,0.00467713112685308,TRUE,0.0451790124946052,5000,3,10,"C1","none","superpopulation","facec"
170,"pooled_dr",0.590256926915823,0.011863377745768,0.00496917957685683,TRUE,0.0465035862333987,5000,3,10,"C1","none","superpopulation","facec"
170,"tilted_aipw",0.585135466767307,0.0128221772793219,-0.000152280571659724,TRUE,0.0502620113417176,5000,3,10,"C1","none","superpopulation","facec"
170,"oracle_dr",0.582637971597933,0.012381827424624,-0.00264977574103376,TRUE,0.0485358716301068,5000,3,10,"C1","none","superpopulation","facec"
171,"one_round_crossfit",0.571422285188352,0.0104189144895986,-0.0138654621506148,TRUE,0.0408413943152317,5000,3,10,"C1","none","superpopulation","facec"
171,"two_round_crossfit",0.572139435673302,0.0103483215358837,-0.0131483116656642,TRUE,0.0405646750215447,5000,3,10,"C1","none","superpopulation","facec"
171,"target_only",0.554184923204678,0.0187477569106979,-0.0311028241342887,TRUE,0.0734898566717594,5000,3,10,"C1","none","superpopulation","facec"
171,"sample_size",0.583978054971273,0.0172403892711513,-0.00130969236769363,TRUE,0.0675810841018145,5000,3,10,"C1","none","superpopulation","facec"
171,"inverse_variance",0.58400660255975,0.0176110245493366,-0.00128114477921648,TRUE,0.069033947695101,5000,3,10,"C1","none","superpopulation","facec"
171,"federated_dr",0.568697638473585,0.0126081685963811,-0.0165901088653809,TRUE,0.0494231127198317,5000,3,10,"C1","none","superpopulation","facec"
171,"pooled_dr",0.567138069831109,0.013135734811398,-0.0181496775078572,TRUE,0.051491134281618,5000,3,10,"C1","none","superpopulation","facec"
171,"tilted_aipw",0.572935788070107,0.01410969639599,-0.0123519592688592,TRUE,0.0553089935378699,5000,3,10,"C1","none","superpopulation","facec"
171,"oracle_dr",0.567852500278236,0.012292520149381,-0.0174352470607303,TRUE,0.0481857935440395,5000,3,10,"C1","none","superpopulation","facec"
172,"one_round_crossfit",0.570714650392716,0.0103858260592217,-0.01457309694625,TRUE,0.0407116900515441,5000,3,10,"C1","none","superpopulation","facec"
172,"two_round_crossfit",0.57083976338882,0.010392762882572,-0.0144479839501461,TRUE,0.0407388818994117,5000,3,10,"C1","none","superpopulation","facec"
172,"target_only",0.596938485591335,0.0187036392041298,0.0116507382523686,TRUE,0.0733169184398517,5000,3,10,"C1","none","superpopulation","facec"
172,"sample_size",0.587299021284844,0.0243987131743373,0.0020112739458773,TRUE,0.0956411981816483,5000,3,10,"C1","none","superpopulation","facec"
172,"inverse_variance",0.585285753039174,0.0243427762132132,-1.99429979241827e-06,TRUE,0.0954219293232323,5000,3,10,"C1","none","superpopulation","facec"
172,"federated_dr",0.575408020826869,0.0119778689783672,-0.00987972651209756,TRUE,0.0469523836182786,5000,3,10,"C1","none","superpopulation","facec"
172,"pooled_dr",0.578654669327841,0.0123979954879578,-0.00663307801112567,TRUE,0.0485992492737748,5000,3,10,"C1","none","superpopulation","facec"
172,"tilted_aipw",0.572165847676508,0.0134520928905249,-0.0131218996624586,TRUE,0.0527312351642324,5000,3,10,"C1","none","superpopulation","facec"
172,"oracle_dr",0.582909077262964,0.0124293861338668,-0.00237867007600201,TRUE,0.0487222983446407,5000,3,10,"C1","none","superpopulation","facec"
173,"one_round_crossfit",0.594759694753278,0.0103347049703579,0.00947194741431201,TRUE,0.0405112990654972,5000,3,10,"C1","none","superpopulation","facec"
173,"two_round_crossfit",0.594364996482229,0.0103862006873157,0.00907724914326213,TRUE,0.040713158566688,5000,3,10,"C1","none","superpopulation","facec"
173,"target_only",0.611404675266699,0.0187566002473209,0.0261169279277326,TRUE,0.0735245219143281,5000,3,10,"C1","none","superpopulation","facec"
173,"sample_size",0.610073184173281,0.0183056111105223,0.0247854368343144,TRUE,0.0717566769832396,5000,3,10,"C1","none","superpopulation","facec"
173,"inverse_variance",0.608948793659934,0.0184081964209047,0.0236610463209672,TRUE,0.0721588040106247,5000,3,10,"C1","none","superpopulation","facec"
173,"federated_dr",0.598306610520675,0.0121408535211165,0.013018863181709,TRUE,0.0475912712859294,5000,3,10,"C1","none","superpopulation","facec"
173,"pooled_dr",0.594281683000829,0.0126074774332471,0.00899393566186235,TRUE,0.0494204034101318,5000,3,10,"C1","none","superpopulation","facec"
173,"tilted_aipw",0.599017801859233,0.0135432298836764,0.0137300545202663,TRUE,0.0530884856127045,5000,3,10,"C1","none","superpopulation","facec"
173,"oracle_dr",0.577011844591072,0.01228956164315,-0.00827590274789436,TRUE,0.0481741964127178,5000,3,10,"C1","none","superpopulation","facec"
174,"one_round_crossfit",0.595376051733053,0.0102379691400704,0.0100883043940863,TRUE,0.0401321015787408,5000,3,10,"C1","none","superpopulation","facec"
174,"two_round_crossfit",0.596463242293885,0.0102381412256765,0.0111754949549187,TRUE,0.0401327761419217,5000,3,10,"C1","none","superpopulation","facec"
174,"target_only",0.606521713972125,0.0184267928203576,0.021233966633159,TRUE,0.0722317005569644,5000,3,10,"C1","none","superpopulation","facec"
174,"sample_size",0.602277997741647,0.0161111675055751,0.0169902504026805,TRUE,0.0631546161196384,5000,3,10,"C1","none","superpopulation","facec"
174,"inverse_variance",0.601523623058728,0.0168806589586174,0.0162358757197617,TRUE,0.0661709671883872,5000,3,10,"C1","none","superpopulation","facec"
174,"federated_dr",0.596825358066082,0.0117131280252165,0.0115376107271156,TRUE,0.045914618151462,5000,3,10,"C1","none","superpopulation","facec"
174,"pooled_dr",0.596028004807591,0.0123126343827278,0.0107402574686242,TRUE,0.048264639889912,5000,3,10,"C1","none","superpopulation","facec"
174,"tilted_aipw",0.596640673608957,0.0124136008048506,0.011352926269991,TRUE,0.0486604209919295,5000,3,10,"C1","none","superpopulation","facec"
174,"oracle_dr",0.590102837761095,0.0124306270196688,0.00481509042212869,TRUE,0.0487271625276025,5000,3,10,"C1","none","superpopulation","facec"
175,"one_round_crossfit",0.584415825091752,0.0100890377880123,-0.000871922247214219,TRUE,0.0395483014063356,5000,3,10,"C1","none","superpopulation","facec"
175,"two_round_crossfit",0.584888684465584,0.0102198855258607,-0.000399062873382539,TRUE,0.0400612151136186,5000,3,10,"C1","none","superpopulation","facec"
175,"target_only",0.591152394272569,0.0183559863674811,0.00586464693360256,TRUE,0.0719541443619423,5000,3,10,"C1","none","superpopulation","facec"
175,"sample_size",0.600853573238374,0.0132469004398655,0.0155658258994076,TRUE,0.0519268955378485,5000,3,10,"C1","none","superpopulation","facec"
175,"inverse_variance",0.601075200858197,0.0150217078780891,0.0157874535192306,TRUE,0.0588840128546724,5000,3,10,"C1","none","superpopulation","facec"
175,"federated_dr",0.587112140168257,0.0110958201926537,0.00182439282929014,TRUE,0.0434948159130673,5000,3,10,"C1","none","superpopulation","facec"
175,"pooled_dr",0.589252296708762,0.0114312070063724,0.00396454936979584,TRUE,0.0448095080646236,5000,3,10,"C1","none","superpopulation","facec"
175,"tilted_aipw",0.581519697734198,0.0121340696588749,-0.00376804960476851,TRUE,0.0475646790345903,5000,3,10,"C1","none","superpopulation","facec"
175,"oracle_dr",0.587159676117194,0.0123177821053477,0.00187192877822728,TRUE,0.0482848185917868,5000,3,10,"C1","none","superpopulation","facec"
176,"one_round_crossfit",0.602231148415161,0.0102518483673648,0.0169434010761942,TRUE,0.0401865071500016,5000,3,10,"C1","none","superpopulation","facec"
176,"two_round_crossfit",0.603289181087232,0.0102175390759564,0.018001433748266,TRUE,0.0400520171990102,5000,3,10,"C1","none","superpopulation","facec"
176,"target_only",0.604156682077586,0.0184092826259506,0.0188689347386198,TRUE,0.0721630618561642,5000,3,10,"C1","none","superpopulation","facec"
176,"sample_size",0.612862146383766,0.0176366730301308,0.0275743990447994,TRUE,0.0691344878923308,5000,3,10,"C1","none","superpopulation","facec"
176,"inverse_variance",0.612272305699543,0.0179002245913031,0.0269845583605766,TRUE,0.0701675910282644,5000,3,10,"C1","none","superpopulation","facec"
176,"federated_dr",0.603537732504481,0.0114880809298718,0.0182499851655143,TRUE,0.0450324497480603,5000,3,10,"C1","none","superpopulation","facec"
176,"pooled_dr",0.598787085752993,0.0120113178141091,0.0134993384140263,TRUE,0.0470835006450365,5000,3,10,"C1","none","superpopulation","facec"
176,"tilted_aipw",0.594069201716315,0.0127928513706269,0.00878145437734834,TRUE,0.0501470558920052,5000,3,10,"C1","none","superpopulation","facec"
176,"oracle_dr",0.588147149178764,0.0122424576714803,0.00285940183979794,TRUE,0.0479895522367151,5000,3,10,"C1","none","superpopulation","facec"
177,"one_round_crossfit",0.603604009734171,0.0103263767330978,0.018316262395205,TRUE,0.0404786529753283,5000,3,10,"C1","none","superpopulation","facec"
177,"two_round_crossfit",0.602415897143263,0.0103442029037923,0.017128149804297,TRUE,0.0405485302804152,5000,3,10,"C1","none","superpopulation","facec"
177,"target_only",0.591868678828943,0.0183244494997258,0.0065809314899764,TRUE,0.0718305221119711,5000,3,10,"C1","none","superpopulation","facec"
177,"sample_size",0.613852715431327,0.0186437331219035,0.0285649680923609,TRUE,0.0730820909126146,5000,3,10,"C1","none","superpopulation","facec"
177,"inverse_variance",0.614067549120847,0.0185991940641757,0.0287798017818811,TRUE,0.0729075010145108,5000,3,10,"C1","none","superpopulation","facec"
177,"federated_dr",0.601802065016582,0.0118131041249643,0.0165143176776159,TRUE,0.0463065172611032,5000,3,10,"C1","none","superpopulation","facec"
177,"pooled_dr",0.601627970068105,0.0125074001676754,0.0163402227291382,TRUE,0.0490281077377481,5000,3,10,"C1","none","superpopulation","facec"
177,"tilted_aipw",0.597949009553504,0.0133927801671871,0.0126612622145374,TRUE,0.052498733561098,5000,3,10,"C1","none","superpopulation","facec"
177,"oracle_dr",0.601818473602092,0.0123236058123757,0.0165307262631255,TRUE,0.0483076471038497,5000,3,10,"C1","none","superpopulation","facec"
178,"one_round_crossfit",0.579422390100517,0.0105440147803346,-0.00586535723844961,TRUE,0.0413317784438276,5000,3,10,"C1","none","superpopulation","facec"
178,"two_round_crossfit",0.578545026750344,0.010501616007178,-0.00674272058862191,TRUE,0.0411655783070766,5000,3,10,"C1","none","superpopulation","facec"
178,"target_only",0.575281181207872,0.0183502534819376,-0.0100065661310941,TRUE,0.0719316718635568,5000,3,10,"C1","none","superpopulation","facec"
178,"sample_size",0.592916311057927,0.0158488464166552,0.0076285637189607,TRUE,0.0621263363463018,5000,3,10,"C1","none","superpopulation","facec"
178,"inverse_variance",0.592923740444308,0.0167140309230739,0.00763599310534135,TRUE,0.0655177972914271,5000,3,10,"C1","none","superpopulation","facec"
178,"federated_dr",0.57858360223623,0.0123611614851422,-0.00670414510273598,TRUE,0.0484548626359249,5000,3,10,"C1","none","superpopulation","facec"
178,"pooled_dr",0.579130516198872,0.01311423823283,-0.00615723114009448,TRUE,0.0514068692420497,5000,3,10,"C1","none","superpopulation","facec"
178,"tilted_aipw",0.578588468868591,0.0140538741101643,-0.00669927847037488,TRUE,0.055090174198364,5000,3,10,"C1","none","superpopulation","facec"
178,"oracle_dr",0.583119580083286,0.0122752806367182,-0.00216816725568003,TRUE,0.048118215896179,5000,3,10,"C1","none","superpopulation","facec"
179,"one_round_crossfit",0.578527133801611,0.0104645428487957,-0.00676061353735502,TRUE,0.0410202541966314,5000,3,10,"C1","none","superpopulation","facec"
179,"two_round_crossfit",0.57784872662006,0.0105424951118151,-0.00743902071890612,TRUE,0.0413258214526941,5000,3,10,"C1","none","superpopulation","facec"
179,"target_only",0.589352515342756,0.0186363717571275,0.00406476800378974,TRUE,0.0730532348929387,5000,3,10,"C1","none","superpopulation","facec"
179,"sample_size",0.597946815868488,0.0103224829141039,0.0126590685295216,TRUE,0.0404633894853472,5000,3,10,"C1","none","superpopulation","facec"
179,"inverse_variance",0.598748822313413,0.013429764211351,0.013461074974447,TRUE,0.0526437083502256,5000,3,10,"C1","none","superpopulation","facec"
179,"federated_dr",0.583752988425377,0.0119503022270076,-0.00153475891358967,TRUE,0.0468443239386074,5000,3,10,"C1","none","superpopulation","facec"
179,"pooled_dr",0.58373879890995,0.0126077936688341,-0.00154894842901676,TRUE,0.0494216430308541,5000,3,10,"C1","none","superpopulation","facec"
179,"tilted_aipw",0.580593173294608,0.0134516180823226,-0.00469457404435825,TRUE,0.0527293739502799,5000,3,10,"C1","none","superpopulation","facec"
179,"oracle_dr",0.579728864229888,0.0120236716024989,-0.00555888310907826,TRUE,0.0471319266056698,5000,3,10,"C1","none","superpopulation","facec"
180,"one_round_crossfit",0.5909215255639,0.0101910682097055,0.00563377822493361,TRUE,0.0399482533100277,5000,3,10,"C1","none","superpopulation","facec"
180,"two_round_crossfit",0.588679534476786,0.0102815730992647,0.00339178713782007,TRUE,0.0403030259579493,5000,3,10,"C1","none","superpopulation","facec"
180,"target_only",0.608684328853931,0.0185867714855099,0.0233965815149648,TRUE,0.0728588054009509,5000,3,10,"C1","none","superpopulation","facec"
180,"sample_size",0.598646305876844,0.0230210405619439,0.0133585585378773,TRUE,0.0902408207760916,5000,3,10,"C1","none","superpopulation","facec"
180,"inverse_variance",0.595948430113241,0.0229419932949464,0.0106606827742743,TRUE,0.0899309611833086,5000,3,10,"C1","none","superpopulation","facec"
180,"federated_dr",0.588161681330376,0.0116056426466627,0.00287393399140945,TRUE,0.0454932832098018,5000,3,10,"C1","none","superpopulation","facec"
180,"pooled_dr",0.589969691154611,0.0115864424721596,0.00468194381564446,TRUE,0.0454180199087562,5000,3,10,"C1","none","superpopulation","facec"
180,"tilted_aipw",0.587673194695997,0.0130178294536463,0.00238544735703039,TRUE,0.051028953772063,5000,3,10,"C1","none","superpopulation","facec"
180,"oracle_dr",0.577564954971706,0.0123060258023716,-0.00772279236726015,TRUE,0.0482387347309379,5000,3,10,"C1","none","superpopulation","facec"
181,"one_round_crossfit",0.589284652613318,0.0103094739799198,0.00399690527435159,TRUE,0.0404123954003912,5000,3,10,"C1","none","superpopulation","facec"
181,"two_round_crossfit",0.58717806395403,0.0104390983844617,0.00189031661506323,TRUE,0.0409205137292306,5000,3,10,"C1","none","superpopulation","facec"
181,"target_only",0.601786786947849,0.0178436693530947,0.0164990396088822,TRUE,0.0699458985682133,5000,3,10,"C1","none","superpopulation","facec"
181,"sample_size",0.602758764592521,0.0189118445010962,0.0174710172535545,TRUE,0.0741330682067407,5000,3,10,"C1","none","superpopulation","facec"
181,"inverse_variance",0.601285128813445,0.0189166952956596,0.0159973814744783,TRUE,0.0741520829720219,5000,3,10,"C1","none","superpopulation","facec"
181,"federated_dr",0.590911849872795,0.0115361730725676,0.00562410253382872,TRUE,0.0452209674833066,5000,3,10,"C1","none","superpopulation","facec"
181,"pooled_dr",0.588426610704055,0.0122691490084642,0.00313886336508884,TRUE,0.0480941803550901,5000,3,10,"C1","none","superpopulation","facec"
181,"tilted_aipw",0.58460167585179,0.0129428499695846,-0.000686071487176365,TRUE,0.0507350395953825,5000,3,10,"C1","none","superpopulation","facec"
181,"oracle_dr",0.585035204902964,0.0123406615149027,-0.000252542436001923,TRUE,0.0483745042292174,5000,3,10,"C1","none","superpopulation","facec"
182,"one_round_crossfit",0.568457026848727,0.0102885682725666,-0.0168307204902393,TRUE,0.0403304465334242,5000,3,10,"C1","none","superpopulation","facec"
182,"two_round_crossfit",0.570777541838275,0.0103087601881372,-0.014510205500691,TRUE,0.0404095973880185,5000,3,10,"C1","none","superpopulation","facec"
182,"target_only",0.578212679043318,0.0181438667742789,-0.0070750682956483,TRUE,0.0711226508357592,5000,3,10,"C1","none","superpopulation","facec"
182,"sample_size",0.587417123253998,0.014593805987882,0.00212937591503115,TRUE,0.0572066682672272,5000,3,10,"C1","none","superpopulation","facec"
182,"inverse_variance",0.587558085654424,0.0158456550497594,0.00227033831545775,TRUE,0.0621138264179473,5000,3,10,"C1","none","superpopulation","facec"
182,"federated_dr",0.572299027133652,0.011718670029504,-0.0129887202053147,TRUE,0.0459363424090737,5000,3,10,"C1","none","superpopulation","facec"
182,"pooled_dr",0.571351917329283,0.0121541810107668,-0.0139358300096831,TRUE,0.047643514085367,5000,3,10,"C1","none","superpopulation","facec"
182,"tilted_aipw",0.565773826788264,0.0130890610923003,-0.0195139205507019,TRUE,0.0513081766647063,5000,3,10,"C1","none","superpopulation","facec"
182,"oracle_dr",0.572072125066256,0.0126724211846712,-0.0132156222727104,TRUE,0.0496749782377559,5000,3,10,"C1","none","superpopulation","facec"
183,"one_round_crossfit",0.562709175232097,0.0104453376982544,-0.0225785721068695,FALSE,0.0409449713898742,5000,3,10,"C1","none","superpopulation","facec"
183,"two_round_crossfit",0.565785043827178,0.0104667433699033,-0.0195027035117881,TRUE,0.0410288800808676,5000,3,10,"C1","none","superpopulation","facec"
183,"target_only",0.583885498611859,0.018729949544154,-0.00140224872710715,TRUE,0.0734200530775886,5000,3,10,"C1","none","superpopulation","facec"
183,"sample_size",0.575773413720069,0.0342905766759849,-0.00951433361889742,TRUE,0.134416590588079,5000,3,10,"C1","none","superpopulation","facec"
183,"inverse_variance",0.571297218757208,0.0341132660721665,-0.0139905285817588,TRUE,0.133721545792957,5000,3,10,"C1","none","superpopulation","facec"
183,"federated_dr",0.564392810588515,0.0120535778520836,-0.020894936750451,TRUE,0.0472491569498668,5000,3,10,"C1","none","superpopulation","facec"
183,"pooled_dr",0.563254794766949,0.0124888504715628,-0.0220329525720171,TRUE,0.0489553942651384,5000,3,10,"C1","none","superpopulation","facec"
183,"tilted_aipw",0.570932782002315,0.0133913199048268,-0.0143549653366513,TRUE,0.0524930094378298,5000,3,10,"C1","none","superpopulation","facec"
183,"oracle_dr",0.559133195136101,0.0122928286138801,-0.0261545522028654,FALSE,0.0481870027026567,5000,3,10,"C1","none","superpopulation","facec"
184,"one_round_crossfit",0.586914768729941,0.0102628059556957,0.00162702139097426,TRUE,0.0402294601069737,5000,3,10,"C1","none","superpopulation","facec"
184,"two_round_crossfit",0.587714415796422,0.0104817864138789,0.00242666845745576,TRUE,0.0410878477296877,5000,3,10,"C1","none","superpopulation","facec"
184,"target_only",0.589048745597849,0.0182542103063157,0.00376099825888265,TRUE,0.0715551895331974,5000,3,10,"C1","none","superpopulation","facec"
184,"sample_size",0.595784325893607,0.0185157522699108,0.0104965785546403,TRUE,0.0725804151913818,5000,3,10,"C1","none","superpopulation","facec"
184,"inverse_variance",0.595221229701703,0.0186682183369999,0.0099334823627365,TRUE,0.0731780711921,5000,3,10,"C1","none","superpopulation","facec"
184,"federated_dr",0.58711668877256,0.0113668121930493,0.00182894143359369,TRUE,0.0445570850348147,5000,3,10,"C1","none","superpopulation","facec"
184,"pooled_dr",0.586358394129571,0.0118191037924477,0.00107064679060465,TRUE,0.0463300355254768,5000,3,10,"C1","none","superpopulation","facec"
184,"tilted_aipw",0.584439224579801,0.0126043244337892,-0.000848522759165249,TRUE,0.04940804387937,5000,3,10,"C1","none","superpopulation","facec"
184,"oracle_dr",0.586476697211128,0.0124270293535644,0.00118894987216156,TRUE,0.0487130599356165,5000,3,10,"C1","none","superpopulation","facec"
185,"one_round_crossfit",0.583438870718417,0.0102180898559576,-0.00184887662054978,TRUE,0.0400541762169417,5000,3,10,"C1","none","superpopulation","facec"
185,"two_round_crossfit",0.581506311700882,0.0103411654143595,-0.00378143563808409,TRUE,0.0405366235406319,5000,3,10,"C1","none","superpopulation","facec"
185,"target_only",0.561091477623461,0.0182222448019225,-0.0241962697155051,TRUE,0.0714298870584806,5000,3,10,"C1","none","superpopulation","facec"
185,"sample_size",0.600460233289205,0.0232101912321015,0.015172485950239,TRUE,0.0909822777784126,5000,3,10,"C1","none","superpopulation","facec"
185,"inverse_variance",0.600134260847843,0.0231177456721781,0.0148465135088767,TRUE,0.0906198978424513,5000,3,10,"C1","none","superpopulation","facec"
185,"federated_dr",0.582517980014755,0.0112705233106572,-0.00276976732421175,TRUE,0.0441796395516145,5000,3,10,"C1","none","superpopulation","facec"
185,"pooled_dr",0.587283998943426,0.011402598470353,0.00199625160445971,TRUE,0.0446973646641269,5000,3,10,"C1","none","superpopulation","facec"
185,"tilted_aipw",0.578490367947611,0.0123698864329528,-0.00679737939135538,TRUE,0.0484890638028761,5000,3,10,"C1","none","superpopulation","facec"
185,"oracle_dr",0.603311285021645,0.0124202899840797,0.0180235376826783,TRUE,0.0486866420926795,5000,3,10,"C1","none","superpopulation","facec"
186,"one_round_crossfit",0.597972728285222,0.0103643065166286,0.0126849809462556,TRUE,0.0406273349946518,5000,3,10,"C1","none","superpopulation","facec"
186,"two_round_crossfit",0.599330791693355,0.0103876581414968,0.014043044354389,TRUE,0.0407188716820959,5000,3,10,"C1","none","superpopulation","facec"
186,"target_only",0.576847729570059,0.0189133279802735,-0.00844001776890713,TRUE,0.0741388833382595,5000,3,10,"C1","none","superpopulation","facec"
186,"sample_size",0.608692664119305,0.0167340666172502,0.0234049167803387,TRUE,0.0655963357694089,5000,3,10,"C1","none","superpopulation","facec"
186,"inverse_variance",0.609411621005447,0.0172578734536326,0.0241238736664811,TRUE,0.0676496208377393,5000,3,10,"C1","none","superpopulation","facec"
186,"federated_dr",0.596306497029623,0.0116544039348277,0.0110187496906563,TRUE,0.0456844239470884,5000,3,10,"C1","none","superpopulation","facec"
186,"pooled_dr",0.595238522709563,0.0121421406449067,0.00995077537059652,TRUE,0.0475963167184743,5000,3,10,"C1","none","superpopulation","facec"
186,"tilted_aipw",0.590394707797446,0.0128462108481194,0.00510696045847914,TRUE,0.0503562212002435,5000,3,10,"C1","none","superpopulation","facec"
186,"oracle_dr",0.594344611578765,0.0120227010328473,0.0090568642397989,TRUE,0.0471281220425463,5000,3,10,"C1","none","superpopulation","facec"
187,"one_round_crossfit",0.589776733395238,0.0104403946397102,0.0044889860562719,TRUE,0.040925594956434,5000,3,10,"C1","none","superpopulation","facec"
187,"two_round_crossfit",0.592047850676545,0.0105042652713855,0.00676010333757826,TRUE,0.0411759632319406,5000,3,10,"C1","none","superpopulation","facec"
187,"target_only",0.583112029061091,0.0187851114425353,-0.00217571827787555,TRUE,0.073636283745881,5000,3,10,"C1","none","superpopulation","facec"
187,"sample_size",0.597917922825478,0.0148643539836066,0.0126301754865119,TRUE,0.0582671969226469,5000,3,10,"C1","none","superpopulation","facec"
187,"inverse_variance",0.597987163564382,0.016159500777098,0.0126994162254153,TRUE,0.0633440790625182,5000,3,10,"C1","none","superpopulation","facec"
187,"federated_dr",0.588012110520943,0.0117321817661353,0.00272436318197622,TRUE,0.0459893074434052,5000,3,10,"C1","none","superpopulation","facec"
187,"pooled_dr",0.588467892291153,0.0121859445655984,0.00318014495218621,TRUE,0.0477680249323489,5000,3,10,"C1","none","superpopulation","facec"
187,"tilted_aipw",0.586730975663949,0.0129995273647211,0.00144322832498289,TRUE,0.0509572109017926,5000,3,10,"C1","none","superpopulation","facec"
187,"oracle_dr",0.586839566894044,0.0126173083530811,0.00155181955507722,TRUE,0.0494589399077505,5000,3,10,"C1","none","superpopulation","facec"
188,"one_round_crossfit",0.582182515651012,0.01046251947373,-0.00310523168795429,TRUE,0.0410123227121195,5000,3,10,"C1","none","superpopulation","facec"
188,"two_round_crossfit",0.585820457396173,0.0102154978298717,0.000532710057206232,TRUE,0.040044015661391,5000,3,10,"C1","none","superpopulation","facec"
188,"target_only",0.587766841288915,0.0183638038253176,0.00247909394994816,TRUE,0.0719847882335627,5000,3,10,"C1","none","superpopulation","facec"
188,"sample_size",0.594648287931706,0.0127170316370528,0.00936054059273983,TRUE,0.0498498479977598,5000,3,10,"C1","none","superpopulation","facec"
188,"inverse_variance",0.594644489500044,0.0147325316318173,0.00935674216107718,TRUE,0.0577504627989178,5000,3,10,"C1","none","superpopulation","facec"
188,"federated_dr",0.585135022286542,0.0114619196334051,-0.000152725052424474,TRUE,0.0449298993503331,5000,3,10,"C1","none","superpopulation","facec"
188,"pooled_dr",0.583204509696453,0.0117819405232488,-0.00208323764251361,TRUE,0.0461843581871215,5000,3,10,"C1","none","superpopulation","facec"
188,"tilted_aipw",0.581986931614772,0.0124243178654657,-0.00330081572419483,TRUE,0.0487024310975805,5000,3,10,"C1","none","superpopulation","facec"
188,"oracle_dr",0.58230638028091,0.0124168235678886,-0.00298136705805607,TRUE,0.0486730539908997,5000,3,10,"C1","none","superpopulation","facec"
189,"one_round_crossfit",0.594276039302036,0.0101997029484877,0.00898829196306916,TRUE,0.0399821008640859,5000,3,10,"C1","none","superpopulation","facec"
189,"two_round_crossfit",0.594235851122743,0.0101181721548048,0.0089481037837762,TRUE,0.0396625060255871,5000,3,10,"C1","none","superpopulation","facec"
189,"target_only",0.589937234933437,0.0181040015107432,0.00464948759447015,TRUE,0.0709663818742305,5000,3,10,"C1","none","superpopulation","facec"
189,"sample_size",0.594752709272739,0.0137301656453709,0.00946496193377255,TRUE,0.0538212603333921,5000,3,10,"C1","none","superpopulation","facec"
189,"inverse_variance",0.594508826903501,0.0152830088670312,0.00922107956453511,TRUE,0.059908293909575,5000,3,10,"C1","none","superpopulation","facec"
189,"federated_dr",0.59593794326855,0.0119831852250746,0.0106501959295833,TRUE,0.0469732229224376,5000,3,10,"C1","none","superpopulation","facec"
189,"pooled_dr",0.592519611002523,0.0131216594841681,0.0072318636635571,TRUE,0.0514359600127359,5000,3,10,"C1","none","superpopulation","facec"
189,"tilted_aipw",0.602970525429457,0.0136052357891306,0.0176827780904905,TRUE,0.0533315442957425,5000,3,10,"C1","none","superpopulation","facec"
189,"oracle_dr",0.595722534012069,0.0124765005799443,0.010434786673103,TRUE,0.0489069835795679,5000,3,10,"C1","none","superpopulation","facec"
190,"one_round_crossfit",0.575607606466168,0.0102230947160134,-0.00968014087279867,TRUE,0.040073794907856,5000,3,10,"C1","none","superpopulation","facec"
190,"two_round_crossfit",0.574610410332883,0.0102363075852333,-0.010677337006083,TRUE,0.0401255884034628,5000,3,10,"C1","none","superpopulation","facec"
190,"target_only",0.585332786950778,0.0178394120437475,4.50396118120144e-05,TRUE,0.0699292102222304,5000,3,10,"C1","none","superpopulation","facec"
190,"sample_size",0.587955992990156,0.0180348816315941,0.00266824565118928,TRUE,0.0706954369267347,5000,3,10,"C1","none","superpopulation","facec"
190,"inverse_variance",0.587116509465316,0.0183440570048914,0.00182876212635008,TRUE,0.0719073821198737,5000,3,10,"C1","none","superpopulation","facec"
190,"federated_dr",0.576731173445225,0.0113882521327458,-0.00855657389374143,TRUE,0.0446411280540866,5000,3,10,"C1","none","superpopulation","facec"
190,"pooled_dr",0.577981104498796,0.0119260912133313,-0.00730664284017046,TRUE,0.0467494185089379,5000,3,10,"C1","none","superpopulation","facec"
190,"tilted_aipw",0.575756304438644,0.0128893348270098,-0.00953144290032193,TRUE,0.0505252640912341,5000,3,10,"C1","none","superpopulation","facec"
190,"oracle_dr",0.578310351994529,0.0123850163099805,-0.00697739534443698,TRUE,0.0485483718310058,5000,3,10,"C1","none","superpopulation","facec"
191,"one_round_crossfit",0.585931309933398,0.0101357755619403,0.00064356259443199,TRUE,0.0397315101135687,5000,3,10,"C1","none","superpopulation","facec"
191,"two_round_crossfit",0.588745256924525,0.0101714856064349,0.00345750958555835,TRUE,0.0398714909157598,5000,3,10,"C1","none","superpopulation","facec"
191,"target_only",0.602426011569359,0.0177088878379613,0.017138264230393,TRUE,0.069417564737327,5000,3,10,"C1","none","superpopulation","facec"
191,"sample_size",0.599741924187034,0.00962338344392426,0.0144541768480677,TRUE,0.0377229699190211,5000,3,10,"C1","none","superpopulation","facec"
191,"inverse_variance",0.600238189839851,0.0112019177376007,0.0149504425008842,TRUE,0.0439107106469554,5000,3,10,"C1","none","superpopulation","facec"
191,"federated_dr",0.58839327401246,0.0117104213194697,0.00310552667349406,TRUE,0.0459040080599014,5000,3,10,"C1","none","superpopulation","facec"
191,"pooled_dr",0.58605437547856,0.012368135622302,0.000766628139593273,TRUE,0.0484822007512375,5000,3,10,"C1","none","superpopulation","facec"
191,"tilted_aipw",0.584941485666957,0.0132027795818914,-0.000346261672009462,TRUE,0.0517539449526561,5000,3,10,"C1","none","superpopulation","facec"
191,"oracle_dr",0.576710309703674,0.0127198852706675,-0.00857743763529273,TRUE,0.0498610340359795,5000,3,10,"C1","none","superpopulation","facec"
192,"one_round_crossfit",0.575684065468594,0.0102378615373104,-0.00960368187037253,TRUE,0.0401316797836726,5000,3,10,"C1","none","superpopulation","facec"
192,"two_round_crossfit",0.573121589838622,0.0103172643965832,-0.0121661575003448,TRUE,0.0404429332725609,5000,3,10,"C1","none","superpopulation","facec"
192,"target_only",0.563428041315382,0.0187921983910916,-0.021859706023584,TRUE,0.073664064073742,5000,3,10,"C1","none","superpopulation","facec"
192,"sample_size",0.583993177853496,0.0175333228063022,-0.00129456948547069,TRUE,0.0687293624593341,5000,3,10,"C1","none","superpopulation","facec"
192,"inverse_variance",0.583982229993049,0.0177808034866971,-0.00130551734591777,TRUE,0.0696994689002208,5000,3,10,"C1","none","superpopulation","facec"
192,"federated_dr",0.576625358482122,0.0116281291259904,-0.00866238885684412,TRUE,0.0455814285890446,5000,3,10,"C1","none","superpopulation","facec"
192,"pooled_dr",0.576805018758597,0.0122225588929638,-0.00848272858036969,TRUE,0.0479115504582575,5000,3,10,"C1","none","superpopulation","facec"
192,"tilted_aipw",0.568628322567245,0.0128533376420204,-0.0166594247717209,TRUE,0.0503841577189859,5000,3,10,"C1","none","superpopulation","facec"
192,"oracle_dr",0.588770280359292,0.0122881014837231,0.00348253302032575,TRUE,0.0481684726929408,5000,3,10,"C1","none","superpopulation","facec"
193,"one_round_crossfit",0.575268029172867,0.0103081711044039,-0.0100197181660994,TRUE,0.0404072882222162,5000,3,10,"C1","none","superpopulation","facec"
193,"two_round_crossfit",0.575015369918291,0.0103714887587708,-0.0102723774206755,TRUE,0.0406554888665056,5000,3,10,"C1","none","superpopulation","facec"
193,"target_only",0.573245107565738,0.018461979972883,-0.0120426397732282,TRUE,0.0723696316603006,5000,3,10,"C1","none","superpopulation","facec"
193,"sample_size",0.588636178689656,0.0184491074219939,0.00334843135068974,TRUE,0.0723191721880372,5000,3,10,"C1","none","superpopulation","facec"
193,"inverse_variance",0.588013130639126,0.0185932624882561,0.00272538330015915,TRUE,0.0728842496641631,5000,3,10,"C1","none","superpopulation","facec"
193,"federated_dr",0.574916106752806,0.011468997936524,-0.0103716405861601,TRUE,0.0449576457887024,5000,3,10,"C1","none","superpopulation","facec"
193,"pooled_dr",0.574118293409729,0.0121305770249447,-0.0111694539292375,TRUE,0.0475509881611613,5000,3,10,"C1","none","superpopulation","facec"
193,"tilted_aipw",0.566948857723032,0.0126375382403039,-0.0183388896159348,TRUE,0.0495382396084867,5000,3,10,"C1","none","superpopulation","facec"
193,"oracle_dr",0.57334615476775,0.0127733909367233,-0.0119415925712161,TRUE,0.050070772392856,5000,3,10,"C1","none","superpopulation","facec"
194,"one_round_crossfit",0.574105357969963,0.0104790488204541,-0.0111823893690033,TRUE,0.041077116560654,5000,3,10,"C1","none","superpopulation","facec"
194,"two_round_crossfit",0.573062129207784,0.0104619955275029,-0.0122256181311819,TRUE,0.0410102688806497,5000,3,10,"C1","none","superpopulation","facec"
194,"target_only",0.562690540746997,0.0183325382248315,-0.0225972065919692,TRUE,0.0718622293317472,5000,3,10,"C1","none","superpopulation","facec"
194,"sample_size",0.586936557829954,0.0214049422545652,0.00164881049098753,TRUE,0.0839058318202148,5000,3,10,"C1","none","superpopulation","facec"
194,"inverse_variance",0.586209016180709,0.0213575010798681,0.000921268841742262,TRUE,0.0837198658326337,5000,3,10,"C1","none","superpopulation","facec"
194,"federated_dr",0.573186047862431,0.011700714813163,-0.0121016994765356,TRUE,0.0458659592543478,5000,3,10,"C1","none","superpopulation","facec"
194,"pooled_dr",0.570651509615301,0.0122364677996596,-0.0146362377236658,TRUE,0.0479660723706339,5000,3,10,"C1","none","superpopulation","facec"
194,"tilted_aipw",0.570771103613681,0.0128917587423912,-0.0145166437252854,TRUE,0.0505347656649324,5000,3,10,"C1","none","superpopulation","facec"
194,"oracle_dr",0.566571242411732,0.0127524473634645,-0.0187165049272346,TRUE,0.0499886750942666,5000,3,10,"C1","none","superpopulation","facec"
195,"one_round_crossfit",0.600628142351572,0.0102211917713773,0.0153403950126061,TRUE,0.0400663355019533,5000,3,10,"C1","none","superpopulation","facec"
195,"two_round_crossfit",0.599372191385497,0.0103931948599665,0.0140844440465308,TRUE,0.0407405752196823,5000,3,10,"C1","none","superpopulation","facec"
195,"target_only",0.605672713490204,0.0180127465996283,0.0203849661512377,TRUE,0.0706086691958354,5000,3,10,"C1","none","superpopulation","facec"
195,"sample_size",0.612813981337217,0.0167687975710172,0.0275262339982505,TRUE,0.0657324786064728,5000,3,10,"C1","none","superpopulation","facec"
195,"inverse_variance",0.611969013289169,0.0173052931584472,0.0266812659502023,TRUE,0.0678355026649275,5000,3,10,"C1","none","superpopulation","facec"
195,"federated_dr",0.603458695934025,0.0113713303260385,0.0181709485950583,TRUE,0.044574795790687,5000,3,10,"C1","none","superpopulation","facec"
195,"pooled_dr",0.602888101208846,0.0120031982514829,0.0176003538698797,TRUE,0.0470516725444012,5000,3,10,"C1","none","superpopulation","facec"
195,"tilted_aipw",0.595861141276317,0.0128578100697405,0.010573393937351,TRUE,0.0504016893134958,5000,3,10,"C1","none","superpopulation","facec"
195,"oracle_dr",0.596903634732534,0.0122071725101408,0.0116158873935681,TRUE,0.0478512369458868,5000,3,10,"C1","none","superpopulation","facec"
196,"one_round_crossfit",0.586939336803624,0.0103486272659949,0.00165158946465793,TRUE,0.0405658734615586,5000,3,10,"C1","none","superpopulation","facec"
196,"two_round_crossfit",0.586292408330744,0.0103373754427592,0.00100466099177765,TRUE,0.0405217671249536,5000,3,10,"C1","none","superpopulation","facec"
196,"target_only",0.588709767479188,0.0184558973970419,0.00342202014022142,TRUE,0.0723457884011374,5000,3,10,"C1","none","superpopulation","facec"
196,"sample_size",0.599572638986223,0.00968793492235571,0.0142848916472569,TRUE,0.0379760070647701,5000,3,10,"C1","none","superpopulation","facec"
196,"inverse_variance",0.599882070302071,0.0116350238319799,0.0145943229631048,TRUE,0.0456084553398917,5000,3,10,"C1","none","superpopulation","facec"
196,"federated_dr",0.586302575529887,0.0116091814376221,0.00101482819092047,TRUE,0.0455071550154607,5000,3,10,"C1","none","superpopulation","facec"
196,"pooled_dr",0.585695952867043,0.0120391065630897,0.0004082055280763,TRUE,0.0471924305393912,5000,3,10,"C1","none","superpopulation","facec"
196,"tilted_aipw",0.580581442106363,0.0124279453809814,-0.00470630523260296,TRUE,0.0487166506971088,5000,3,10,"C1","none","superpopulation","facec"
196,"oracle_dr",0.577700141247057,0.0122991082413489,-0.00758760609190912,TRUE,0.0482116183900074,5000,3,10,"C1","none","superpopulation","facec"
197,"one_round_crossfit",0.570018637436916,0.010442936275726,-0.0152691099020505,TRUE,0.0409355579865396,5000,3,10,"C1","none","superpopulation","facec"
197,"two_round_crossfit",0.568197415498814,0.0105074780446616,-0.0170903318401529,TRUE,0.0411885570717643,5000,3,10,"C1","none","superpopulation","facec"
197,"target_only",0.555443655674351,0.0179782615491974,-0.0298440916646159,TRUE,0.0704734902821362,5000,3,10,"C1","none","superpopulation","facec"
197,"sample_size",0.577705033625095,0.00960058954569443,-0.0075827137138712,TRUE,0.0376336194798257,5000,3,10,"C1","none","superpopulation","facec"
197,"inverse_variance",0.577816731516494,0.0128119951785297,-0.00747101582247189,TRUE,0.0502220982400379,5000,3,10,"C1","none","superpopulation","facec"
197,"federated_dr",0.570696544959263,0.0122296609439086,-0.0145912023797031,TRUE,0.047939389986394,5000,3,10,"C1","none","superpopulation","facec"
197,"pooled_dr",0.573333830372706,0.0129246081616547,-0.01195391696626,TRUE,0.0506635330222713,5000,3,10,"C1","none","superpopulation","facec"
197,"tilted_aipw",0.561261446858459,0.0133293489035747,-0.024026300480507,TRUE,0.0522500875767495,5000,3,10,"C1","none","superpopulation","facec"
197,"oracle_dr",0.586946317393928,0.0125663978324469,0.00165857005496128,TRUE,0.0492593743339962,5000,3,10,"C1","none","superpopulation","facec"
198,"one_round_crossfit",0.579340966578469,0.0105232963518346,-0.00594678076049704,TRUE,0.0412505636964748,5000,3,10,"C1","none","superpopulation","facec"
198,"two_round_crossfit",0.581174220750774,0.0105489295187163,-0.00411352658819264,TRUE,0.0413510438642708,5000,3,10,"C1","none","superpopulation","facec"
198,"target_only",0.572744918457628,0.0186975904642662,-0.0125428288813381,TRUE,0.0732932078152824,5000,3,10,"C1","none","superpopulation","facec"
198,"sample_size",0.600436780996174,0.0256840451840073,0.015149033657208,TRUE,0.100679607075908,5000,3,10,"C1","none","superpopulation","facec"
198,"inverse_variance",0.600208660742716,0.0255795614173726,0.0149209134037491,TRUE,0.100270038236761,5000,3,10,"C1","none","superpopulation","facec"
198,"federated_dr",0.581745101501981,0.0113165164697634,-0.0035426458369856,TRUE,0.0443599294223813,5000,3,10,"C1","none","superpopulation","facec"
198,"pooled_dr",0.583814068868971,0.0116680535061533,-0.00147367846999558,TRUE,0.0457379292834934,5000,3,10,"C1","none","superpopulation","facec"
198,"tilted_aipw",0.572307520618418,0.012506311938755,-0.0129802267205488,TRUE,0.0490238419587663,5000,3,10,"C1","none","superpopulation","facec"
198,"oracle_dr",0.589534626027236,0.0122537335059099,0.00424687868826934,TRUE,0.0480337526954702,5000,3,10,"C1","none","superpopulation","facec"
199,"one_round_crossfit",0.581253485303433,0.0103493198005064,-0.00403426203553292,TRUE,0.0405685881469597,5000,3,10,"C1","none","superpopulation","facec"
199,"two_round_crossfit",0.581236918501313,0.010304457409572,-0.00405082883765295,TRUE,0.0403927308059759,5000,3,10,"C1","none","superpopulation","facec"
199,"target_only",0.560508235843438,0.0184628826650801,-0.0247795114955279,TRUE,0.0723731701486918,5000,3,10,"C1","none","superpopulation","facec"
199,"sample_size",0.593857889112726,0.0175820668026939,0.00857014177375925,TRUE,0.0689204354141149,5000,3,10,"C1","none","superpopulation","facec"
199,"inverse_variance",0.594668387877816,0.0177247295595019,0.00938064053884946,TRUE,0.0694796631446724,5000,3,10,"C1","none","superpopulation","facec"
199,"federated_dr",0.580265233884426,0.0118356531997373,-0.00502251345453997,TRUE,0.0463949080099828,5000,3,10,"C1","none","superpopulation","facec"
199,"pooled_dr",0.581947226699275,0.0123837910828964,-0.00334052063969181,TRUE,0.0485435690290903,5000,3,10,"C1","none","superpopulation","facec"
199,"tilted_aipw",0.578315999307189,0.0128615475974328,-0.00697174803177758,TRUE,0.0504163401528319,5000,3,10,"C1","none","superpopulation","facec"
199,"oracle_dr",0.591425157978341,0.0128028250493495,0.00613741063937456,TRUE,0.0501861519941846,5000,3,10,"C1","none","superpopulation","facec"
200,"one_round_crossfit",0.59968669254313,0.0103314552230209,0.014398945204164,TRUE,0.0404985602900183,5000,3,10,"C1","none","superpopulation","facec"
200,"two_round_crossfit",0.599547361052429,0.0103837745554224,0.0142596137134628,TRUE,0.0407036483044225,5000,3,10,"C1","none","superpopulation","facec"
200,"target_only",0.590183117989541,0.0188191216982736,0.00489537065057488,TRUE,0.0737696014985849,5000,3,10,"C1","none","superpopulation","facec"
200,"sample_size",0.604745209099355,0.0208827610000553,0.0194574617603891,TRUE,0.0818589189157319,5000,3,10,"C1","none","superpopulation","facec"
200,"inverse_variance",0.603885102342217,0.0208163460493893,0.0185973550032508,TRUE,0.0815985770930512,5000,3,10,"C1","none","superpopulation","facec"
200,"federated_dr",0.595546848366791,0.0117682048947441,0.0102591010278247,TRUE,0.0461305155127727,5000,3,10,"C1","none","superpopulation","facec"
200,"pooled_dr",0.595440006111522,0.0121558453223889,0.010152258772556,TRUE,0.0476500380670439,5000,3,10,"C1","none","superpopulation","facec"
200,"tilted_aipw",0.590037188248037,0.0126506811392804,0.00474944090907081,TRUE,0.0495897588257797,5000,3,10,"C1","none","superpopulation","facec"
200,"oracle_dr",0.589970288059918,0.0120978268345257,0.00468254072095209,TRUE,0.0474226097737449,5000,3,10,"C1","none","superpopulation","facec"
