tag,mode,gamma_label,alpha_label,gamma_basis,alpha_basis,n,mean_source_bias_observed,mean_abs_source_bias_observed,median_abs_source_bias_observed,mean_source_bias_model_observed_A,mean_source_bias_model_true_pi,mean_required_delta,mean_observed_delta,mean_model_delta_observed_A,mean_model_delta_true_pi,mean_outcome_noise_delta,mean_intercept_gap_observed_A,mean_intercept_gap_true_pi,mean_raw_z_gap_observed_A,mean_raw_z_gap_true_pi,mean_norm_z_gap_observed_A,mean_norm_z_gap_true_pi
c2quick_k3p10_seed120,one_round,current,current,fitted,fitted,30,-0.015500934017859605,0.05436346510120768,0.041501680619907305,-0.0028511083345488615,-0.002944893616420402,0.015389393260186795,-0.00011154075767282149,0.01253828492563792,0.01244449964376638,-0.012649825683310733,0.0032576156914541103,0.039518575301896126,0.1622362708175836,0.14224013456820833,0.1617443875238145,0.13882450339708335
c2quick_k3p10_seed120,one_round,current,lambda_1se,fitted,fitted,30,-0.0156072008686152,0.05446973195196327,0.041501680619907305,-0.002957375185304437,-0.003086601422487998,0.015459271024357981,-0.0001479298442572145,0.012501895839053529,0.012372669601869973,-0.012649825683310733,0.0032576156914541103,0.039518575301896126,0.1622362708175836,0.14224013456820833,0.1617443875238145,0.13882450339708335
c2quick_k3p10_seed120,one_round,current,true,fitted,true,30,-0.012649825683310733,0.04953854225573728,0.0395480395870179,0.0,0.0,0.0,-0.012649825683310733,0.0,0.0,-0.012649825683310733,0.0032576156914541103,0.039518575301896126,0.1622362708175836,0.14224013456820833,0.1617443875238145,0.13882450339708335
c2quick_k3p10_seed120,one_round,current,zero,fitted,fitted,30,-0.017289767156113887,0.05392793578703917,0.043165100968869205,-0.004639941472803164,-0.003189088663391778,0.017415775767165142,0.0001260086110512352,0.012775834294361983,0.014226687103773387,-0.012649825683310738,0.0032576156914541103,0.039518575301896126,0.1622362708175836,0.14224013456820833,0.1617443875238145,0.13882450339708335
c2quick_k3p10_seed120,one_round,raw_true,current,true,fitted,30,0.0010484179668253238,0.06201267039715441,0.0572187436790209,0.015216191185949902,0.02163714643455766,0.015389393260186795,0.016437811227012114,0.030605584446136692,0.037026539694744384,-0.014167773219124598,0.1800572632219202,0.26237823217434103,0.18720824522093238,0.19771565365858643,0.16524470934863725,0.16631455930408257
c2quick_k3p10_seed120,one_round,raw_true,true,true,true,30,-0.014167773219124598,0.05909791172644494,0.051549959163092296,0.0,0.0,0.0,-0.014167773219124598,0.0,0.0,-0.014167773219124598,0.1800572632219202,0.26237823217434103,0.18720824522093238,0.19771565365858643,0.16524470934863725,0.16631455930408257
c2quick_k3p10_seed120,one_round,true,current,true,fitted,30,-0.0008962196112669521,0.05113422673553676,0.0481901449434286,0.01242996938549921,0.021581279282022574,0.015389393260186795,0.014493173648919838,0.027819362645685988,0.03697067254220939,-0.013326188996766167,-0.00998345725728205,0.06373141387636941,0.16424145501716936,0.17550185600601,0.16524470934863725,0.16631455930408257
c2quick_k3p10_seed120,one_round,true,true,true,true,30,-0.013326188996766167,0.049714797585421286,0.0400915767622603,0.0,0.0,0.0,-0.013326188996766167,0.0,0.0,-0.013326188996766167,-0.00998345725728205,0.06373141387636941,0.16424145501716936,0.17550185600601,0.16524470934863725,0.16631455930408257
c2quick_k3p10_seed120,one_round,x0.1,current,fitted,fitted,30,-0.015677265423901323,0.05794987315154659,0.04922042897547755,-0.0011748980658399892,0.0006283858606375462,0.015389393260186795,-0.0002878721637146401,0.0142144951943468,0.016017779120824305,-0.014502367358061418,0.020946309765860448,0.08436460765831869,0.1691391798333848,0.1687446215279655,0.1650108115666247,0.1580307323842882
c2quick_k3p10_seed120,one_round,x0.1,lambda_1se,fitted,fitted,30,-0.015779732037623187,0.058052339765268454,0.04922042897547755,-0.0012773646795618294,0.0005202719846512928,0.015459271024357981,-0.00032046101326529963,0.014181906344796139,0.015979543009009223,-0.014502367358061418,0.020946309765860448,0.08436460765831869,0.1691391798333848,0.1687446215279655,0.1650108115666247,0.1580307323842882
c2quick_k3p10_seed120,one_round,x0.1,zero,fitted,fitted,30,-0.01778204982995034,0.05815000469587148,0.0510669044357787,-0.0032796824718889683,0.0004542447334801107,0.017415775767165142,-0.00036627406278526124,0.01413609329527618,0.017870020500645248,-0.014502367358061421,0.020946309765860448,0.08436460765831869,0.1691391798333848,0.1687446215279655,0.1650108115666247,0.1580307323842882
c2quick_k3p10_seed120,one_round,x10,current,fitted,fitted,30,-0.009097280642924805,0.05405736632322596,0.0410260089942956,0.006287410380163502,0.004848539473808973,0.015389393260186795,0.006292112617261946,0.021676803640350274,0.020237932733995753,-0.015384691023088298,-5.89811627389284e-05,0.01155634800433817,0.178840992946604,0.1423929981758344,0.17886981217923995,0.1419222197900863
c2quick_k3p10_seed120,one_round,x10,lambda_1se,fitted,fitted,30,-0.009203547493680398,0.054163633173981554,0.0410260089942956,0.006181143529407926,0.004706831667741376,0.015459271024357981,0.006255723530677551,0.021640414553765884,0.020166102692099345,-0.015384691023088298,-5.89811627389284e-05,0.01155634800433817,0.178840992946604,0.1423929981758344,0.17886981217923995,0.1419222197900863
c2quick_k3p10_seed120,one_round,x10,zero,fitted,fitted,30,-0.010831067307974718,0.052876174730417384,0.043165100968869205,0.004553623715113552,0.00428523456651927,0.017415775767165142,0.006584708459190409,0.021969399482278693,0.021701010333684424,-0.015384691023088298,-5.89811627389284e-05,0.01155634800433817,0.178840992946604,0.1423929981758344,0.17886981217923995,0.1419222197900863
c2quick_k3p10_seed120,one_round,zero,current,fitted,fitted,30,-0.015063292813099443,0.05828850445605818,0.0521523553962355,-0.00016140145589806006,0.0025801872082795033,0.015389393260186795,0.0003261004470873743,0.015227991804288719,0.017969580468466265,-0.014901891357201382,0.024081656014156804,0.09283104836515318,0.1725802437019022,0.17587840524893134,0.1676775859046827,0.16334569886734643
c2quick_k3p10_seed120,one_round,zero,lambda_1se,fitted,fitted,30,-0.015151931256962905,0.05837714289992165,0.0521523553962355,-0.0002500398997615335,0.002484028360273169,0.015459271024357981,0.0003073397673950801,0.015209231124596436,0.017943299384631132,-0.014901891357201382,0.024081656014156804,0.09283104836515318,0.1725802437019022,0.17587840524893134,0.1676775859046827,0.16334569886734643
c2quick_k3p10_seed120,one_round,zero,zero,fitted,fitted,30,-0.017355813424136165,0.058700948190613854,0.050350967567518654,-0.0024539220669347705,0.002370235261319972,0.017415775767165142,5.9962343028963314e-05,0.014961853700230369,0.01978601102848509,-0.014901891357201373,0.024081656014156804,0.09283104836515318,0.1725802437019022,0.17587840524893134,0.1676775859046827,0.16334569886734643
c2quick_k3p10_seed120,two_round,current,current,fitted,fitted,30,-0.016075259814236558,0.05494132438773639,0.04150142649737095,-0.0030153808529797513,-0.0031173302466584174,0.015489611691067691,-0.000585648123168872,0.012474230838087932,0.01237228144440927,-0.013059878961256816,0.005856898695283899,0.04109367390057869,0.16361017626129662,0.1429111975949669,0.16259769852642883,0.13926762339207052
c2quick_k3p10_seed120,two_round,current,lambda_1se,fitted,fitted,30,-0.016114427752077515,0.054952105581415896,0.04150142649737095,-0.0030545487908207073,-0.0032269561473255563,0.015485238370355764,-0.0006291893817217583,0.012430689579535048,0.012258282223030197,-0.013059878961256816,0.005856898695283899,0.04109367390057869,0.16361017626129662,0.1429111975949669,0.16259769852642883,0.13926762339207052
c2quick_k3p10_seed120,two_round,current,true,fitted,true,30,-0.013059878961256816,0.04930991119042483,0.03956922834148715,0.0,0.0,0.0,-0.013059878961256816,0.0,0.0,-0.013059878961256816,0.005856898695283899,0.04109367390057869,0.16361017626129662,0.1429111975949669,0.16259769852642883,0.13926762339207052
c2quick_k3p10_seed120,two_round,current,zero,fitted,fitted,30,-0.01804153428312117,0.05431126297900654,0.043167448750752846,-0.004981655321864355,-0.0034727907087031915,0.01733546045816535,-0.0007060738249558019,0.012353805136300987,0.013862669749462162,-0.013059878961256816,0.005856898695283899,0.04109367390057869,0.16361017626129662,0.1429111975949669,0.16259769852642883,0.13926762339207052
c2quick_k3p10_seed120,two_round,raw_true,current,true,fitted,30,0.0008861831028086106,0.062044041062652835,0.05711088843568655,0.01505395632193325,0.02149965398886078,0.015489611691067691,0.01637579479387636,0.030543568013000937,0.03698926567992842,-0.014167773219124595,0.1800572632219202,0.26237823217434103,0.18720824522093238,0.19771565365858643,0.16524470934863725,0.16631455930408257
c2quick_k3p10_seed120,two_round,raw_true,true,true,true,30,-0.014167773219124598,0.05909791172644494,0.051549959163092296,0.0,0.0,0.0,-0.014167773219124598,0.0,0.0,-0.014167773219124598,0.1800572632219202,0.26237823217434103,0.18720824522093238,0.19771565365858643,0.16524470934863725,0.16631455930408257
c2quick_k3p10_seed120,two_round,true,current,true,fitted,30,-0.001045071573889219,0.05127074700769052,0.04818030961262425,0.012281117422876908,0.02145292167033629,0.015489611691067691,0.014444540117178445,0.027770729113944608,0.03694253336140401,-0.01332618899676617,-0.00998345725728205,0.06373141387636941,0.16424145501716936,0.17550185600601,0.16524470934863725,0.16631455930408257
c2quick_k3p10_seed120,two_round,true,true,true,true,30,-0.013326188996766167,0.049714797585421286,0.0400915767622603,0.0,0.0,0.0,-0.013326188996766167,0.0,0.0,-0.013326188996766167,-0.00998345725728205,0.06373141387636941,0.16424145501716936,0.17550185600601,0.16524470934863725,0.16631455930408257
c2quick_k3p10_seed120,two_round,x0.1,current,fitted,fitted,30,-0.015831526447839455,0.0579670239231287,0.04938703073133275,-0.0012027649090276496,0.0005590789800971698,0.015489611691067691,-0.000341914756771756,0.014286846782040041,0.016048690671164857,-0.014628761538811829,0.02141537403533939,0.08449859965983125,0.16939816233812074,0.16875823929137546,0.16518233780635289,0.15803547534130993
c2quick_k3p10_seed120,two_round,x0.1,lambda_1se,fitted,fitted,30,-0.015876146108386852,0.05798667146387025,0.0491997398327889,-0.0012473845695750432,0.0004976232947594036,0.015485238370355764,-0.000390907738031096,0.01423785380078071,0.015982861665115138,-0.014628761538811829,0.02141537403533939,0.08449859965983125,0.16939816233812074,0.16875823929137546,0.16518233780635289,0.15803547534130993
c2quick_k3p10_seed120,two_round,x0.1,zero,fitted,fitted,30,-0.018103423138465993,0.05793891636557251,0.05056443050175255,-0.003474661599654193,0.00035522216908139264,0.01733546045816535,-0.0007679626803006621,0.013860798858511152,0.017690682627246712,-0.014628761538811826,0.02141537403533939,0.08449859965983125,0.16939816233812074,0.16875823929137546,0.16518233780635289,0.15803547534130993
c2quick_k3p10_seed120,two_round,x10,current,fitted,fitted,30,-0.0092129012518768,0.054204558622849584,0.04102383754089805,0.006168816202217845,0.004729697645395218,0.015489611691067691,0.006276710439190871,0.02165842789328554,0.020219309336462907,-0.015381717454094652,-0.00010446465310682107,0.011510863440402945,0.17883530332218053,0.14238954930108125,0.17886981217923995,0.1419222197900863
c2quick_k3p10_seed120,two_round,x10,lambda_1se,fitted,fitted,30,-0.009252069189717754,0.054215339816529075,0.04102383754089805,0.006129648264376888,0.0046200717447280795,0.015485238370355764,0.006233169180637982,0.02161488663473265,0.020105310115083833,-0.015381717454094652,-0.00010446465310682107,0.011510863440402945,0.17883530332218053,0.14238954930108125,0.17886981217923995,0.1419222197900863
c2quick_k3p10_seed120,two_round,x10,zero,fitted,fitted,30,-0.010959833855782902,0.052722742712567834,0.043167448750752846,0.004421883598311767,0.004203724441730259,0.01733546045816535,0.006375626602382455,0.021757344056477116,0.021539184899895612,-0.015381717454094656,-0.00010446465310682107,0.011510863440402945,0.17883530332218053,0.14238954930108125,0.17886981217923995,0.1419222197900863
c2quick_k3p10_seed120,two_round,zero,current,fitted,fitted,30,-0.015192451654231233,0.058396616510844566,0.0523874782223504,-0.0002946645286875004,0.0024319800606148337,0.015489611691067691,0.0002971600368364596,0.015194947162380179,0.01792159175168251,-0.014897787125543727,0.024104519859221372,0.09290128369059635,0.1725731319860457,0.17590999420924722,0.167663480293457,0.16336675008958723
c2quick_k3p10_seed120,two_round,zero,lambda_1se,fitted,fitted,30,-0.015224531584538605,0.05840576832384579,0.05221551734255425,-0.00032674445899487023,0.002386386580508761,0.015485238370355764,0.0002607067858171726,0.015158493911360878,0.01787162495086449,-0.01489778712554373,0.024104519859221372,0.09290128369059635,0.1725731319860457,0.17590999420924722,0.167663480293457,0.16336675008958723
c2quick_k3p10_seed120,two_round,zero,zero,fitted,fitted,30,-0.01764315016970236,0.05854010915258669,0.05151517256290755,-0.002745363044158669,0.0022120886396148685,0.01733546045816535,-0.00030768971153708445,0.014590097414006692,0.019547549097780177,-0.01489778712554376,0.024104519859221372,0.09290128369059635,0.1725731319860457,0.17590999420924722,0.167663480293457,0.16336675008958723
c2quick_k3p10_seed220,one_round,current,current,fitted,fitted,30,-0.02366419791872637,0.06300698102428844,0.04987060188068815,-0.0068334947700338594,-0.005052716102078806,0.023835034154297996,0.00017083623557162948,0.017001539384264137,0.018782318052219183,-0.01683070314869248,0.005194161077338302,0.030286642960116274,0.17953332994171273,0.15410335846724316,0.17839574828773483,0.15173451494790327
c2quick_k3p10_seed220,one_round,current,lambda_1se,fitted,fitted,30,-0.024032339706059645,0.06402324818093938,0.054527549220639696,-0.007201636557367162,-0.005566704737854695,0.022710058285209486,-0.0013222814208501807,0.015508421727842328,0.017143353547354783,-0.01683070314869248,0.005194161077338302,0.030286642960116274,0.17953332994171273,0.15410335846724316,0.17839574828773483,0.15173451494790327
c2quick_k3p10_seed220,one_round,current,true,fitted,true,30,-0.016830703148692488,0.06672372422442956,0.060794955564825004,0.0,0.0,0.0,-0.016830703148692488,0.0,0.0,-0.016830703148692488,0.005194161077338302,0.030286642960116274,0.17953332994171273,0.15410335846724316,0.17839574828773483,0.15173451494790327
c2quick_k3p10_seed220,one_round,current,zero,fitted,fitted,30,-0.027212678168760503,0.06256997805252969,0.051872257388525356,-0.010381975020068013,-0.006475302968363675,0.02535118077421665,-0.0018614973945438379,0.014969205754148656,0.018875877805852957,-0.01683070314869249,0.005194161077338302,0.030286642960116274,0.17953332994171273,0.15410335846724316,0.17839574828773483,0.15173451494790327
c2quick_k3p10_seed220,one_round,raw_true,current,true,fitted,30,-0.029798092344480973,0.0828912870512356,0.058001190302202,-0.008665296512619266,-0.0014139434856054152,0.023835034154297996,-0.005963058190183052,0.015169737641678723,0.022421090668692547,-0.021132795831861777,0.20375823625933312,0.27174467936502356,0.22728369015598268,0.22087190970269072,0.19302626888830726,0.18453141722883531
c2quick_k3p10_seed220,one_round,raw_true,true,true,true,30,-0.021132795831861777,0.08307963961703176,0.0715519845618938,0.0,0.0,0.0,-0.021132795831861777,0.0,0.0,-0.021132795831861777,0.20375823625933312,0.27174467936502356,0.22728369015598268,0.22087190970269072,0.19302626888830726,0.18453141722883531
c2quick_k3p10_seed220,one_round,true,current,true,fitted,30,-0.028034816972209033,0.06966597528857063,0.050695317895971995,-0.009595662295675052,0.0004733776211358511,0.023835034154297996,-0.004199782817911056,0.014239371858622932,0.024308411775433848,-0.018439154676534012,0.005828793796719603,0.07117990065066584,0.19870988809375895,0.1955986731071972,0.19302626888830726,0.18453141722883531
c2quick_k3p10_seed220,one_round,true,true,true,true,30,-0.01843915467653401,0.06961122134945351,0.0599726398677088,0.0,0.0,0.0,-0.01843915467653401,0.0,0.0,-0.01843915467653401,0.005828793796719603,0.07117990065066584,0.19870988809375895,0.1955986731071972,0.19302626888830726,0.18453141722883531
c2quick_k3p10_seed220,one_round,x0.1,current,fitted,fitted,30,-0.020494654692800148,0.0624990624527638,0.04997629803102065,0.0008422825101985207,0.015411911009188619,0.023835034154297996,0.003340379461497874,0.024677316664496508,0.0392469451634866,-0.021336937202998663,0.027675711551704008,0.09051995166048625,0.20191387134990002,0.19656445813922482,0.19592344518715923,0.1825364864882885
c2quick_k3p10_seed220,one_round,x0.1,lambda_1se,fitted,fitted,30,-0.021166145212720634,0.06385775965789502,0.05203690464774195,0.00017079199027803527,0.014436393748938448,0.022710058285209486,0.0015439130724888609,0.022880850275487512,0.03714645203414791,-0.021336937202998667,0.027675711551704008,0.09051995166048625,0.20191387134990002,0.19656445813922482,0.19592344518715923,0.1825364864882885
c2quick_k3p10_seed220,one_round,x0.1,zero,fitted,fitted,30,-0.023685005455111142,0.06299209564067235,0.04735777970175475,-0.0023480682521124898,0.015388362488479624,0.02535118077421665,0.0016661753191054933,0.02300311252210415,0.04073954326269626,-0.021336937202998667,0.027675711551704008,0.09051995166048625,0.20191387134990002,0.19656445813922482,0.19592344518715923,0.1825364864882885
c2quick_k3p10_seed220,one_round,x10,current,fitted,fitted,30,-0.022001639657142823,0.06199927600429813,0.04198887363731975,-0.007755288594875634,-0.009185910961202392,0.023835034154297996,0.0018333944971551583,0.01607974555942236,0.014649123193095604,-0.014246351062267211,7.61679166623611e-05,0.0036899441311538856,0.1977862141389954,0.15539949262273264,0.19779306341680722,0.15694771958574907
c2quick_k3p10_seed220,one_round,x10,lambda_1se,fitted,fitted,30,-0.02284017115841815,0.06301304813995787,0.04336246620153075,-0.008593820096150987,-0.00995930771790225,0.022710058285209486,-0.00013011287320869222,0.0141162381890585,0.012750750567307238,-0.014246351062267211,7.61679166623611e-05,0.0036899441311538856,0.1977862141389954,0.15539949262273264,0.19779306341680722,0.15694771958574907
c2quick_k3p10_seed220,one_round,x10,zero,fitted,fitted,30,-0.025008114748569767,0.0625018776874518,0.043179414813206946,-0.010761763686302573,-0.010361835825771902,0.02535118077421665,0.00034306602564687975,0.014589417087914081,0.01498934494844475,-0.014246351062267218,7.61679166623611e-05,0.0036899441311538856,0.1977862141389954,0.15539949262273264,0.19779306341680722,0.15694771958574907
c2quick_k3p10_seed220,one_round,zero,current,fitted,fitted,30,-0.01988378331246643,0.06291877662178086,0.050807702189085355,0.0021660680293601408,0.01864124363660461,0.023835034154297996,0.003951250841831623,0.026001102183658125,0.04247627779090259,-0.02204985134182653,0.03145752258920505,0.0996657615012886,0.2087550727492349,0.2064794922260168,0.2014407162820379,0.1894500975876564
c2quick_k3p10_seed220,one_round,zero,lambda_1se,fitted,fitted,30,-0.020618859603937268,0.06432427729563442,0.05159574434545655,0.0014309917378892505,0.017570892611914708,0.022710058285209486,0.0020911986812722615,0.02414105002309872,0.040280950897124135,-0.02204985134182653,0.03145752258920505,0.0996657615012886,0.2087550727492349,0.2064794922260168,0.2014407162820379,0.1894500975876564
c2quick_k3p10_seed220,one_round,zero,zero,fitted,fitted,30,-0.02293438033384868,0.0633252043392542,0.048169744271247456,-0.0008845289920221522,0.01894896498286538,0.02535118077421665,0.002416800440367977,0.024466651782194496,0.044300145757081986,-0.02204985134182653,0.03145752258920505,0.0996657615012886,0.2087550727492349,0.2064794922260168,0.2014407162820379,0.1894500975876564
c2quick_k3p10_seed220,two_round,current,current,fitted,fitted,30,-0.023738210821463313,0.06294511720028016,0.05059991475429525,-0.006988591000631243,-0.004421215388481942,0.025864453476994155,0.0021262426555308713,0.018875862476362908,0.021443238088512222,-0.016749619820832052,0.003736777755882146,0.030509256014324897,0.17972548237653194,0.15553782983848422,0.17877102168675268,0.15314816206117512
c2quick_k3p10_seed220,two_round,current,lambda_1se,fitted,fitted,30,-0.024336384164809648,0.06426543027934906,0.0542873759662972,-0.007586764343977572,-0.004946883899645228,0.025273427175998387,0.0009370430111887186,0.01768666283202081,0.020326543276353182,-0.016749619820832052,0.003736777755882146,0.030509256014324897,0.17972548237653194,0.15553782983848422,0.17877102168675268,0.15314816206117512
c2quick_k3p10_seed220,two_round,current,true,fitted,true,30,-0.016749619820832052,0.06741602424367087,0.0604486197216709,0.0,0.0,0.0,-0.016749619820832052,0.0,0.0,-0.016749619820832052,0.003736777755882146,0.030509256014324897,0.17972548237653194,0.15553782983848422,0.17877102168675268,0.15314816206117512
c2quick_k3p10_seed220,two_round,current,zero,fitted,fitted,30,-0.027009643413143335,0.06265795426097139,0.05191435283425795,-0.010260023592311247,-0.005642004646865234,0.02766388332671978,0.0006542399135764272,0.01740385973440855,0.022021878679854525,-0.01674961982083206,0.003736777755882146,0.030509256014324897,0.17972548237653194,0.15553782983848422,0.17877102168675268,0.15314816206117512
c2quick_k3p10_seed220,two_round,raw_true,current,true,fitted,30,-0.029861324277903004,0.08300339829002157,0.0575089199604798,-0.008728528446041276,-0.0008861397110120077,0.025864453476994155,-0.003996870800908946,0.01713592503095286,0.024978313765982137,-0.02113279583186177,0.20375823625933312,0.27174467936502356,0.22728369015598268,0.22087190970269072,0.19302626888830726,0.18453141722883531
c2quick_k3p10_seed220,two_round,raw_true,true,true,true,30,-0.021132795831861777,0.08307963961703176,0.0715519845618938,0.0,0.0,0.0,-0.021132795831861777,0.0,0.0,-0.021132795831861777,0.20375823625933312,0.27174467936502356,0.22728369015598268,0.22087190970269072,0.19302626888830726,0.18453141722883531
c2quick_k3p10_seed220,two_round,true,current,true,fitted,30,-0.0280557160898362,0.06970355958802373,0.0504806622042791,-0.009616561413302242,0.0009518457955795189,0.025864453476994155,-0.0021912626128421002,0.016247892063691934,0.026816299272573688,-0.018439154676534012,0.005828793796719603,0.07117990065066584,0.19870988809375895,0.1955986731071972,0.19302626888830726,0.18453141722883531
c2quick_k3p10_seed220,two_round,true,true,true,true,30,-0.01843915467653401,0.06961122134945351,0.0599726398677088,0.0,0.0,0.0,-0.01843915467653401,0.0,0.0,-0.01843915467653401,0.005828793796719603,0.07117990065066584,0.19870988809375895,0.1955986731071972,0.19302626888830726,0.18453141722883531
c2quick_k3p10_seed220,two_round,x0.1,current,fitted,fitted,30,-0.020384209242372397,0.062797982582083,0.05016886705169655,0.0008627110789981562,0.01611505880496832,0.025864453476994155,0.005480244234621723,0.026727164555992295,0.041979512281962485,-0.021246920321370523,0.027076543193048478,0.09043864641684295,0.20174705111918126,0.1966630213978647,0.1958601094954618,0.1826305000864548
c2quick_k3p10_seed220,two_round,x0.1,lambda_1se,fitted,fitted,30,-0.02127716166493016,0.06407307831942853,0.05183289986690045,-3.024134355959519e-05,0.015130919217658434,0.025273427175998387,0.003996265511068232,0.025243185832438772,0.04040434639365684,-0.021246920321370523,0.027076543193048478,0.09043864641684295,0.20174705111918126,0.1966630213978647,0.1958601094954618,0.1826305000864548
c2quick_k3p10_seed220,two_round,x0.1,zero,fitted,fitted,30,-0.023408297952771533,0.06312686856889861,0.0472360901611509,-0.002161377631400966,0.01620900983074046,0.02766388332671978,0.004255585373948267,0.025502505695318818,0.04387289315746019,-0.021246920321370523,0.027076543193048478,0.09043864641684295,0.20174705111918126,0.1966630213978647,0.1958601094954618,0.1826305000864548
c2quick_k3p10_seed220,two_round,x10,current,fitted,fitted,30,-0.022018338927193997,0.061889122096972504,0.042405268180329594,-0.007769260347677946,-0.009014786982672081,0.025864453476994155,0.003846114549800149,0.01809519312931621,0.01684966649432206,-0.014249078579516043,-0.00015032544222725008,0.0035191003345830785,0.19766000759742605,0.15533813527574677,0.197694327954187,0.15688964687244703
c2quick_k3p10_seed220,two_round,x10,lambda_1se,fitted,fitted,30,-0.023052635573615796,0.06317134511727143,0.04332346184553075,-0.008803556994099725,-0.009747093175811941,0.025273427175998387,0.0022207916023825832,0.016469870181898646,0.015526334000186449,-0.014249078579516043,-0.00015032544222725008,0.0035191003345830785,0.19766000759742605,0.15533813527574677,0.197694327954187,0.15688964687244703
c2quick_k3p10_seed220,two_round,x10,zero,fitted,fitted,30,-0.024701456715913016,0.06252522670249676,0.0447768267411163,-0.010452378136396908,-0.009923785565927695,0.02766388332671978,0.0029624266108067964,0.017211505190322874,0.017740097760792096,-0.014249078579516046,-0.00015032544222725008,0.0035191003345830785,0.19766000759742605,0.15533813527574677,0.197694327954187,0.15688964687244703
c2quick_k3p10_seed220,two_round,zero,current,fitted,fitted,30,-0.01981541786997631,0.06310890514445743,0.05087240992997715,0.0022090364234685356,0.01931208994908188,0.025864453476994155,0.00604903560701781,0.028073489900462698,0.04517654342607607,-0.022024454293444885,0.031171069713436937,0.09939852992795098,0.20874361092855323,0.20648556763248418,0.2014707612705399,0.18948106062493622
c2quick_k3p10_seed220,two_round,zero,lambda_1se,fitted,fitted,30,-0.02076775874615766,0.06444788264173183,0.05132265721451445,0.0012566955472872025,0.01822846144072229,0.025273427175998387,0.004505668429840704,0.026530122723285587,0.04350188861672057,-0.02202445429344489,0.031171069713436937,0.09939852992795098,0.20874361092855323,0.20648556763248418,0.2014707612705399,0.18948106062493622
c2quick_k3p10_seed220,two_round,zero,zero,fitted,fitted,30,-0.022696713521764705,0.0633933292156424,0.04793481565492855,-0.0006722592283197943,0.01973347271531761,0.02766388332671978,0.00496716980495514,0.026991624098399992,0.04739735604203735,-0.02202445429344489,0.031171069713436937,0.09939852992795098,0.20874361092855323,0.20648556763248418,0.2014707612705399,0.18948106062493622
c2quick_k3p10_seed340,one_round,current,current,fitted,fitted,30,-0.01912885006685523,0.05038493077032679,0.04052076658777645,-0.0078417802872686,-0.0025067739681002583,0.01950075747822967,0.00037190741137438864,0.011658977190961062,0.016993983510129408,-0.01128706977958665,0.006300532185312809,-0.0025561167478357376,0.15925607464322225,0.13484030831712726,0.15894721039414497,0.1351663268019201
c2quick_k3p10_seed340,one_round,current,lambda_1se,fitted,fitted,30,-0.01932197970737033,0.05000657811310676,0.04052076658777645,-0.008034909927783697,-0.0027748581197900744,0.019586281672770715,0.00026430196540037145,0.011551371744987009,0.016811423552980632,-0.01128706977958665,0.006300532185312809,-0.0025561167478357376,0.15925607464322225,0.13484030831712726,0.15894721039414497,0.1351663268019201
c2quick_k3p10_seed340,one_round,current,true,fitted,true,30,-0.011287069779586647,0.0510081830203961,0.041915211250707546,0.0,0.0,0.0,-0.011287069779586647,0.0,0.0,-0.011287069779586647,0.006300532185312809,-0.0025561167478357376,0.15925607464322225,0.13484030831712726,0.15894721039414497,0.1351663268019201
c2quick_k3p10_seed340,one_round,current,zero,fitted,fitted,30,-0.017884720730887024,0.04972441130329529,0.039626000763252206,-0.006597650951300392,-0.001091070327380387,0.01840151907829636,0.0005167983474093633,0.011803868126995985,0.017310448750915964,-0.01128706977958665,0.006300532185312809,-0.0025561167478357376,0.15925607464322225,0.13484030831712726,0.15894721039414497,0.1351663268019201
c2quick_k3p10_seed340,one_round,raw_true,current,true,fitted,30,-0.0267013793248567,0.06287612310093667,0.05141428517722805,-0.010911374794829726,0.0030147685801913105,0.01950075747822967,-0.0072006218466270115,0.008589382683399939,0.02251552605842102,-0.015790004530026935,0.22679356899702918,0.25795558238690186,0.1830852230067572,0.19125221784338184,0.15713101266817572,0.16070282589547805
c2quick_k3p10_seed340,one_round,raw_true,true,true,true,30,-0.015790004530026932,0.0619134480608343,0.045883171618088706,0.0,0.0,0.0,-0.015790004530026932,0.0,0.0,-0.015790004530026932,0.22679356899702918,0.25795558238690186,0.1830852230067572,0.19125221784338184,0.15713101266817572,0.16070282589547805
c2quick_k3p10_seed340,one_round,true,current,true,fitted,30,-0.024624438139933202,0.05314880136153026,0.04707695551222185,-0.011038264954280914,0.004622443119298139,0.01950075747822967,-0.00512368066170354,0.008462492523948751,0.02412320059752783,-0.01358617318565224,0.024741902384854454,0.06028867970892035,0.1592490509207258,0.1695488703340011,0.15713101266817572,0.16070282589547805
c2quick_k3p10_seed340,one_round,true,true,true,true,30,-0.013586173185652235,0.052338586016207195,0.04159428728767395,0.0,0.0,0.0,-0.013586173185652235,0.0,0.0,-0.013586173185652235,0.024741902384854454,0.06028867970892035,0.1592490509207258,0.1695488703340011,0.15713101266817572,0.16070282589547805
c2quick_k3p10_seed340,one_round,x0.1,current,fitted,fitted,30,-0.013462494126083758,0.05295576470112426,0.0366069489267353,-0.0002781330593809967,0.011823200540785268,0.01950075747822967,0.006038263352145928,0.01922262441884866,0.03132395801901487,-0.013184361066702763,0.023036174595193453,0.0631959737825114,0.17450753858137777,0.19386765696034067,0.1708899599380818,0.18158671436695265
c2quick_k3p10_seed340,one_round,x0.1,lambda_1se,fitted,fitted,30,-0.013681729581751323,0.05274052441703062,0.0366069489267353,-0.0004973685150485551,0.011507356233795833,0.019586281672770715,0.005904552091019403,0.019088913157722143,0.031093637906566503,-0.013184361066702763,0.023036174595193453,0.0631959737825114,0.17450753858137777,0.19386765696034067,0.1708899599380818,0.18158671436695265
c2quick_k3p10_seed340,one_round,x0.1,zero,fitted,fitted,30,-0.012683304895739577,0.05049288322146672,0.0392235489554296,0.0005010561709631984,0.013465980695460717,0.01840151907829636,0.005718214182556819,0.018902575249259583,0.031867499773757114,-0.013184361066702765,0.023036174595193453,0.0631959737825114,0.17450753858137777,0.19386765696034067,0.1708899599380818,0.18158671436695265
c2quick_k3p10_seed340,one_round,x10,current,fitted,fitted,30,-0.025429843531332146,0.04900175565958372,0.039701245067705504,-0.013200815220569108,-0.010008605738932991,0.01950075747822967,-0.005929086053102449,0.006299942257660562,0.009492151739296684,-0.012229028310762976,-8.119568319690772e-05,-0.033730852235294026,0.17854494355275183,0.1359160485991387,0.17858133593450135,0.14007631635338993
c2quick_k3p10_seed340,one_round,x10,lambda_1se,fitted,fitted,30,-0.025595462204428907,0.049004605992767306,0.039701245067705504,-0.013366433893665885,-0.01026403199213263,0.019586281672770715,-0.006009180531658195,0.006219847779104822,0.009322249680638087,-0.012229028310762979,-8.119568319690772e-05,-0.033730852235294026,0.17854494355275183,0.1359160485991387,0.17858133593450135,0.14007631635338993
c2quick_k3p10_seed340,one_round,x10,zero,fitted,fitted,30,-0.024288254141110622,0.04865913925948563,0.038309399219926446,-0.012059225830347613,-0.008686576782454132,0.01840151907829636,-0.0058867350628142336,0.006342293247948755,0.009714942295842232,-0.012229028310762982,-8.119568319690772e-05,-0.033730852235294026,0.17854494355275183,0.1359160485991387,0.17858133593450135,0.14007631635338993
c2quick_k3p10_seed340,one_round,zero,current,fitted,fitted,30,-0.012241120936772069,0.0537504943297978,0.035394768363969,0.0009820365385630162,0.014136970278569905,0.01950075747822967,0.007259636541457584,0.020482794016792694,0.0336377277567996,-0.013223157475335057,0.027080769431861332,0.07463939859513755,0.1799727224313242,0.20749890331509396,0.17525858513297196,0.19149424849708213
c2quick_k3p10_seed340,one_round,zero,lambda_1se,fitted,fitted,30,-0.012463770935897312,0.05354757515287474,0.035394768363969,0.0007593865394378024,0.013793580683750391,0.019586281672770715,0.007122510736873392,0.020345668212208515,0.03337986235652114,-0.013223157475335057,0.027080769431861332,0.07463939859513755,0.1799727224313242,0.20749890331509396,0.17525858513297196,0.19149424849708213
c2quick_k3p10_seed340,one_round,zero,zero,fitted,fitted,30,-0.011486252337298958,0.051349922431533336,0.0386962862829751,0.0017369051380361096,0.01591784799244346,0.01840151907829636,0.006915266740997402,0.020138424216332475,0.034319367070739806,-0.013223157475335057,0.027080769431861332,0.07463939859513755,0.1799727224313242,0.20749890331509396,0.17525858513297196,0.19149424849708213
c2quick_k3p10_seed340,two_round,current,current,fitted,fitted,30,-0.018828954205551283,0.049735823414759066,0.04100695650850895,-0.007864805327247147,-0.002750882141694313,0.01980101978259791,0.0009720655770466783,0.011936214455350765,0.01705013764090359,-0.010964148878304093,0.006520608298158068,-0.001971753216061613,0.16044108027665047,0.1361536816830277,0.16015510815140302,0.1363766177187053
c2quick_k3p10_seed340,two_round,current,lambda_1se,fitted,fitted,30,-0.01923973227639746,0.04979409967756573,0.04100695650850895,-0.008275583398093348,-0.0031102579992773913,0.019826131501443165,0.0005863992250457306,0.011550548103349816,0.016715873502165756,-0.010964148878304093,0.006520608298158068,-0.001971753216061613,0.16044108027665047,0.1361536816830277,0.16015510815140302,0.1363766177187053
c2quick_k3p10_seed340,two_round,current,true,fitted,true,30,-0.010964148878304087,0.051173942562138384,0.042080333495874,0.0,0.0,0.0,-0.010964148878304087,0.0,0.0,-0.010964148878304087,0.006520608298158068,-0.001971753216061613,0.16044108027665047,0.1361536816830277,0.16015510815140302,0.1363766177187053
c2quick_k3p10_seed340,two_round,current,zero,fitted,fitted,30,-0.017795441303253383,0.04930075949355287,0.033696495955876204,-0.006831292424949275,-0.0013677779707213478,0.018828182026712804,0.001032740723459455,0.011996889601763533,0.01746040405599146,-0.010964148878304087,0.006520608298158068,-0.001971753216061613,0.16044108027665047,0.1361536816830277,0.16015510815140302,0.1363766177187053
c2quick_k3p10_seed340,two_round,raw_true,current,true,fitted,30,-0.026488717548681356,0.06262171532458002,0.05089025639332935,-0.010698713018654455,0.003161212976512785,0.01980101978259791,-0.006687697766083517,0.009102306763943458,0.022962232759110683,-0.015790004530026935,0.22679356899702918,0.25795558238690186,0.1830852230067572,0.19125221784338184,0.15713101266817572,0.16070282589547805
c2quick_k3p10_seed340,two_round,raw_true,true,true,true,30,-0.015790004530026932,0.0619134480608343,0.045883171618088706,0.0,0.0,0.0,-0.015790004530026932,0.0,0.0,-0.015790004530026932,0.22679356899702918,0.25795558238690186,0.1830852230067572,0.19125221784338184,0.15713101266817572,0.16070282589547805
c2quick_k3p10_seed340,two_round,true,current,true,fitted,30,-0.024432728195901945,0.05291846956107905,0.04711405929431915,-0.010846555010249679,0.00476536973019149,0.01980101978259791,-0.004631708413304048,0.008954464772348226,0.024566389512789364,-0.01358617318565224,0.024741902384854454,0.06028867970892035,0.1592490509207258,0.1695488703340011,0.15713101266817572,0.16070282589547805
c2quick_k3p10_seed340,two_round,true,true,true,true,30,-0.013586173185652235,0.052338586016207195,0.04159428728767395,0.0,0.0,0.0,-0.013586173185652235,0.0,0.0,-0.013586173185652235,0.024741902384854454,0.06028867970892035,0.1592490509207258,0.1695488703340011,0.15713101266817572,0.16070282589547805
c2quick_k3p10_seed340,two_round,x0.1,current,fitted,fitted,30,-0.01319241528248019,0.05303565755597251,0.03664283328802885,-0.0002497305032481347,0.01166295743147436,0.01980101978259791,0.006608604500117709,0.01955128927934978,0.031463977214072236,-0.012942684779232116,0.022977446577809753,0.0634853994744947,0.1745018262360109,0.1943116112114553,0.1709266517352277,0.18189787629365042
c2quick_k3p10_seed340,two_round,x0.1,lambda_1se,fitted,fitted,30,-0.013586212056933026,0.05308216675688555,0.03664283328802885,-0.0006435272777009682,0.011323150253876776,0.019826131501443165,0.006239919444510124,0.019182604223742208,0.031149281755319922,-0.012942684779232116,0.022977446577809753,0.0634853994744947,0.1745018262360109,0.1943116112114553,0.1709266517352277,0.18189787629365042
c2quick_k3p10_seed340,two_round,x0.1,zero,fitted,fitted,30,-0.012751352181676433,0.05073916456281124,0.03867459978463885,0.00019133259755565828,0.013388664992002423,0.018828182026712804,0.006076829845036341,0.01901951462426847,0.03221684701871525,-0.012942684779232112,0.022977446577809753,0.0634853994744947,0.1745018262360109,0.1943116112114553,0.1709266517352277,0.18189787629365042
c2quick_k3p10_seed340,two_round,x10,current,fitted,fitted,30,-0.0252372501779807,0.048546486404042154,0.03969326926152665,-0.013005352734251022,-0.009890274280800347,0.01980101978259791,-0.0054362303953827944,0.006795667048346886,0.009910745501797566,-0.012231897443729692,-0.00016662567647646534,-0.03381003132960765,0.1785305356810874,0.135908325733271,0.17858133593450135,0.14007631635338996
c2quick_k3p10_seed340,two_round,x10,lambda_1se,fitted,fitted,30,-0.025599365458456667,0.04899907940732571,0.03969326926152665,-0.01336746801472698,-0.010216143867370605,0.019826131501443165,-0.005773233957013496,0.006458663486716184,0.009609987634072562,-0.012231897443729689,-0.00016662567647646534,-0.03381003132960765,0.1785305356810874,0.135908325733271,0.17858133593450135,0.14007631635338996
c2quick_k3p10_seed340,two_round,x10,zero,fitted,fitted,30,-0.024382885013267346,0.04864453213793886,0.038204433658495,-0.012150987569537659,-0.008788880814685143,0.018828182026712804,-0.005554702986554539,0.006677194457175144,0.010039301212027662,-0.012231897443729696,-0.00016662567647646534,-0.03381003132960765,0.1785305356810874,0.135908325733271,0.17858133593450135,0.14007631635338996
c2quick_k3p10_seed340,two_round,zero,current,fitted,fitted,30,-0.012111709923042299,0.05355330387376866,0.03541323957506275,0.0010794454855818014,0.01411682972446812,0.01980101978259791,0.007689309859555605,0.020880465268179726,0.03391784950706603,-0.013191155408624092,0.02716050083283737,0.07485587819448176,0.17999645206452727,0.20767852544478252,0.1752712309591076,0.19160531483598675
c2quick_k3p10_seed340,two_round,zero,lambda_1se,fitted,fitted,30,-0.012506469107941946,0.05359686251682809,0.03541323957506275,0.0006846863006821452,0.013783354020520226,0.019826131501443165,0.007319662393501248,0.020510817802125318,0.03360948552196338,-0.013191155408624092,0.02716050083283737,0.07485587819448176,0.17999645206452727,0.20767852544478252,0.1752712309591076,0.19160531483598675
c2quick_k3p10_seed340,two_round,zero,zero,fitted,fitted,30,-0.011710179281745413,0.051330422633315866,0.03799230814449245,0.0014809761268786696,0.016022700942355975,0.018828182026712804,0.007118002744967354,0.020309158153591474,0.03485088296906879,-0.013191155408624089,0.02716050083283737,0.07485587819448176,0.17999645206452727,0.20767852544478252,0.1752712309591076,0.19160531483598675
c2quick_k3p10_seed40,one_round,current,current,fitted,fitted,30,-0.015483182467053163,0.062004787484343814,0.0602472116379097,-0.008368401592925501,-0.006006272734340729,0.01678321107273049,0.0013000286056773275,0.008414809479804984,0.010776938338389747,-0.007114780874127707,0.009895545481199546,0.024912019675886077,0.1613601905585871,0.14215207885460285,0.16029546704744144,0.1405321570540024
c2quick_k3p10_seed40,one_round,current,lambda_1se,fitted,fitted,30,-0.01533753934161882,0.06172223399735541,0.05902653166784705,-0.008222758467491173,-0.005960161140503979,0.016735247427738253,0.0013977080861193995,0.008512488960247073,0.010775086287234264,-0.007114780874127707,0.009895545481199546,0.024912019675886077,0.1613601905585871,0.14215207885460285,0.16029546704744144,0.1405321570540024
c2quick_k3p10_seed40,one_round,current,true,fitted,true,30,-0.007114780874127704,0.053183583183294164,0.043543631532306254,0.0,0.0,0.0,-0.007114780874127704,0.0,0.0,-0.007114780874127704,0.009895545481199546,0.024912019675886077,0.1613601905585871,0.14215207885460285,0.16029546704744144,0.1405321570540024
c2quick_k3p10_seed40,one_round,current,zero,fitted,fitted,30,-0.017327108537268255,0.0637100777534349,0.061218579328998296,-0.01021232766314062,-0.006577364137593946,0.018566350955656893,0.0012392424183885807,0.008354023292516277,0.011988986818062942,-0.007114780874127707,0.009895545481199546,0.024912019675886077,0.1613601905585871,0.14215207885460285,0.16029546704744144,0.1405321570540024
c2quick_k3p10_seed40,one_round,raw_true,current,true,fitted,30,-0.010657910672572744,0.06636741075566537,0.06021619097433975,-0.0007187311929752036,0.003687624273162541,0.01678321107273049,0.006125300400157708,0.01606447987975527,0.02047083534589306,-0.00993917947959754,0.20910612668951015,0.27034713269375377,0.17869256333397115,0.19847201415178703,0.15452744827769738,0.16458597544000658
c2quick_k3p10_seed40,one_round,raw_true,true,true,true,30,-0.009939179479597538,0.062469956938672425,0.0483465910802434,0.0,0.0,0.0,-0.009939179479597538,0.0,0.0,-0.009939179479597538,0.20910612668951015,0.27034713269375377,0.17869256333397115,0.19847201415178703,0.15452744827769738,0.16458597544000658
c2quick_k3p10_seed40,one_round,true,current,true,fitted,30,-0.010785256081739634,0.057907539364962374,0.05372837785973365,-0.003483536032445136,0.004202125746208206,0.01678321107273049,0.005997954990990811,0.01329967504028535,0.02098533681893867,-0.0073017200492945505,0.011195883351630968,0.07061827394180327,0.15584595588539513,0.17375546535709294,0.15452744827769735,0.16458597544000658
c2quick_k3p10_seed40,one_round,true,true,true,true,30,-0.007301720049294547,0.05234449466278601,0.045910707801507744,0.0,0.0,0.0,-0.007301720049294547,0.0,0.0,-0.007301720049294547,0.011195883351630968,0.07061827394180327,0.15584595588539513,0.17375546535709294,0.15452744827769735,0.16458597544000658
c2quick_k3p10_seed40,one_round,x0.1,current,fitted,fitted,30,-0.0064972679371014825,0.060405092776781515,0.057788189791741953,-0.0013878447956344295,0.005577821017326122,0.01678321107273049,0.010285943135629068,0.015395366277096055,0.02236103209005658,-0.005109423141467003,0.019678992151381407,0.07112678665574206,0.16415760524365763,0.17018268035487397,0.16146608566620768,0.16104225131925493
c2quick_k3p10_seed40,one_round,x0.1,lambda_1se,fitted,fitted,30,-0.006404731259849634,0.06001730438828388,0.057788189791741953,-0.001295308118382597,0.0054048208221363515,0.016735247427738253,0.010330516167888637,0.01543993930935566,0.022140068249874578,-0.005109423141467003,0.019678992151381407,0.07112678665574206,0.16415760524365763,0.17018268035487397,0.16146608566620768,0.16104225131925493
c2quick_k3p10_seed40,one_round,x0.1,zero,fitted,fitted,30,-0.008246836279101078,0.062339406609856964,0.05551573660523635,-0.0031374131376340542,0.00559195911743788,0.018566350955656893,0.010319514676555813,0.015428937818022835,0.024158310073094703,-0.005109423141467007,0.019678992151381407,0.07112678665574206,0.16415760524365763,0.17018268035487397,0.16146608566620768,0.16104225131925493
c2quick_k3p10_seed40,one_round,x10,current,fitted,fitted,30,-0.018010226467674976,0.06444954113252556,0.0523569441987725,-0.011814920016841831,-0.011387156613095105,0.01678321107273049,-0.0012270153949444729,0.004968291055888659,0.005396054459635377,-0.006195306450833182,-6.668469372634533e-05,-0.012743938469631582,0.1763863237755286,0.13668549585380832,0.17637364921957974,0.1391546028550778
c2quick_k3p10_seed40,one_round,x10,lambda_1se,fitted,fitted,30,-0.01785982436678347,0.06420873231364045,0.05354856776562795,-0.01166451791595033,-0.011300644874487719,0.016735247427738253,-0.001124576939045228,0.005070729511787923,0.005434602553250534,-0.006195306450833182,-6.668469372634533e-05,-0.012743938469631582,0.1763863237755286,0.13668549585380832,0.17637364921957974,0.1391546028550778
c2quick_k3p10_seed40,one_round,x10,zero,fitted,fitted,30,-0.019593507218177843,0.0672980802915538,0.054410565639025646,-0.013398200767344744,-0.011794250303384494,0.018566350955656893,-0.0010271562625209494,0.005168150188312162,0.0067721006522724,-0.006195306450833116,-6.668469372634533e-05,-0.012743938469631582,0.1763863237755286,0.13668549585380832,0.17637364921957974,0.1391546028550778
c2quick_k3p10_seed40,one_round,zero,current,fitted,fitted,30,-0.0055397160130287995,0.06025086394413406,0.05731978299369485,-0.0005463528730835218,0.007077496093553046,0.01678321107273049,0.011243495059701675,0.016236858199646965,0.02386070716628352,-0.0049933631399452704,0.021943413039080394,0.07788304997745152,0.167379474025146,0.17714943953097287,0.1642126326767807,0.1664128676209941
c2quick_k3p10_seed40,one_round,zero,lambda_1se,fitted,fitted,30,-0.0054813754071371245,0.059846151563920764,0.05731978299369485,-0.000488012267191834,0.006835676292579947,0.016735247427738253,0.011253872020601094,0.016247235160546422,0.023570923720318167,-0.004993363139945264,0.021943413039080394,0.07788304997745152,0.167379474025146,0.17714943953097287,0.1642126326767807,0.1664128676209941
c2quick_k3p10_seed40,one_round,zero,zero,fitted,fitted,30,-0.007191435573409764,0.062112747269387834,0.0564136716757593,-0.0021980724334644246,0.007274252813596092,0.018566350955656893,0.011374915382247127,0.01636827852219246,0.025840603769252964,-0.0049933631399452704,0.021943413039080394,0.07788304997745152,0.167379474025146,0.17714943953097287,0.1642126326767807,0.1664128676209941
c2quick_k3p10_seed40,two_round,current,current,fitted,fitted,30,-0.016203397894609593,0.0633196985150999,0.06195575710017159,-0.009565503090017231,-0.007571717784790932,0.01629856851229173,9.517061768212996e-05,0.006733065422274501,0.008726850727500795,-0.006637894804592357,0.008266809536342888,0.020519292498627505,0.1602855898064826,0.1396144659811988,0.15935410533917752,0.13855103883052833
c2quick_k3p10_seed40,two_round,current,lambda_1se,fitted,fitted,30,-0.015932617218618862,0.0629775426382229,0.06195575710017159,-0.009294722414026532,-0.007354530252496696,0.01607644845854748,0.00014383123992860135,0.006781726044520946,0.008721918206050778,-0.006637894804592357,0.008266809536342888,0.020519292498627505,0.1602855898064826,0.1396144659811988,0.15935410533917752,0.13855103883052833
c2quick_k3p10_seed40,two_round,current,true,fitted,true,30,-0.006637894804592357,0.05317619700636604,0.04297280085784015,0.0,0.0,0.0,-0.006637894804592357,0.0,0.0,-0.006637894804592357,0.008266809536342888,0.020519292498627505,0.1602855898064826,0.1396144659811988,0.15935410533917752,0.13855103883052833
c2quick_k3p10_seed40,two_round,current,zero,fitted,fitted,30,-0.01782725736868062,0.06519877558572136,0.06284681011933095,-0.011189362564088303,-0.007796432196033828,0.017880930571843992,5.367320316334671e-05,0.006691568007755685,0.010084498375810155,-0.006637894804592357,0.008266809536342888,0.020519292498627505,0.1602855898064826,0.1396144659811988,0.15935410533917752,0.13855103883052833
c2quick_k3p10_seed40,two_round,raw_true,current,true,fitted,30,-0.010891136737920788,0.06646685447400397,0.061006662794761204,-0.0009519572583232439,0.0029663657038391565,0.01629856851229173,0.005407431774370974,0.015346611253968485,0.019264934216130854,-0.00993917947959754,0.20910612668951015,0.27034713269375377,0.17869256333397115,0.19847201415178703,0.15452744827769738,0.16458597544000658
c2quick_k3p10_seed40,two_round,raw_true,true,true,true,30,-0.009939179479597538,0.062469956938672425,0.0483465910802434,0.0,0.0,0.0,-0.009939179479597538,0.0,0.0,-0.009939179479597538,0.20910612668951015,0.27034713269375377,0.17869256333397115,0.19847201415178703,0.15452744827769738,0.16458597544000658
c2quick_k3p10_seed40,two_round,true,current,true,fitted,30,-0.010925320752622269,0.0579505341199463,0.0539364962547395,-0.0036236007033277505,0.0036317065110471384,0.01629856851229173,0.005373247759669448,0.01267496780896398,0.01993027502333885,-0.007301720049294547,0.011195883351630968,0.07061827394180327,0.15584595588539513,0.17375546535709294,0.15452744827769735,0.16458597544000658
c2quick_k3p10_seed40,two_round,true,true,true,true,30,-0.007301720049294547,0.05234449466278601,0.045910707801507744,0.0,0.0,0.0,-0.007301720049294547,0.0,0.0,-0.007301720049294547,0.011195883351630968,0.07061827394180327,0.15584595588539513,0.17375546535709294,0.15452744827769735,0.16458597544000658
c2quick_k3p10_seed40,two_round,x0.1,current,fitted,fitted,30,-0.007255762173733499,0.06028598627621776,0.0581962485026587,-0.0019074676624497133,0.004649574559424843,0.01629856851229173,0.009042806338558244,0.014391100849842008,0.020948143071716538,-0.005348294511283749,0.018906404106067552,0.07017545803441369,0.1631882322141772,0.1692470867265715,0.16062283521149898,0.16039146360543677
c2quick_k3p10_seed40,two_round,x0.1,lambda_1se,fitted,fitted,30,-0.007007334313220122,0.05991365094822775,0.057903147294050855,-0.0016590398019363365,0.004785936968919163,0.01607644845854748,0.00906911414532739,0.014417408656611137,0.02086238542746662,-0.005348294511283752,0.018906404106067552,0.07017545803441369,0.1631882322141772,0.1692470867265715,0.16062283521149898,0.16039146360543677
c2quick_k3p10_seed40,two_round,x0.1,zero,fitted,fitted,30,-0.008797887993111096,0.06242940873282275,0.0561546409636795,-0.0034495934818273835,0.005115049256714512,0.017880930571843992,0.00908304257873282,0.014431337090016616,0.02299597982855849,-0.005348294511283749,0.018906404106067552,0.07017545803441369,0.1631882322141772,0.1692470867265715,0.16062283521149898,0.16039146360543677
c2quick_k3p10_seed40,two_round,x10,current,fitted,fitted,30,-0.01810452208638187,0.06453621488519631,0.05354495571490215,-0.011921144394849825,-0.0115622651818866,0.01629856851229173,-0.0018059535740900933,0.004377424117441894,0.0047363033304051415,-0.006183377691532001,8.026990547653296e-05,-0.012639675059234388,0.17644009885397882,0.13670477259162958,0.1764095349122693,0.13916898535270047
c2quick_k3p10_seed40,two_round,x10,lambda_1se,fitted,fitted,30,-0.017830310900116154,0.06418186856191528,0.05354495571490215,-0.011646933208584129,-0.011326929714280731,0.01607644845854748,-0.0017538624415686526,0.0044295152499633375,0.004749518744266758,-0.006183377691532001,8.026990547653296e-05,-0.012639675059234388,0.17644009885397882,0.13670477259162958,0.1764095349122693,0.13916898535270047
c2quick_k3p10_seed40,two_round,x10,zero,fitted,fitted,30,-0.019524335322011335,0.06741338164104406,0.0544297125613888,-0.013340957630479305,-0.011664836180138454,0.017880930571843992,-0.001643404750167308,0.0045399729413646865,0.006216094391705547,-0.006183377691532001,8.026990547653296e-05,-0.012639675059234388,0.17644009885397882,0.13670477259162958,0.1764095349122693,0.13916898535270047
c2quick_k3p10_seed40,two_round,zero,current,fitted,fitted,30,-0.005842491117635126,0.060278577245525954,0.05756345982131865,-0.000832580868475661,0.006509172215036287,0.01629856851229173,0.010456077394656564,0.015465987643816065,0.022807740727328038,-0.005009910249159521,0.02206923618652939,0.07791011363558696,0.16746392556137268,0.17713288176327327,0.16429055794805728,0.16641100261822314
c2quick_k3p10_seed40,two_round,zero,lambda_1se,fitted,fitted,30,-0.005622963619267807,0.05988521988863742,0.05727970930441375,-0.0006130533701083503,0.006608171291829511,0.01607644845854748,0.010453484839279588,0.015463395088439118,0.022684619750377024,-0.005009910249159521,0.02206923618652939,0.07791011363558696,0.16746392556137268,0.17713288176327327,0.16429055794805728,0.16641100261822314
c2quick_k3p10_seed40,two_round,zero,zero,fitted,fitted,30,-0.00727687616359544,0.06230910850639561,0.05641151047982915,-0.0022669659144359264,0.007191801701574737,0.017880930571843992,0.010604054408248553,0.015613964657408063,0.025072732273418732,-0.005009910249159521,0.02206923618652939,0.07791011363558696,0.16746392556137268,0.17713288176327327,0.16429055794805728,0.16641100261822314
c2quick_k3p10_seed460,one_round,current,current,fitted,fitted,30,-0.0068275323910359466,0.056541138627182956,0.0552483675141383,-0.0074682200899664946,-0.0033573928950382664,0.005217270680236835,-0.0016102617107991016,-0.002250949409729662,0.001859877785198576,0.0006406876989305599,0.004854483421256687,0.032671645254322125,0.156522247220711,0.14156926372726134,0.1561396093229999,0.1386701110483212
c2quick_k3p10_seed460,one_round,current,lambda_1se,fitted,fitted,30,-0.008458121405924479,0.056460734635794034,0.0549945327954399,-0.009098809104855023,-0.004168163461231061,0.007136307623454246,-0.0013218137824702392,-0.001962501481400776,0.0029681441622232,0.0006406876989305599,0.004854483421256687,0.032671645254322125,0.156522247220711,0.14156926372726134,0.1561396093229999,0.1386701110483212
c2quick_k3p10_seed460,one_round,current,true,fitted,true,30,0.0006406876989305599,0.05355273759550156,0.047127395571882044,0.0,0.0,0.0,0.0006406876989305599,0.0,0.0,0.0006406876989305599,0.004854483421256687,0.032671645254322125,0.156522247220711,0.14156926372726134,0.1561396093229999,0.1386701110483212
c2quick_k3p10_seed460,one_round,current,zero,fitted,fitted,30,-0.006339340960383099,0.05716861775305807,0.05646884430567465,-0.0069800286593136715,-0.002978060944079284,0.005067569101054197,-0.001271771859328876,-0.0019124595582594806,0.0020895081569748783,0.0006406876989305599,0.004854483421256687,0.032671645254322125,0.156522247220711,0.14156926372726134,0.1561396093229999,0.1386701110483212
c2quick_k3p10_seed460,one_round,raw_true,current,true,fitted,30,0.000477881807387379,0.06756662051700142,0.062386025006958806,-0.0008771898500244996,0.011807207538614839,0.005217270680236835,0.005695152487624197,0.004340080830212328,0.01702447821885165,0.0013550716574118793,0.19227359962279825,0.26845345564043815,0.16897578302757713,0.19334296788577057,0.1493402964973066,0.16158582006303485
c2quick_k3p10_seed460,one_round,raw_true,true,true,true,30,0.0013550716574119094,0.06574650918255866,0.055734988314062844,0.0,0.0,0.0,0.0013550716574119094,0.0,0.0,0.0013550716574119094,0.19227359962279825,0.26845345564043815,0.16897578302757713,0.19334296788577057,0.1493402964973066,0.16158582006303485
c2quick_k3p10_seed460,one_round,true,current,true,fitted,30,0.00012214868325132846,0.057343784534894984,0.05406014552852015,0.0005349033600617383,0.01594963399389433,0.005217270680236835,0.005339419363488168,0.005752174040298571,0.02116690467413114,-0.00041275467681044253,-0.005549484372380117,0.06956747338485438,0.1482683444194012,0.1718986735697362,0.1493402964973066,0.16158582006303485
c2quick_k3p10_seed460,one_round,true,true,true,true,30,-0.00041275467681044437,0.055603377825593,0.04768447323734515,0.0,0.0,0.0,-0.00041275467681044437,0.0,0.0,-0.00041275467681044437,-0.005549484372380117,0.06956747338485438,0.1482683444194012,0.1718986735697362,0.1493402964973066,0.16158582006303485
c2quick_k3p10_seed460,one_round,x0.1,current,fitted,fitted,30,-0.0020250033509183678,0.059214349542910806,0.058571588500689,0.001121034424496272,0.021242448461868606,0.005217270680236835,0.003192267329318496,0.006338305104733125,0.026459719142105462,-0.003146037775414633,0.021110707034299063,0.11546992048938334,0.16424491996136398,0.19783986557262992,0.16112732982440267,0.1770546488356612
c2quick_k3p10_seed460,one_round,x0.1,lambda_1se,fitted,fitted,30,-0.004014755158415293,0.05978058089875942,0.061396965317739055,-0.0008687173830006387,0.02039200107429232,0.007136307623454246,0.0031215524650389788,0.006267590240453614,0.02752830869774659,-0.0031460377754146274,0.021110707034299063,0.11546992048938334,0.16424491996136398,0.19783986557262992,0.16112732982440267,0.1770546488356612
c2quick_k3p10_seed460,one_round,x0.1,zero,fitted,fitted,30,-0.0013555465926361333,0.058541457471459626,0.05320729785299775,0.0017904911827784644,0.021854745192128548,0.005067569101054197,0.003712022508418072,0.006858060283832652,0.026922314293182835,-0.0031460377754146296,0.021110707034299063,0.11546992048938334,0.16424491996136398,0.19783986557262992,0.16112732982440267,0.1770546488356612
c2quick_k3p10_seed460,one_round,x10,current,fitted,fitted,30,0.0014107387889709538,0.05695373039161121,0.05535507927000295,-0.0016193410002657471,0.0005614446208497178,0.005217270680236835,0.006628009469207804,0.0035979296799710818,0.0057787153010865665,0.0030300797892367282,-0.0001142487376397702,0.0020259738627024346,0.1709521399754335,0.1397365610696991,0.17095795889102244,0.13972251335405836
c2quick_k3p10_seed460,one_round,x10,lambda_1se,fitted,fitted,30,0.00020074441882404556,0.05626625216387067,0.055595304221026695,-0.002829335370412656,1.542124517034503e-05,0.007136307623454246,0.00733705204227829,0.0043069722530415895,0.007151728868624605,0.003030079789236721,-0.0001142487376397702,0.0020259738627024346,0.1709521399754335,0.1397365610696991,0.17095795889102244,0.13972251335405836
c2quick_k3p10_seed460,one_round,x10,zero,fitted,fitted,30,0.0018093750957486976,0.0574914396569478,0.0603928206862846,-0.00122070469348802,0.0007308317469939429,0.005067569101054197,0.0068769441968029085,0.0038468644075661733,0.005798400848048127,0.003030079789236717,-0.0001142487376397702,0.0020259738627024346,0.1709521399754335,0.1397365610696991,0.17095795889102244,0.13972251335405836
c2quick_k3p10_seed460,one_round,zero,current,fitted,fitted,30,-0.0014476467140556728,0.06001677283998996,0.05959210874357035,0.002558461206796889,0.02779786451829821,0.005217270680236835,0.003769623966181185,0.007775731887033745,0.03301513519853509,-0.0040061079208525445,0.02339720802293899,0.1356048966952839,0.16764397074344908,0.21732519509010795,0.16385179882915518,0.18905113519360892
c2quick_k3p10_seed460,one_round,zero,lambda_1se,fitted,fitted,30,-0.003469895549577422,0.0605044519589817,0.06357000435204205,0.0005362123712751419,0.026959225653572425,0.007136307623454246,0.00366641207387683,0.0076725199947294135,0.034095533277026684,-0.0040061079208525445,0.02339720802293899,0.1356048966952839,0.16764397074344908,0.21732519509010795,0.16385179882915518,0.18905113519360892
c2quick_k3p10_seed460,one_round,zero,zero,fitted,fitted,30,-0.0006961659156482838,0.05927949161987181,0.0516918635965886,0.0033099420052042504,0.028518774107880694,0.005067569101054197,0.004371403185405887,0.008377511106258456,0.03358634320893493,-0.0040061079208525445,0.02339720802293899,0.1356048966952839,0.16764397074344908,0.21732519509010795,0.16385179882915518,0.18905113519360892
c2quick_k3p10_seed460,two_round,current,current,fitted,fitted,30,-0.005187444819561449,0.05761572497918066,0.0582370455263277,-0.006921202305397097,-0.002633181912351352,0.005203740848832698,1.6296029271279287e-05,-0.0017174614565643933,0.00257055893648134,0.0017337574858356831,0.0026293596023192114,0.030599409357482187,0.15708005030463779,0.14266751750437442,0.15689512849870074,0.14000882551893346
c2quick_k3p10_seed460,two_round,current,lambda_1se,fitted,fitted,30,-0.006803581618504116,0.05748850652796685,0.0589281499970259,-0.008537339104339825,-0.003658147631902939,0.007104504485615879,0.00030092286711176733,-0.001432834618723948,0.003446356853712927,0.0017337574858356831,0.0026293596023192114,0.030599409357482187,0.15708005030463779,0.14266751750437442,0.15689512849870074,0.14000882551893346
c2quick_k3p10_seed460,two_round,current,true,fitted,true,30,0.001733757485835686,0.053795901352136834,0.04924433099557955,0.0,0.0,0.0,0.001733757485835686,0.0,0.0,0.001733757485835686,0.0026293596023192114,0.030599409357482187,0.15708005030463779,0.14266751750437442,0.15689512849870074,0.14000882551893346
c2quick_k3p10_seed460,two_round,current,zero,fitted,fitted,30,-0.00496234803139268,0.0585119044425701,0.05742829903852035,-0.006696105517228328,-0.002785496198982207,0.0050365292095027265,7.418117811008618e-05,-0.0016595763077255992,0.0022510330105205223,0.001733757485835686,0.0026293596023192114,0.030599409357482187,0.15708005030463779,0.14266751750437442,0.15689512849870074,0.14000882551893346
c2quick_k3p10_seed460,two_round,raw_true,current,true,fitted,30,0.0007283983965944893,0.0687564487832632,0.06610140284020795,-0.0006266732608174385,0.012377401855147192,0.005203740848832698,0.0059321392454271486,0.004577067588015263,0.017581142703979907,0.0013550716574118793,0.19227359962279825,0.26845345564043815,0.16897578302757713,0.19334296788577057,0.1493402964973066,0.16158582006303485
c2quick_k3p10_seed460,two_round,raw_true,true,true,true,30,0.0013550716574119094,0.06574650918255866,0.055734988314062844,0.0,0.0,0.0,0.0013550716574119094,0.0,0.0,0.0013550716574119094,0.19227359962279825,0.26845345564043815,0.16897578302757713,0.19334296788577057,0.1493402964973066,0.16158582006303485
c2quick_k3p10_seed460,two_round,true,current,true,fitted,30,0.00029943931592283876,0.05781206889290673,0.05456532705907565,0.0007121939927332949,0.016374560695721484,0.005203740848832698,0.005503180164755583,0.00591593484156599,0.02157830154455416,-0.00041275467681044253,-0.005549484372380117,0.06956747338485438,0.1482683444194012,0.1718986735697362,0.1493402964973066,0.16158582006303485
c2quick_k3p10_seed460,two_round,true,true,true,true,30,-0.00041275467681044437,0.055603377825593,0.04768447323734515,0.0,0.0,0.0,-0.00041275467681044437,0.0,0.0,-0.00041275467681044437,-0.005549484372380117,0.06956747338485438,0.1482683444194012,0.1718986735697362,0.1493402964973066,0.16158582006303485
c2quick_k3p10_seed460,two_round,x0.1,current,fitted,fitted,30,-0.0018600894581606204,0.059429468365655116,0.0534455986493089,0.0010629467614190222,0.021616049083769576,0.005203740848832698,0.0033436513906720594,0.006266687610251734,0.02681978993260226,-0.002923036219579683,0.020096709602355732,0.11458180304364636,0.16396665442064823,0.19774772513031216,0.16096914786758795,0.17703207609624683
c2quick_k3p10_seed460,two_round,x0.1,lambda_1se,fitted,fitted,30,-0.0038537296101375956,0.05959457735849097,0.061294350544871395,-0.0009306933905579405,0.020311275029878652,0.007104504485615879,0.003250774875478244,0.00617381109505795,0.02741577951549452,-0.002923036219579683,0.020096709602355732,0.11458180304364636,0.16396665442064823,0.19774772513031216,0.16096914786758795,0.17703207609624683
c2quick_k3p10_seed460,two_round,x0.1,zero,fitted,fitted,30,-0.0013644129668372272,0.058288530226180794,0.05479249811352435,0.0015586232527424616,0.02170252797092183,0.0050365292095027265,0.0036721162426655045,0.006595152462245201,0.026739057180424512,-0.0029230362195796847,0.020096709602355732,0.11458180304364636,0.16396665442064823,0.19774772513031216,0.16096914786758795,0.17703207609624683
c2quick_k3p10_seed460,two_round,x10,current,fitted,fitted,30,0.0016206152084566894,0.05620609260982703,0.053867479663873855,-0.0014136856726820126,0.0009911665843788584,0.005203740848832698,0.006824356057289417,0.003790055176150682,0.006194907433211557,0.0030343008811387637,-0.0009033418137955138,0.0013059784311352139,0.1708735648539209,0.13969901585982436,0.17095795889102244,0.13972251335405836
c2quick_k3p10_seed460,two_round,x10,lambda_1se,fitted,fitted,30,0.00021046917652697405,0.05622075048536223,0.055589667363140596,-0.002823831704611779,1.5846196424145324e-05,0.007104504485615879,0.0073149736621428395,0.004280672781004092,0.007120350682040022,0.0030343008811387637,-0.0009033418137955138,0.0013059784311352139,0.1708735648539209,0.13969901585982436,0.17095795889102244,0.13972251335405836
c2quick_k3p10_seed460,two_round,x10,zero,fitted,fitted,30,0.0017001518504883564,0.05751378139290362,0.060978004861796706,-0.0013341490306503316,0.0006775475887099047,0.0050365292095027265,0.006736681059991127,0.003702380178852391,0.005714076798212656,0.0030343008811387685,-0.0009033418137955138,0.0013059784311352139,0.1708735648539209,0.13969901585982436,0.17095795889102244,0.13972251335405836
c2quick_k3p10_seed460,two_round,zero,current,fitted,fitted,30,-0.00152287971585421,0.06062803656104357,0.054251769135324,0.002419875920842984,0.028179073108819452,0.005203740848832698,0.0036808611329785233,0.007623616769675692,0.03338281395765219,-0.003942755636697168,0.022688523439261192,0.1347610803034062,0.16763552161840828,0.21719238296592633,0.16390270647383254,0.1890016001020502
c2quick_k3p10_seed460,two_round,zero,lambda_1se,fitted,fitted,30,-0.0035299926214465835,0.06055631641318551,0.06393226218370796,0.0004127630152506008,0.02684185554273274,0.007104504485615879,0.0035745118641693522,0.0075172675008664865,0.03394636002834861,-0.003942755636697168,0.022688523439261192,0.1347610803034062,0.16763552161840828,0.21719238296592633,0.16390270647383254,0.1890016001020502
c2quick_k3p10_seed460,two_round,zero,zero,fitted,fitted,30,-0.0009352185474658659,0.059308622779677196,0.052823031617155,0.003007537089231314,0.02837259675720906,0.0050365292095027265,0.0041013106620368675,0.008044066298734023,0.03340912596671178,-0.0039427556366971655,0.022688523439261192,0.1347610803034062,0.16763552161840828,0.21719238296592633,0.16390270647383254,0.1890016001020502
c2quick_k4p10_seed364,one_round,current,current,fitted,fitted,40,-0.009002907781439029,0.0696528863112145,0.05440987720926915,-0.009558280316211764,-0.0015535014518959756,0.00848923085235974,-0.0005136769290793319,-0.0010690494638520387,0.006935729400463763,0.000555372534772737,0.00368820606087296,0.0653426903591325,0.17535591787804597,0.15535746333093098,0.17476437032151168,0.150470637633507
c2quick_k4p10_seed364,one_round,current,lambda_1se,fitted,fitted,40,-0.00846037113268124,0.0679015533173825,0.0539358919027873,-0.009015743667453979,-0.0020914672246043543,0.008233356560848806,-0.00022701457183250812,-0.0007823871066051799,0.006141889336244457,0.0005553725347727343,0.00368820606087296,0.0653426903591325,0.17535591787804597,0.15535746333093098,0.17476437032151168,0.150470637633507
c2quick_k4p10_seed364,one_round,current,true,fitted,true,40,0.0005553725347727398,0.06684406418060806,0.056461595928181105,0.0,0.0,0.0,0.0005553725347727398,0.0,0.0,0.0005553725347727398,0.00368820606087296,0.0653426903591325,0.17535591787804597,0.15535746333093098,0.17476437032151168,0.150470637633507
c2quick_k4p10_seed364,one_round,current,zero,fitted,fitted,40,-0.008204839279665196,0.07022594108892469,0.05451211239195895,-0.00876021181443793,-0.000557819458906732,0.008898926544211917,0.0006940872645467118,0.00013871472977398033,0.008341107085305183,0.0005553725347727398,0.00368820606087296,0.0653426903591325,0.17535591787804597,0.15535746333093098,0.17476437032151168,0.150470637633507
c2quick_k4p10_seed364,one_round,raw_true,current,true,fitted,40,-0.004454602152898901,0.07688481847760248,0.05959482449525655,-0.004471307121431293,0.011102325426868212,0.00848923085235974,0.0040346286994608505,0.0040179237309284545,0.019591556279227932,1.6704968532412628e-05,0.15552967690931824,0.261233334439314,0.19781315258952373,0.21394732699725058,0.17495300034884734,0.17856344292052734
c2quick_k4p10_seed364,one_round,raw_true,true,true,true,40,1.6704968532415403e-05,0.07608215522774117,0.06730245228465576,0.0,0.0,0.0,1.6704968532415403e-05,0.0,0.0,1.6704968532415403e-05,0.15552967690931824,0.261233334439314,0.19781315258952373,0.21394732699725058,0.17495300034884734,0.17856344292052734
c2quick_k4p10_seed364,one_round,true,current,true,fitted,40,-0.004180011579982325,0.06507484270422932,0.0507162842385203,-0.006402293698627442,0.01057652851110854,0.00848923085235974,0.004309219272377476,0.002086937153732293,0.01906575936346827,0.002222282118645162,-0.031331928041862266,0.06809766980509685,0.17182969891606026,0.1913014450026171,0.17495300034884734,0.17856344292052734
c2quick_k4p10_seed364,one_round,true,true,true,true,40,0.002222282118645162,0.06364414153923359,0.0561692411146727,0.0,0.0,0.0,0.002222282118645162,0.0,0.0,0.002222282118645162,-0.031331928041862266,0.06809766980509685,0.17182969891606026,0.1913014450026171,0.17495300034884734,0.17856344292052734
c2quick_k4p10_seed364,one_round,x0.1,current,fitted,fitted,40,-0.00030369818697367003,0.07106477721142714,0.06088153672395785,0.0011270858521815416,0.01617583851556823,0.00848923085235974,0.008185532665386103,0.009616316704541286,0.024665069367927957,-0.0014307840391551887,0.027037496851382452,0.12144862597456026,0.19415272877865059,0.1960352034445263,0.1891787011916113,0.17932871258563232
c2quick_k4p10_seed364,one_round,x0.1,lambda_1se,fitted,fitted,40,0.0004335088346102252,0.06974268247095873,0.06076959397994775,0.0018642928737654246,0.015621513302403873,0.008233356560848806,0.00866686539545904,0.010097649434614242,0.023854869863252685,-0.0014307840391551887,0.027037496851382452,0.12144862597456026,0.19415272877865059,0.1960352034445263,0.1891787011916113,0.17932871258563232
c2quick_k4p10_seed364,one_round,x0.1,zero,fitted,fitted,40,-0.0005115675479172736,0.07275260448511227,0.056091488689616345,0.0009192164912379238,0.016478182405357724,0.008898926544211917,0.008387358996294688,0.009818143035449842,0.025377108949569627,-0.0014307840391551887,0.027037496851382452,0.12144862597456026,0.19415272877865059,0.1960352034445263,0.1891787011916113,0.17932871258563232
c2quick_k4p10_seed364,one_round,x10,current,fitted,fitted,40,-0.017870235430797524,0.06314832178065691,0.0548043833446132,-0.018817208515680417,-0.013253118331498486,0.00848923085235974,-0.00938100457843774,-0.010327977663320677,-0.004763887479138763,0.000946973084882921,-0.0005044571833975911,0.0366650480142432,0.1988253706535568,0.17163467289899956,0.198942678308553,0.16979625510614293
c2quick_k4p10_seed364,one_round,x10,lambda_1se,fitted,fitted,40,-0.017570234100655235,0.06180681957744506,0.0504260093544138,-0.018517207185538113,-0.013831486109120137,0.008233356560848806,-0.009336877539806355,-0.010283850624689284,-0.005598129548271336,0.0009469730848829183,-0.0005044571833975911,0.0366650480142432,0.1988253706535568,0.17163467289899956,0.198942678308553,0.16979625510614293
c2quick_k4p10_seed364,one_round,x10,zero,fitted,fitted,40,-0.015918528205354516,0.0645785119252392,0.05107459950757815,-0.016865501290237405,-0.011397077057479756,0.008898926544211917,-0.007019601661142602,-0.007966574746025523,-0.0024981505132678442,0.0009469730848829239,-0.0005044571833975911,0.0366650480142432,0.1988253706535568,0.17163467289899956,0.198942678308553,0.16979625510614293
c2quick_k4p10_seed364,one_round,zero,current,fitted,fitted,40,0.0009765457270419234,0.0719821754586602,0.06207598162278155,0.0028944283987244854,0.019436377432041952,0.00848923085235974,0.009465776579401711,0.011383659251084232,0.027925608284401705,-0.0019178826716825137,0.03156730497246544,0.13322627385575775,0.20031988350134186,0.20749292495111438,0.1940928972930284,0.18733347194615593
c2quick_k4p10_seed364,one_round,zero,lambda_1se,fitted,fitted,40,0.0016797748368604897,0.07107357527735987,0.062136489326209604,0.003597657508543034,0.01879106986253405,0.008233356560848806,0.009913131397709333,0.011831014069391844,0.027024426423382868,-0.0019178826716825137,0.03156730497246544,0.13322627385575775,0.20031988350134186,0.20749292495111438,0.1940928972930284,0.18733347194615593
c2quick_k4p10_seed364,one_round,zero,zero,fitted,fitted,40,0.0006154378665724665,0.07355677530396379,0.057533927446912346,0.002533320538255027,0.019713717122721734,0.008898926544211917,0.009514364410784407,0.011432247082466944,0.02861264366693364,-0.0019178826716825137,0.03156730497246544,0.13322627385575775,0.20031988350134186,0.20749292495111438,0.1940928972930284,0.18733347194615593
c2quick_k4p10_seed364,two_round,current,current,fitted,fitted,40,-0.006832803659360986,0.06772764843815401,0.05477251147135445,-0.007248907023778635,0.00016679574391940643,0.007510362007536342,0.0006775583481753118,0.0002614549837577059,0.0076771577514557435,0.0004161033644176339,0.0035826734549295283,0.06611669137746286,0.17467359081470682,0.15587182321588067,0.17420964607046124,0.15088805870926608
c2quick_k4p10_seed364,two_round,current,lambda_1se,fitted,fitted,40,-0.007644493352775297,0.06737686258447892,0.0537600108712329,-0.008060596717192932,-0.0013600492444417287,0.007933105620620285,0.00028861226784494197,-0.00012749109657264317,0.00657305637617855,0.00041610336441763666,0.0035826734549295283,0.06611669137746286,0.17467359081470682,0.15587182321588067,0.17420964607046124,0.15088805870926608
c2quick_k4p10_seed364,two_round,current,true,fitted,true,40,0.0004161033644176283,0.06683434470449312,0.05555553685850455,0.0,0.0,0.0,0.0004161033644176283,0.0,0.0,0.0004161033644176283,0.0035826734549295283,0.06611669137746286,0.17467359081470682,0.15587182321588067,0.17420964607046124,0.15088805870926608
c2quick_k4p10_seed364,two_round,current,zero,fitted,fitted,40,-0.007905397056446295,0.06945645220514222,0.05336739475921625,-0.008321500420863926,-1.0289732074427079e-05,0.008735000835560084,0.000829603779113855,0.0004135004146961638,0.008724711103485664,0.0004161033644176283,0.0035826734549295283,0.06611669137746286,0.17467359081470682,0.15587182321588067,0.17420964607046124,0.15088805870926608
c2quick_k4p10_seed364,two_round,raw_true,current,true,fitted,40,-0.0019390698127064003,0.07515285869198554,0.057851527458157304,-0.0019557747812387538,0.01247030747922932,0.007510362007536342,0.00557129219483,0.005554587226297582,0.019980669486765627,1.6704968532412628e-05,0.15552967690931824,0.261233334439314,0.19781315258952373,0.21394732699725058,0.17495300034884734,0.17856344292052734
c2quick_k4p10_seed364,two_round,raw_true,true,true,true,40,1.6704968532415403e-05,0.07608215522774117,0.06730245228465576,0.0,0.0,0.0,1.6704968532415403e-05,0.0,0.0,1.6704968532415403e-05,0.15552967690931824,0.261233334439314,0.19781315258952373,0.21394732699725058,0.17495300034884734,0.17856344292052734
c2quick_k4p10_seed364,two_round,true,current,true,fitted,40,-0.0019864824794113742,0.06339557198117066,0.04811794816657185,-0.004208764598056532,0.011800729519719416,0.007510362007536342,0.00552387952812499,0.003301597409479811,0.01931109152725575,0.002222282118645162,-0.031331928041862266,0.06809766980509685,0.17182969891606026,0.1913014450026171,0.17495300034884734,0.17856344292052734
c2quick_k4p10_seed364,two_round,true,true,true,true,40,0.002222282118645162,0.06364414153923359,0.0561692411146727,0.0,0.0,0.0,0.002222282118645162,0.0,0.0,0.002222282118645162,-0.031331928041862266,0.06809766980509685,0.17182969891606026,0.1913014450026171,0.17495300034884734,0.17856344292052734
c2quick_k4p10_seed364,two_round,x0.1,current,fitted,fitted,40,0.001627565837896762,0.07004190721805335,0.0608767603167934,0.003162779643334472,0.017614326859565967,0.007510362007536342,0.009137927845433139,0.010673141650870811,0.025124688867102275,-0.0015352138054376384,0.027910728752821645,0.12289041091870345,0.1943723158915876,0.196779183474346,0.18927521278225598,0.17973982009213235
c2quick_k4p10_seed364,two_round,x0.1,lambda_1se,fitted,fitted,40,0.0008099204885239769,0.06971040659671497,0.0591387137246773,0.0023451342939616593,0.015978161923299393,0.007933105620620285,0.008743026109144281,0.010278239914581943,0.023911267543919677,-0.001535213805437638,0.027910728752821645,0.12289041091870345,0.1943723158915876,0.196779183474346,0.18927521278225598,0.17973982009213235
c2quick_k4p10_seed364,two_round,x0.1,zero,fitted,fitted,40,-0.0007916677660288737,0.07270385896517415,0.054766794945227446,0.0007435460394088347,0.016659173943967695,0.008735000835560084,0.007943333069531279,0.009478546874968949,0.025394174779527795,-0.0015352138054376368,0.027910728752821645,0.12289041091870345,0.1943723158915876,0.196779183474346,0.18927521278225598,0.17973982009213235
c2quick_k4p10_seed364,two_round,x10,current,fitted,fitted,40,-0.016117009784560474,0.061973766507106086,0.05000007263013165,-0.01704894207988788,-0.012089688808613537,0.007510362007536342,-0.008606647777024159,-0.00953858007235153,-0.004579326801077206,0.0009319322953273652,0.00020222428092234578,0.03737163976597492,0.19894378940742274,0.17171810821909356,0.198942678308553,0.16979625510614296
c2quick_k4p10_seed364,two_round,x10,lambda_1se,fitted,fitted,40,-0.017137807361071435,0.062097643461126804,0.05044944629213555,-0.018069739656398815,-0.013628038498070205,0.007933105620620285,-0.009204701740451154,-0.01013663403577855,-0.0056949328774499345,0.0009319322953273673,0.00020222428092234578,0.03737163976597492,0.19894378940742274,0.17171810821909356,0.198942678308553,0.16979625510614296
c2quick_k4p10_seed364,two_round,x10,zero,fitted,fitted,40,-0.016047119923828512,0.06474125076305358,0.05101982450906885,-0.016979052219155886,-0.011380136509833582,0.008735000835560084,-0.007312119088268412,-0.008244051383595793,-0.002645135674273498,0.0009319322953273638,0.00020222428092234578,0.03737163976597492,0.19894378940742274,0.17171810821909356,0.198942678308553,0.16979625510614296
c2quick_k4p10_seed364,two_round,zero,current,fitted,fitted,40,0.0029158501533004576,0.07161201923364817,0.06313268982889385,0.004888034602242337,0.020767112710292097,0.007510362007536342,0.010426212160836779,0.012398396609778674,0.02827747471782847,-0.0019721844489419427,0.03240851500107271,0.13436147841825993,0.20059761611281393,0.20794969991024428,0.1942341198735831,0.18755753960712704
c2quick_k4p10_seed364,two_round,zero,lambda_1se,fitted,fitted,40,0.0020747183599620286,0.07105302830422053,0.06195529949899295,0.004046902808903927,0.01908024754199087,0.007933105620620285,0.010007823980582291,0.011980008429524205,0.0270133531626112,-0.00197218444894194,0.03240851500107271,0.13436147841825993,0.20059761611281393,0.20794969991024428,0.1942341198735831,0.18755753960712704
c2quick_k4p10_seed364,two_round,zero,zero,fitted,fitted,40,0.0003586804337990468,0.07365266209804584,0.057339992134234755,0.002330864882740944,0.019817420381280135,0.008735000835560084,0.009093681269359135,0.011065865718301043,0.028552421216840228,-0.0019721844489419393,0.03240851500107271,0.13436147841825993,0.20059761611281393,0.20794969991024428,0.1942341198735831,0.18755753960712704
c2quick_k4p10_seed464,one_round,current,current,fitted,fitted,40,-0.029841473667639833,0.058823296682484295,0.052743670340270846,-0.005117432754147896,-0.0013220916260850864,0.030302207887119105,0.00046073421947926687,0.02518477513297121,0.02898011626103401,-0.024724040913491962,0.003021095067138632,0.02038359729624977,0.16339284068749213,0.14092043546756589,0.16348582172883558,0.1394013526674225
c2quick_k4p10_seed464,one_round,current,lambda_1se,fitted,fitted,40,-0.029741752685673965,0.05834140103890073,0.0527187459487891,-0.005017711772181995,-0.0010578429887093488,0.030044406758622366,0.00030265407294842136,0.02502669498644037,0.028986563769913008,-0.024724040913491962,0.003021095067138632,0.02038359729624977,0.16339284068749213,0.14092043546756589,0.16348582172883558,0.1394013526674225
c2quick_k4p10_seed464,one_round,current,true,fitted,true,40,-0.024724040913491962,0.05263807450295173,0.04053659168028625,0.0,0.0,0.0,-0.024724040913491962,0.0,0.0,-0.024724040913491962,0.003021095067138632,0.02038359729624977,0.16339284068749213,0.14092043546756589,0.16348582172883558,0.1394013526674225
c2quick_k4p10_seed464,one_round,current,zero,fitted,fitted,40,-0.030618185542151528,0.059536700008620456,0.05517622508924065,-0.005894144628659597,-0.002501682078625837,0.031273937232722225,0.0006557516905706842,0.02537979260406261,0.02877225515409639,-0.024724040913491962,0.003021095067138632,0.02038359729624977,0.16339284068749213,0.14092043546756589,0.16348582172883558,0.1394013526674225
c2quick_k4p10_seed464,one_round,raw_true,current,true,fitted,40,-0.02460611650301811,0.06855267155539588,0.05193801990391055,0.004626840936642585,0.019425233704752458,0.030302207887119105,0.005696091384101008,0.0349290488237617,0.04972744159187158,-0.029232957439660666,0.18761389092167316,0.2538444082250565,0.18783245405152876,0.19481774736298757,0.16425006822158034,0.16427648256535388
c2quick_k4p10_seed464,one_round,raw_true,true,true,true,40,-0.029232957439660666,0.0659291885840986,0.05399332680167025,0.0,0.0,0.0,-0.029232957439660666,0.0,0.0,-0.029232957439660666,0.18761389092167316,0.2538444082250565,0.18783245405152876,0.19481774736298757,0.16425006822158034,0.16427648256535388
c2quick_k4p10_seed464,one_round,true,current,true,fitted,40,-0.024816495990646916,0.05951049043421571,0.048597403625522,-0.0010236964015125159,0.015246179558680458,0.030302207887119105,0.005485711896472135,0.029278511485606583,0.045548387445799546,-0.02379279958913442,-0.000570965221344202,0.06168802200041947,0.16403595550602418,0.17541389684517886,0.16425006822158034,0.16427648256535385
c2quick_k4p10_seed464,one_round,true,true,true,true,40,-0.02379279958913442,0.05548417711720849,0.047005562660608805,0.0,0.0,0.0,-0.02379279958913442,0.0,0.0,-0.02379279958913442,-0.000570965221344202,0.06168802200041947,0.16403595550602418,0.17541389684517886,0.16425006822158034,0.16427648256535385
c2quick_k4p10_seed464,one_round,x0.1,current,fitted,fitted,40,-0.028437552982207355,0.06220804832500496,0.04929582064086835,-0.0010767045341767325,0.008481045793034051,0.030302207887119105,0.001864654904911794,0.02922550335294235,0.03878325368015316,-0.027360848448030595,0.02364129956444352,0.06848450956009303,0.17154287631328796,0.16533904369969357,0.168244801167531,0.15687009400558144
c2quick_k4p10_seed464,one_round,x0.1,lambda_1se,fitted,fitted,40,-0.02866982533703763,0.06165574247842222,0.047962345942245355,-0.0013089768890070085,0.00840427251081219,0.030044406758622366,0.001374581421584761,0.028735429869615338,0.038448679269434564,-0.02736084844803059,0.02364129956444352,0.06848450956009303,0.17154287631328796,0.16533904369969357,0.168244801167531,0.15687009400558144
c2quick_k4p10_seed464,one_round,x0.1,zero,fitted,fitted,40,-0.02859930150278985,0.06446964355408753,0.050924306672118294,-0.0012384530547592692,0.007973934684644976,0.031273937232722225,0.0026746357299323466,0.030035484177962958,0.039247871917367186,-0.027360848448030595,0.02364129956444352,0.06848450956009303,0.17154287631328796,0.16533904369969357,0.168244801167531,0.15687009400558144
c2quick_k4p10_seed464,one_round,x10,current,fitted,fitted,40,-0.03354176896849907,0.057528301863422136,0.0470241399154999,-0.01230311344034411,-0.010148984774496305,0.030302207887119105,-0.003239561081379928,0.017999094446775,0.020153223112622798,-0.02123865552815495,0.0012959205539244901,0.0021436753095368946,0.18977400561720695,0.16090749140045207,0.1895542734430929,0.16178087805062383
c2quick_k4p10_seed464,one_round,x10,lambda_1se,fitted,fitted,40,-0.03350188462817514,0.05741603462003152,0.04762615546801765,-0.012263229100020204,-0.009969835291941745,0.030044406758622366,-0.003457477869552782,0.01778117765860216,0.020074571466680624,-0.02123865552815495,0.0012959205539244901,0.0021436753095368946,0.18977400561720695,0.16090749140045207,0.1895542734430929,0.16178087805062383
c2quick_k4p10_seed464,one_round,x10,zero,fitted,fitted,40,-0.0347532787657607,0.05806347659513902,0.045535736475836,-0.01351462323760575,-0.011472535576321639,0.031273937232722225,-0.0034793415330384688,0.017759313995116467,0.019801401656400583,-0.021238655528154942,0.0012959205539244901,0.0021436753095368946,0.18977400561720695,0.16090749140045207,0.1895542734430929,0.16178087805062383
c2quick_k4p10_seed464,one_round,zero,current,fitted,fitted,40,-0.028220178839435416,0.0625318438631493,0.0485679677356124,-0.00019191181984648314,0.01059627914989712,0.030302207887119105,0.0020820290476836942,0.03011029606727263,0.04089848703701623,-0.028028267019588965,0.02710057321979195,0.07816516576741163,0.17552905963116883,0.17345763432731195,0.17141052171448884,0.16299799462733067
c2quick_k4p10_seed464,one_round,zero,lambda_1se,fitted,fitted,40,-0.028506509706931103,0.06179713072114852,0.04653345551303325,-0.00047824268734218066,0.010464587017676118,0.030044406758622366,0.0015378970516912748,0.029566164071280203,0.04050899377629848,-0.028028267019588965,0.02710057321979195,0.07816516576741163,0.17552905963116883,0.17345763432731195,0.17141052171448884,0.16299799462733067
c2quick_k4p10_seed464,one_round,zero,zero,fitted,fitted,40,-0.028275950928398862,0.06514458956462432,0.05042086193245175,-0.00024768390880992657,0.010252745607159355,0.031273937232722225,0.0029979863043233784,0.03102625332391229,0.041526682839881604,-0.028028267019588965,0.02710057321979195,0.07816516576741163,0.17552905963116883,0.17345763432731195,0.17141052171448884,0.16299799462733067
c2quick_k4p10_seed464,two_round,current,current,fitted,fitted,40,-0.029713064827622353,0.059385731532385286,0.053779762941522,-0.005116782755136935,-0.001046978862744551,0.029222036237463035,-0.0004910285901592974,0.0241052534823261,0.0281750573747185,-0.024596282072485404,0.002709195123646761,0.019570100060718236,0.16402380090926413,0.14135722400479206,0.1641421768508449,0.1398874650932865
c2quick_k4p10_seed464,two_round,current,lambda_1se,fitted,fitted,40,-0.029537279509818874,0.05781777817380309,0.05269961675563205,-0.004940997437333472,-0.0010357566237325251,0.0295627092850387,2.542977521982799e-05,0.024621711847705223,0.028526952661306188,-0.024596282072485404,0.002709195123646761,0.019570100060718236,0.16402380090926413,0.14135722400479206,0.1641421768508449,0.1398874650932865
c2quick_k4p10_seed464,two_round,current,true,fitted,true,40,-0.024596282072485404,0.05164836186518336,0.04055944725885815,0.0,0.0,0.0,-0.024596282072485404,0.0,0.0,-0.024596282072485404,0.002709195123646761,0.019570100060718236,0.16402380090926413,0.14135722400479206,0.1641421768508449,0.1398874650932865
c2quick_k4p10_seed464,two_round,current,zero,fitted,fitted,40,-0.030143020772284472,0.0587651839837533,0.0551051560549453,-0.005546738699799067,-0.0022901650763570607,0.030657588002099466,0.0005145672298149726,0.025110849302300398,0.028367422925742413,-0.0245962820724854,0.002709195123646761,0.019570100060718236,0.16402380090926413,0.14135722400479206,0.1641421768508449,0.1398874650932865
c2quick_k4p10_seed464,two_round,raw_true,current,true,fitted,40,-0.02493637419758663,0.06998840283060855,0.055834869753384794,0.004296583242074057,0.019444274224380963,0.029222036237463035,0.004285662039876383,0.033518619479537104,0.04866631046184401,-0.029232957439660666,0.18761389092167316,0.2538444082250565,0.18783245405152876,0.19481774736298757,0.16425006822158034,0.16427648256535388
c2quick_k4p10_seed464,two_round,raw_true,true,true,true,40,-0.029232957439660666,0.0659291885840986,0.05399332680167025,0.0,0.0,0.0,-0.029232957439660666,0.0,0.0,-0.029232957439660666,0.18761389092167316,0.2538444082250565,0.18783245405152876,0.19481774736298757,0.16425006822158034,0.16427648256535388
c2quick_k4p10_seed464,two_round,true,current,true,fitted,40,-0.024926612309775546,0.060525266795976765,0.0518525713008542,-0.0011338127206411426,0.015390010181321776,0.029222036237463035,0.004295423927687441,0.028088223516821897,0.04461204641878479,-0.02379279958913442,-0.000570965221344202,0.06168802200041947,0.16403595550602418,0.17541389684517886,0.16425006822158034,0.16427648256535385
c2quick_k4p10_seed464,two_round,true,true,true,true,40,-0.02379279958913442,0.05548417711720849,0.047005562660608805,0.0,0.0,0.0,-0.02379279958913442,0.0,0.0,-0.02379279958913442,-0.000570965221344202,0.06168802200041947,0.16403595550602418,0.17541389684517886,0.16425006822158034,0.16427648256535385
c2quick_k4p10_seed464,two_round,x0.1,current,fitted,fitted,40,-0.028842418448474027,0.06307074527046179,0.05181434285621455,-0.001376539833934066,0.008557081911772482,0.029222036237463035,0.0003796177889889887,0.027845496403528968,0.037779118149235506,-0.02746587861454002,0.023410286748897335,0.06855350289444871,0.1721357434039314,0.16605524905599706,0.1688270671096111,0.15750103975530222
c2quick_k4p10_seed464,two_round,x0.1,lambda_1se,fitted,fitted,40,-0.028770013073796265,0.06142453513167182,0.0478380319670837,-0.0013041344592562597,0.008447385634428508,0.0295627092850387,0.0007926962112424716,0.02825857482578243,0.0380100949194672,-0.02746587861454002,0.023410286748897335,0.06855350289444871,0.1721357434039314,0.16605524905599706,0.1688270671096111,0.15750103975530222
c2quick_k4p10_seed464,two_round,x0.1,zero,fitted,fitted,40,-0.028511952132658037,0.06417734537723796,0.05055274581571075,-0.0010460735181180368,0.008135620447725712,0.030657588002099466,0.002145635869441445,0.029611514483981416,0.038793208449825214,-0.02746587861454002,0.023410286748897335,0.06855350289444871,0.1721357434039314,0.16605524905599706,0.1688270671096111,0.15750103975530222
c2quick_k4p10_seed464,two_round,x10,current,fitted,fitted,40,-0.0336796723220608,0.058699584008812075,0.0476488716726663,-0.012465227632100461,-0.010130117402215637,0.029222036237463035,-0.004457636084597739,0.016756808605362578,0.01909191883524739,-0.02121444468996033,0.00013885788174904516,0.000989615444655911,0.18959341372164573,0.16077094052687885,0.1895542734430929,0.16178087805062383
c2quick_k4p10_seed464,two_round,x10,lambda_1se,fitted,fitted,40,-0.03345528529970977,0.05733668241928053,0.04763778427261285,-0.012240840609749434,-0.009965236361095963,0.0295627092850387,-0.0038925760146710465,0.01732186867528927,0.019597472923942733,-0.02121444468996033,0.00013885788174904516,0.000989615444655911,0.18959341372164573,0.16077094052687885,0.1895542734430929,0.16178087805062383
c2quick_k4p10_seed464,two_round,x10,zero,fitted,fitted,40,-0.034530304945488165,0.057798719759363605,0.04493218533017805,-0.013315860255527867,-0.011346910579702978,0.030657588002099466,-0.0038727169433887326,0.017341727746571608,0.01931067742239647,-0.02121444468996033,0.00013885788174904516,0.000989615444655911,0.18959341372164573,0.16077094052687885,0.1895542734430929,0.16178087805062383
c2quick_k4p10_seed464,two_round,zero,current,fitted,fitted,40,-0.02851081534796344,0.06339140881176149,0.05126814774344855,-0.0005577554735253609,0.010634906643823052,0.029222036237463035,0.0007112208894995812,0.02866428076393767,0.03985694288128608,-0.027953059874438052,0.026686188909769537,0.07821614922208278,0.1757587762470637,0.17399977623448054,0.1716864600095513,0.1634602051935829
c2quick_k4p10_seed464,two_round,zero,lambda_1se,fitted,fitted,40,-0.0284455370398632,0.06174375735722284,0.046974648607165104,-0.0004924771654251254,0.010513243902201113,0.0295627092850387,0.0011171722451754997,0.029070232119613577,0.0400759531872398,-0.027953059874438052,0.026686188909769537,0.07821614922208278,0.1757587762470637,0.17399977623448054,0.1716864600095513,0.1634602051935829
c2quick_k4p10_seed464,two_round,zero,zero,fitted,fitted,40,-0.027993513544094118,0.06494278015455322,0.05058809693946245,-4.0453669656026744e-05,0.010423771254812147,0.030657588002099466,0.002664074458005359,0.030617134332443445,0.041081359256911566,-0.027953059874438052,0.026686188909769537,0.07821614922208278,0.1757587762470637,0.17399977623448054,0.1716864600095513,0.1634602051935829
c2quick_k4p10_seed564,one_round,current,current,fitted,fitted,40,-0.010728420592538762,0.05942897313663621,0.045844007258720204,-0.004439920057340363,0.0011859467171911355,0.011584280993637362,0.0008558604010986274,0.007144360936297008,0.01277022771082852,-0.006288500535198393,0.0012497539478844965,0.04290317184664693,0.16947761747411172,0.1496428995706232,0.16949686894024946,0.14550209107883377
c2quick_k4p10_seed564,one_round,current,lambda_1se,fitted,fitted,40,-0.011037274063671363,0.05959852840351504,0.04755466390911655,-0.004748773528472972,0.0007189791093835234,0.01134056391807059,0.0003032898543992432,0.006591790389597632,0.012059543027454121,-0.006288500535198393,0.0012497539478844965,0.04290317184664693,0.16947761747411172,0.1496428995706232,0.16949686894024946,0.14550209107883377
c2quick_k4p10_seed564,one_round,current,true,fitted,true,40,-0.0062885005351983716,0.054286818347460485,0.04349605144335255,0.0,0.0,0.0,-0.0062885005351983716,0.0,0.0,-0.0062885005351983716,0.0012497539478844965,0.04290317184664693,0.16947761747411172,0.1496428995706232,0.16949686894024946,0.14550209107883377
c2quick_k4p10_seed564,one_round,current,zero,fitted,fitted,40,-0.014158974865946944,0.06221141225732304,0.0488589716617822,-0.007870474330748594,0.0005656162176569778,0.014938040647194308,0.0007790657812473617,0.0070675663164457255,0.015503656864851292,-0.0062885005351983655,0.0012497539478844965,0.04290317184664693,0.16947761747411172,0.1496428995706232,0.16949686894024946,0.14550209107883377
c2quick_k4p10_seed564,one_round,raw_true,current,true,fitted,40,0.003591807366105925,0.07198336791113769,0.0558210122781849,0.009799836288912381,0.023700099968204186,0.011584280993637362,0.015176088359743323,0.021384117282549756,0.035284380961841576,-0.006208028922806402,0.17196656355789586,0.2607375246168369,0.18984811431629467,0.2023743741946058,0.1700603265416598,0.16958655420518326
c2quick_k4p10_seed564,one_round,raw_true,true,true,true,40,-0.006208028922806399,0.06845735763152888,0.05273951224839395,0.0,0.0,0.0,-0.006208028922806399,0.0,0.0,-0.006208028922806399,0.17196656355789586,0.2607375246168369,0.18984811431629467,0.2023743741946058,0.1700603265416598,0.16958655420518326
c2quick_k4p10_seed564,one_round,true,current,true,fitted,40,0.001652177233452287,0.058638554368708,0.046057510536808705,0.00666647039591175,0.022602104891209243,0.011584280993637362,0.013236458227089626,0.018250751389549118,0.03418638588484667,-0.005014293162459435,-0.01827268208898549,0.06635679399016431,0.16732873608733712,0.1829444550550056,0.17006032654165987,0.16958655420518326
c2quick_k4p10_seed564,one_round,true,true,true,true,40,-0.005014293162459433,0.05638362205458132,0.04354882993253115,0.0,0.0,0.0,-0.005014293162459433,0.0,0.0,-0.005014293162459433,-0.01827268208898549,0.06635679399016431,0.16732873608733712,0.1829444550550056,0.17006032654165987,0.16958655420518326
c2quick_k4p10_seed564,one_round,x0.1,current,fitted,fitted,40,-0.00521907602176091,0.06371103347234812,0.05125926137567015,0.0007529777323124853,0.011919580729487029,0.011584280993637362,0.006365204971876414,0.012337258725949856,0.0235038617231244,-0.005972053754073415,0.02147718668937094,0.09376136080599931,0.18079268626863873,0.18049050825627957,0.17770582106352117,0.167132379905144
c2quick_k4p10_seed564,one_round,x0.1,lambda_1se,fitted,fitted,40,-0.005547034943579836,0.0638718712335857,0.051672829403745846,0.0004250188104935501,0.011305154632842807,0.01134056391807059,0.0057935289744907225,0.011765582728564147,0.022645718550913407,-0.0059720537540734215,0.02147718668937094,0.09376136080599931,0.18079268626863873,0.18049050825627957,0.17770582106352117,0.167132379905144
c2quick_k4p10_seed564,one_round,x0.1,zero,fitted,fitted,40,-0.007548782269664019,0.06580177274648016,0.0539997722175207,-0.001576728515590584,0.01310773563211284,0.014938040647194308,0.007389258377530308,0.013361312131603733,0.028045776279307218,-0.00597205375407342,0.02147718668937094,0.09376136080599931,0.18079268626863873,0.18049050825627957,0.17770582106352117,0.167132379905144
c2quick_k4p10_seed564,one_round,x10,current,fitted,fitted,40,-0.01723277803137556,0.061402071130307455,0.046194251425773006,-0.010221294915867127,-0.00462345435575887,0.011584280993637362,-0.0056484970377381856,0.001362986077770244,0.006960826637878506,-0.007011483115508474,-0.0010912759299237774,0.021585411285355016,0.1980159610012701,0.16717179648809904,0.19816857604573793,0.16616016212133258
c2quick_k4p10_seed564,one_round,x10,lambda_1se,fitted,fitted,40,-0.017603629435730413,0.06157837306373728,0.0473928571350055,-0.010592146320221995,-0.005142457488123715,0.01134056391807059,-0.006263065517659797,0.0007484175978486123,0.006198106429946877,-0.007011483115508479,-0.0010912759299237774,0.021585411285355016,0.1980159610012701,0.16717179648809904,0.19816857604573793,0.16616016212133258
c2quick_k4p10_seed564,one_round,x10,zero,fitted,fitted,40,-0.0200616648463385,0.06279194381678888,0.051734265669472645,-0.013050181730830047,-0.004676715881476415,0.014938040647194308,-0.005123624199144176,0.001887858916364269,0.010261324765717892,-0.007011483115508479,-0.0010912759299237774,0.021585411285355016,0.1980159610012701,0.16717179648809904,0.19816857604573793,0.16616016212133258
c2quick_k4p10_seed564,one_round,zero,current,fitted,fitted,40,-0.0042096966725981245,0.06468886391560565,0.05185343669790565,0.0016426878315440809,0.014191936563253599,0.011584280993637362,0.007374584321039252,0.013226968825181457,0.02577621755689093,-0.005852384504142194,0.026410730127697422,0.10471259056899171,0.18605592977716912,0.18994693782074584,0.18200318128708032,0.1738745957450417
c2quick_k4p10_seed564,one_round,zero,lambda_1se,fitted,fitted,40,-0.004544503492375515,0.06483425478643569,0.05185343669790565,0.0013078810117666604,0.013541825322785148,0.01134056391807059,0.006796060425695079,0.012648444929837271,0.024882389240855722,-0.005852384504142194,0.026410730127697422,0.10471259056899171,0.18605592977716912,0.18994693782074584,0.18200318128708032,0.1738745957450417
c2quick_k4p10_seed564,one_round,zero,zero,fitted,fitted,40,-0.006262902891470412,0.06731003819999495,0.053011438192768254,-0.0004105183873282361,0.015782182738386243,0.014938040647194308,0.008675137755723872,0.014527522259866074,0.030720223385580593,-0.0058523845041422,0.026410730127697422,0.10471259056899171,0.18605592977716912,0.18994693782074584,0.18200318128708032,0.1738745957450417
c2quick_k4p10_seed564,two_round,current,current,fitted,fitted,40,-0.011545989699516871,0.059506702961615345,0.048737474571919806,-0.005498002743786498,0.0005396173008138446,0.01149684998126576,-4.913971825110802e-05,0.005998847237479272,0.012036467282079603,-0.006047986955730349,0.003890630188063778,0.04586243191004668,0.17088603777492076,0.15124752985545503,0.170489805338177,0.14672652409749815
c2quick_k4p10_seed564,two_round,current,lambda_1se,fitted,fitted,40,-0.010773089202515355,0.05960336486035393,0.048737474571919806,-0.004725102246785008,0.000868322873013361,0.010983002058193693,0.00020991285567830803,0.0062578998114086945,0.01185132493120706,-0.006047986955730349,0.003890630188063778,0.04586243191004668,0.17088603777492076,0.15124752985545503,0.170489805338177,0.14672652409749815
c2quick_k4p10_seed564,two_round,current,true,fitted,true,40,-0.0060479869557303455,0.05420837452828488,0.04355653756392845,0.0,0.0,0.0,-0.0060479869557303455,0.0,0.0,-0.0060479869557303455,0.003890630188063778,0.04586243191004668,0.17088603777492076,0.15124752985545503,0.170489805338177,0.14672652409749815
c2quick_k4p10_seed564,two_round,current,zero,fitted,fitted,40,-0.014049142676852028,0.062292565903032726,0.0484708929907512,-0.008001155721121596,0.0007113318190720058,0.01476820565750353,0.0007190629806515357,0.006767049936381943,0.015479537476575544,-0.006047986955730349,0.003890630188063778,0.04586243191004668,0.17088603777492076,0.15124752985545503,0.170489805338177,0.14672652409749815
c2quick_k4p10_seed564,two_round,raw_true,current,true,fitted,40,0.0022555264073930415,0.0717789427042558,0.05486382529861955,0.008463555330199428,0.02261232287265002,0.01149684998126576,0.013752376388658796,0.01996040531146521,0.03410917285391578,-0.006208028922806399,0.17196656355789586,0.2607375246168369,0.18984811431629467,0.2023743741946058,0.1700603265416598,0.16958655420518326
c2quick_k4p10_seed564,two_round,raw_true,true,true,true,40,-0.006208028922806399,0.06845735763152888,0.05273951224839395,0.0,0.0,0.0,-0.006208028922806399,0.0,0.0,-0.006208028922806399,0.17196656355789586,0.2607375246168369,0.18984811431629467,0.2023743741946058,0.1700603265416598,0.16958655420518326
c2quick_k4p10_seed564,two_round,true,current,true,fitted,40,0.0005895886333960069,0.05842730658475813,0.0460689872574028,0.005603881795855483,0.021728548393504073,0.01149684998126576,0.012086438614661828,0.017100731777121243,0.033225398374769816,-0.005014293162459429,-0.01827268208898549,0.06635679399016431,0.16732873608733712,0.1829444550550056,0.17006032654165987,0.16958655420518326
c2quick_k4p10_seed564,two_round,true,true,true,true,40,-0.005014293162459433,0.05638362205458132,0.04354882993253115,0.0,0.0,0.0,-0.005014293162459433,0.0,0.0,-0.005014293162459433,-0.01827268208898549,0.06635679399016431,0.16732873608733712,0.1829444550550056,0.17006032654165987,0.16958655420518326
c2quick_k4p10_seed564,two_round,x0.1,current,fitted,fitted,40,-0.006278762037267009,0.06366316940741437,0.051990641486051,-0.0004978939196072741,0.010873262906225558,0.01149684998126576,0.005218087943998763,0.010998956061658486,0.02237011288749131,-0.005780868117659735,0.023288770661680454,0.09545711086258019,0.1816596570776337,0.1810892694992156,0.1782209356578674,0.16754312960137524
c2quick_k4p10_seed564,two_round,x0.1,lambda_1se,fitted,fitted,40,-0.005520098849650441,0.0637321861792305,0.051990641486051,0.00026076926800928924,0.011136587993414241,0.010983002058193693,0.005462903208543316,0.011243771326202991,0.02211959005160796,-0.005780868117659735,0.023288770661680454,0.09545711086258019,0.1816596570776337,0.1810892694992156,0.1782209356578674,0.16754312960137524
c2quick_k4p10_seed564,two_round,x0.1,zero,fitted,fitted,40,-0.0076828429865758874,0.06568481838506249,0.054128426956882594,-0.0019019748689161776,0.012879323634624976,0.01476820565750353,0.007085362670927621,0.012866230788587344,0.027647529292128537,-0.005780868117659735,0.023288770661680454,0.09545711086258019,0.1816596570776337,0.1810892694992156,0.1782209356578674,0.16754312960137524
c2quick_k4p10_seed564,two_round,x10,current,fitted,fitted,40,-0.01831090469091144,0.0612522426777644,0.04739555019721775,-0.011309640209586235,-0.0053613531976904084,0.01149684998126576,-0.006814054709645604,0.00018720977167953898,0.006135496783575366,-0.007001264481325152,9.849357462890814e-05,0.022797495740159966,0.1982194892842109,0.16730476236735736,0.19816857604573793,0.16616016212133258
c2quick_k4p10_seed564,two_round,x10,lambda_1se,fitted,fitted,40,-0.01760985894355248,0.061650515974314465,0.04739555019721775,-0.01060859446222731,-0.005122850712131256,0.010983002058193693,-0.006626856885358747,0.0003744075959663913,0.005860151346062456,-0.007001264481325152,9.849357462890814e-05,0.022797495740159966,0.1982194892842109,0.16730476236735736,0.19816857604573793,0.16616016212133258
c2quick_k4p10_seed564,two_round,x10,zero,fitted,fitted,40,-0.02023329062851833,0.06277337193769023,0.051933619616083795,-0.013232026147193135,-0.0047615183098347075,0.01476820565750353,-0.005465084971014782,0.0015361795103103887,0.010006687347668826,-0.007001264481325149,9.849357462890814e-05,0.022797495740159966,0.1982194892842109,0.16730476236735736,0.19816857604573793,0.16616016212133258
c2quick_k4p10_seed564,two_round,zero,current,fitted,fitted,40,-0.005427157532282947,0.06492722949221079,0.05263694480111525,0.00039985222419661285,0.013056931565655882,0.01149684998126576,0.006069692448982787,0.011896702205462384,0.024553781546921654,-0.005827009756479549,0.027401544166358156,0.10539643910075995,0.18634152657480033,0.1898482901639899,0.18210752256975793,0.1737975256381415
c2quick_k4p10_seed564,two_round,zero,lambda_1se,fitted,fitted,40,-0.004677936033006637,0.06479384073928565,0.05165815954373735,0.0011490737234729274,0.013303569043303352,0.010983002058193693,0.006305066025187034,0.012132075781666637,0.02428657110149705,-0.005827009756479549,0.027401544166358156,0.10539643910075995,0.18634152657480033,0.1898482901639899,0.18210752256975793,0.1737975256381415
c2quick_k4p10_seed564,two_round,zero,zero,fitted,fitted,40,-0.006601247583120762,0.06726893224956323,0.0532262123413792,-0.0007742378266411859,0.015434039379996416,0.01476820565750353,0.008166958074382759,0.013993967830862352,0.0302022450374999,-0.0058270097564795485,0.027401544166358156,0.10539643910075995,0.18634152657480033,0.1898482901639899,0.18210752256975793,0.1737975256381415
